SSIP,SDFP,SDFB,SFE,NIFE,label
545,0.37424145263156244,60.6271153263131,545,0.0,1
545,0.12037448313476666,19.500666267832198,545,0.0,1
545,0.1127048114669146,18.258179457640168,545,0.0,1
372,0.12614142799122233,20.434911334578015,372,0.0,1
545,0.35534238940422147,57.56546708348388,545,0.0,1
545,0.08543403675190497,13.840313953808606,545,0.0,1
545,0.1127048114669146,18.258179457640168,545,0.0,1
434,0.09566991993805472,15.498527029964865,434,0.0,1
545,0.37424145263156244,60.6271153263131,545,0.0,1
545,0.12037448313476666,19.500666267832198,545,0.0,1
545,0.12037448313476666,19.500666267832198,545,0.0,1
545,0.12755748521564145,20.664312604933915,545,0.0,1
545,0.10444130910722166,16.91949207536991,545,0.0,1
545,0.07405639542392017,11.997136058675068,545,0.0,1
545,0.10444130910722166,16.91949207536991,545,0.0,1
163,0.07832604499879574,12.68881928980491,163,0.0,1
545,0.35534238940422147,57.56546708348388,545,0.0,1
545,0.08543403675190497,13.840313953808606,545,0.0,1
545,0.12037448313476666,19.500666267832198,545,0.0,1
545,0.09542983679476028,15.459633560751163,545,0.0,1
545,0.10444130910722166,16.91949207536991,545,0.0,1
545,0.09542983679476028,15.459633560751163,545,0.0,1
545,0.042835293687811936,6.939317577425534,545,0.0,1
218,0.09556167637426553,15.480991572631014,218,0.0,1
545,0.37424145263156244,60.6271153263131,545,0.0,1
545,0.1473822670803959,23.875927267024135,545,0.0,1
545,0.12037448313476666,19.500666267832198,545,0.0,1
545,0.12755748521564145,20.664312604933915,545,0.0,1
545,0.10444130910722166,16.91949207536991,545,0.0,1
545,0.08543403675190497,13.840313953808606,545,0.0,1
545,0.10444130910722166,16.91949207536991,545,0.0,1
545,0.042835293687811936,6.939317577425534,545,0.0,1
545,0.10444130910722166,16.91949207536991,545,0.0,1
545,0.09542983679476028,15.459633560751163,545,0.0,1
150,0.0,0.0,150,0.0,1
545,0.35534238940422147,57.56546708348388,545,0.0,1
545,0.10444130910722166,16.91949207536991,545,0.0,1
545,0.12037448313476666,19.500666267832198,545,0.0,1
545,0.09542983679476028,15.459633560751163,545,0.0,1
545,0.10444130910722166,16.91949207536991,545,0.0,1
545,0.10444130910722166,16.91949207536991,545,0.0,1
545,0.042835293687811936,6.939317577425534,545,0.0,1
545,0.07405639542392017,11.997136058675068,545,0.0,1
545,0.06052254912880909,9.804652958867074,545,0.0,1
545,0.07405639542392017,11.997136058675068,545,0.0,1
217,0.0,0.0,217,0.0,1
545,0.37424145263156244,60.6271153263131,545,0.0,1
545,0.1473822670803959,23.875927267024135,545,0.0,1
545,0.12037448313476666,19.500666267832198,545,0.0,1
545,0.12755748521564145,20.664312604933915,545,0.0,1
545,0.1127048114669146,18.258179457640168,545,0.0,1
545,0.08543403675190497,13.840313953808606,545,0.0,1
545,0.12755748521564145,20.664312604933915,545,0.0,1
545,0.042835293687811936,6.939317577425534,545,0.0,1
545,0.1127048114669146,18.258179457640168,545,0.0,1
545,0.10444130910722166,16.91949207536991,545,0.0,1
545,0.09571217420693838,15.505372221524016,545,0.0,1
545,0.1127048114669146,18.258179457640168,545,0.0,1
258,0.0,0.0,258,0.0,1
545,0.35534238940422147,57.56546708348388,545,0.0,1
545,0.10444130910722166,16.91949207536991,545,0.0,1
545,0.12037448313476666,19.500666267832198,545,0.0,1
545,0.09542983679476028,15.459633560751163,545,0.0,1
545,0.1127048114669146,18.258179457640168,545,0.0,1
545,0.10444130910722166,16.91949207536991,545,0.0,1
545,0.08543403675190497,13.840313953808606,545,0.0,1
545,0.07405639542392017,11.997136058675068,545,0.0,1
545,0.07405639542392017,11.997136058675068,545,0.0,1
545,0.08543403675190497,13.840313953808606,545,0.0,1
545,0.07405639542392017,11.997136058675068,545,0.0,1
545,0.10444130910722166,16.91949207536991,545,0.0,1
342,0.10767084050576102,17.442676161933285,342,0.0,1
545,0.37424145263156244,60.6271153263131,545,0.0,1
545,0.1473822670803959,23.875927267024135,545,0.0,1
545,0.13433191006429504,21.7617694304158,545,0.0,1
545,0.12755748521564145,20.664312604933915,545,0.0,1
545,0.12755748521564145,20.664312604933915,545,0.0,1
545,0.09542983679476028,15.459633560751163,545,0.0,1
545,0.13433191006429504,21.7617694304158,545,0.0,1
545,0.042835293687811936,6.939317577425534,545,0.0,1
545,0.12037448313476666,19.500666267832198,545,0.0,1
545,0.1127048114669146,18.258179457640168,545,0.0,1
545,0.09571217420693838,15.505372221524016,545,0.0,1
545,0.12755748521564145,20.664312604933915,545,0.0,1
545,0.042835293687811936,6.939317577425534,545,0.0,1
545,0.10444130910722166,16.91949207536991,545,0.0,1
129,0.0,0.0,129,0.0,1
545,0.35534238940422147,57.56546708348388,545,0.0,1
545,0.10444130910722166,16.91949207536991,545,0.0,1
545,0.13433191006429504,21.7617694304158,545,0.0,1
545,0.09542983679476028,15.459633560751163,545,0.0,1
545,0.12037448313476666,19.500666267832198,545,0.0,1
545,0.12037448313476666,19.500666267832198,545,0.0,1
545,0.09542983679476028,15.459633560751163,545,0.0,1
545,0.07405639542392017,11.997136058675068,545,0.0,1
545,0.08543403675190497,13.840313953808606,545,0.0,1
545,0.09542983679476028,15.459633560751163,545,0.0,1
545,0.07405639542392017,11.997136058675068,545,0.0,1
545,0.12037448313476666,19.500666267832198,545,0.0,1
545,0.1127048114669146,18.258179457640168,545,0.0,1
545,0.08543403675190497,13.840313953808606,545,0.0,1
212,0.0,0.0,212,0.0,1
545,0.37424145263156244,60.6271153263131,545,0.0,1
545,0.1473822670803959,23.875927267024135,545,0.0,1
545,0.13433191006429504,21.7617694304158,545,0.0,1
545,0.14075676278926008,22.802595571860135,545,0.0,1
545,0.12755748521564145,20.664312604933915,545,0.0,1
545,0.1127048114669146,18.258179457640168,545,0.0,1
545,0.14687792435457794,23.794223745441627,545,0.0,1
545,0.06052254912880909,9.804652958867074,545,0.0,1
545,0.12755748521564145,20.664312604933915,545,0.0,1
545,0.12755748521564145,20.664312604933915,545,0.0,1
545,0.1047637591152644,16.971728976672832,545,0.0,1
545,0.12755748521564145,20.664312604933915,545,0.0,1
545,0.042835293687811936,6.939317577425534,545,0.0,1
545,0.10444130910722166,16.91949207536991,545,0.0,1
545,0.10444130910722166,16.91949207536991,545,0.0,1
199,0.0708881205008336,11.48387552113504,199,0.0,1
545,0.35534238940422147,57.56546708348388,545,0.0,1
545,0.10444130910722166,16.91949207536991,545,0.0,1
545,0.13433191006429504,21.7617694304158,545,0.0,1
545,0.1127048114669146,18.258179457640168,545,0.0,1
545,0.12037448313476666,19.500666267832198,545,0.0,1
545,0.13433191006429504,21.7617694304158,545,0.0,1
545,0.1127048114669146,18.258179457640168,545,0.0,1
545,0.08543403675190497,13.840313953808606,545,0.0,1
545,0.09542983679476028,15.459633560751163,545,0.0,1
545,0.1127048114669146,18.258179457640168,545,0.0,1
545,0.08543403675190497,13.840313953808606,545,0.0,1
545,0.12037448313476666,19.500666267832198,545,0.0,1
545,0.1127048114669146,18.258179457640168,545,0.0,1
545,0.08543403675190497,13.840313953808606,545,0.0,1
545,0.07405639542392017,11.997136058675068,545,0.0,1
281,0.08421412174916221,13.64268772336428,281,0.0,1
545,0.1795125918764526,29.08103988398532,545,0.0,1
545,0.13433191006429504,21.7617694304158,545,0.0,1
545,0.13433191006429504,21.7617694304158,545,0.0,1
545,0.14075676278926008,22.802595571860135,545,0.0,1
545,0.12037448313476666,19.500666267832198,545,0.0,1
545,0.13433191006429504,21.7617694304158,545,0.0,1
545,0.08543403675190497,13.840313953808606,545,0.0,1
545,0.12755748521564145,20.664312604933915,545,0.0,1
545,0.13433191006429504,21.7617694304158,545,0.0,1
545,0.042835293687811936,6.939317577425534,545,0.0,1
545,0.15326100893295505,24.82828344713872,545,0.0,1
545,0.07405639542392017,11.997136058675068,545,0.0,1
545,0.10444130910722166,16.91949207536991,545,0.0,1
545,0.09542983679476028,15.459633560751163,545,0.0,1
545,0.09542983679476028,15.459633560751163,545,0.0,1
386,0.07188803172790963,11.645861139921358,386,0.0,1
545,0.15326100893295505,24.82828344713872,545,0.0,1
545,0.14687792435457794,23.794223745441627,545,0.0,1
545,0.10444130910722166,16.91949207536991,545,0.0,1
545,0.12755748521564145,20.664312604933915,545,0.0,1
545,0.13433191006429504,21.7617694304158,545,0.0,1
545,0.10444130910722166,16.91949207536991,545,0.0,1
545,0.07405639542392017,11.997136058675068,545,0.0,1
545,0.1127048114669146,18.258179457640168,545,0.0,1
545,0.10444130910722166,16.91949207536991,545,0.0,1
545,0.08543403675190497,13.840313953808606,545,0.0,1
545,0.13433191006429504,21.7617694304158,545,0.0,1
545,0.10444130910722166,16.91949207536991,545,0.0,1
545,0.08543403675190497,13.840313953808606,545,0.0,1
545,0.07405639542392017,11.997136058675068,545,0.0,1
545,0.09542983679476028,15.459633560751163,545,0.0,1
294,0.14163298024663332,22.944542799954597,294,0.0,1
545,0.20611928391418208,33.3913239940975,545,0.0,1
545,0.13433191006429504,21.7617694304158,545,0.0,1
545,0.12755748521564145,20.664312604933915,545,0.0,1
545,0.07405639542392017,11.997136058675068,545,0.0,1
545,0.14075676278926008,22.802595571860135,545,0.0,1
545,0.1127048114669146,18.258179457640168,545,0.0,1
545,0.13478311013698088,21.834863842190902,545,0.0,1
545,0.10444130910722166,16.91949207536991,545,0.0,1
545,0.12037448313476666,19.500666267832198,545,0.0,1
545,0.06052254912880909,9.804652958867074,545,0.0,1
545,0.1127048114669146,18.258179457640168,545,0.0,1
545,0.10444130910722166,16.91949207536991,545,0.0,1
545,0.06052254912880909,9.804652958867074,545,0.0,1
164,0.11009225791186351,17.834945781721892,164,0.0,1
545,0.19771700218233582,32.0301543535384,545,0.0,1
545,0.14075676278926008,22.802595571860135,545,0.0,1
545,0.1127048114669146,18.258179457640168,545,0.0,1
545,0.06052254912880909,9.804652958867074,545,0.0,1
545,0.13433191006429504,21.7617694304158,545,0.0,1
545,0.07405639542392017,11.997136058675068,545,0.0,1
545,0.12037448313476666,19.500666267832198,545,0.0,1
545,0.13433191006429504,21.7617694304158,545,0.0,1
545,0.10444130910722166,16.91949207536991,545,0.0,1
545,0.06052254912880909,9.804652958867074,545,0.0,1
545,0.09542983679476028,15.459633560751163,545,0.0,1
545,0.1127048114669146,18.258179457640168,545,0.0,1
545,0.09542983679476028,15.459633560751163,545,0.0,1
190,0.1439390941465382,23.318133251739187,190,0.0,1
545,0.25275065302899596,40.94560579069735,545,0.0,1
545,0.13433191006429504,21.7617694304158,545,0.0,1
545,0.08543403675190497,13.840313953808606,545,0.0,1
545,0.1473822670803959,23.875927267024135,545,0.0,1
545,0.09542983679476028,15.459633560751163,545,0.0,1
545,0.1127048114669146,18.258179457640168,545,0.0,1
545,0.10444130910722166,16.91949207536991,545,0.0,1
545,0.08543403675190497,13.840313953808606,545,0.0,1
545,0.1127048114669146,18.258179457640168,545,0.0,1
545,0.07405639542392017,11.997136058675068,545,0.0,1
545,0.09542983679476028,15.459633560751163,545,0.0,1
379,0.10232461626128087,16.5765878343275,379,0.0,1
545,0.24630293870491862,39.90107607019682,545,0.0,1
545,0.1127048114669146,18.258179457640168,545,0.0,1
545,0.09542983679476028,15.459633560751163,545,0.0,1
545,0.12755748521564145,20.664312604933915,545,0.0,1
545,0.12037448313476666,19.500666267832198,545,0.0,1
545,0.10444130910722166,16.91949207536991,545,0.0,1
545,0.07405639542392017,11.997136058675068,545,0.0,1
545,0.08543403675190497,13.840313953808606,545,0.0,1
545,0.13433191006429504,21.7617694304158,545,0.0,1
545,0.10444130910722166,16.91949207536991,545,0.0,1
545,0.08543403675190497,13.840313953808606,545,0.0,1
383,0.051097613030759596,8.277813310983056,383,0.0,1
545,0.2765575525464461,44.80232351252427,545,0.0,1
545,0.1127048114669146,18.258179457640168,545,0.0,1
545,0.10444130910722166,16.91949207536991,545,0.0,1
545,0.10444130910722166,16.91949207536991,545,0.0,1
545,0.08543403675190497,13.840313953808606,545,0.0,1
545,0.1127048114669146,18.258179457640168,545,0.0,1
545,0.07405639542392017,11.997136058675068,545,0.0,1
545,0.09542983679476028,15.459633560751163,545,0.0,1
545,0.10444130910722166,16.91949207536991,545,0.0,1
545,0.13433191006429504,21.7617694304158,545,0.0,1
405,0.08585299688250475,13.908185494965771,405,0.0,1
545,0.27087683171519994,43.88204673786239,545,0.0,1
545,0.13433191006429504,21.7617694304158,545,0.0,1
545,0.10444130910722166,16.91949207536991,545,0.0,1
545,0.08543403675190497,13.840313953808606,545,0.0,1
545,0.07405639542392017,11.997136058675068,545,0.0,1
545,0.12755748521564145,20.664312604933915,545,0.0,1
545,0.10444130910722166,16.91949207536991,545,0.0,1
545,0.08543403675190497,13.840313953808606,545,0.0,1
545,0.06052254912880909,9.804652958867074,545,0.0,1
545,0.10444130910722166,16.91949207536991,545,0.0,1
398,0.0866008960732427,14.029345163865315,398,0.0,1
545,0.2579941514667368,41.79505253761137,545,0.0,1
545,0.10444130910722166,16.91949207536991,545,0.0,1
545,0.09542983679476028,15.459633560751163,545,0.0,1
545,0.10444130910722166,16.91949207536991,545,0.0,1
545,0.08543403675190497,13.840313953808606,545,0.0,1
545,0.10444130910722166,16.91949207536991,545,0.0,1
545,0.10444130910722166,16.91949207536991,545,0.0,1
545,0.13433191006429504,21.7617694304158,545,0.0,1
545,0.09542983679476028,15.459633560751163,545,0.0,1
545,0.1127048114669146,18.258179457640168,545,0.0,1
429,0.10745271663592992,17.407340095020647,429,0.0,1
545,0.27087683171519994,43.88204673786239,545,0.0,1
545,0.07405639542392017,11.997136058675068,545,0.0,1
545,0.08543403675190497,13.840313953808606,545,0.0,1
545,0.12755748521564145,20.664312604933915,545,0.0,1
545,0.1127048114669146,18.258179457640168,545,0.0,1
545,0.09542983679476028,15.459633560751163,545,0.0,1
545,0.06052254912880909,9.804652958867074,545,0.0,1
545,0.1127048114669146,18.258179457640168,545,0.0,1
545,0.07405639542392017,11.997136058675068,545,0.0,1
545,0.10444130910722166,16.91949207536991,545,0.0,1
427,0.1357479462836612,21.99116729795312,427,0.0,1
545,0.23530760889546573,38.11983264106544,545,0.0,1
545,0.10444130910722166,16.91949207536991,545,0.0,1
545,0.06052254912880909,9.804652958867074,545,0.0,1
545,0.12037448313476666,19.500666267832198,545,0.0,1
545,0.10444130910722166,16.91949207536991,545,0.0,1
545,0.12037448313476666,19.500666267832198,545,0.0,1
545,0.1127048114669146,18.258179457640168,545,0.0,1
545,0.10444130910722166,16.91949207536991,545,0.0,1
545,0.12037448313476666,19.500666267832198,545,0.0,1
545,0.06052254912880909,9.804652958867074,545,0.0,1
545,0.10444130910722166,16.91949207536991,545,0.0,1
147,0.08247860988423225,13.361534801245625,147,0.0,1
545,0.23962553985834126,38.81933745705129,545,0.0,1
545,0.1127048114669146,18.258179457640168,545,0.0,1
545,0.10444130910722166,16.91949207536991,545,0.0,1
545,0.1127048114669146,18.258179457640168,545,0.0,1
545,0.08543403675190497,13.840313953808606,545,0.0,1
545,0.10444130910722166,16.91949207536991,545,0.0,1
545,0.08543403675190497,13.840313953808606,545,0.0,1
545,0.09542983679476028,15.459633560751163,545,0.0,1
545,0.13433191006429504,21.7617694304158,545,0.0,1
545,0.09542983679476028,15.459633560751163,545,0.0,1
545,0.12037448313476666,19.500666267832198,545,0.0,1
162,0.13523488754834656,21.908051782832143,162,0.0,1
545,0.1969992096762317,31.91387196754954,545,0.0,1
545,0.07405639542392017,11.997136058675068,545,0.0,1
545,0.1127048114669146,18.258179457640168,545,0.0,1
545,0.10444130910722166,16.91949207536991,545,0.0,1
545,0.12037448313476666,19.500666267832198,545,0.0,1
545,0.1127048114669146,18.258179457640168,545,0.0,1
545,0.1127048114669146,18.258179457640168,545,0.0,1
545,0.1127048114669146,18.258179457640168,545,0.0,1
545,0.06052254912880909,9.804652958867074,545,0.0,1
545,0.10444130910722166,16.91949207536991,545,0.0,1
545,0.1127048114669146,18.258179457640168,545,0.0,1
455,0.08102074271063414,13.12536031912273,455,0.0,1
545,0.20123405032780353,32.59991615310418,545,0.0,1
545,0.1127048114669146,18.258179457640168,545,0.0,1
545,0.1127048114669146,18.258179457640168,545,0.0,1
545,0.07405639542392017,11.997136058675068,545,0.0,1
545,0.10444130910722166,16.91949207536991,545,0.0,1
545,0.09542983679476028,15.459633560751163,545,0.0,1
545,0.10444130910722166,16.91949207536991,545,0.0,1
545,0.12037448313476666,19.500666267832198,545,0.0,1
545,0.1127048114669146,18.258179457640168,545,0.0,1
545,0.1127048114669146,18.258179457640168,545,0.0,1
545,0.06052254912880909,9.804652958867074,545,0.0,1
374,0.0,0.0,374,0.0,1
545,0.1583483627750032,25.652434769550517,545,0.0,1
545,0.1127048114669146,18.258179457640168,545,0.0,1
545,0.09542983679476028,15.459633560751163,545,0.0,1
545,0.14075676278926008,22.802595571860135,545,0.0,1
545,0.08543403675190497,13.840313953808606,545,0.0,1
545,0.12037448313476666,19.500666267832198,545,0.0,1
545,0.09542983679476028,15.459633560751163,545,0.0,1
545,0.06052254912880909,9.804652958867074,545,0.0,1
545,0.12037448313476666,19.500666267832198,545,0.0,1
545,0.09542983679476028,15.459633560751163,545,0.0,1
545,0.08543403675190497,13.840313953808606,545,0.0,1
545,0.12797986215037138,20.732737668360166,545,0.0,1
545,0.12037448313476666,19.500666267832198,545,0.0,1
373,0.08944078526608111,14.48940721310514,373,0.0,1
545,0.17399778549682227,28.187641250485203,545,0.0,1
545,0.09542983679476028,15.459633560751163,545,0.0,1
545,0.07405639542392017,11.997136058675068,545,0.0,1
545,0.1127048114669146,18.258179457640168,545,0.0,1
545,0.07405639542392017,11.997136058675068,545,0.0,1
545,0.10444130910722166,16.91949207536991,545,0.0,1
545,0.12037448313476666,19.500666267832198,545,0.0,1
545,0.12037448313476666,19.500666267832198,545,0.0,1
545,0.12037448313476666,19.500666267832198,545,0.0,1
545,0.0,0.0,545,0.0,1
545,0.0,0.0,545,0.0,1
545,0.0,0.0,545,0.0,1
545,0.0,0.0,545,0.0,1
351,0.0,0.0,351,0.0,1
545,0.14075676278926008,22.802595571860135,545,0.0,1
545,0.07405639542392017,11.997136058675068,545,0.0,1
545,0.1127048114669146,18.258179457640168,545,0.0,1
545,0.07405639542392017,11.997136058675068,545,0.0,1
545,0.15273191296161098,24.74256989978098,545,0.0,1
545,0.12037448313476666,19.500666267832198,545,0.0,1
545,0.1127048114669146,18.258179457640168,545,0.0,1
545,0.09542983679476028,15.459633560751163,545,0.0,1
545,0.12755748521564145,20.664312604933915,545,0.0,1
545,0.12037448313476666,19.500666267832198,545,0.0,1
545,0.10444130910722166,16.91949207536991,545,0.0,1
545,0.12037448313476666,19.500666267832198,545,0.0,1
545,0.12037448313476666,19.500666267832198,545,0.0,1
545,0.0,0.0,545,0.0,1
545,0.08543403675190497,13.840313953808606,545,0.0,1
545,0.0,0.0,545,0.0,1
545,0.042835293687811936,6.939317577425534,545,0.0,1
545,0.0,0.0,545,0.0,1
545,0.12037448313476666,19.500666267832198,545,0.0,1
545,0.0,0.0,545,0.0,1
545,0.10444130910722166,16.91949207536991,545,0.0,1
545,0.0,0.0,545,0.0,1
545,0.06052254912880909,9.804652958867074,545,0.0,1
545,0.0,0.0,545,0.0,1
545,0.12797986215037138,20.732737668360166,545,0.0,1
435,0.0,0.0,435,0.0,1
545,0.12755748521564145,20.664312604933915,545,0.0,1
545,0.07405639542392017,11.997136058675068,545,0.0,1
545,0.12076612785158558,19.564112711956867,545,0.0,1
522,0.04376881095324085,7.090547374425017,522,0.0,1
545,0.1689624220173425,27.371912366809482,545,0.0,1
545,0.08543403675190497,13.840313953808606,545,0.0,1
545,0.1127048114669146,18.258179457640168,545,0.0,1
545,0.10444130910722166,16.91949207536991,545,0.0,1
545,0.06052254912880909,9.804652958867074,545,0.0,1
545,0.12037448313476666,19.500666267832198,545,0.0,1
545,0.09542983679476028,15.459633560751163,545,0.0,1
545,0.08543403675190497,13.840313953808606,545,0.0,1
545,0.12797986215037138,20.732737668360166,545,0.0,1
545,0.12037448313476666,19.500666267832198,545,0.0,1
545,0.08543403675190497,13.840313953808606,545,0.0,1
545,0.12076612785158558,19.564112711956867,545,0.0,1
545,0.042835293687811936,6.939317577425534,545,0.0,1
545,0.0,0.0,545,0.0,1
545,0.0,0.0,545,0.0,1
171,0.0,0.0,171,0.0,1
545,0.14687792435457794,23.794223745441627,545,0.0,1
545,0.07405639542392017,11.997136058675068,545,0.0,1
545,0.10444130910722166,16.91949207536991,545,0.0,1
545,0.12037448313476666,19.500666267832198,545,0.0,1
545,0.12037448313476666,19.500666267832198,545,0.0,1
545,0.12037448313476666,19.500666267832198,545,0.0,1
545,0.0,0.0,545,0.0,1
545,0.0,0.0,545,0.0,1
545,0.0,0.0,545,0.0,1
545,0.0,0.0,545,0.0,1
545,0.0,0.0,545,0.0,1
545,0.0,0.0,545,0.0,1
545,0.0,0.0,545,0.0,1
545,0.042835293687811936,6.939317577425534,545,0.0,1
545,0.0,0.0,545,0.0,1
138,0.0,0.0,138,0.0,1
545,0.13433191006429504,21.7617694304158,545,0.0,1
545,0.09542983679476028,15.459633560751163,545,0.0,1
545,0.042835293687811936,6.939317577425534,545,0.0,1
545,0.12755748521564145,20.664312604933915,545,0.0,1
545,0.10444130910722166,16.91949207536991,545,0.0,1
545,0.06052254912880909,9.804652958867074,545,0.0,1
545,0.12797986215037138,20.732737668360166,545,0.0,1
545,0.12037448313476666,19.500666267832198,545,0.0,1
545,0.08543403675190497,13.840313953808606,545,0.0,1
545,0.12076612785158558,19.564112711956867,545,0.0,1
545,0.042835293687811936,6.939317577425534,545,0.0,1
545,0.0,0.0,545,0.0,1
545,0.0,0.0,545,0.0,1
545,0.0,0.0,545,0.0,1
266,0.0,0.0,266,0.0,1
545,0.14075676278926008,22.802595571860135,545,0.0,1
545,0.1127048114669146,18.258179457640168,545,0.0,1
545,0.12037448313476666,19.500666267832198,545,0.0,1
545,0.12037448313476666,19.500666267832198,545,0.0,1
545,0.0,0.0,545,0.0,1
545,0.0,0.0,545,0.0,1
545,0.0,0.0,545,0.0,1
545,0.0,0.0,545,0.0,1
545,0.0,0.0,545,0.0,1
545,0.0,0.0,545,0.0,1
545,0.0,0.0,545,0.0,1
545,0.042835293687811936,6.939317577425534,545,0.0,1
545,0.0,0.0,545,0.0,1
545,0.0,0.0,545,0.0,1
230,0.09304665439271644,15.07355801162006,230,0.0,1
545,0.06052254912880909,9.804652958867074,545,0.0,1
545,0.12037448313476666,19.500666267832198,545,0.0,1
545,0.1127048114669146,18.258179457640168,545,0.0,1
545,0.042835293687811936,6.939317577425534,545,0.0,1
545,0.14123520319939317,22.880102918301695,545,0.0,1
545,0.12755748521564145,20.664312604933915,545,0.0,1
545,0.1127048114669146,18.258179457640168,545,0.0,1
545,0.12037448313476666,19.500666267832198,545,0.0,1
545,0.07405639542392017,11.997136058675068,545,0.0,1
545,0.0,0.0,545,0.0,1
545,0.12076612785158558,19.564112711956867,545,0.0,1
545,0.0,0.0,545,0.0,1
545,0.042835293687811936,6.939317577425534,545,0.0,1
545,0.0,0.0,545,0.0,1
545,0.0,0.0,545,0.0,1
545,0.0,0.0,545,0.0,1
545,0.0,0.0,545,0.0,1
545,0.0,0.0,545,0.0,1
545,0.0,0.0,545,0.0,1
545,0.0,0.0,545,0.0,1
545,0.0,0.0,545,0.0,1
545,0.042835293687811936,6.939317577425534,545,0.0,1
545,0.0,0.0,545,0.0,1
545,0.0,0.0,545,0.0,1
545,0.042835293687811936,6.939317577425534,545,0.0,1
545,0.0,0.0,545,0.0,1
477,0.0,0.0,477,0.0,1
545,0.0,0.0,545,0.0,1
545,0.06052254912880909,9.804652958867074,545,0.0,1
545,0.0,0.0,545,0.0,1
545,0.0,0.0,545,0.0,1
386,0.0,0.0,386,0.0,1
545,0.1127048114669146,18.258179457640168,545,0.0,1
545,0.06052254912880909,9.804652958867074,545,0.0,1
545,0.13478311013698088,21.834863842190902,545,0.0,1
545,0.12037448313476666,19.500666267832198,545,0.0,1
545,0.08543403675190497,13.840313953808606,545,0.0,1
545,0.1047637591152644,16.971728976672832,545,0.0,1
545,0.042835293687811936,6.939317577425534,545,0.0,1
545,0.0,0.0,545,0.0,1
545,0.0,0.0,545,0.0,1
545,0.0,0.0,545,0.0,1
545,0.0,0.0,545,0.0,1
545,0.0,0.0,545,0.0,1
545,0.042835293687811936,6.939317577425534,545,0.0,1
545,0.0,0.0,545,0.0,1
153,0.0,0.0,153,0.0,1
545,0.0,0.0,545,0.0,1
545,0.0,0.0,545,0.0,1
545,0.0,0.0,545,0.0,1
545,0.0,0.0,545,0.0,1
545,0.0,0.0,545,0.0,1
545,0.0,0.0,545,0.0,1
545,0.042835293687811936,6.939317577425534,545,0.0,1
545,0.0,0.0,545,0.0,1
545,0.0,0.0,545,0.0,1
545,0.0,0.0,545,0.0,1
545,0.06052254912880909,9.804652958867074,545,0.0,1
545,0.0,0.0,545,0.0,1
545,0.0,0.0,545,0.0,1
545,0.042835293687811936,6.939317577425534,545,0.0,1
95,0.0,0.0,95,0.0,1
545,0.0,0.0,545,0.0,1
545,0.0,0.0,545,0.0,1
545,0.0,0.0,545,0.0,1
545,0.0,0.0,545,0.0,1
545,0.0,0.0,545,0.0,1
545,0.042835293687811936,6.939317577425534,545,0.0,1
545,0.0,0.0,545,0.0,1
545,0.0,0.0,545,0.0,1
545,0.06052254912880909,9.804652958867074,545,0.0,1
545,0.0,0.0,545,0.0,1
545,0.0,0.0,545,0.0,1
545,0.0,0.0,545,0.0,1
545,0.042835293687811936,6.939317577425534,545,0.0,1
545,0.0,0.0,545,0.0,1
545,0.0,0.0,545,0.0,1
545,0.0,0.0,545,0.0,1
545,0.0,0.0,545,0.0,1
189,0.0,0.0,189,0.0,1
545,0.08543403675190497,13.840313953808606,545,0.0,1
545,0.13478311013698088,21.834863842190902,545,0.0,1
545,0.1127048114669146,18.258179457640168,545,0.0,1
545,0.12076612785158558,19.564112711956867,545,0.0,1
545,0.06052254912880909,9.804652958867074,545,0.0,1
545,0.0,0.0,545,0.0,1
545,0.0,0.0,545,0.0,1
545,0.0,0.0,545,0.0,1
545,0.0,0.0,545,0.0,1
545,0.0,0.0,545,0.0,1
545,0.042835293687811936,6.939317577425534,545,0.0,1
545,0.0,0.0,545,0.0,1
545,0.0,0.0,545,0.0,1
545,0.042835293687811936,6.939317577425534,545,0.0,1
545,0.042835293687811936,6.939317577425534,545,0.0,1
545,0.07405639542392017,11.997136058675068,545,0.0,1
545,0.0,0.0,545,0.0,1
146,0.0,0.0,146,0.0,1
545,0.06052254912880909,9.804652958867074,545,0.0,1
545,0.0,0.0,545,0.0,1
545,0.0,0.0,545,0.0,1
545,0.0,0.0,545,0.0,1
545,0.0,0.0,545,0.0,1
545,0.0,0.0,545,0.0,1
545,0.042835293687811936,6.939317577425534,545,0.0,1
545,0.0,0.0,545,0.0,1
545,0.042835293687811936,6.939317577425534,545,0.0,1
545,0.0,0.0,545,0.0,1
545,0.042835293687811936,6.939317577425534,545,0.0,1
545,0.07405639542392017,11.997136058675068,545,0.0,1
545,0.0,0.0,545,0.0,1
545,0.042835293687811936,6.939317577425534,545,0.0,1
50,0.0,0.0,50,0.0,1
545,0.0,0.0,545,0.0,1
545,0.0,0.0,545,0.0,1
545,0.0,0.0,545,0.0,1
545,0.0,0.0,545,0.0,1
545,0.0,0.0,545,0.0,1
545,0.042835293687811936,6.939317577425534,545,0.0,1
545,0.0,0.0,545,0.0,1
545,0.042835293687811936,6.939317577425534,545,0.0,1
545,0.0,0.0,545,0.0,1
545,0.08543403675190497,13.840313953808606,545,0.0,1
545,0.0,0.0,545,0.0,1
545,0.0,0.0,545,0.0,1
545,0.042835293687811936,6.939317577425534,545,0.0,1
545,0.06052254912880909,9.804652958867074,545,0.0,1
545,0.0,0.0,545,0.0,1
545,0.0,0.0,545,0.0,1
545,0.0,0.0,545,0.0,1
245,0.0,0.0,245,0.0,1
545,0.0,0.0,545,0.0,1
545,0.042835293687811936,6.939317577425534,545,0.0,1
545,0.0,0.0,545,0.0,1
545,0.0,0.0,545,0.0,1
545,0.06052254912880909,9.804652958867074,545,0.0,1
545,0.0,0.0,545,0.0,1
545,0.0,0.0,545,0.0,1
545,0.0,0.0,545,0.0,1
545,0.042835293687811936,6.939317577425534,545,0.0,1
545,0.0,0.0,545,0.0,1
545,0.0,0.0,545,0.0,1
545,0.0,0.0,545,0.0,1
545,0.0,0.0,545,0.0,1
545,0.13478311013698088,21.834863842190902,545,0.0,1
52,0.13867504905630726,22.46535794712178,52,0.0,1
545,0.042835293687811936,6.939317577425534,545,0.0,1
545,0.0,0.0,545,0.0,1
545,0.0,0.0,545,0.0,1
545,0.06052254912880909,9.804652958867074,545,0.0,1
545,0.0,0.0,545,0.0,1
545,0.0,0.0,545,0.0,1
545,0.0,0.0,545,0.0,1
545,0.042835293687811936,6.939317577425534,545,0.0,1
545,0.0,0.0,545,0.0,1
545,0.0,0.0,545,0.0,1
545,0.0,0.0,545,0.0,1
545,0.0,0.0,545,0.0,1
545,0.14123520319939317,22.880102918301695,545,0.0,1
545,0.0,0.0,545,0.0,1
545,0.0,0.0,545,0.0,1
545,0.0,0.0,545,0.0,1
545,0.0,0.0,545,0.0,1
333,0.0,0.0,333,0.0,1
545,0.06052254912880909,9.804652958867074,545,0.0,1
545,0.0,0.0,545,0.0,1
545,0.0,0.0,545,0.0,1
545,0.042835293687811936,6.939317577425534,545,0.0,1
545,0.0,0.0,545,0.0,1
545,0.0,0.0,545,0.0,1
545,0.0,0.0,545,0.0,1
545,0.0,0.0,545,0.0,1
545,0.09571217420693838,15.505372221524016,545,0.0,1
545,0.10444130910722166,16.91949207536991,545,0.0,1
545,0.0,0.0,545,0.0,1
545,0.0,0.0,545,0.0,1
545,0.0,0.0,545,0.0,1
545,0.0,0.0,545,0.0,1
545,0.0,0.0,545,0.0,1
545,0.0,0.0,545,0.0,1
545,0.0,0.0,545,0.0,1
43,0.0,0.0,43,0.0,1
545,0.0,0.0,545,0.0,1
545,0.0,0.0,545,0.0,1
545,0.042835293687811936,6.939317577425534,545,0.0,1
545,0.0,0.0,545,0.0,1
545,0.042835293687811936,6.939317577425534,545,0.0,1
545,0.042835293687811936,6.939317577425534,545,0.0,1
545,0.07405639542392017,11.997136058675068,545,0.0,1
545,0.0,0.0,545,0.0,1
545,0.0,0.0,545,0.0,1
545,0.042835293687811936,6.939317577425534,545,0.0,1
545,0.06052254912880909,9.804652958867074,545,0.0,1
545,0.0,0.0,545,0.0,1
545,0.0,0.0,545,0.0,1
545,0.0,0.0,545,0.0,1
545,0.0,0.0,545,0.0,1
545,0.042835293687811936,6.939317577425534,545,0.0,1
545,0.0,0.0,545,0.0,1
37,0.0,0.0,37,0.0,1
545,0.042835293687811936,6.939317577425534,545,0.0,1
545,0.0,0.0,545,0.0,1
545,0.042835293687811936,6.939317577425534,545,0.0,1
545,0.042835293687811936,6.939317577425534,545,0.0,1
545,0.07405639542392017,11.997136058675068,545,0.0,1
545,0.0,0.0,545,0.0,1
545,0.0,0.0,545,0.0,1
545,0.042835293687811936,6.939317577425534,545,0.0,1
545,0.06052254912880909,9.804652958867074,545,0.0,1
545,0.0,0.0,545,0.0,1
545,0.0,0.0,545,0.0,1
545,0.0,0.0,545,0.0,1
545,0.0,0.0,545,0.0,1
545,0.042835293687811936,6.939317577425534,545,0.0,1
545,0.0,0.0,545,0.0,1
472,0.0,0.0,472,0.0,1
545,0.0,0.0,545,0.0,1
545,0.042835293687811936,6.939317577425534,545,0.0,1
545,0.0,0.0,545,0.0,1
545,0.0,0.0,545,0.0,1
545,0.0,0.0,545,0.0,1
545,0.0,0.0,545,0.0,1
545,0.042835293687811936,6.939317577425534,545,0.0,1
545,0.13478311013698088,21.834863842190902,545,0.0,1
545,0.0,0.0,545,0.0,1
545,0.0,0.0,545,0.0,1
545,0.0,0.0,545,0.0,1
545,0.0,0.0,545,0.0,1
545,0.0,0.0,545,0.0,1
545,0.0,0.0,545,0.0,1
545,0.0,0.0,545,0.0,1
460,0.04662524041201569,7.553288946746541,460,0.0,1
545,0.042835293687811936,6.939317577425534,545,0.0,1
545,0.0,0.0,545,0.0,1
545,0.0,0.0,545,0.0,1
545,0.0,0.0,545,0.0,1
545,0.042835293687811936,6.939317577425534,545,0.0,1
545,0.0,0.0,545,0.0,1
545,0.0,0.0,545,0.0,1
545,0.14123520319939317,22.880102918301695,545,0.0,1
545,0.08543403675190497,13.840313953808606,545,0.0,1
545,0.0,0.0,545,0.0,1
545,0.0,0.0,545,0.0,1
545,0.0,0.0,545,0.0,1
545,0.0,0.0,545,0.0,1
545,0.0,0.0,545,0.0,1
545,0.042835293687811936,6.939317577425534,545,0.0,1
545,0.0,0.0,545,0.0,1
545,0.06052254912880909,9.804652958867074,545,0.0,1
545,0.0,0.0,545,0.0,1
545,0.0,0.0,545,0.0,1
545,0.0,0.0,545,0.0,1
545,0.0,0.0,545,0.0,1
545,0.0,0.0,545,0.0,1
545,0.0,0.0,545,0.0,1
545,0.042835293687811936,6.939317577425534,545,0.0,1
545,0.0,0.0,545,0.0,1
545,0.0,0.0,545,0.0,1
545,0.042835293687811936,6.939317577425534,545,0.0,1
545,0.0,0.0,545,0.0,1
545,0.0,0.0,545,0.0,1
545,0.0,0.0,545,0.0,1
545,0.0,0.0,545,0.0,1
43,0.0,0.0,43,0.0,1
545,0.0,0.0,545,0.0,1
545,0.0,0.0,545,0.0,1
545,0.042835293687811936,6.939317577425534,545,0.0,1
43,0.0,0.0,43,0.0,1
545,0.08543403675190497,13.840313953808606,545,0.0,1
545,0.0,0.0,545,0.0,1
545,0.042835293687811936,6.939317577425534,545,0.0,1
545,0.0,0.0,545,0.0,1
545,0.06052254912880909,9.804652958867074,545,0.0,1
545,0.0,0.0,545,0.0,1
545,0.0,0.0,545,0.0,1
545,0.0,0.0,545,0.0,1
545,0.042835293687811936,6.939317577425534,545,0.0,1
545,0.0,0.0,545,0.0,1
545,0.0,0.0,545,0.0,1
545,0.042835293687811936,6.939317577425534,545,0.0,1
545,0.0,0.0,545,0.0,1
545,0.042835293687811936,6.939317577425534,545,0.0,1
545,0.0,0.0,545,0.0,1
233,0.0,0.0,233,0.0,1
545,0.042835293687811936,6.939317577425534,545,0.0,1
545,0.042835293687811936,6.939317577425534,545,0.0,1
545,0.042835293687811936,6.939317577425534,545,0.0,1
545,0.0,0.0,545,0.0,1
545,0.0,0.0,545,0.0,1
545,0.0,0.0,545,0.0,1
545,0.042835293687811936,6.939317577425534,545,0.0,1
545,0.0,0.0,545,0.0,1
545,0.0,0.0,545,0.0,1
545,0.042835293687811936,6.939317577425534,545,0.0,1
545,0.0,0.0,545,0.0,1
545,0.042835293687811936,6.939317577425534,545,0.0,1
545,0.0,0.0,545,0.0,1
545,0.042835293687811936,6.939317577425534,545,0.0,1
545,0.0,0.0,545,0.0,1
545,0.042835293687811936,6.939317577425534,545,0.0,1
545,0.042835293687811936,6.939317577425534,545,0.0,1
230,0.0,0.0,230,0.0,1
545,0.0,0.0,545,0.0,1
545,0.0,0.0,545,0.0,1
545,0.13478311013698088,21.834863842190902,545,0.0,1
545,0.042835293687811936,6.939317577425534,545,0.0,1
545,0.0,0.0,545,0.0,1
545,0.0,0.0,545,0.0,1
545,0.0,0.0,545,0.0,1
545,0.0,0.0,545,0.0,1
545,0.0,0.0,545,0.0,1
545,0.0,0.0,545,0.0,1
545,0.0,0.0,545,0.0,1
545,0.06052254912880909,9.804652958867074,545,0.0,1
545,0.0,0.0,545,0.0,1
545,0.0,0.0,545,0.0,1
545,0.0,0.0,545,0.0,1
231,0.14583753455807524,23.62568059840819,231,0.0,1
545,0.0,0.0,545,0.0,1
545,0.0,0.0,545,0.0,1
545,0.0,0.0,545,0.0,1
545,0.0,0.0,545,0.0,1
545,0.042835293687811936,6.939317577425534,545,0.0,1
545,0.0,0.0,545,0.0,1
545,0.042835293687811936,6.939317577425534,545,0.0,1
545,0.0,0.0,545,0.0,1
545,0.042835293687811936,6.939317577425534,545,0.0,1
545,0.0,0.0,545,0.0,1
545,0.0,0.0,545,0.0,1
545,0.042835293687811936,6.939317577425534,545,0.0,1
545,0.0,0.0,545,0.0,1
545,0.042835293687811936,6.939317577425534,545,0.0,1
545,0.042835293687811936,6.939317577425534,545,0.0,1
545,0.0,0.0,545,0.0,1
545,0.0,0.0,545,0.0,1
545,0.0,0.0,545,0.0,1
56,0.0,0.0,56,0.0,1
545,0.14123520319939317,22.880102918301695,545,0.0,1
545,0.0,0.0,545,0.0,1
545,0.0,0.0,545,0.0,1
545,0.0,0.0,545,0.0,1
545,0.0,0.0,545,0.0,1
545,0.0,0.0,545,0.0,1
545,0.0,0.0,545,0.0,1
545,0.0,0.0,545,0.0,1
545,0.06052254912880909,9.804652958867074,545,0.0,1
545,0.0,0.0,545,0.0,1
545,0.0,0.0,545,0.0,1
545,0.0,0.0,545,0.0,1
545,0.042835293687811936,6.939317577425534,545,0.0,1
545,0.08543403675190497,13.840313953808606,545,0.0,1
545,0.0,0.0,545,0.0,1
545,0.0,0.0,545,0.0,1
545,0.0,0.0,545,0.0,1
281,0.0,0.0,281,0.0,1
545,0.0,0.0,545,0.0,1
545,0.0,0.0,545,0.0,1
545,0.0,0.0,545,0.0,1
545,0.0,0.0,545,0.0,1
545,0.0,0.0,545,0.0,1
545,0.0,0.0,545,0.0,1
545,0.06052254912880909,9.804652958867074,545,0.0,1
545,0.0,0.0,545,0.0,1
545,0.0,0.0,545,0.0,1
545,0.0,0.0,545,0.0,1
545,0.09542983679476028,15.459633560751163,545,0.0,1
545,0.0,0.0,545,0.0,1
545,0.0,0.0,545,0.0,1
545,0.0,0.0,545,0.0,1
545,0.0,0.0,545,0.0,1
545,0.0,0.0,545,0.0,1
545,0.0,0.0,545,0.0,1
545,0.0,0.0,545,0.0,1
87,0.0,0.0,87,0.0,1
545,0.0,0.0,545,0.0,1
545,0.0,0.0,545,0.0,1
545,0.042835293687811936,6.939317577425534,545,0.0,1
545,0.0,0.0,545,0.0,1
545,0.0,0.0,545,0.0,1
545,0.042835293687811936,6.939317577425534,545,0.0,1
545,0.06052254912880909,9.804652958867074,545,0.0,1
545,0.0,0.0,545,0.0,1
545,0.0,0.0,545,0.0,1
545,0.042835293687811936,6.939317577425534,545,0.0,1
545,0.0,0.0,545,0.0,1
545,0.0,0.0,545,0.0,1
545,0.0,0.0,545,0.0,1
545,0.042835293687811936,6.939317577425534,545,0.0,1
545,0.042835293687811936,6.939317577425534,545,0.0,1
545,0.042835293687811936,6.939317577425534,545,0.0,1
545,0.08543403675190497,13.840313953808606,545,0.0,1
545,0.0,0.0,545,0.0,1
545,0.0,0.0,545,0.0,1
545,0.0,0.0,545,0.0,1
545,0.0,0.0,545,0.0,1
545,0.0,0.0,545,0.0,1
545,0.0,0.0,545,0.0,1
545,0.0,0.0,545,0.0,1
545,0.0,0.0,545,0.0,1
166,0.0,0.0,166,0.0,1
545,0.0,0.0,545,0.0,1
545,0.0,0.0,545,0.0,1
545,0.0,0.0,545,0.0,1
41,0.0,0.0,41,0.0,1
545,0.042835293687811936,6.939317577425534,545,0.0,1
545,0.0,0.0,545,0.0,1
545,0.042835293687811936,6.939317577425534,545,0.0,1
545,0.0,0.0,545,0.0,1
545,0.0,0.0,545,0.0,1
545,0.042835293687811936,6.939317577425534,545,0.0,1
545,0.0,0.0,545,0.0,1
545,0.042835293687811936,6.939317577425534,545,0.0,1
545,0.042835293687811936,6.939317577425534,545,0.0,1
545,0.0,0.0,545,0.0,1
545,0.0,0.0,545,0.0,1
545,0.0,0.0,545,0.0,1
545,0.0,0.0,545,0.0,1
545,0.0,0.0,545,0.0,1
168,0.0,0.0,168,0.0,1
545,0.06052254912880909,9.804652958867074,545,0.0,1
545,0.0,0.0,545,0.0,1
545,0.0,0.0,545,0.0,1
545,0.0,0.0,545,0.0,1
545,0.09542983679476028,15.459633560751163,545,0.0,1
545,0.0,0.0,545,0.0,1
545,0.0,0.0,545,0.0,1
545,0.0,0.0,545,0.0,1
545,0.0,0.0,545,0.0,1
545,0.0,0.0,545,0.0,1
545,0.0,0.0,545,0.0,1
545,0.0,0.0,545,0.0,1
545,0.042835293687811936,6.939317577425534,545,0.0,1
545,0.0,0.0,545,0.0,1
180,0.0,0.0,180,0.0,1
545,0.042835293687811936,6.939317577425534,545,0.0,1
545,0.0,0.0,545,0.0,1
545,0.042835293687811936,6.939317577425534,545,0.0,1
545,0.0,0.0,545,0.0,1
545,0.042835293687811936,6.939317577425534,545,0.0,1
545,0.09542983679476028,15.459633560751163,545,0.0,1
545,0.0,0.0,545,0.0,1
545,0.0,0.0,545,0.0,1
545,0.042835293687811936,6.939317577425534,545,0.0,1
545,0.0,0.0,545,0.0,1
545,0.0,0.0,545,0.0,1
545,0.0,0.0,545,0.0,1
545,0.042835293687811936,6.939317577425534,545,0.0,1
545,0.0,0.0,545,0.0,1
545,0.042835293687811936,6.939317577425534,545,0.0,1
545,0.0,0.0,545,0.0,1
545,0.0,0.0,545,0.0,1
545,0.0,0.0,545,0.0,1
545,0.0,0.0,545,0.0,1
545,0.0,0.0,545,0.0,1
545,0.0,0.0,545,0.0,1
545,0.042835293687811936,6.939317577425534,545,0.0,1
545,0.0,0.0,545,0.0,1
545,0.0,0.0,545,0.0,1
545,0.0,0.0,545,0.0,1
545,0.0,0.0,545,0.0,1
545,0.0,0.0,545,0.0,1
545,0.0,0.0,545,0.0,1
545,0.06052254912880909,9.804652958867074,545,0.0,1
545,0.0,0.0,545,0.0,1
545,0.0,0.0,545,0.0,1
116,0.0,0.0,116,0.0,1
388,0.0,0.0,388,0.0,1
545,0.042835293687811936,6.939317577425534,545,0.0,1
545,0.042835293687811936,6.939317577425534,545,0.0,1
545,0.0,0.0,545,0.0,1
545,0.042835293687811936,6.939317577425534,545,0.0,1
545,0.042835293687811936,6.939317577425534,545,0.0,1
545,0.0,0.0,545,0.0,1
545,0.0,0.0,545,0.0,1
545,0.0,0.0,545,0.0,1
545,0.0,0.0,545,0.0,1
545,0.0,0.0,545,0.0,1
545,0.0,0.0,545,0.0,1
545,0.06052254912880909,9.804652958867074,545,0.0,1
545,0.0,0.0,545,0.0,1
545,0.0,0.0,545,0.0,1
545,0.042835293687811936,6.939317577425534,545,0.0,1
338,0.0,0.0,338,0.0,1
545,0.07405639542392017,11.997136058675068,545,0.0,1
545,0.07405639542392017,11.997136058675068,545,0.0,1
545,0.0,0.0,545,0.0,1
545,0.0,0.0,545,0.0,1
545,0.0,0.0,545,0.0,1
545,0.0,0.0,545,0.0,1
545,0.0,0.0,545,0.0,1
545,0.0,0.0,545,0.0,1
545,0.0,0.0,545,0.0,1
545,0.042835293687811936,6.939317577425534,545,0.0,1
545,0.0,0.0,545,0.0,1
545,0.0,0.0,545,0.0,1
545,0.0,0.0,545,0.0,1
545,0.0,0.0,545,0.0,1
545,0.0,0.0,545,0.0,1
394,0.0,0.0,394,0.0,1
545,0.0,0.0,545,0.0,1
545,0.0,0.0,545,0.0,1
545,0.0,0.0,545,0.0,1
545,0.0,0.0,545,0.0,1
545,0.042835293687811936,6.939317577425534,545,0.0,1
545,0.0,0.0,545,0.0,1
545,0.0,0.0,545,0.0,1
545,0.0,0.0,545,0.0,1
545,0.042835293687811936,6.939317577425534,545,0.0,1
545,0.0,0.0,545,0.0,1
545,0.042835293687811936,6.939317577425534,545,0.0,1
545,0.042835293687811936,6.939317577425534,545,0.0,1
545,0.0,0.0,545,0.0,1
545,0.0,0.0,545,0.0,1
545,0.0,0.0,545,0.0,1
545,0.0,0.0,545,0.0,1
545,0.0,0.0,545,0.0,1
545,0.0,0.0,545,0.0,1
545,0.0,0.0,545,0.0,1
545,0.0,0.0,545,0.0,1
545,0.0,0.0,545,0.0,1
545,0.0,0.0,545,0.0,1
545,0.0,0.0,545,0.0,1
545,0.0,0.0,545,0.0,1
545,0.06052254912880909,9.804652958867074,545,0.0,1
545,0.0,0.0,545,0.0,1
545,0.0,0.0,545,0.0,1
545,0.0,0.0,545,0.0,1
545,0.0,0.0,545,0.0,1
545,0.0,0.0,545,0.0,1
545,0.042835293687811936,6.939317577425534,545,0.0,1
17,0.0,0.0,17,0.0,1
545,0.0,0.0,545,0.0,1
545,0.042835293687811936,6.939317577425534,545,0.0,1
545,0.06052254912880909,9.804652958867074,545,0.0,1
89,0.0,0.0,89,0.0,1
545,0.0,0.0,545,0.0,1
545,0.0,0.0,545,0.0,1
545,0.0,0.0,545,0.0,1
545,0.0,0.0,545,0.0,1
545,0.0,0.0,545,0.0,1
545,0.06052254912880909,9.804652958867074,545,0.0,1
545,0.0,0.0,545,0.0,1
545,0.0,0.0,545,0.0,1
545,0.042835293687811936,6.939317577425534,545,0.0,1
545,0.0,0.0,545,0.0,1
545,0.042835293687811936,6.939317577425534,545,0.0,1
545,0.0,0.0,545,0.0,1
545,0.06052254912880909,9.804652958867074,545,0.0,1
425,0.0,0.0,425,0.0,1
545,67.50829249896047,10936.343384831594,545,0.0,1
545,0.0,0.0,545,0.0,1
545,0.0,0.0,545,0.0,1
545,0.15405124567006476,24.956301798550495,545,0.0,1
96,0.0,0.0,96,0.0,1
545,67.50829249896047,10936.343384831594,545,0.0,1
545,0.0,0.0,545,0.0,1
545,0.042835293687811936,6.939317577425534,545,0.0,1
545,0.15405124567006476,24.956301798550495,545,0.0,1
545,0.34783076133676,56.34858333655512,545,0.0,1
545,0.1047637591152644,16.971728976672832,545,0.0,1
545,0.2134192127915364,34.5739124722289,545,0.0,1
449,0.15591656277192464,25.258483169051793,449,0.0,1
545,67.50829249896047,10936.343384831594,545,0.0,1
545,0.06052254912880909,9.804652958867074,545,0.0,1
545,0.042835293687811936,6.939317577425534,545,0.0,1
545,0.15405124567006476,24.956301798550495,545,0.0,1
545,0.34783076133676,56.34858333655512,545,0.0,1
545,0.11306336426495488,18.31626501092269,545,0.0,1
545,0.2134192127915364,34.5739124722289,545,0.0,1
545,0.14779363100767506,23.94256822324336,545,0.0,1
545,0.12076612785158558,19.564112711956867,545,0.0,1
545,0.1765380335227691,28.599161430688596,545,0.0,1
462,0.1537241196950152,24.903307390592463,462,0.0,1
545,67.50829249896047,10936.343384831594,545,0.0,1
545,0.06052254912880909,9.804652958867074,545,0.0,1
545,0.042835293687811936,6.939317577425534,545,0.0,1
545,0.15405124567006476,24.956301798550495,545,0.0,1
545,0.350362159402953,56.758669823278396,545,0.0,1
545,0.11306336426495488,18.31626501092269,545,0.0,1
545,0.22540962293382924,36.516358915280335,545,0.0,1
545,0.14779363100767506,23.94256822324336,545,0.0,1
545,0.12797986215037138,20.732737668360166,545,0.0,1
545,0.18156764738642725,29.413958876601217,545,0.0,1
545,0.2563021102557149,41.52094186142582,545,0.0,1
545,0.6835907228076524,110.74169709483968,545,0.0,1
545,0.15370053093925595,24.899486012159464,545,0.0,1
51,0.0,0.0,51,0.0,1
545,67.50829249896047,10936.343384831594,545,0.0,1
545,0.06052254912880909,9.804652958867074,545,0.0,1
545,0.07405639542392017,11.997136058675068,545,0.0,1
545,0.15405124567006476,24.956301798550495,545,0.0,1
545,0.3528658401337502,57.164266101667536,545,0.0,1
545,0.12797986215037138,20.732737668360166,545,0.0,1
545,0.2292376911639726,37.13650596856356,545,0.0,1
545,0.14779363100767506,23.94256822324336,545,0.0,1
545,0.13478311013698088,21.834863842190902,545,0.0,1
545,0.18644355193249385,30.203855413064005,545,0.0,1
545,0.2563021102557149,41.52094186142582,545,0.0,1
545,0.6858812444508718,111.11276160104123,545,0.0,1
545,0.15370053093925595,24.899486012159464,545,0.0,1
545,0.3772128450770142,61.10848090247631,545,0.0,1
490,0.376559539691843,61.002645430078566,490,0.0,1
545,67.50829249896047,10936.343384831594,545,0.0,1
545,0.06052254912880909,9.804652958867074,545,0.0,1
545,0.07405639542392017,11.997136058675068,545,0.0,1
545,0.16522809627676666,26.766951596836194,545,0.0,1
545,0.3528658401337502,57.164266101667536,545,0.0,1
545,0.14123520319939317,22.880102918301695,545,0.0,1
545,0.23666542517960926,38.3397988790967,545,0.0,1
545,0.15370053093925595,24.899486012159464,545,0.0,1
545,0.14123520319939317,22.880102918301695,545,0.0,1
545,0.19577981398487015,31.716329865548964,545,0.0,1
545,0.25970114419412293,42.071585359447916,545,0.0,1
545,0.6858812444508718,111.11276160104123,545,0.0,1
545,0.15370053093925595,24.899486012159464,545,0.0,1
545,0.3772128450770142,61.10848090247631,545,0.0,1
545,0.35957903972117145,58.25180443482977,545,0.0,1
545,0.5740028073814737,92.98845479579875,545,0.0,1
34,0.0,0.0,34,0.0,1
545,0.12755748521564145,20.664312604933915,545,0.0,1
545,0.08543403675190497,13.840313953808606,545,0.0,1
545,0.37751673908485256,61.157711731746126,545,0.0,1
545,0.13478311013698088,21.834863842190902,545,0.0,1
545,0.15890121223875045,25.741996382677574,545,0.0,1
545,0.22150018364452922,35.88302975041373,545,0.0,1
545,0.13478311013698088,21.834863842190902,545,0.0,1
545,0.1473822670803959,23.875927267024135,545,0.0,1
545,0.2134192127915364,34.5739124722289,545,0.0,1
545,0.48948054451005363,79.29584821062869,545,0.0,1
545,0.5376225873335542,87.09485914803577,545,0.0,1
545,0.3772128450770142,61.10848090247631,545,0.0,1
545,0.3492050180486088,56.571212923874626,545,0.0,1
545,0.5595898968631794,90.65356329183507,545,0.0,1
545,0.31913688915653,51.70017604335785,545,0.0,1
478,0.25778749300751486,41.76157386721741,478,0.0,1
545,0.0,0.0,545,0.0,1
545,0.0,0.0,545,0.0,1
545,0.06052254912880909,9.804652958867074,545,0.0,1
545,0.0,0.0,545,0.0,1
545,0.0,0.0,545,0.0,1
545,0.042835293687811936,6.939317577425534,545,0.0,1
545,0.0,0.0,545,0.0,1
545,0.042835293687811936,6.939317577425534,545,0.0,1
545,0.0,0.0,545,0.0,1
545,0.06052254912880909,9.804652958867074,545,0.0,1
545,0.0,0.0,545,0.0,1
509,0.0,0.0,509,0.0,1
545,0.21017043940470853,34.047611183562786,545,0.0,1
545,0.23298839922110628,37.74412067381922,545,0.0,1
545,0.16481931757953197,26.700729447884182,545,0.0,1
545,0.13478311013698088,21.834863842190902,545,0.0,1
545,0.20462475363534052,33.14921008892516,545,0.0,1
545,0.15370053093925595,24.899486012159464,545,0.0,1
545,0.7128645950829848,115.48406440344354,545,0.0,1
545,0.15370053093925595,24.899486012159464,545,0.0,1
545,0.3772128450770142,61.10848090247631,545,0.0,1
545,0.37608450842113383,60.925690364223684,545,0.0,1
545,0.5602645662914709,90.7628597392183,545,0.0,1
545,0.3156192142395544,51.130312706807814,545,0.0,1
545,0.33006810528804564,53.47103305666339,545,0.0,1
301,0.17240401698331242,27.929450751296613,301,0.0,1
545,0.0,0.0,545,0.0,1
545,0.0,0.0,545,0.0,1
545,0.06052254912880909,9.804652958867074,545,0.0,1
545,0.0,0.0,545,0.0,1
545,0.0,0.0,545,0.0,1
545,0.042835293687811936,6.939317577425534,545,0.0,1
545,0.0,0.0,545,0.0,1
545,0.042835293687811936,6.939317577425534,545,0.0,1
545,0.042835293687811936,6.939317577425534,545,0.0,1
545,0.042835293687811936,6.939317577425534,545,0.0,1
545,0.0,0.0,545,0.0,1
439,0.0,0.0,439,0.0,1
545,0.25589382832758356,41.45480018906853,545,0.0,1
545,0.19577981398487015,31.716329865548964,545,0.0,1
545,0.25970114419412293,42.071585359447916,545,0.0,1
545,0.6870162773570077,111.29663693183524,545,0.0,1
545,0.1700766469541886,27.552416806578552,545,0.0,1
545,0.37947723009390294,61.47531127521228,545,0.0,1
545,0.5657522011950484,91.65185659359786,545,0.0,1
545,0.37687290884668007,61.05341123316217,545,0.0,1
545,0.3330386356950546,53.95225898259885,545,0.0,1
545,0.3069838298274018,49.731380432039096,545,0.0,1
545,0.13513300198138428,21.891546320984254,545,0.0,1
498,0.2188280325306256,35.45014126996134,498,0.0,1
545,0.7226904147074208,117.07584718260216,545,0.0,1
545,0.16481931757953197,26.700729447884182,545,0.0,1
545,0.37947723009390294,61.47531127521228,545,0.0,1
545,0.5657522011950484,91.65185659359786,545,0.0,1
545,0.37687290884668007,61.05341123316217,545,0.0,1
545,0.3330386356950546,53.95225898259885,545,0.0,1
545,0.3069838298274018,49.731380432039096,545,0.0,1
545,0.14161679174541186,22.941920262756724,545,0.0,1
545,0.22186534424464402,35.942185767632324,545,0.0,1
545,0.2134192127915364,34.5739124722289,545,0.0,1
531,0.22506794624851792,36.4610072922599,531,0.0,1
545,0.28584146425515966,46.30631720933587,545,0.0,1
545,0.5671812315119258,91.88335950493197,545,0.0,1
545,0.37687290884668007,61.05341123316217,545,0.0,1
545,0.3330386356950546,53.95225898259885,545,0.0,1
545,0.3097402424757856,50.177919281077266,545,0.0,1
545,0.14161679174541186,22.941920262756724,545,0.0,1
545,0.22186534424464402,35.942185767632324,545,0.0,1
545,0.21750498564482648,35.235807674461896,545,0.0,1
545,0.22216918627176055,35.99140817602521,545,0.0,1
545,0.20025954556757994,32.44204638194795,545,0.0,1
545,0.2563021102557149,41.52094186142582,545,0.0,1
79,0.1125087900926024,18.22642399500159,79,0.0,1
545,0.6091030093382311,98.67468751279347,545,0.0,1
545,0.3330386356950546,53.95225898259885,545,0.0,1
545,0.2951990373757444,47.82224405487059,545,0.0,1
545,0.14779363100767506,23.94256822324336,545,0.0,1
545,0.2257983378339873,36.57933072910595,545,0.0,1
545,0.22964930207339074,37.2031869358893,545,0.0,1
545,0.22612672852990975,36.63253002184538,545,0.0,1
545,0.10444130910722166,16.91949207536991,545,0.0,1
545,0.3049444138212358,49.4009950390402,545,0.0,1
545,0.08543403675190497,13.840313953808606,545,0.0,1
545,0.15405124567006476,24.95630179855049,545,0.0,1
545,0.0,0.0,545,0.0,1
166,0.0,0.0,166,0.0,1
545,0.3728418741783877,60.4003836168988,545,0.0,1
545,0.3097402424757856,50.177919281077266,545,0.0,1
545,0.14779363100767506,23.94256822324336,545,0.0,1
545,0.22186534424464402,35.942185767632324,545,0.0,1
545,0.21750498564482648,35.235807674461896,545,0.0,1
545,0.22216918627176055,35.99140817602521,545,0.0,1
545,0.20025954556757994,32.44204638194795,545,0.0,1
545,0.2563021102557149,41.52094186142582,545,0.0,1
545,0.11306336426495488,18.31626501092269,545,0.0,1
545,0.12829573230293037,20.78390863307472,545,0.0,1
545,0.0,0.0,545,0.0,1
545,0.0,0.0,545,0.0,1
545,0.0,0.0,545,0.0,1
545,0.0,0.0,545,0.0,1
545,0.0,0.0,545,0.0,1
545,0.0,0.0,545,0.0,1
327,0.0,0.0,327,0.0,1
545,0.2546120717279855,41.24715561993365,545,0.0,1
545,0.22216918627176055,35.99140817602521,545,0.0,1
545,0.20025954556757994,32.44204638194795,545,0.0,1
545,0.2563021102557149,41.52094186142582,545,0.0,1
545,0.11306336426495488,18.31626501092269,545,0.0,1
545,0.12829573230293037,20.78390863307472,545,0.0,1
545,0.0,0.0,545,0.0,1
545,0.0,0.0,545,0.0,1
545,0.0,0.0,545,0.0,1
545,0.0,0.0,545,0.0,1
545,0.0,0.0,545,0.0,1
545,0.0,0.0,545,0.0,1
545,0.0,0.0,545,0.0,1
545,0.0,0.0,545,0.0,1
545,0.0,0.0,545,0.0,1
545,0.0,0.0,545,0.0,1
58,0.0,0.0,58,0.0,1
545,0.3213906641230094,52.065287587927514,545,0.0,1
545,0.07405639542392017,11.997136058675068,545,0.0,1
545,0.12829573230293037,20.78390863307472,545,0.0,1
545,0.09571217420693838,15.505372221524016,545,0.0,1
545,0.0,0.0,545,0.0,1
545,0.0,0.0,545,0.0,1
545,0.0,0.0,545,0.0,1
545,0.0,0.0,545,0.0,1
545,0.0,0.0,545,0.0,1
545,0.0,0.0,545,0.0,1
545,0.0,0.0,545,0.0,1
545,0.0,0.0,545,0.0,1
545,0.0,0.0,545,0.0,1
545,0.0,0.0,545,0.0,1
545,0.0,0.0,545,0.0,1
545,0.0,0.0,545,0.0,1
545,0.0,0.0,545,0.0,1
22,0.0,0.0,22,0.0,1
545,0.0,0.0,545,0.0,1
545,0.0,0.0,545,0.0,1
545,0.0,0.0,545,0.0,1
545,0.0,0.0,545,0.0,1
545,0.0,0.0,545,0.0,1
545,0.0,0.0,545,0.0,1
545,0.042835293687811936,6.939317577425534,545,0.0,1
545,0.0,0.0,545,0.0,1
545,0.0,0.0,545,0.0,1
545,0.0,0.0,545,0.0,1
545,0.042835293687811936,6.939317577425534,545,0.0,1
545,0.0,0.0,545,0.0,1
545,0.06052254912880909,9.804652958867074,545,0.0,1
545,0.0,0.0,545,0.0,1
545,0.0,0.0,545,0.0,1
545,0.0,0.0,545,0.0,1
545,0.0,0.0,545,0.0,1
545,0.0,0.0,545,0.0,1
477,0.0,0.0,477,0.0,1
545,0.0,0.0,545,0.0,1
545,0.0,0.0,545,0.0,1
545,0.0,0.0,545,0.0,1
545,0.0,0.0,545,0.0,1
545,0.0,0.0,545,0.0,1
545,0.0,0.0,545,0.0,1
256,0.0,0.0,256,0.0,1
545,0.0,0.0,545,0.0,1
545,0.0,0.0,545,0.0,1
545,0.0,0.0,545,0.0,1
545,0.0,0.0,545,0.0,1
545,0.0,0.0,545,0.0,1
545,0.0,0.0,545,0.0,1
545,0.0,0.0,545,0.0,1
545,0.0,0.0,545,0.0,1
545,0.0,0.0,545,0.0,1
545,0.0,0.0,545,0.0,1
545,0.0,0.0,545,0.0,1
545,0.0,0.0,545,0.0,1
545,0.0,0.0,545,0.0,1
545,0.0,0.0,545,0.0,1
545,0.0,0.0,545,0.0,1
545,0.0,0.0,545,0.0,1
545,0.0,0.0,545,0.0,1
545,0.0,0.0,545,0.0,1
545,0.0,0.0,545,0.0,1
545,0.0,0.0,545,0.0,1
273,0.0,0.0,273,0.0,1
545,0.0,0.0,545,0.0,1
545,0.0,0.0,545,0.0,1
545,0.0,0.0,545,0.0,1
545,0.0,0.0,545,0.0,1
545,0.0,0.0,545,0.0,1
545,0.0,0.0,545,0.0,1
545,0.0,0.0,545,0.0,1
545,0.0,0.0,545,0.0,1
545,0.0,0.0,545,0.0,1
545,0.0,0.0,545,0.0,1
545,0.0,0.0,545,0.0,1
545,0.0,0.0,545,0.0,1
545,0.0,0.0,545,0.0,1
545,0.0,0.0,545,0.0,1
545,0.0,0.0,545,0.0,1
545,0.0,0.0,545,0.0,1
545,0.042835293687811936,6.939317577425534,545,0.0,1
545,0.0,0.0,545,0.0,1
545,0.042835293687811936,6.939317577425534,545,0.0,1
545,0.0,0.0,545,0.0,1
545,0.042835293687811936,6.939317577425534,545,0.0,1
43,0.0,0.0,43,0.0,1
545,0.0,0.0,545,0.0,1
545,0.0,0.0,545,0.0,1
545,0.0,0.0,545,0.0,1
545,0.0,0.0,545,0.0,1
102,0.0,0.0,102,0.0,1
545,0.0,0.0,545,0.0,1
545,0.0,0.0,545,0.0,1
545,0.0,0.0,545,0.0,1
545,0.0,0.0,545,0.0,1
545,0.0,0.0,545,0.0,1
545,0.0,0.0,545,0.0,1
545,0.0,0.0,545,0.0,1
545,0.0,0.0,545,0.0,1
545,0.0,0.0,545,0.0,1
545,0.0,0.0,545,0.0,1
545,0.0,0.0,545,0.0,1
545,0.0,0.0,545,0.0,1
545,0.0,0.0,545,0.0,1
545,0.0,0.0,545,0.0,1
545,0.0,0.0,545,0.0,1
545,0.0,0.0,545,0.0,1
545,0.0,0.0,545,0.0,1
545,0.0,0.0,545,0.0,1
545,0.0,0.0,545,0.0,1
85,0.0,0.0,85,0.0,1
545,0.0,0.0,545,0.0,1
545,0.0,0.0,545,0.0,1
545,0.0,0.0,545,0.0,1
545,0.0,0.0,545,0.0,1
545,0.0,0.0,545,0.0,1
545,0.0,0.0,545,0.0,1
545,0.0,0.0,545,0.0,1
545,0.0,0.0,545,0.0,1
545,0.0,0.0,545,0.0,1
545,0.0,0.0,545,0.0,1
545,0.0,0.0,545,0.0,1
545,0.0,0.0,545,0.0,1
545,0.0,0.0,545,0.0,1
545,0.0,0.0,545,0.0,1
545,0.0,0.0,545,0.0,1
545,0.0,0.0,545,0.0,1
512,0.0,0.0,512,0.0,1
545,0.0,0.0,545,0.0,1
545,0.0,0.0,545,0.0,1
545,0.0,0.0,545,0.0,1
545,0.0,0.0,545,0.0,1
545,0.0,0.0,545,0.0,1
545,0.0,0.0,545,0.0,1
545,0.0,0.0,545,0.0,1
545,0.0,0.0,545,0.0,1
545,0.0,0.0,545,0.0,1
545,0.0,0.0,545,0.0,1
545,0.0,0.0,545,0.0,1
545,0.0,0.0,545,0.0,1
545,0.0,0.0,545,0.0,1
545,0.0,0.0,545,0.0,1
545,0.0,0.0,545,0.0,1
545,0.0,0.0,545,0.0,1
545,0.0,0.0,545,0.0,1
545,0.0,0.0,545,0.0,1
171,0.0,0.0,171,0.0,1
545,0.0,0.0,545,0.0,1
545,0.0,0.0,545,0.0,1
545,0.0,0.0,545,0.0,1
545,0.0,0.0,545,0.0,1
545,0.0,0.0,545,0.0,1
545,0.0,0.0,545,0.0,1
545,0.0,0.0,545,0.0,1
545,0.0,0.0,545,0.0,1
545,0.0,0.0,545,0.0,1
545,0.0,0.0,545,0.0,1
545,0.0,0.0,545,0.0,1
545,0.0,0.0,545,0.0,1
545,0.0,0.0,545,0.0,1
545,0.0,0.0,545,0.0,1
4,0.0,0.0,4,0.0,1
545,0.0,0.0,545,0.0,1
545,0.0,0.0,545,0.0,1
545,0.0,0.0,545,0.0,1
545,0.0,0.0,545,0.0,1
545,0.0,0.0,545,0.0,1
545,0.0,0.0,545,0.0,1
545,0.0,0.0,545,0.0,1
545,0.0,0.0,545,0.0,1
545,0.0,0.0,545,0.0,1
523,0.0,0.0,523,0.0,1
545,0.0,0.0,545,0.0,1
545,0.0,0.0,545,0.0,1
545,0.0,0.0,545,0.0,1
545,0.0,0.0,545,0.0,1
545,0.0,0.0,545,0.0,1
545,0.0,0.0,545,0.0,1
545,0.0,0.0,545,0.0,1
545,0.0,0.0,545,0.0,1
545,0.0,0.0,545,0.0,1
483,0.0,0.0,483,0.0,1
545,0.0,0.0,545,0.0,1
545,0.0,0.0,545,0.0,1
545,0.0,0.0,545,0.0,1
545,0.0,0.0,545,0.0,1
545,0.0,0.0,545,0.0,1
545,0.0,0.0,545,0.0,1
545,0.0,0.0,545,0.0,1
545,0.0,0.0,545,0.0,1
545,0.0,0.0,545,0.0,1
545,0.0,0.0,545,0.0,1
545,0.0,0.0,545,0.0,1
545,0.0,0.0,545,0.0,1
545,0.0,0.0,545,0.0,1
545,0.0,0.0,545,0.0,1
545,0.0,0.0,545,0.0,1
545,0.0,0.0,545,0.0,1
545,0.0,0.0,545,0.0,1
545,0.0,0.0,545,0.0,1
545,0.0,0.0,545,0.0,1
545,0.0,0.0,545,0.0,1
545,0.0,0.0,545,0.0,1
373,0.0,0.0,373,0.0,1
545,0.0,0.0,545,0.0,1
545,0.0,0.0,545,0.0,1
545,0.0,0.0,545,0.0,1
545,0.0,0.0,545,0.0,1
545,0.0,0.0,545,0.0,1
545,0.0,0.0,545,0.0,1
545,0.0,0.0,545,0.0,1
545,0.0,0.0,545,0.0,1
545,0.0,0.0,545,0.0,1
545,0.0,0.0,545,0.0,1
545,0.0,0.0,545,0.0,1
545,0.0,0.0,545,0.0,1
545,0.0,0.0,545,0.0,1
545,0.0,0.0,545,0.0,1
545,0.0,0.0,545,0.0,1
545,0.0,0.0,545,0.0,1
545,0.0,0.0,545,0.0,1
545,0.0,0.0,545,0.0,1
545,0.0,0.0,545,0.0,1
545,0.0,0.0,545,0.0,1
545,0.0,0.0,545,0.0,1
545,0.0,0.0,545,0.0,1
545,0.0,0.0,545,0.0,1
545,0.0,0.0,545,0.0,1
545,0.0,0.0,545,0.0,1
523,0.0,0.0,523,0.0,1
545,0.0,0.0,545,0.0,1
545,0.0,0.0,545,0.0,1
545,0.0,0.0,545,0.0,1
545,0.0,0.0,545,0.0,1
545,0.0,0.0,545,0.0,1
545,0.0,0.0,545,0.0,1
545,0.0,0.0,545,0.0,1
545,0.0,0.0,545,0.0,1
545,0.0,0.0,545,0.0,1
545,0.0,0.0,545,0.0,1
545,0.0,0.0,545,0.0,1
545,0.0,0.0,545,0.0,1
545,0.0,0.0,545,0.0,1
545,0.0,0.0,545,0.0,1
545,0.0,0.0,545,0.0,1
545,0.0,0.0,545,0.0,1
545,0.0,0.0,545,0.0,1
545,0.0,0.0,545,0.0,1
409,0.0,0.0,409,0.0,1
545,0.0,0.0,545,0.0,1
545,0.0,0.0,545,0.0,1
545,0.0,0.0,545,0.0,1
545,0.0,0.0,545,0.0,1
545,0.0,0.0,545,0.0,1
545,0.0,0.0,545,0.0,1
545,0.0,0.0,545,0.0,1
545,0.0,0.0,545,0.0,1
545,0.0,0.0,545,0.0,1
545,0.0,0.0,545,0.0,1
545,0.0,0.0,545,0.0,1
545,0.0,0.0,545,0.0,1
545,0.0,0.0,545,0.0,1
545,0.0,0.0,545,0.0,1
276,0.0,0.0,276,0.0,1
545,0.0,0.0,545,0.0,1
545,0.0,0.0,545,0.0,1
545,0.0,0.0,545,0.0,1
545,0.0,0.0,545,0.0,1
545,0.0,0.0,545,0.0,1
545,0.0,0.0,545,0.0,1
545,0.0,0.0,545,0.0,1
545,0.0,0.0,545,0.0,1
545,0.0,0.0,545,0.0,1
545,0.0,0.0,545,0.0,1
545,0.0,0.0,545,0.0,1
545,0.0,0.0,545,0.0,1
545,0.0,0.0,545,0.0,1
545,0.0,0.0,545,0.0,1
545,0.0,0.0,545,0.0,1
545,0.0,0.0,545,0.0,1
545,0.0,0.0,545,0.0,1
545,0.0,0.0,545,0.0,1
545,0.0,0.0,545,0.0,1
545,0.0,0.0,545,0.0,1
545,0.0,0.0,545,0.0,1
545,0.0,0.0,545,0.0,1
545,0.0,0.0,545,0.0,1
545,0.0,0.0,545,0.0,1
545,0.0,0.0,545,0.0,1
545,0.0,0.0,545,0.0,1
545,0.0,0.0,545,0.0,1
545,0.0,0.0,545,0.0,1
545,0.0,0.0,545,0.0,1
545,0.0,0.0,545,0.0,1
545,0.0,0.0,545,0.0,1
545,0.0,0.0,545,0.0,1
545,0.0,0.0,545,0.0,1
545,0.0,0.0,545,0.0,1
545,0.0,0.0,545,0.0,1
417,0.0,0.0,417,0.0,1
545,0.0,0.0,545,0.0,1
545,0.0,0.0,545,0.0,1
545,0.0,0.0,545,0.0,1
545,0.0,0.0,545,0.0,1
545,0.0,0.0,545,0.0,1
545,0.0,0.0,545,0.0,1
545,0.0,0.0,545,0.0,1
545,0.0,0.0,545,0.0,1
545,0.0,0.0,545,0.0,1
545,0.0,0.0,545,0.0,1
545,0.0,0.0,545,0.0,1
545,0.0,0.0,545,0.0,1
545,0.0,0.0,545,0.0,1
415,0.0,0.0,415,0.0,1
545,0.0,0.0,545,0.0,1
545,0.0,0.0,545,0.0,1
545,0.0,0.0,545,0.0,1
545,0.0,0.0,545,0.0,1
545,0.0,0.0,545,0.0,1
545,0.0,0.0,545,0.0,1
545,0.0,0.0,545,0.0,1
545,0.0,0.0,545,0.0,1
545,0.0,0.0,545,0.0,1
545,0.0,0.0,545,0.0,1
545,0.0,0.0,545,0.0,1
545,0.0,0.0,545,0.0,1
545,0.0,0.0,545,0.0,1
545,0.0,0.0,545,0.0,1
545,0.0,0.0,545,0.0,1
545,0.0,0.0,545,0.0,1
545,0.0,0.0,545,0.0,1
545,0.0,0.0,545,0.0,1
545,0.0,0.0,545,0.0,1
545,0.0,0.0,545,0.0,1
545,0.0,0.0,545,0.0,1
545,0.0,0.0,545,0.0,1
545,0.0,0.0,545,0.0,1
545,0.0,0.0,545,0.0,1
545,0.0,0.0,545,0.0,1
506,0.0,0.0,506,0.0,1
545,0.0,0.0,545,0.0,1
545,0.0,0.0,545,0.0,1
545,0.0,0.0,545,0.0,1
545,0.0,0.0,545,0.0,1
545,0.0,0.0,545,0.0,1
545,0.0,0.0,545,0.0,1
545,0.0,0.0,545,0.0,1
545,0.0,0.0,545,0.0,1
545,0.0,0.0,545,0.0,1
545,0.0,0.0,545,0.0,1
545,0.0,0.0,545,0.0,1
545,0.0,0.0,545,0.0,1
545,0.0,0.0,545,0.0,1
545,0.0,0.0,545,0.0,1
545,0.0,0.0,545,0.0,1
545,0.0,0.0,545,0.0,1
545,0.0,0.0,545,0.0,1
545,0.0,0.0,545,0.0,1
545,0.0,0.0,545,0.0,1
545,0.0,0.0,545,0.0,1
545,0.0,0.0,545,0.0,1
545,0.0,0.0,545,0.0,1
545,0.0,0.0,545,0.0,1
545,0.0,0.0,545,0.0,1
545,0.0,0.0,545,0.0,1
545,0.0,0.0,545,0.0,1
545,0.0,0.0,545,0.0,1
545,0.0,0.0,545,0.0,1
545,0.0,0.0,545,0.0,1
545,0.0,0.0,545,0.0,1
545,0.0,0.0,545,0.0,1
545,0.0,0.0,545,0.0,1
545,0.0,0.0,545,0.0,1
545,0.0,0.0,545,0.0,1
545,0.0,0.0,545,0.0,1
545,0.0,0.0,545,0.0,1
545,0.0,0.0,545,0.0,1
545,0.0,0.0,545,0.0,1
545,0.0,0.0,545,0.0,1
348,0.0,0.0,348,0.0,1
355,0.0,0.0,355,0.0,1
545,0.0,0.0,545,0.0,1
545,0.0,0.0,545,0.0,1
545,0.0,0.0,545,0.0,1
545,0.0,0.0,545,0.0,1
545,0.0,0.0,545,0.0,1
545,0.0,0.0,545,0.0,1
545,0.0,0.0,545,0.0,1
545,0.0,0.0,545,0.0,1
545,0.0,0.0,545,0.0,1
545,0.0,0.0,545,0.0,1
545,0.0,0.0,545,0.0,1
545,0.0,0.0,545,0.0,1
545,0.0,0.0,545,0.0,1
545,0.0,0.0,545,0.0,1
545,0.0,0.0,545,0.0,1
545,0.0,0.0,545,0.0,1
545,0.0,0.0,545,0.0,1
545,0.0,0.0,545,0.0,1
545,0.0,0.0,545,0.0,1
545,0.0,0.0,545,0.0,1
545,0.0,0.0,545,0.0,1
545,0.0,0.0,545,0.0,1
545,0.0,0.0,545,0.0,1
545,0.0,0.0,545,0.0,1
545,0.0,0.0,545,0.0,1
545,0.0,0.0,545,0.0,1
545,0.0,0.0,545,0.0,1
545,0.0,0.0,545,0.0,1
545,0.0,0.0,545,0.0,1
545,0.0,0.0,545,0.0,1
545,0.0,0.0,545,0.0,1
545,0.0,0.0,545,0.0,1
545,0.0,0.0,545,0.0,1
545,0.0,0.0,545,0.0,1
545,0.0,0.0,545,0.0,1
545,0.0,0.0,545,0.0,1
545,0.0,0.0,545,0.0,1
545,0.0,0.0,545,0.0,1
545,0.0,0.0,545,0.0,1
545,0.0,0.0,545,0.0,1
545,0.0,0.0,545,0.0,1
545,0.0,0.0,545,0.0,1
8,0.0,0.0,8,0.0,1
545,0.0,0.0,545,0.0,1
545,0.0,0.0,545,0.0,1
545,0.0,0.0,545,0.0,1
545,0.0,0.0,545,0.0,1
545,0.0,0.0,545,0.0,1
545,0.0,0.0,545,0.0,1
545,0.0,0.0,545,0.0,1
545,0.0,0.0,545,0.0,1
545,0.0,0.0,545,0.0,1
545,0.0,0.0,545,0.0,1
545,0.0,0.0,545,0.0,1
545,0.0,0.0,545,0.0,1
545,0.0,0.0,545,0.0,1
545,0.0,0.0,545,0.0,1
545,0.0,0.0,545,0.0,1
545,0.0,0.0,545,0.0,1
545,0.0,0.0,545,0.0,1
545,0.0,0.0,545,0.0,1
545,0.0,0.0,545,0.0,1
545,0.0,0.0,545,0.0,1
545,0.0,0.0,545,0.0,1
545,0.0,0.0,545,0.0,1
545,0.0,0.0,545,0.0,1
545,0.0,0.0,545,0.0,1
545,0.0,0.0,545,0.0,1
374,0.0,0.0,374,0.0,1
545,0.0,0.0,545,0.0,1
545,0.0,0.0,545,0.0,1
545,0.0,0.0,545,0.0,1
545,0.0,0.0,545,0.0,1
545,0.0,0.0,545,0.0,1
545,0.0,0.0,545,0.0,1
545,0.0,0.0,545,0.0,1
545,0.0,0.0,545,0.0,1
545,0.0,0.0,545,0.0,1
545,0.0,0.0,545,0.0,1
545,0.0,0.0,545,0.0,1
545,0.0,0.0,545,0.0,1
545,0.0,0.0,545,0.0,1
545,0.0,0.0,545,0.0,1
545,0.0,0.0,545,0.0,1
545,0.0,0.0,545,0.0,1
545,0.0,0.0,545,0.0,1
545,0.0,0.0,545,0.0,1
175,0.0,0.0,175,0.0,1
545,0.0,0.0,545,0.0,1
545,0.0,0.0,545,0.0,1
545,0.0,0.0,545,0.0,1
545,0.0,0.0,545,0.0,1
545,0.0,0.0,545,0.0,1
545,0.0,0.0,545,0.0,1
545,0.0,0.0,545,0.0,1
545,0.0,0.0,545,0.0,1
545,0.0,0.0,545,0.0,1
545,0.0,0.0,545,0.0,1
545,0.0,0.0,545,0.0,1
545,0.0,0.0,545,0.0,1
545,0.0,0.0,545,0.0,1
545,0.0,0.0,545,0.0,1
545,0.0,0.0,545,0.0,1
545,0.0,0.0,545,0.0,1
545,0.0,0.0,545,0.0,1
545,0.0,0.0,545,0.0,1
545,0.0,0.0,545,0.0,1
545,0.0,0.0,545,0.0,1
545,0.0,0.0,545,0.0,1
545,0.0,0.0,545,0.0,1
545,0.0,0.0,545,0.0,1
545,0.0,0.0,545,0.0,1
545,0.0,0.0,545,0.0,1
545,0.0,0.0,545,0.0,1
545,0.0,0.0,545,0.0,1
545,0.0,0.0,545,0.0,1
545,0.0,0.0,545,0.0,1
545,0.0,0.0,545,0.0,1
545,0.0,0.0,545,0.0,1
545,0.0,0.0,545,0.0,1
545,0.0,0.0,545,0.0,1
545,0.0,0.0,545,0.0,1
545,0.0,0.0,545,0.0,1
545,0.0,0.0,545,0.0,1
545,0.0,0.0,545,0.0,1
545,0.0,0.0,545,0.0,1
545,0.0,0.0,545,0.0,1
545,0.0,0.0,545,0.0,1
545,0.0,0.0,545,0.0,1
545,0.0,0.0,545,0.0,1
545,0.0,0.0,545,0.0,1
545,0.0,0.0,545,0.0,1
545,0.0,0.0,545,0.0,1
516,0.0,0.0,516,0.0,1
545,0.0,0.0,545,0.0,1
545,0.0,0.0,545,0.0,1
361,0.052631578947368425,8.526315789473683,361,0.0,1
545,0.0,0.0,545,0.0,1
545,0.0,0.0,545,0.0,1
545,0.0,0.0,545,0.0,1
545,0.0,0.0,545,0.0,1
545,0.0,0.0,545,0.0,1
545,0.0,0.0,545,0.0,1
545,0.0,0.0,545,0.0,1
545,0.0,0.0,545,0.0,1
545,0.0,0.0,545,0.0,1
545,0.0,0.0,545,0.0,1
545,0.0,0.0,545,0.0,1
545,0.0,0.0,545,0.0,1
545,0.0,0.0,545,0.0,1
545,0.0,0.0,545,0.0,1
545,0.0,0.0,545,0.0,1
545,0.0,0.0,545,0.0,1
545,0.0,0.0,545,0.0,1
545,0.0,0.0,545,0.0,1
545,0.0,0.0,545,0.0,1
545,0.0,0.0,545,0.0,1
545,0.0,0.0,545,0.0,1
545,0.0,0.0,545,0.0,1
545,0.0,0.0,545,0.0,1
545,0.0,0.0,545,0.0,1
545,0.0,0.0,545,0.0,1
545,0.0,0.0,545,0.0,1
545,0.0,0.0,545,0.0,1
545,0.0,0.0,545,0.0,1
545,0.0,0.0,545,0.0,1
545,0.0,0.0,545,0.0,1
545,0.0,0.0,545,0.0,1
545,0.0,0.0,545,0.0,1
545,0.0,0.0,545,0.0,1
545,0.0,0.0,545,0.0,1
545,0.0,0.0,545,0.0,1
545,0.0,0.0,545,0.0,1
545,0.0,0.0,545,0.0,1
545,0.0,0.0,545,0.0,1
545,0.0,0.0,545,0.0,1
545,0.0,0.0,545,0.0,1
545,0.0,0.0,545,0.0,1
545,0.0,0.0,545,0.0,1
545,0.0,0.0,545,0.0,1
545,0.0,0.0,545,0.0,1
545,0.0,0.0,545,0.0,1
545,0.0,0.0,545,0.0,1
545,0.0,0.0,545,0.0,1
545,0.0,0.0,545,0.0,1
229,0.0,0.0,229,0.0,1
545,0.0,0.0,545,0.0,1
545,0.0,0.0,545,0.0,1
545,0.0,0.0,545,0.0,1
545,0.0,0.0,545,0.0,1
545,0.0,0.0,545,0.0,1
545,0.0,0.0,545,0.0,1
545,0.0,0.0,545,0.0,1
545,0.0,0.0,545,0.0,1
545,0.0,0.0,545,0.0,1
545,0.0,0.0,545,0.0,1
545,0.0,0.0,545,0.0,1
545,0.0,0.0,545,0.0,1
354,0.053149400345273386,8.61020285593429,354,0.0,1
545,0.0,0.0,545,0.0,1
545,0.0,0.0,545,0.0,1
545,0.0,0.0,545,0.0,1
545,0.0,0.0,545,0.0,1
545,0.0,0.0,545,0.0,1
545,0.0,0.0,545,0.0,1
545,0.0,0.0,545,0.0,1
545,0.0,0.0,545,0.0,1
545,0.0,0.0,545,0.0,1
545,0.0,0.0,545,0.0,1
545,0.0,0.0,545,0.0,1
545,0.0,0.0,545,0.0,1
545,0.0,0.0,545,0.0,1
545,0.0,0.0,545,0.0,1
545,0.0,0.0,545,0.0,1
545,0.0,0.0,545,0.0,1
545,0.0,0.0,545,0.0,1
545,0.0,0.0,545,0.0,1
545,0.0,0.0,545,0.0,1
545,0.0,0.0,545,0.0,1
545,0.0,0.0,545,0.0,1
545,0.0,0.0,545,0.0,1
545,0.0,0.0,545,0.0,1
545,0.0,0.0,545,0.0,1
545,0.0,0.0,545,0.0,1
545,0.0,0.0,545,0.0,1
545,0.0,0.0,545,0.0,1
545,0.0,0.0,545,0.0,1
545,0.0,0.0,545,0.0,1
545,0.0,0.0,545,0.0,1
545,0.0,0.0,545,0.0,1
545,0.0,0.0,545,0.0,1
545,0.0,0.0,545,0.0,1
545,0.0,0.0,545,0.0,1
545,0.0,0.0,545,0.0,1
545,0.0,0.0,545,0.0,1
545,0.0,0.0,545,0.0,1
545,0.0,0.0,545,0.0,1
545,0.0,0.0,545,0.0,1
210,0.0,0.0,210,0.0,1
545,0.0,0.0,545,0.0,1
545,0.0,0.0,545,0.0,1
545,0.0,0.0,545,0.0,1
545,0.0,0.0,545,0.0,1
545,0.0,0.0,545,0.0,1
545,0.0,0.0,545,0.0,1
545,0.0,0.0,545,0.0,1
545,0.0,0.0,545,0.0,1
545,0.0,0.0,545,0.0,1
545,0.0,0.0,545,0.0,1
545,0.0,0.0,545,0.0,1
545,0.0,0.0,545,0.0,1
545,0.0,0.0,545,0.0,1
545,0.0,0.0,545,0.0,1
545,0.0,0.0,545,0.0,1
545,0.0,0.0,545,0.0,1
545,0.0,0.0,545,0.0,1
545,0.0,0.0,545,0.0,1
545,0.0,0.0,545,0.0,1
545,0.0,0.0,545,0.0,1
545,0.0,0.0,545,0.0,1
545,0.0,0.0,545,0.0,1
545,0.0,0.0,545,0.0,1
545,0.0,0.0,545,0.0,1
545,0.0,0.0,545,0.0,1
545,0.0,0.0,545,0.0,1
545,0.0,0.0,545,0.0,1
545,0.0,0.0,545,0.0,1
275,0.0,0.0,275,0.0,1
358,0.052851642258169,8.561966045823377,358,0.0,1
545,0.0,0.0,545,0.0,1
545,0.0,0.0,545,0.0,1
545,0.0,0.0,545,0.0,1
545,0.0,0.0,545,0.0,1
545,0.0,0.0,545,0.0,1
545,0.0,0.0,545,0.0,1
545,0.0,0.0,545,0.0,1
545,0.0,0.0,545,0.0,1
545,0.0,0.0,545,0.0,1
545,0.0,0.0,545,0.0,1
545,0.0,0.0,545,0.0,1
545,0.0,0.0,545,0.0,1
545,0.0,0.0,545,0.0,1
545,0.0,0.0,545,0.0,1
545,0.0,0.0,545,0.0,1
545,0.0,0.0,545,0.0,1
545,0.0,0.0,545,0.0,1
545,0.0,0.0,545,0.0,1
545,0.0,0.0,545,0.0,1
545,0.0,0.0,545,0.0,1
545,0.0,0.0,545,0.0,1
545,0.0,0.0,545,0.0,1
545,0.0,0.0,545,0.0,1
545,0.0,0.0,545,0.0,1
545,0.0,0.0,545,0.0,1
545,0.0,0.0,545,0.0,1
545,0.0,0.0,545,0.0,1
545,0.0,0.0,545,0.0,1
302,0.0,0.0,302,0.0,1
545,0.0,0.0,545,0.0,1
545,0.0,0.0,545,0.0,1
545,0.0,0.0,545,0.0,1
545,0.0,0.0,545,0.0,1
545,0.0,0.0,545,0.0,1
545,0.0,0.0,545,0.0,1
545,0.0,0.0,545,0.0,1
545,0.0,0.0,545,0.0,1
545,0.0,0.0,545,0.0,1
545,0.0,0.0,545,0.0,1
545,0.0,0.0,545,0.0,1
545,0.0,0.0,545,0.0,1
545,0.0,0.0,545,0.0,1
545,0.0,0.0,545,0.0,1
545,0.0,0.0,545,0.0,1
545,0.0,0.0,545,0.0,1
545,0.0,0.0,545,0.0,1
545,0.0,0.0,545,0.0,1
545,0.0,0.0,545,0.0,1
545,0.0,0.0,545,0.0,1
545,0.0,0.0,545,0.0,1
545,0.0,0.0,545,0.0,1
545,0.0,0.0,545,0.0,1
545,0.0,0.0,545,0.0,1
545,0.0,0.0,545,0.0,1
545,0.0,0.0,545,0.0,1
545,0.0,0.0,545,0.0,1
545,0.0,0.0,545,0.0,1
10,0.0,0.0,10,0.0,1
362,0.05255883312276367,8.514530965887715,362,0.0,1
545,0.0,0.0,545,0.0,1
545,0.0,0.0,545,0.0,1
545,0.0,0.0,545,0.0,1
545,0.0,0.0,545,0.0,1
545,0.0,0.0,545,0.0,1
545,0.0,0.0,545,0.0,1
545,0.0,0.0,545,0.0,1
545,0.0,0.0,545,0.0,1
545,0.0,0.0,545,0.0,1
545,0.0,0.0,545,0.0,1
545,0.0,0.0,545,0.0,1
545,0.0,0.0,545,0.0,1
545,0.0,0.0,545,0.0,1
545,0.0,0.0,545,0.0,1
545,0.0,0.0,545,0.0,1
545,0.0,0.0,545,0.0,1
545,0.0,0.0,545,0.0,1
545,0.0,0.0,545,0.0,1
545,0.0,0.0,545,0.0,1
545,0.0,0.0,545,0.0,1
545,0.0,0.0,545,0.0,1
545,0.0,0.0,545,0.0,1
545,0.0,0.0,545,0.0,1
545,0.0,0.0,545,0.0,1
545,0.0,0.0,545,0.0,1
545,0.0,0.0,545,0.0,1
545,0.0,0.0,545,0.0,1
545,0.0,0.0,545,0.0,1
15,0.0,0.0,15,0.0,1
545,0.0,0.0,545,0.0,1
545,0.0,0.0,545,0.0,1
545,0.0,0.0,545,0.0,1
545,0.0,0.0,545,0.0,1
545,0.0,0.0,545,0.0,1
545,0.0,0.0,545,0.0,1
545,0.0,0.0,545,0.0,1
545,0.0,0.0,545,0.0,1
545,0.0,0.0,545,0.0,1
545,0.0,0.0,545,0.0,1
545,0.0,0.0,545,0.0,1
545,0.0,0.0,545,0.0,1
545,0.0,0.0,545,0.0,1
545,0.0,0.0,545,0.0,1
545,0.0,0.0,545,0.0,1
545,0.0,0.0,545,0.0,1
545,0.0,0.0,545,0.0,1
545,0.0,0.0,545,0.0,1
545,0.0,0.0,545,0.0,1
545,0.0,0.0,545,0.0,1
545,0.0,0.0,545,0.0,1
173,0.0,0.0,173,0.0,1
545,0.0,0.0,545,0.0,1
545,0.0,0.0,545,0.0,1
545,0.0,0.0,545,0.0,1
545,0.0,0.0,545,0.0,1
545,0.0,0.0,545,0.0,1
545,0.0,0.0,545,0.0,1
545,0.0,0.0,545,0.0,1
545,0.0,0.0,545,0.0,1
545,0.0,0.0,545,0.0,1
545,0.0,0.0,545,0.0,1
545,0.0,0.0,545,0.0,1
545,0.0,0.0,545,0.0,1
545,0.0,0.0,545,0.0,1
545,0.0,0.0,545,0.0,1
545,0.0,0.0,545,0.0,1
545,0.0,0.0,545,0.0,1
545,0.0,0.0,545,0.0,1
545,0.0,0.0,545,0.0,1
370,0.051987524491003634,8.42197896754259,370,0.0,1
545,0.0,0.0,545,0.0,1
545,0.0,0.0,545,0.0,1
545,0.0,0.0,545,0.0,1
173,0.0,0.0,173,0.0,1
545,0.0,0.0,545,0.0,1
545,0.0,0.0,545,0.0,1
545,0.0,0.0,545,0.0,1
545,0.0,0.0,545,0.0,1
545,0.0,0.0,545,0.0,1
545,0.0,0.0,545,0.0,1
545,0.0,0.0,545,0.0,1
545,0.0,0.0,545,0.0,1
545,0.0,0.0,545,0.0,1
545,0.0,0.0,545,0.0,1
545,0.0,0.0,545,0.0,1
545,0.0,0.0,545,0.0,1
545,0.0,0.0,545,0.0,1
545,0.0,0.0,545,0.0,1
545,0.0,0.0,545,0.0,1
44,0.0,0.0,44,0.0,1
545,0.0,0.0,545,0.0,1
545,0.0,0.0,545,0.0,1
545,0.0,0.0,545,0.0,1
545,0.0,0.0,545,0.0,1
545,0.0,0.0,545,0.0,1
545,0.0,0.0,545,0.0,1
545,0.0,0.0,545,0.0,1
545,0.0,0.0,545,0.0,1
545,0.0,0.0,545,0.0,1
545,0.0,0.0,545,0.0,1
545,0.0,0.0,545,0.0,1
545,0.0,0.0,545,0.0,1
545,0.0,0.0,545,0.0,1
545,0.0,0.0,545,0.0,1
545,0.0,0.0,545,0.0,1
44,0.0,0.0,44,0.0,1
545,0.0,0.0,545,0.0,1
545,0.0,0.0,545,0.0,1
545,0.0,0.0,545,0.0,1
545,0.0,0.0,545,0.0,1
545,0.0,0.0,545,0.0,1
545,0.0,0.0,545,0.0,1
545,0.0,0.0,545,0.0,1
545,0.0,0.0,545,0.0,1
545,0.0,0.0,545,0.0,1
545,0.0,0.0,545,0.0,1
545,0.0,0.0,545,0.0,1
545,0.0,0.0,545,0.0,1
545,0.0,0.0,545,0.0,1
545,0.0,0.0,545,0.0,1
545,0.0,0.0,545,0.0,1
44,0.0,0.0,44,0.0,1
545,0.0,0.0,545,0.0,1
545,0.0,0.0,545,0.0,1
545,0.0,0.0,545,0.0,1
545,0.0,0.0,545,0.0,1
545,0.0,0.0,545,0.0,1
545,0.0,0.0,545,0.0,1
545,0.0,0.0,545,0.0,1
545,0.0,0.0,545,0.0,1
545,0.0,0.0,545,0.0,1
545,0.0,0.0,545,0.0,1
545,0.0,0.0,545,0.0,1
545,0.0,0.0,545,0.0,1
248,0.0,0.0,248,0.0,1
381,0.051231551957855996,8.299511417172672,381,0.0,1
545,0.0,0.0,545,0.0,1
545,0.0,0.0,545,0.0,1
545,0.0,0.0,545,0.0,1
545,0.0,0.0,545,0.0,1
545,0.0,0.0,545,0.0,1
545,0.0,0.0,545,0.0,1
545,0.0,0.0,545,0.0,1
545,0.042835293687811936,6.939317577425534,545,0.0,1
545,0.0,0.0,545,0.0,1
545,0.0,0.0,545,0.0,1
545,0.0,0.0,545,0.0,1
545,0.0,0.0,545,0.0,1
545,0.0,0.0,545,0.0,1
545,0.0,0.0,545,0.0,1
535,0.0,0.0,535,0.0,1
545,0.0,0.0,545,0.0,1
545,0.0,0.0,545,0.0,1
545,0.0,0.0,545,0.0,1
545,0.0,0.0,545,0.0,1
545,0.0,0.0,545,0.0,1
545,0.0,0.0,545,0.0,1
364,0.0,0.0,364,0.0,1
545,0.0,0.0,545,0.0,1
294,0.0,0.0,294,0.0,1
100,0.0,0.0,100,0.0,1
381,0.0,0.0,381,0.0,1
375,0.05163977794943222,8.36564402780802,375,0.0,1
545,0.10444130910722166,16.91949207536991,545,0.0,1
545,0.06052254912880909,9.804652958867074,545,0.0,1
545,0.042835293687811936,6.939317577425534,545,0.0,1
545,0.042835293687811936,6.939317577425534,545,0.0,1
545,0.042835293687811936,6.939317577425534,545,0.0,1
545,0.042835293687811936,6.939317577425534,545,0.0,1
545,0.042835293687811936,6.939317577425534,545,0.0,1
545,0.0,0.0,545,0.0,1
545,0.0,0.0,545,0.0,1
193,0.07198157507486945,11.661015162128852,193,0.0,1
545,0.10444130910722166,16.91949207536991,545,0.0,1
545,0.06052254912880909,9.804652958867074,545,0.0,1
545,0.042835293687811936,6.939317577425534,545,0.0,1
545,0.042835293687811936,6.939317577425534,545,0.0,1
545,0.042835293687811936,6.939317577425534,545,0.0,1
545,0.042835293687811936,6.939317577425534,545,0.0,1
545,0.042835293687811936,6.939317577425534,545,0.0,1
545,0.0,0.0,545,0.0,1
545,0.0,0.0,545,0.0,1
545,0.07405639542392017,11.997136058675068,545,0.0,1
545,0.042835293687811936,6.939317577425534,545,0.0,1
545,0.042835293687811936,6.939317577425534,545,0.0,1
545,0.0,0.0,545,0.0,1
545,0.0,0.0,545,0.0,1
545,0.0,0.0,545,0.0,1
545,0.06052254912880909,9.804652958867074,545,0.0,1
369,0.0,0.0,369,0.0,1
545,0.042835293687811936,6.939317577425534,545,0.0,1
545,0.0,0.0,545,0.0,1
545,0.0,0.0,545,0.0,1
545,0.0,0.0,545,0.0,1
545,0.0,0.0,545,0.0,1
545,0.0,0.0,545,0.0,1
545,0.0,0.0,545,0.0,1
545,0.0,0.0,545,0.0,1
545,0.0,0.0,545,0.0,1
545,0.0,0.0,545,0.0,1
545,0.0,0.0,545,0.0,1
482,0.07872856340688561,12.754027271915467,482,0.0,1
545,0.10444130910722166,16.91949207536991,545,0.0,1
545,0.06052254912880909,9.804652958867074,545,0.0,1
545,0.042835293687811936,6.939317577425534,545,0.0,1
545,0.042835293687811936,6.939317577425534,545,0.0,1
545,0.042835293687811936,6.939317577425534,545,0.0,1
545,0.042835293687811936,6.939317577425534,545,0.0,1
545,0.042835293687811936,6.939317577425534,545,0.0,1
545,0.0,0.0,545,0.0,1
545,0.0,0.0,545,0.0,1
545,0.07405639542392017,11.997136058675068,545,0.0,1
545,0.042835293687811936,6.939317577425534,545,0.0,1
545,0.042835293687811936,6.939317577425534,545,0.0,1
545,0.0,0.0,545,0.0,1
545,0.0,0.0,545,0.0,1
545,0.0,0.0,545,0.0,1
545,0.06052254912880909,9.804652958867074,545,0.0,1
545,0.0,0.0,545,0.0,1
545,0.042835293687811936,6.939317577425534,545,0.0,1
545,0.0,0.0,545,0.0,1
545,0.0,0.0,545,0.0,1
545,0.042835293687811936,6.939317577425534,545,0.0,1
545,0.0,0.0,545,0.0,1
60,0.0,0.0,60,0.0,1
545,0.042835293687811936,6.939317577425534,545,0.0,1
545,0.0,0.0,545,0.0,1
545,0.0,0.0,545,0.0,1
545,0.0,0.0,545,0.0,1
545,0.0,0.0,545,0.0,1
545,0.0,0.0,545,0.0,1
545,0.0,0.0,545,0.0,1
545,0.0,0.0,545,0.0,1
545,0.0,0.0,545,0.0,1
545,0.0,0.0,545,0.0,1
545,0.0,0.0,545,0.0,1
518,0.07595460166298264,12.304645469403187,518,0.0,1
545,0.0,0.0,545,0.0,1
545,0.0,0.0,545,0.0,1
545,0.0,0.0,545,0.0,1
545,0.0,0.0,545,0.0,1
545,0.0,0.0,545,0.0,1
545,0.0,0.0,545,0.0,1
545,0.0,0.0,545,0.0,1
496,0.07761410418931897,12.573484878669673,496,0.0,1
545,0.0,0.0,545,0.0,1
545,0.0,0.0,545,0.0,1
545,0.0,0.0,545,0.0,1
545,0.0,0.0,545,0.0,1
545,0.0,0.0,545,0.0,1
545,0.07405639542392017,11.997136058675068,545,0.0,1
167,0.0,0.0,167,0.0,1
545,0.0,0.0,545,0.0,1
545,0.0,0.0,545,0.0,1
545,0.07405639542392017,11.997136058675068,545,0.0,1
100,0.0,0.0,100,0.0,1
545,0.07405639542392017,11.997136058675068,545,0.0,1
455,0.0,0.0,455,0.0,1
462,0.0,0.0,462,0.0,1
390,0.0,0.0,390,0.0,1
398,0.0,0.0,398,0.0,1
406,0.0,0.0,406,0.0,1
545,0.10444130910722166,16.91949207536991,545,0.0,1
545,0.07405639542392017,11.997136058675068,545,0.0,1
545,0.0,0.0,545,0.0,1
382,0.0,0.0,382,0.0,1
545,0.042835293687811936,6.939317577425534,545,0.0,1
374,0.0,0.0,374,0.0,1
545,0.042835293687811936,6.939317577425534,545,0.0,1
382,0.0,0.0,382,0.0,1
545,0.042835293687811936,6.939317577425534,545,0.0,1
382,0.0,0.0,382,0.0,1
545,0.042835293687811936,6.939317577425534,545,0.0,1
390,0.0,0.0,390,0.0,1
545,0.0,0.0,545,0.0,1
390,0.0,0.0,390,0.0,1
545,0.042835293687811936,6.939317577425534,545,0.0,1
382,0.0,0.0,382,0.0,1
545,0.06052254912880909,9.804652958867074,545,0.0,1
545,0.042835293687811936,6.939317577425534,545,0.0,1
545,0.042835293687811936,6.939317577425534,545,0.0,1
545,0.0,0.0,545,0.0,1
545,0.0,0.0,545,0.0,1
545,0.0,0.0,545,0.0,1
545,0.06052254912880909,9.804652958867074,545,0.0,1
545,0.0,0.0,545,0.0,1
545,0.042835293687811936,6.939317577425534,545,0.0,1
545,0.0,0.0,545,0.0,1
545,0.0,0.0,545,0.0,1
545,0.042835293687811936,6.939317577425534,545,0.0,1
545,0.0,0.0,545,0.0,1
545,0.0,0.0,545,0.0,1
545,0.0,0.0,545,0.0,1
545,0.0,0.0,545,0.0,1
543,0.0,0.0,543,0.0,1
545,0.0,0.0,545,0.0,1
545,0.0,0.0,545,0.0,1
545,0.0,0.0,545,0.0,1
545,0.0,0.0,545,0.0,1
545,0.0,0.0,545,0.0,1
545,0.0,0.0,545,0.0,1
545,0.0,0.0,545,0.0,1
545,0.0,0.0,545,0.0,1
545,0.0,0.0,545,0.0,1
187,0.0,0.0,187,0.0,1
545,0.0,0.0,545,0.0,1
545,0.0,0.0,545,0.0,1
545,0.0,0.0,545,0.0,1
545,0.0,0.0,545,0.0,1
545,0.0,0.0,545,0.0,1
545,0.0,0.0,545,0.0,1
545,0.0,0.0,545,0.0,1
545,0.0,0.0,545,0.0,1
545,0.0,0.0,545,0.0,1
545,0.0,0.0,545,0.0,1
545,0.0,0.0,545,0.0,1
545,0.0,0.0,545,0.0,1
545,0.0,0.0,545,0.0,1
545,0.0,0.0,545,0.0,1
545,0.0,0.0,545,0.0,1
545,0.0,0.0,545,0.0,1
372,0.0,0.0,372,0.0,1
545,0.0,0.0,545,0.0,1
545,0.0,0.0,545,0.0,1
545,0.0,0.0,545,0.0,1
545,0.0,0.0,545,0.0,1
545,0.0,0.0,545,0.0,1
545,0.0,0.0,545,0.0,1
545,0.0,0.0,545,0.0,1
545,0.0,0.0,545,0.0,1
545,0.0,0.0,545,0.0,1
545,0.0,0.0,545,0.0,1
545,0.0,0.0,545,0.0,1
545,0.0,0.0,545,0.0,1
545,0.0,0.0,545,0.0,1
545,0.0,0.0,545,0.0,1
545,0.0,0.0,545,0.0,1
545,0.0,0.0,545,0.0,1
545,0.0,0.0,545,0.0,1
545,0.0,0.0,545,0.0,1
545,0.0,0.0,545,0.0,1
545,0.0,0.0,545,0.0,1
545,0.0,0.0,545,0.0,1
545,0.0,0.0,545,0.0,1
79,0.0,0.0,79,0.0,1
545,0.0,0.0,545,0.0,1
545,0.0,0.0,545,0.0,1
545,0.0,0.0,545,0.0,1
545,0.0,0.0,545,0.0,1
545,0.0,0.0,545,0.0,1
545,0.0,0.0,545,0.0,1
545,0.0,0.0,545,0.0,1
545,0.0,0.0,545,0.0,1
545,0.0,0.0,545,0.0,1
545,0.0,0.0,545,0.0,1
545,0.0,0.0,545,0.0,1
545,0.0,0.0,545,0.0,1
545,0.0,0.0,545,0.0,1
545,0.0,0.0,545,0.0,1
545,0.0,0.0,545,0.0,1
545,0.0,0.0,545,0.0,1
545,0.0,0.0,545,0.0,1
545,0.0,0.0,545,0.0,1
545,0.0,0.0,545,0.0,1
545,0.0,0.0,545,0.0,1
545,0.0,0.0,545,0.0,1
545,0.0,0.0,545,0.0,1
545,0.0,0.0,545,0.0,1
545,0.0,0.0,545,0.0,1
545,0.0,0.0,545,0.0,1
545,0.0,0.0,545,0.0,1
19,0.0,0.0,19,0.0,1
545,0.0,0.0,545,0.0,1
545,0.0,0.0,545,0.0,1
545,0.0,0.0,545,0.0,1
545,0.0,0.0,545,0.0,1
545,0.0,0.0,545,0.0,1
545,0.0,0.0,545,0.0,1
545,0.0,0.0,545,0.0,1
545,0.0,0.0,545,0.0,1
545,0.0,0.0,545,0.0,1
545,0.0,0.0,545,0.0,1
545,0.0,0.0,545,0.0,1
545,0.0,0.0,545,0.0,1
545,0.0,0.0,545,0.0,1
545,0.0,0.0,545,0.0,1
545,0.0,0.0,545,0.0,1
545,0.0,0.0,545,0.0,1
545,0.0,0.0,545,0.0,1
545,0.0,0.0,545,0.0,1
545,0.0,0.0,545,0.0,1
545,0.0,0.0,545,0.0,1
545,0.0,0.0,545,0.0,1
545,0.0,0.0,545,0.0,1
545,0.0,0.0,545,0.0,1
545,0.0,0.0,545,0.0,1
545,0.0,0.0,545,0.0,1
545,0.0,0.0,545,0.0,1
74,0.0,0.0,74,0.0,1
545,0.10444130910722166,16.91949207536991,545,0.0,1
545,0.0,0.0,545,0.0,1
545,0.07405639542392017,11.997136058675068,545,0.0,1
545,0.0,0.0,545,0.0,1
545,0.0,0.0,545,0.0,1
545,0.0,0.0,545,0.0,1
545,0.042835293687811936,6.939317577425534,545,0.0,1
545,0.0,0.0,545,0.0,1
545,0.042835293687811936,6.939317577425534,545,0.0,1
545,0.0,0.0,545,0.0,1
545,0.042835293687811936,6.939317577425534,545,0.0,1
545,0.0,0.0,545,0.0,1
545,0.042835293687811936,6.939317577425534,545,0.0,1
545,0.0,0.0,545,0.0,1
545,0.0,0.0,545,0.0,1
545,0.0,0.0,545,0.0,1
545,0.042835293687811936,6.939317577425534,545,0.0,1
545,0.0,0.0,545,0.0,1
545,0.06052254912880909,9.804652958867074,545,0.0,1
545,0.0,0.0,545,0.0,1
545,0.042835293687811936,6.939317577425534,545,0.0,1
545,0.0,0.0,545,0.0,1
545,0.042835293687811936,6.939317577425534,545,0.0,1
545,0.0,0.0,545,0.0,1
545,0.0,0.0,545,0.0,1
545,0.0,0.0,545,0.0,1
545,0.0,0.0,545,0.0,1
545,0.0,0.0,545,0.0,1
545,0.0,0.0,545,0.0,1
545,0.0,0.0,545,0.0,1
545,0.06052254912880909,9.804652958867074,545,0.0,1
545,0.0,0.0,545,0.0,1
545,0.0,0.0,545,0.0,1
545,0.0,0.0,545,0.0,1
545,0.042835293687811936,6.939317577425534,545,0.0,1
545,0.0,0.0,545,0.0,1
545,0.0,0.0,545,0.0,1
545,0.0,0.0,545,0.0,1
545,0.0,0.0,545,0.0,1
545,0.0,0.0,545,0.0,1
545,0.042835293687811936,6.939317577425534,545,0.0,1
545,0.0,0.0,545,0.0,1
545,0.0,0.0,545,0.0,1
545,0.0,0.0,545,0.0,1
545,0.0,0.0,545,0.0,1
545,0.0,0.0,545,0.0,1
545,0.0,0.0,545,0.0,1
545,0.0,0.0,545,0.0,1
545,0.0,0.0,545,0.0,1
545,0.0,0.0,545,0.0,1
545,0.0,0.0,545,0.0,1
545,0.0,0.0,545,0.0,1
103,0.0,0.0,103,0.0,1
11,0.0,0.0,11,0.0,1
545,0.0,0.0,545,0.0,1
545,0.0,0.0,545,0.0,1
545,0.0,0.0,545,0.0,1
545,0.10444130910722166,16.91949207536991,545,0.0,1
545,0.0,0.0,545,0.0,1
545,0.07405639542392017,11.997136058675068,545,0.0,1
545,0.0,0.0,545,0.0,1
545,0.0,0.0,545,0.0,1
545,0.0,0.0,545,0.0,1
545,0.042835293687811936,6.939317577425534,545,0.0,1
545,0.0,0.0,545,0.0,1
545,0.042835293687811936,6.939317577425534,545,0.0,1
545,0.0,0.0,545,0.0,1
545,0.042835293687811936,6.939317577425534,545,0.0,1
545,0.0,0.0,545,0.0,1
545,0.042835293687811936,6.939317577425534,545,0.0,1
545,0.0,0.0,545,0.0,1
545,0.0,0.0,545,0.0,1
545,0.0,0.0,545,0.0,1
545,0.06052254912880909,9.804652958867074,545,0.0,1
545,0.0,0.0,545,0.0,1
545,0.042835293687811936,6.939317577425534,545,0.0,1
545,0.0,0.0,545,0.0,1
545,0.042835293687811936,6.939317577425534,545,0.0,1
545,0.0,0.0,545,0.0,1
545,0.042835293687811936,6.939317577425534,545,0.0,1
545,0.0,0.0,545,0.0,1
545,0.0,0.0,545,0.0,1
545,0.0,0.0,545,0.0,1
545,0.0,0.0,545,0.0,1
545,0.0,0.0,545,0.0,1
545,0.0,0.0,545,0.0,1
231,0.0,0.0,231,0.0,1
545,0.06052254912880909,9.804652958867074,545,0.0,1
545,0.0,0.0,545,0.0,1
545,0.042835293687811936,6.939317577425534,545,0.0,1
545,0.0,0.0,545,0.0,1
545,0.042835293687811936,6.939317577425534,545,0.0,1
545,0.0,0.0,545,0.0,1
545,0.0,0.0,545,0.0,1
545,0.0,0.0,545,0.0,1
545,0.0,0.0,545,0.0,1
545,0.0,0.0,545,0.0,1
545,0.0,0.0,545,0.0,1
84,0.0,0.0,84,0.0,1
545,0.07405639542392017,11.997136058675068,545,0.0,1
545,0.042835293687811936,6.939317577425534,545,0.0,1
545,0.042835293687811936,6.939317577425534,545,0.0,1
545,0.0,0.0,545,0.0,1
545,0.0,0.0,545,0.0,1
545,0.0,0.0,545,0.0,1
545,0.06052254912880909,9.804652958867074,545,0.0,1
545,0.0,0.0,545,0.0,1
545,0.042835293687811936,6.939317577425534,545,0.0,1
545,0.0,0.0,545,0.0,1
545,0.0,0.0,545,0.0,1
545,0.042835293687811936,6.939317577425534,545,0.0,1
545,0.0,0.0,545,0.0,1
545,0.0,0.0,545,0.0,1
545,0.0,0.0,545,0.0,1
545,0.0,0.0,545,0.0,1
545,0.0,0.0,545,0.0,1
364,0.0,0.0,364,0.0,1
545,0.042835293687811936,6.939317577425534,545,0.0,1
545,0.0,0.0,545,0.0,1
545,0.0,0.0,545,0.0,1
545,0.042835293687811936,6.939317577425534,545,0.0,1
545,0.0,0.0,545,0.0,1
545,0.0,0.0,545,0.0,1
545,0.0,0.0,545,0.0,1
545,0.0,0.0,545,0.0,1
545,0.0,0.0,545,0.0,1
510,0.0,0.0,510,0.0,1
545,0.0,0.0,545,0.0,1
545,0.0,0.0,545,0.0,1
545,0.0,0.0,545,0.0,1
545,0.0,0.0,545,0.0,1
545,0.0,0.0,545,0.0,1
545,0.0,0.0,545,0.0,1
545,0.0,0.0,545,0.0,1
545,0.0,0.0,545,0.0,1
545,0.0,0.0,545,0.0,1
359,0.0,0.0,359,0.0,1
545,0.0,0.0,545,0.0,1
545,0.0,0.0,545,0.0,1
545,0.0,0.0,545,0.0,1
545,0.0,0.0,545,0.0,1
187,0.0,0.0,187,0.0,1
545,0.0,0.0,545,0.0,1
545,0.0,0.0,545,0.0,1
545,0.0,0.0,545,0.0,1
545,0.0,0.0,545,0.0,1
545,0.3528658401337502,61.398656183272536,545,0.0,1
545,0.09542983679476028,16.604791602288287,545,0.0,1
545,0.06052254912880909,10.530923548412781,545,0.0,1
481,0.0,0.0,481,0.0,1
298,0.0,0.0,298,0.0,1
545,0.3528658401337502,61.398656183272536,545,0.0,1
545,0.09542983679476028,16.604791602288287,545,0.0,1
545,0.06052254912880909,10.530923548412781,545,0.0,1
545,0.0,0.0,545,0.0,1
545,0.09542983679476028,16.604791602288287,545,0.0,1
545,0.08543403675190497,14.865522394831466,545,0.0,1
545,0.06052254912880909,10.530923548412781,545,0.0,1
545,0.06052254912880909,10.530923548412781,545,0.0,1
481,0.07881001656527367,13.712942882357618,481,0.0,1
138,0.0,0.0,138,0.0,1
545,0.35534238940422147,61.82957575633453,545,0.0,1
545,0.08543403675190497,14.865522394831466,545,0.0,1
545,0.06052254912880909,10.530923548412781,545,0.0,1
545,0.042835293687811936,7.4533411016792765,545,0.0,1
545,0.10444130910722166,18.172787784656567,545,0.0,1
545,0.07405639542392017,12.885812803762112,545,0.0,1
545,0.042835293687811936,7.4533411016792765,545,0.0,1
545,0.07405639542392017,12.885812803762112,545,0.0,1
545,0.06052254912880909,10.530923548412781,545,0.0,1
545,0.1127048114669146,19.610637195243143,545,0.0,1
545,0.1127048114669146,19.610637195243143,545,0.0,1
545,0.10444130910722166,18.172787784656567,545,0.0,1
545,0.08543403675190497,14.865522394831466,545,0.0,1
392,0.07133717206748923,12.412667939743127,392,0.0,1
95,0.0,0.0,95,0.0,1
545,0.35534238940422147,61.82957575633453,545,0.0,1
545,0.08543403675190497,14.865522394831466,545,0.0,1
545,0.06052254912880909,10.530923548412781,545,0.0,1
545,0.042835293687811936,7.4533411016792765,545,0.0,1
545,0.10444130910722166,18.172787784656567,545,0.0,1
545,0.07405639542392017,12.885812803762112,545,0.0,1
545,0.042835293687811936,7.4533411016792765,545,0.0,1
545,0.07405639542392017,12.885812803762112,545,0.0,1
545,0.06052254912880909,10.530923548412781,545,0.0,1
545,0.1127048114669146,19.610637195243143,545,0.0,1
545,0.1127048114669146,19.610637195243143,545,0.0,1
545,0.10444130910722166,18.172787784656567,545,0.0,1
545,0.08543403675190497,14.865522394831466,545,0.0,1
545,0.07405639542392017,12.885812803762112,545,0.0,1
545,0.1127048114669146,19.610637195243143,545,0.0,1
545,0.10444130910722166,18.172787784656567,545,0.0,1
545,0.07405639542392017,12.885812803762112,545,0.0,1
545,0.09542983679476028,16.604791602288287,545,0.0,1
109,0.1348285177101028,23.460162081557883,109,0.0,1
31,0.0,0.0,31,0.0,1
545,0.35534238940422147,61.82957575633453,545,0.0,1
545,0.08543403675190497,14.865522394831466,545,0.0,1
545,0.06052254912880909,10.530923548412781,545,0.0,1
545,0.042835293687811936,7.4533411016792765,545,0.0,1
545,0.10444130910722166,18.172787784656567,545,0.0,1
545,0.07405639542392017,12.885812803762112,545,0.0,1
545,0.042835293687811936,7.4533411016792765,545,0.0,1
545,0.07405639542392017,12.885812803762112,545,0.0,1
545,0.06052254912880909,10.530923548412781,545,0.0,1
545,0.1127048114669146,19.610637195243143,545,0.0,1
545,0.1127048114669146,19.610637195243143,545,0.0,1
545,0.10444130910722166,18.172787784656567,545,0.0,1
545,0.08543403675190497,14.865522394831466,545,0.0,1
545,0.07405639542392017,12.885812803762112,545,0.0,1
545,0.1127048114669146,19.610637195243143,545,0.0,1
545,0.10444130910722166,18.172787784656567,545,0.0,1
545,0.07405639542392017,12.885812803762112,545,0.0,1
545,0.09542983679476028,16.604791602288287,545,0.0,1
545,0.10444130910722166,18.172787784656567,545,0.0,1
545,0.12797986215037138,22.268496014164622,545,0.0,1
545,0.12037448313476666,20.9451600654494,545,0.0,1
514,0.062317458947973234,10.843237856947344,514,0.0,1
545,0.35534238940422147,61.82957575633453,545,0.0,1
545,0.08543403675190497,14.865522394831466,545,0.0,1
545,0.06052254912880909,10.530923548412781,545,0.0,1
545,0.042835293687811936,7.4533411016792765,545,0.0,1
545,0.10444130910722166,18.172787784656567,545,0.0,1
545,0.07405639542392017,12.885812803762112,545,0.0,1
545,0.042835293687811936,7.4533411016792765,545,0.0,1
545,0.07405639542392017,12.885812803762112,545,0.0,1
545,0.06052254912880909,10.530923548412781,545,0.0,1
545,0.1127048114669146,19.610637195243143,545,0.0,1
545,0.1127048114669146,19.610637195243143,545,0.0,1
545,0.10444130910722166,18.172787784656567,545,0.0,1
545,0.08543403675190497,14.865522394831466,545,0.0,1
545,0.07405639542392017,12.885812803762112,545,0.0,1
545,0.1127048114669146,19.610637195243143,545,0.0,1
545,0.10444130910722166,18.172787784656567,545,0.0,1
545,0.07405639542392017,12.885812803762112,545,0.0,1
545,0.09542983679476028,16.604791602288287,545,0.0,1
545,0.10444130910722166,18.172787784656567,545,0.0,1
545,0.12797986215037138,22.268496014164622,545,0.0,1
545,0.12037448313476666,20.9451600654494,545,0.0,1
545,0.08543403675190497,14.865522394831466,545,0.0,1
545,0.0,0.0,545,0.0,1
545,0.1127048114669146,19.610637195243143,545,0.0,1
487,0.1104245271252648,19.213867719796074,487,0.0,1
545,0.35534238940422147,61.82957575633453,545,0.0,1
545,0.08543403675190497,14.865522394831466,545,0.0,1
545,0.06052254912880909,10.530923548412781,545,0.0,1
545,0.042835293687811936,7.4533411016792765,545,0.0,1
545,0.10444130910722166,18.172787784656567,545,0.0,1
545,0.07405639542392017,12.885812803762112,545,0.0,1
545,0.042835293687811936,7.4533411016792765,545,0.0,1
545,0.07405639542392017,12.885812803762112,545,0.0,1
545,0.06052254912880909,10.530923548412781,545,0.0,1
545,0.1127048114669146,19.610637195243143,545,0.0,1
545,0.1127048114669146,19.610637195243143,545,0.0,1
545,0.10444130910722166,18.172787784656567,545,0.0,1
545,0.08543403675190497,14.865522394831466,545,0.0,1
545,0.07405639542392017,12.885812803762112,545,0.0,1
545,0.1127048114669146,19.610637195243143,545,0.0,1
545,0.10444130910722166,18.172787784656567,545,0.0,1
545,0.07405639542392017,12.885812803762112,545,0.0,1
545,0.09542983679476028,16.604791602288287,545,0.0,1
545,0.10444130910722166,18.172787784656567,545,0.0,1
545,0.12797986215037138,22.268496014164622,545,0.0,1
545,0.12037448313476666,20.9451600654494,545,0.0,1
545,0.08543403675190497,14.865522394831466,545,0.0,1
545,0.0,0.0,545,0.0,1
545,0.1127048114669146,19.610637195243143,545,0.0,1
545,0.12037448313476666,20.9451600654494,545,0.0,1
545,0.07405639542392017,12.885812803762112,545,0.0,1
545,0.09542983679476028,16.604791602288287,545,0.0,1
171,0.07647191129018725,13.306112564492583,171,0.0,1
545,0.09542983679476028,16.604791602288287,545,0.0,1
545,0.06052254912880909,10.530923548412781,545,0.0,1
545,0.042835293687811936,7.4533411016792765,545,0.0,1
545,0.08543403675190497,14.865522394831466,545,0.0,1
545,0.07405639542392017,12.885812803762112,545,0.0,1
545,0.12755748521564145,22.19500242752161,545,0.0,1
545,0.10444130910722166,18.172787784656567,545,0.0,1
545,0.09542983679476028,16.604791602288287,545,0.0,1
545,0.07405639542392017,12.885812803762112,545,0.0,1
545,0.09542983679476028,16.604791602288287,545,0.0,1
545,0.10444130910722166,18.172787784656567,545,0.0,1
545,0.10444130910722166,18.172787784656567,545,0.0,1
545,0.06052254912880909,10.530923548412781,545,0.0,1
545,0.09542983679476028,16.604791602288287,545,0.0,1
545,0.13478311013698088,23.452261163834674,545,0.0,1
545,0.10444130910722166,18.172787784656567,545,0.0,1
545,0.10444130910722166,18.172787784656567,545,0.0,1
545,0.07405639542392017,12.885812803762112,545,0.0,1
545,0.1127048114669146,19.610637195243143,545,0.0,1
545,0.042835293687811936,7.4533411016792765,545,0.0,1
545,0.12755748521564145,22.19500242752161,545,0.0,1
545,0.07405639542392017,12.885812803762112,545,0.0,1
545,0.09542983679476028,16.604791602288287,545,0.0,1
545,0.11306336426495488,19.67302538210215,545,0.0,1
381,0.10205784285270253,17.75806465637024,381,0.0,1
545,0.1127048114669146,19.610637195243143,545,0.0,1
545,0.12037448313476666,20.9451600654494,545,0.0,1
545,0.08543403675190497,14.865522394831466,545,0.0,1
545,0.07405639542392017,12.885812803762112,545,0.0,1
545,0.10444130910722166,18.172787784656567,545,0.0,1
545,0.09542983679476028,16.604791602288287,545,0.0,1
545,0.10444130910722166,18.172787784656567,545,0.0,1
545,0.042835293687811936,7.4533411016792765,545,0.0,1
545,0.1127048114669146,19.610637195243143,545,0.0,1
545,0.09542983679476028,16.604791602288287,545,0.0,1
545,0.13478311013698088,23.452261163834674,545,0.0,1
545,0.1127048114669146,19.610637195243143,545,0.0,1
545,0.07405639542392017,12.885812803762112,545,0.0,1
545,0.1127048114669146,19.610637195243143,545,0.0,1
545,0.0,0.0,545,0.0,1
545,0.12037448313476666,20.9451600654494,545,0.0,1
545,0.07405639542392017,12.885812803762112,545,0.0,1
545,0.10444130910722166,18.172787784656567,545,0.0,1
545,0.11306336426495488,19.67302538210215,545,0.0,1
545,0.09542983679476028,16.604791602288287,545,0.0,1
545,0.14075676278926008,24.491676725331256,545,0.0,1
545,0.10444130910722166,18.172787784656567,545,0.0,1
200,0.07071067811865475,12.303657992645928,200,0.0,1
545,0.12037448313476666,20.9451600654494,545,0.0,1
545,0.09542983679476028,16.604791602288287,545,0.0,1
545,0.07405639542392017,12.885812803762112,545,0.0,1
545,0.10444130910722166,18.172787784656567,545,0.0,1
545,0.09542983679476028,16.604791602288287,545,0.0,1
545,0.12797986215037138,22.268496014164622,545,0.0,1
545,0.12037448313476666,20.9451600654494,545,0.0,1
545,0.08543403675190497,14.865522394831466,545,0.0,1
545,0.0,0.0,545,0.0,1
545,0.1127048114669146,19.610637195243143,545,0.0,1
545,0.12037448313476666,20.9451600654494,545,0.0,1
545,0.07405639542392017,12.885812803762112,545,0.0,1
545,0.09542983679476028,16.604791602288287,545,0.0,1
545,0.1047637591152644,18.228894086056005,545,0.0,1
545,0.1127048114669146,19.610637195243143,545,0.0,1
545,0.10444130910722166,18.172787784656567,545,0.0,1
545,0.13433191006429504,23.37375235118734,545,0.0,1
545,0.06052254912880909,10.530923548412781,545,0.0,1
545,0.14075676278926008,24.491676725331256,545,0.0,1
167,0.10910500922184507,18.98427160460104,167,0.0,1
545,0.12797986215037138,22.268496014164622,545,0.0,1
545,0.10444130910722166,18.172787784656567,545,0.0,1
545,0.1127048114669146,19.610637195243143,545,0.0,1
545,0.07405639542392017,12.885812803762112,545,0.0,1
545,0.1127048114669146,19.610637195243143,545,0.0,1
545,0.042835293687811936,7.4533411016792765,545,0.0,1
545,0.12755748521564145,22.19500242752161,545,0.0,1
545,0.06052254912880909,10.530923548412781,545,0.0,1
545,0.09542983679476028,16.604791602288287,545,0.0,1
545,0.12076612785158558,21.01330624617589,545,0.0,1
545,0.09542983679476028,16.604791602288287,545,0.0,1
545,0.13433191006429504,23.37375235118734,545,0.0,1
545,0.1127048114669146,19.610637195243143,545,0.0,1
545,0.08543403675190497,14.865522394831466,545,0.0,1
545,0.12755748521564145,22.19500242752161,545,0.0,1
545,0.0,0.0,545,0.0,1
545,0.0,0.0,545,0.0,1
454,0.0,0.0,454,0.0,1
545,0.09542983679476028,16.604791602288287,545,0.0,1
545,0.06052254912880909,10.530923548412781,545,0.0,1
545,0.12037448313476666,20.9451600654494,545,0.0,1
545,0.07405639542392017,12.885812803762112,545,0.0,1
545,0.09542983679476028,16.604791602288287,545,0.0,1
545,0.12076612785158558,21.01330624617589,545,0.0,1
545,0.09542983679476028,16.604791602288287,545,0.0,1
545,0.13433191006429504,23.37375235118734,545,0.0,1
545,0.1127048114669146,19.610637195243143,545,0.0,1
545,0.042835293687811936,7.4533411016792765,545,0.0,1
545,0.15273191296161098,26.57535285532031,545,0.0,1
545,0.0,0.0,545,0.0,1
545,0.0,0.0,545,0.0,1
545,0.0,0.0,545,0.0,1
33,0.0,0.0,33,0.0,1
545,0.07405639542392017,12.885812803762112,545,0.0,1
545,0.09542983679476028,16.604791602288287,545,0.0,1
545,0.12076612785158558,21.01330624617589,545,0.0,1
545,0.09542983679476028,16.604791602288287,545,0.0,1
545,0.12755748521564145,22.19500242752161,545,0.0,1
545,0.12037448313476666,20.9451600654494,545,0.0,1
545,0.042835293687811936,7.4533411016792765,545,0.0,1
545,0.15273191296161098,26.57535285532031,545,0.0,1
545,0.0,0.0,545,0.0,1
545,0.0,0.0,545,0.0,1
545,0.0,0.0,545,0.0,1
545,0.24875567286282238,43.283487078131095,545,0.0,1
545,0.0,0.0,545,0.0,1
545,0.0,0.0,545,0.0,1
179,0.0,0.0,179,0.0,1
545,0.11306336426495488,19.67302538210215,545,0.0,1
545,0.12037448313476666,20.9451600654494,545,0.0,1
545,0.12037448313476666,20.9451600654494,545,0.0,1
545,0.10444130910722166,18.172787784656567,545,0.0,1
545,0.1127048114669146,19.610637195243143,545,0.0,1
545,0.10444130910722166,18.172787784656567,545,0.0,1
545,0.0,0.0,545,0.0,1
545,0.0,0.0,545,0.0,1
545,0.21941946167534826,38.17898633151059,545,0.0,1
545,0.12076612785158558,21.01330624617589,545,0.0,1
545,0.0,0.0,545,0.0,1
545,0.0,0.0,545,0.0,1
545,0.3591566844917558,62.49326310156552,545,0.0,1
263,0.1495938250185261,26.029325553223543,263,0.0,1
545,0.12037448313476666,20.9451600654494,545,0.0,1
545,0.10444130910722166,18.172787784656567,545,0.0,1
545,0.1127048114669146,19.610637195243143,545,0.0,1
545,0.10444130910722166,18.172787784656567,545,0.0,1
545,0.0,0.0,545,0.0,1
545,0.0,0.0,545,0.0,1
545,0.2232444856603759,38.84454050490541,545,0.0,1
545,0.11306336426495488,19.67302538210215,545,0.0,1
545,0.0,0.0,545,0.0,1
545,0.0,0.0,545,0.0,1
545,0.3591566844917558,62.49326310156552,545,0.0,1
545,0.10444130910722166,18.172787784656567,545,0.0,1
545,0.0,0.0,545,0.0,1
545,0.0,0.0,545,0.0,1
545,0.0,0.0,545,0.0,1
545,0.0,0.0,545,0.0,1
456,0.0,0.0,456,0.0,1
545,0.15273191296161098,26.57535285532031,545,0.0,1
545,0.0,0.0,545,0.0,1
545,0.0,0.0,545,0.0,1
545,0.0,0.0,545,0.0,1
545,0.24875567286282238,43.283487078131095,545,0.0,1
545,0.0,0.0,545,0.0,1
545,0.0,0.0,545,0.0,1
545,0.2976907887732728,51.798197246549464,545,0.0,1
545,0.23702145243684702,41.241732724011385,545,0.0,1
545,0.0,0.0,545,0.0,1
545,0.0,0.0,545,0.0,1
545,0.0,0.0,545,0.0,1
545,0.0,0.0,545,0.0,1
545,0.0,0.0,545,0.0,1
545,0.19771700218233582,34.40275837972643,545,0.0,1
545,0.0,0.0,545,0.0,1
545,0.0,0.0,545,0.0,1
280,0.0,0.0,280,0.0,1
545,0.09542983679476028,16.604791602288287,545,0.0,1
545,0.23133216586977495,40.25179686134084,545,0.0,1
545,0.0,0.0,545,0.0,1
545,0.0,0.0,545,0.0,1
545,0.3211807009045954,55.88544195739961,545,0.0,1
545,0.20197019330938176,35.142813635832425,545,0.0,1
545,0.0,0.0,545,0.0,1
545,0.0,0.0,545,0.0,1
545,0.0,0.0,545,0.0,1
545,0.0,0.0,545,0.0,1
545,0.0,0.0,545,0.0,1
545,0.19771700218233582,34.40275837972643,545,0.0,1
545,0.0,0.0,545,0.0,1
545,0.0,0.0,545,0.0,1
545,0.0,0.0,545,0.0,1
545,0.08567058737562387,14.906682203358553,545,0.0,1
329,0.28576061600788416,49.722347185371845,329,0.0,1
545,0.24875567286282238,43.283487078131095,545,0.0,1
545,0.0,0.0,545,0.0,1
545,0.0,0.0,545,0.0,1
545,0.3029135370055971,52.70695543897389,545,0.0,1
545,0.22992818982687666,40.00750502987653,545,0.0,1
545,0.0,0.0,545,0.0,1
545,0.0,0.0,545,0.0,1
545,0.0,0.0,545,0.0,1
545,0.0,0.0,545,0.0,1
545,0.0,0.0,545,0.0,1
545,0.19771700218233582,34.40275837972643,545,0.0,1
545,0.0,0.0,545,0.0,1
545,0.0,0.0,545,0.0,1
545,0.0,0.0,545,0.0,1
545,0.0,0.0,545,0.0,1
545,0.23914648555694137,41.6114884869078,545,0.0,1
545,0.0,0.0,545,0.0,1
545,0.0,0.0,545,0.0,1
545,0.0,0.0,545,0.0,1
545,0.0,0.0,545,0.0,1
482,0.0,0.0,482,0.0,1
545,0.24875567286282238,43.283487078131095,545,0.0,1
545,0.0,0.0,545,0.0,1
545,0.0,0.0,545,0.0,1
545,0.3029135370055971,52.70695543897389,545,0.0,1
545,0.22992818982687666,40.00750502987653,545,0.0,1
545,0.0,0.0,545,0.0,1
545,0.0,0.0,545,0.0,1
545,0.0,0.0,545,0.0,1
545,0.0,0.0,545,0.0,1
545,0.0,0.0,545,0.0,1
545,0.19771700218233582,34.40275837972643,545,0.0,1
545,0.0,0.0,545,0.0,1
545,0.0,0.0,545,0.0,1
545,0.0,0.0,545,0.0,1
545,0.0,0.0,545,0.0,1
545,0.23914648555694137,41.6114884869078,545,0.0,1
545,0.0,0.0,545,0.0,1
545,0.0,0.0,545,0.0,1
545,0.0,0.0,545,0.0,1
545,0.0,0.0,545,0.0,1
545,0.0,0.0,545,0.0,1
545,0.0,0.0,545,0.0,1
545,0.0,0.0,545,0.0,1
311,0.0,0.0,311,0.0,1
545,0.3591566844917558,62.49326310156552,545,0.0,1
545,0.10444130910722166,18.172787784656567,545,0.0,1
545,0.0,0.0,545,0.0,1
545,0.0,0.0,545,0.0,1
545,0.0,0.0,545,0.0,1
545,0.0,0.0,545,0.0,1
545,0.1695602387995467,29.503481551121133,545,0.0,1
545,0.10444130910722166,18.172787784656567,545,0.0,1
545,0.0,0.0,545,0.0,1
545,0.0,0.0,545,0.0,1
545,0.0,0.0,545,0.0,1
545,0.2319437330580651,40.358209552103325,545,0.0,1
545,0.06052254912880909,10.530923548412781,545,0.0,1
545,0.0,0.0,545,0.0,1
545,0.0,0.0,545,0.0,1
545,0.0,0.0,545,0.0,1
545,0.0,0.0,545,0.0,1
545,0.0,0.0,545,0.0,1
545,0.0,0.0,545,0.0,1
545,0.0,0.0,545,0.0,1
545,0.0,0.0,545,0.0,1
545,0.0,0.0,545,0.0,1
545,0.0,0.0,545,0.0,1
545,0.042835293687811936,7.4533411016792765,545,0.0,1
343,0.05399492471560389,9.395116900515076,343,0.0,1
545,0.0,0.0,545,0.0,1
545,0.0,0.0,545,0.0,1
545,0.08543403675190497,14.865522394831466,545,0.0,1
545,0.1795125918764526,31.235190986502754,545,0.0,1
545,0.0,0.0,545,0.0,1
545,0.0,0.0,545,0.0,1
545,0.0,0.0,545,0.0,1
545,0.2084623633529575,36.27245122341461,545,0.0,1
545,0.12037448313476666,20.9451600654494,545,0.0,1
545,0.0,0.0,545,0.0,1
545,0.0,0.0,545,0.0,1
545,0.0,0.0,545,0.0,1
545,0.0,0.0,545,0.0,1
545,0.0,0.0,545,0.0,1
545,0.0,0.0,545,0.0,1
545,0.0,0.0,545,0.0,1
545,0.0,0.0,545,0.0,1
545,0.0,0.0,545,0.0,1
545,0.0,0.0,545,0.0,1
545,0.042835293687811936,7.4533411016792765,545,0.0,1
545,0.042835293687811936,7.4533411016792765,545,0.0,1
545,0.0,0.0,545,0.0,1
545,0.0,0.0,545,0.0,1
545,0.0,0.0,545,0.0,1
545,0.0,0.0,545,0.0,1
390,0.0,0.0,390,0.0,1
545,0.19771700218233582,34.40275837972643,545,0.0,1
545,0.0,0.0,545,0.0,1
545,0.0,0.0,545,0.0,1
545,0.0,0.0,545,0.0,1
545,0.18097222000755542,31.48916628131464,545,0.0,1
545,0.15890121223875045,27.648810929542574,545,0.0,1
545,0.0,0.0,545,0.0,1
545,0.0,0.0,545,0.0,1
545,0.0,0.0,545,0.0,1
545,0.0,0.0,545,0.0,1
545,0.0,0.0,545,0.0,1
545,0.0,0.0,545,0.0,1
545,0.0,0.0,545,0.0,1
545,0.0,0.0,545,0.0,1
545,0.0,0.0,545,0.0,1
545,0.0,0.0,545,0.0,1
545,0.0,0.0,545,0.0,1
545,0.06052254912880909,10.530923548412781,545,0.0,1
545,0.0,0.0,545,0.0,1
545,0.0,0.0,545,0.0,1
545,0.0,0.0,545,0.0,1
545,0.0,0.0,545,0.0,1
545,0.0,0.0,545,0.0,1
545,0.0,0.0,545,0.0,1
257,0.0,0.0,257,0.0,1
545,0.23914648555694137,41.6114884869078,545,0.0,1
545,0.0,0.0,545,0.0,1
545,0.0,0.0,545,0.0,1
545,0.0,0.0,545,0.0,1
545,0.0,0.0,545,0.0,1
545,0.0,0.0,545,0.0,1
545,0.0,0.0,545,0.0,1
545,0.0,0.0,545,0.0,1
545,0.0,0.0,545,0.0,1
545,0.0,0.0,545,0.0,1
545,0.0,0.0,545,0.0,1
545,0.0,0.0,545,0.0,1
545,0.06052254912880909,10.530923548412781,545,0.0,1
545,0.0,0.0,545,0.0,1
545,0.0,0.0,545,0.0,1
545,0.0,0.0,545,0.0,1
545,0.0,0.0,545,0.0,1
545,0.0,0.0,545,0.0,1
545,0.0,0.0,545,0.0,1
545,0.0,0.0,545,0.0,1
545,0.0,0.0,545,0.0,1
545,0.042835293687811936,7.4533411016792765,545,0.0,1
545,0.0,0.0,545,0.0,1
26,0.0,0.0,26,0.0,1
545,0.0,0.0,545,0.0,1
545,0.0,0.0,545,0.0,1
545,0.0,0.0,545,0.0,1
545,0.0,0.0,545,0.0,1
545,0.0,0.0,545,0.0,1
545,0.0,0.0,545,0.0,1
545,0.0,0.0,545,0.0,1
545,0.0,0.0,545,0.0,1
545,0.06052254912880909,10.530923548412781,545,0.0,1
545,0.0,0.0,545,0.0,1
545,0.0,0.0,545,0.0,1
545,0.0,0.0,545,0.0,1
545,0.0,0.0,545,0.0,1
545,0.0,0.0,545,0.0,1
545,0.0,0.0,545,0.0,1
545,0.0,0.0,545,0.0,1
545,0.0,0.0,545,0.0,1
545,0.042835293687811936,7.4533411016792765,545,0.0,1
545,0.0,0.0,545,0.0,1
545,0.0,0.0,545,0.0,1
545,0.0,0.0,545,0.0,1
545,0.0,0.0,545,0.0,1
545,0.0,0.0,545,0.0,1
545,0.0,0.0,545,0.0,1
545,0.0,0.0,545,0.0,1
2,0.0,0.0,2,0.0,1
545,0.0,0.0,545,0.0,1
545,0.0,0.0,545,0.0,1
545,0.0,0.0,545,0.0,1
545,0.0,0.0,545,0.0,1
545,0.0,0.0,545,0.0,1
545,0.0,0.0,545,0.0,1
545,0.042835293687811936,7.4533411016792765,545,0.0,1
545,0.042835293687811936,7.4533411016792765,545,0.0,1
545,0.0,0.0,545,0.0,1
545,0.0,0.0,545,0.0,1
545,0.0,0.0,545,0.0,1
545,0.0,0.0,545,0.0,1
545,0.0,0.0,545,0.0,1
545,0.0,0.0,545,0.0,1
545,0.0,0.0,545,0.0,1
545,0.042835293687811936,7.4533411016792765,545,0.0,1
545,0.0,0.0,545,0.0,1
545,0.0,0.0,545,0.0,1
545,0.0,0.0,545,0.0,1
545,0.0,0.0,545,0.0,1
545,0.0,0.0,545,0.0,1
545,0.0,0.0,545,0.0,1
545,0.0,0.0,545,0.0,1
462,0.06572376939952859,11.435935875517975,462,0.0,1
545,0.042835293687811936,7.4533411016792765,545,0.0,1
545,0.042835293687811936,7.4533411016792765,545,0.0,1
545,0.0,0.0,545,0.0,1
545,0.0,0.0,545,0.0,1
545,0.0,0.0,545,0.0,1
545,0.0,0.0,545,0.0,1
545,0.0,0.0,545,0.0,1
545,0.0,0.0,545,0.0,1
545,0.0,0.0,545,0.0,1
545,0.042835293687811936,7.4533411016792765,545,0.0,1
545,0.0,0.0,545,0.0,1
545,0.0,0.0,545,0.0,1
545,0.0,0.0,545,0.0,1
545,0.0,0.0,545,0.0,1
545,0.0,0.0,545,0.0,1
545,0.0,0.0,545,0.0,1
545,0.0,0.0,545,0.0,1
545,0.06052254912880909,10.530923548412781,545,0.0,1
545,0.0,0.0,545,0.0,1
545,0.0,0.0,545,0.0,1
545,0.0,0.0,545,0.0,1
545,0.0,0.0,545,0.0,1
402,0.0,0.0,402,0.0,1
545,0.0,0.0,545,0.0,1
545,0.0,0.0,545,0.0,1
545,0.0,0.0,545,0.0,1
545,0.0,0.0,545,0.0,1
545,0.042835293687811936,7.4533411016792765,545,0.0,1
545,0.0,0.0,545,0.0,1
545,0.0,0.0,545,0.0,1
545,0.0,0.0,545,0.0,1
545,0.0,0.0,545,0.0,1
545,0.0,0.0,545,0.0,1
545,0.0,0.0,545,0.0,1
545,0.0,0.0,545,0.0,1
545,0.042835293687811936,7.4533411016792765,545,0.0,1
545,0.042835293687811936,7.4533411016792765,545,0.0,1
545,0.0,0.0,545,0.0,1
545,0.0,0.0,545,0.0,1
545,0.0,0.0,545,0.0,1
545,0.0,0.0,545,0.0,1
545,0.0,0.0,545,0.0,1
545,0.0,0.0,545,0.0,1
545,0.0,0.0,545,0.0,1
4,0.0,0.0,4,0.0,1
545,22.40285859872564,3898.0973961782615,545,0.0,1
545,0.0,0.0,545,0.0,1
545,0.0,0.0,545,0.0,1
545,0.0,0.0,545,0.0,1
42,0.0,0.0,42,0.0,1
545,22.40285859872564,3898.0973961782615,545,0.0,1
545,0.0,0.0,545,0.0,1
545,0.0,0.0,545,0.0,1
545,0.0,0.0,545,0.0,1
545,0.16555439251416418,28.80646429746457,545,0.0,1
545,0.1047637591152644,18.228894086056005,545,0.0,1
545,0.09571217420693838,16.653918312007278,545,0.0,1
545,0.19988866301990613,34.780627365463666,545,0.0,1
496,0.07761410418931897,13.5048541289415,496,0.0,1
545,22.40285859872564,3898.0973961782615,545,0.0,1
545,0.0,0.0,545,0.0,1
545,0.0,0.0,545,0.0,1
545,0.0,0.0,545,0.0,1
545,0.16555439251416418,28.80646429746457,545,0.0,1
545,0.1047637591152644,18.228894086056005,545,0.0,1
545,0.09571217420693838,16.653918312007278,545,0.0,1
545,0.19988866301990613,34.780627365463666,545,0.0,1
545,0.08543403675190497,14.865522394831466,545,0.0,1
545,0.17051238613727665,29.66915518788614,545,0.0,1
545,0.2723050256298447,47.38107445959298,545,0.0,1
545,0.1857911424795413,32.327658791440186,545,0.0,1
545,0.2589207122656492,45.052203934222966,545,0.0,1
545,0.23712104427575417,41.259061703981224,545,0.0,1
11,0.0,0.0,11,0.0,1
545,22.40285859872564,3898.0973961782615,545,0.0,1
545,0.0,0.0,545,0.0,1
545,0.0,0.0,545,0.0,1
545,0.0,0.0,545,0.0,1
545,0.16555439251416418,28.80646429746457,545,0.0,1
545,0.1047637591152644,18.228894086056005,545,0.0,1
545,0.09571217420693838,16.653918312007278,545,0.0,1
545,0.19988866301990613,34.780627365463666,545,0.0,1
545,0.08543403675190497,14.865522394831466,545,0.0,1
545,0.17051238613727665,29.66915518788614,545,0.0,1
545,0.2723050256298447,47.38107445959298,545,0.0,1
545,0.1857911424795413,32.327658791440186,545,0.0,1
545,0.2589207122656492,45.052203934222966,545,0.0,1
545,0.23712104427575417,41.259061703981224,545,0.0,1
545,0.1911775084035096,33.264886462210676,545,0.0,1
