SSIP,SDFP,SDFB,SFE,NIFE,SYN_ratio,ACK_ratio,UDP_ratio,ICMP_ratio,Pkt_rate,Byte_rate,entropy_src,entropy_dst,label
25,37.79317477159763,15606.358495917159,25,0.6781237583520879,0.3209413642492037,0.30300984622687344,0.3676538703114537,0.017824494936647457,268.7687278741082,11191.888777522814,3.7186379748036034,2.758032932155044,0
5,69.2871544057029,15172.33341968086,44,0.7468319373365805,0.2347627138851561,0.18345721246919883,0.3607900962378803,0.07829266304167906,163.86372655075604,26904.575926140104,3.777871341671642,2.322970643161383,0
29,53.56161815788387,4576.679337462514,16,0.7256427831696199,0.20318671674369135,0.17935626016660394,0.11303513287692916,0.05134823917046583,149.93046514128375,46891.814881126396,3.5788001980784583,2.4397674221106396,0
25,73.29638266549722,17649.01730528321,46,0.6673010065898309,0.12086654464712229,0.2983789955703131,0.33192050223660763,0.0986699368594682,442.12708840605876,44659.34667021078,3.880126225039166,2.680115453552653,0
16,41.385786800925935,9039.601903867864,27,0.8456371097104929,0.30506429966100024,0.1214207528735645,0.2904934864591181,0.058072588932673724,197.92437006057048,28490.40847404463,3.769947826784278,3.3880867694318266,0
27,68.98648206422524,14638.442266827868,13,0.6801668251874365,0.10963007317121133,0.1946359144177246,0.18032226279271085,0.028988455922769385,477.1638857340218,45054.70505890675,3.814677880798478,2.98315799794232,0
17,91.92782077206917,13928.481793407213,19,0.6927080582743184,0.17398825230819503,0.2684104402489452,0.1788224825568806,0.06261273912011865,459.12915344099076,25976.02020561589,3.7193207591572834,3.4963064097426653,0
21,64.54610844227417,15848.296678073542,17,0.6534944617718913,0.14799460051673508,0.30414436404889816,0.27892270921959217,0.04462905805070501,338.3553713444512,28721.99551138709,3.7514141199818134,2.829838844322931,0
5,77.6198387179563,4947.379630722673,44,0.8628072298570634,0.3305796197972338,0.2020526419093136,0.18805003859422786,0.024234197891020277,101.29812644069172,38883.68245239643,4.219680668885924,3.4578321483051715,0
29,42.5056316371092,18514.67326886195,50,0.7044556770070215,0.2916848484598016,0.28269106343145173,0.14585178056489045,0.07862597200676362,315.7516120478503,41145.05914522233,4.030353672195178,2.0008578441919154,0
15,64.20239956202636,4901.751330455216,33,0.9075526572381145,0.3494996588083539,0.19225423762079846,0.11737754994825628,0.08902086392836366,478.77977811919766,13426.138082715152,3.9859904633166137,2.1038187777025756,0
29,67.2894318670661,5137.928695847502,40,0.9313970378967468,0.1495380876922383,0.25830213622547626,0.28197817524478874,0.09679266154067097,471.56539720087073,40210.60786543222,4.189867632099621,3.0694234592286826,0
17,99.66045496626262,14047.92697987071,38,0.9148649296250309,0.23544584241733896,0.17437168409980242,0.1192077688979035,0.0118930834006353,321.5686089697919,33537.60457641404,3.5071908389850934,3.0617614198226812,0
6,46.025924866780805,18392.140221104175,31,0.6248000724610286,0.17140139031069856,0.3006933334888842,0.1642710422111316,0.02190806638525225,474.2056962322684,32841.72373301138,3.972671026311794,3.1769291364361303,0
30,58.49419730401556,4603.538540361998,37,0.7240041483063437,0.22333068281492144,0.359151024510881,0.11625135616965115,0.06881099394392125,358.47190051799373,12424.506963080546,4.228213588441182,3.2008887662925485,0
8,47.40594337441999,6233.551443493796,38,0.6490638039831711,0.15504641073616998,0.23878842052029023,0.36234578622117397,0.016784639953686044,423.208897892681,44238.67569873491,3.5979087282016002,2.978217340997783,0
22,88.52193095559663,19472.93637384077,25,0.6582088887113698,0.24569233763521556,0.1641241897597545,0.2203120877648358,0.015277185997496105,251.58924759076643,49412.35375118904,3.765203058172152,3.176105902922854,0
19,49.96744602628442,14842.055561202764,45,0.8316549591827608,0.24600142349629886,0.15696936018029115,0.16531026952425248,0.015263496280656947,394.2948715156174,12438.302859060634,3.8136048097697293,2.0752135058959302,0
20,65.19952680436595,17496.23816482085,20,0.6199078529050396,0.25234854909802557,0.3554027636032365,0.12055639981113772,0.016116477703818154,444.72768078805177,26151.0220527311,4.441596127229089,2.8545131152072774,0
23,71.61634074734089,13529.485675645752,36,0.8300806075653828,0.26956807715322684,0.19491095379301815,0.17822970868108987,0.07027533772928464,225.67354511823044,20624.580501254153,3.6308782821274566,2.9682511832564744,0
19,52.13240373902978,15781.696371044836,14,0.6032604099094863,0.2863477766479279,0.2688980936916838,0.12999437467737657,0.05838709636914647,302.35387761950614,15298.262814658692,3.849008834964515,2.103186971090029,0
12,55.86689621172188,5681.696150072943,44,0.8462389737805798,0.2835033297177851,0.3961699190894513,0.2961928953132198,0.010704079643694216,426.84165404618466,21975.150087999114,4.163388714966077,3.4083950058906556,0
9,48.512614504098934,18125.116019097055,45,0.6544067684212467,0.18452688143736828,0.16318889644208295,0.2028640863379776,0.07187474159211975,441.16512615675896,30216.36232391949,3.751121252069894,3.362238569327858,0
6,36.46089273989134,10200.788133583348,27,0.6154303666296674,0.20006696158152648,0.1392458982105107,0.39393938614865087,0.024542377864649755,276.7342047443402,38226.69787039963,4.060906864774746,2.1678108208840023,0
27,93.27500000919252,12275.03491649388,33,0.8038783482714279,0.14442813567024482,0.13823365578464164,0.19247750497904012,0.09090833398683311,418.4489219552167,44428.10328003611,4.398924636526474,2.315114807509631,0
12,76.685338744488,9012.536788448513,45,0.9094471455078531,0.22191321694963506,0.28619845304521385,0.1463660014996614,0.09368929141243071,445.8422784879856,49048.24131723851,4.310771719940397,3.3221243069949864,0
5,42.55524643927449,18716.284019106275,36,0.8807822986279985,0.3592192085125838,0.3432247949723167,0.18004171287834164,0.0808637058221924,143.23825056118284,44886.67131624359,4.358593251337782,2.3336505763184965,0
19,54.47608971121431,16949.118476516553,24,0.6780232415220331,0.2980099548245887,0.21953979356943507,0.1835809183069012,0.016247867919653797,409.3306549761444,24045.84516331009,4.009405675528037,3.0192771775403955,0
22,53.180490775008494,3469.2090970338104,26,0.6624987356603622,0.38876029472846674,0.17963990875689062,0.13252076416441333,0.049110738270818,391.4180242610817,22547.09256779965,4.106208853306144,2.7671345895042174,0
17,92.96533130378397,6231.339166539033,12,0.8480748493419596,0.10050738346558885,0.37767254964972485,0.26153559912783764,0.0747486999230361,396.78003113579064,36825.140177319976,3.8642214717812644,2.1049607166894653,0
26,94.45395993526282,13593.641969088956,17,0.8519139920548826,0.19009668046337927,0.19278539866259597,0.22251787258576508,0.04621603483519522,218.2620810103788,15091.511962366129,3.920446333772908,3.4105455060952745,0
26,82.3694192111223,5958.4648345690475,46,0.7053324560979478,0.2643811639407095,0.10012178190918626,0.18607411506067817,0.04868993349908512,331.9939124782728,36188.224948122865,3.964988190247014,2.663239698957211,0
11,65.78217978122109,16493.501784802036,20,0.8305977607494476,0.18513592149790825,0.29915615089149966,0.2857782416087127,0.01840484800680064,480.7998649809901,19394.743941067358,3.8104194642949154,3.2098443418643985,0
9,31.709777140877843,7162.323249331953,40,0.813945890571238,0.3305468017000591,0.23662485051402676,0.36584107271529454,0.06181038094683864,387.33836619959544,25359.138695710055,3.899652862876538,2.2213570176369473,0
27,30.388137269662224,15766.39610251404,16,0.8724471423685638,0.16565234104369586,0.34123295685194294,0.30877353292247156,0.051809489611682705,322.9623176133581,46698.800578217604,3.621358599189384,2.2000086583355434,0
19,76.73044128104472,19794.171702129617,48,0.7110542851128716,0.3265750040667339,0.232772027580408,0.3445019521995052,0.09028182667069164,270.6963027434622,46274.18921824454,3.9459136120767004,2.238736861314499,0
20,61.50488300728357,15780.205370508695,50,0.6970589735957592,0.3333024506001916,0.24537910512108008,0.17177375914438986,0.04958853339384125,385.4179450444226,19379.743120585415,3.835847536621314,3.3395402491854753,0
7,39.6861843061309,6931.445155379175,19,0.8472466995930932,0.11926865521416344,0.22227981089997606,0.2627833421511746,0.04741968106928404,182.7337558057641,26805.740710937025,4.404838478340177,2.8761191213063375,0
27,31.3672369716409,17971.163436883,46,0.733133360124699,0.10176882507519792,0.20552764080154742,0.32604253751781576,0.08681031555121942,481.3721353880425,26760.851305192875,4.247515668978051,2.819198464600759,0
24,92.84679431794366,11299.901118354259,27,0.7525425916163228,0.10870744598401458,0.20083886310951476,0.303742565508505,0.046388500222387344,166.01789248140352,28695.605969292406,3.6276277972811606,2.933385441461097,0
5,93.48502038107378,13062.177185674485,11,0.6293816117567,0.22858383089832848,0.3600554066785391,0.15451870795402967,0.033414068252737426,230.9410667766937,28187.973000659287,3.8375005480738706,3.3194599790028434,0
13,82.64068764883494,17142.712847639632,26,0.8922188202192424,0.2410920508639141,0.32470727832485524,0.11562568247297665,0.09567277231437289,189.68886628789926,12744.734818110777,4.457285602776368,2.06038720631115,0
5,96.47282129011921,6389.131600163059,11,0.8174674798051552,0.17156348256667175,0.24206831828383843,0.13431683383279197,0.09529813199949867,286.01359337408826,20249.747862487464,3.868895174322941,2.9088390388404672,0
28,80.28500600172057,16222.462064982354,20,0.9376522705619306,0.132429624897282,0.10770352764923981,0.19358717331840858,0.0709612558165368,483.2691352823584,25866.177660665093,4.215014705049469,2.11399471676459,0
27,88.14001436462229,7128.439469131246,29,0.8976026336810787,0.2801234844450533,0.13631651952019455,0.3951533054544014,0.08043718117249177,238.8815061233796,27135.120529389776,3.870570876218056,2.758941184515617,0
15,30.885650511609715,10140.99859431107,41,0.6369386047253995,0.3882362701643737,0.2906755318304338,0.3486121933007375,0.07365777793354693,274.1948580030708,39351.81216053567,4.4654737312380774,2.4051235945811014,0
30,94.3732359831937,16168.904656316769,39,0.7524510725513629,0.3193078642915367,0.18051866141476763,0.3555139480057996,0.08476579170015432,134.66515922226975,45265.24736011088,3.7438634391909558,2.6970626999048477,0
24,76.77319293118455,8718.74253815338,41,0.8978334927093606,0.15455195714730754,0.1636359550539217,0.339349707048429,0.04063049588478553,452.12799190329014,38047.350013288065,3.776268575756185,2.0152266716580156,0
11,35.99290733706149,15241.269289771302,41,0.7943116740536512,0.17209718083726466,0.24282793323524945,0.3135527219418168,0.050335709462791374,106.89730373934907,21769.42325281989,3.904401128677928,2.364957745815136,0
26,70.70889097326571,11045.42830891192,43,0.7203150879511708,0.3989894391877996,0.2651165418270036,0.20554315828425052,0.05083707365678607,222.64919653953217,19221.52165194031,4.2212843313260695,2.4733219160089797,0
28,67.51047757686248,15957.223361229751,21,0.6670393405536906,0.3215813960526852,0.1829498880906068,0.2768760717882373,0.07841871058357744,338.7162962049207,49220.425218500524,4.332628363327068,2.4443696948977167,0
16,42.56090805797823,3240.5222433530853,44,0.6443040359467935,0.1136547102949655,0.11635780607169634,0.1876409933658333,0.09496806533161666,355.147862042371,40111.68703165015,3.602587646787761,2.018398105063262,0
14,62.85778614513571,10487.969568312175,21,0.9379241750984031,0.1757435171478918,0.358516889388254,0.13422614221747736,0.015880909160253923,296.6986241164272,33080.846258832724,4.186451018256017,2.2275905104264346,0
30,69.39877179591949,8165.203701317871,25,0.6414580467740115,0.3293330335978583,0.2818952953728889,0.3372222489530259,0.03031184233585312,309.0290140520872,28020.57859555017,3.9427210040193286,3.29024999873927,0
18,51.376617102355226,13557.464458226525,49,0.9360380721020046,0.1297700724324365,0.32882113130641266,0.287654509121981,0.03381815127610067,132.47498618679373,19594.607106987696,4.051992245577759,2.234798923164707,0
18,61.53525932323917,13094.790317032575,28,0.6114239493833235,0.1864314668781068,0.18481551193368634,0.3578820194021568,0.016406178413813137,193.36952246401023,20582.185026355986,4.291247745044961,2.884684383807887,0
30,95.35679209118592,10227.362423771598,44,0.6786833075931084,0.14469682032259878,0.17968974149219208,0.1426708856331032,0.015367423556246235,417.05142649296465,33801.76149277619,4.3242403013200095,3.381788793451457,0
19,38.70475607222957,14707.525850605592,35,0.9299366842604142,0.25014165313537773,0.2481385658035253,0.1241325555697903,0.013587470576525176,272.811465664309,22892.863334331996,3.750367902412004,2.1369903299464776,0
26,88.51710297343269,12778.384856738818,11,0.9498503459071079,0.3016844752909718,0.18085330779011619,0.11206950194338486,0.07806419473713014,288.20032930065344,36060.379577347456,4.416072787926767,2.2722337208346888,0
23,60.511949095390214,16842.164057190257,15,0.764503638236123,0.2225044280290046,0.19631747678697148,0.13137996537476723,0.024474236739295198,264.65803591511747,29818.76083857351,4.162583536991429,2.600678382220485,0
29,68.5067626280248,10732.040446229401,30,0.6883395978297726,0.13477648042928736,0.33176437781194235,0.35947317521556377,0.0842434482941831,100.46042697924489,44774.69937282609,3.961976344982144,2.081306128065093,0
21,55.324555140617264,15859.533618944753,50,0.7547143345027915,0.11548353255590403,0.18011687148187977,0.13930396868513398,0.0359226230489496,452.3386469431222,29388.471877999924,3.528869442441663,2.945033415506091,0
30,46.75082236293552,5692.428784688951,45,0.6047860625631212,0.2223972061869708,0.1674101978367354,0.3524217044851107,0.02021150061138205,478.82429694374247,35908.387551350344,3.653971124428328,3.3989795899011566,0
14,65.62104105486583,7648.223244125661,40,0.9430856214111814,0.17311927182254153,0.2653795230641409,0.215075803974145,0.09296813349384057,303.2963566371576,45173.05020585904,4.364026934428588,2.4143711042330613,0
30,89.80886659805454,8777.879132943024,42,0.6935104320734167,0.10076957780757317,0.3178152947840598,0.3512427767819264,0.062193104549506384,363.97630122196773,44610.423788009706,3.9465473930431942,2.7265120783275805,0
15,68.63421919495677,12238.31107029744,39,0.9264982895003413,0.3608805049702206,0.39423238939977834,0.17164166324987482,0.0444673764036642,442.4051903949513,26431.003821983126,3.8181763272338,2.7094643753606213,0
30,56.68618028629953,19803.03803296916,19,0.7733650273657482,0.11110588340367286,0.25068734503988976,0.27705412879287017,0.0882730282025994,449.6761496217233,27612.248390827084,4.025951086807561,2.685392111711363,0
28,40.09087911768633,17805.860512936728,19,0.6261898868852981,0.33445758738190745,0.17950683386302269,0.28697782015659945,0.045773499149719614,132.1261282317796,23142.62355933825,4.17435749515401,2.800433468595252,0
15,73.87594253055914,18086.457609458495,41,0.9053340560894876,0.11076972995130598,0.12052622415446544,0.2893483050563922,0.09288361889022671,498.97036918248614,39870.654669517084,3.9339714719231256,2.147664689574797,0
25,79.27235805303266,4708.623085487896,20,0.842900406977632,0.37102721861514587,0.11379729060316383,0.33884303954866357,0.0364030998368688,249.93643591012594,15822.791827975936,4.03116631814876,2.848892092873905,0
30,42.60398203059178,5976.179036069378,49,0.9047938595256991,0.28591311056122465,0.1722489375568939,0.37384870480706645,0.02288059481156587,284.459965341999,20159.09357654169,3.755326708159154,2.0140961471823067,0
30,62.5677278867711,7889.73831772346,44,0.6552914677251254,0.23251893508114435,0.20366968733292454,0.27627151153792645,0.0675044832124011,269.72357538435904,20003.928976308052,4.3453039251425984,2.2988254986633385,0
17,89.733482106213,4813.105546180135,34,0.8001729423227586,0.27244357905359357,0.39780761308806933,0.18856922616498084,0.09801500361191764,363.2919263714723,20979.21520712911,4.065929016955699,3.028699239101018,0
28,98.15219717795473,18480.48821321808,41,0.8914936148856158,0.37088047553493264,0.33272229388101426,0.16903551729112493,0.08217387617907589,187.60181557124218,17605.27957108353,3.750626800043616,3.1333659856125156,0
29,76.14270782217275,17251.730988362782,50,0.6340073754354663,0.2882374323450192,0.11182677218824522,0.3365831452030462,0.01300280781210692,245.9444932113879,15256.472256819417,4.409627812319327,2.4900786885710158,0
18,42.29480493110147,5246.716561695321,44,0.9067612088473241,0.20975725918453716,0.2505384286794521,0.18175820521370908,0.024808997833187185,465.61958141532483,47767.512643887945,4.467384076166812,2.442712173758738,0
15,86.29627770231573,10961.63361049582,14,0.6492649552520589,0.3899500628388257,0.35804217906964664,0.31726501362265547,0.09819480185037131,486.90789892001294,42183.505760822474,3.8657750494055665,3.1860229528834063,0
5,48.512100484669666,5101.00852497937,33,0.8354899336558137,0.301702239205304,0.2753680274956498,0.3467251903680323,0.09462627026015988,143.33844087969226,19352.876088463327,3.5250246496464825,3.326352267822278,0
22,52.96043972721631,13371.397329593021,14,0.8223913728322787,0.23928026089680413,0.31032314964128327,0.29477183388537737,0.020500834305434902,118.13872440535285,11488.485128988199,4.49592737475503,2.174180721087664,0
12,92.10815159699516,5306.28882800772,39,0.7298540304204089,0.38481423052357167,0.3089451974912899,0.262057748628691,0.06286063109937468,390.6396602228966,45416.551355983174,4.154921897493464,3.2505396249444822,0
24,58.568111998839036,19175.86593147801,12,0.8415982323116472,0.1651809054092685,0.23340875793372506,0.17083379146929872,0.04264174348817703,492.37108732962685,24693.39833988722,4.401696212424655,2.9672402146310417,0
6,57.869774992106116,6226.745556738352,17,0.9321537758917482,0.34725732457947145,0.12750202714525627,0.16363174462699398,0.06755436266767335,488.4373248259945,12023.14042651492,3.833509156432516,3.4832313559121326,0
30,69.52045831355744,4166.37259801405,45,0.6725050796213304,0.16478540557560245,0.36090862803086343,0.19856786602966914,0.023279876194729935,460.2124142527033,10113.422059200653,4.358406126380176,2.217031970480762,0
9,67.8150819804206,16574.735000479603,17,0.8313701749090608,0.10773404493585952,0.10445809816921266,0.3369953992704262,0.031413844548141674,229.508584784809,16969.848056247087,3.5523990178611764,3.1125770854312242,0
21,37.95545147505826,4080.4866485013163,38,0.8723059637599709,0.25397138728275753,0.13271620300115367,0.25115160693574645,0.09508740786730957,117.34601475966869,41329.079839215185,4.366980907759839,2.7821768220696264,0
19,75.03384789438421,3529.5608716758466,40,0.8965544901085349,0.22788208578399755,0.13238854890376817,0.3137203944691289,0.04992060964267078,459.7067060494139,22884.472789853044,3.6483338256603646,2.189287382457584,0
24,74.31537070107109,12322.059378822129,30,0.7333165395864822,0.2792175565597941,0.18846932378496695,0.25166532234570416,0.0487179393241261,417.2384372406584,14576.562897203185,4.1547129575231425,3.3165593195963208,0
22,80.45879416603194,6655.3921275674475,38,0.9108318576959725,0.22414407135307407,0.34822576743401346,0.219619055277086,0.0756651256871054,225.01933999885318,22500.942845674712,3.754889796482779,3.4303887764286873,0
26,94.6089525014069,4141.266238323012,15,0.6326305355962871,0.12896932976973569,0.3216387995466148,0.3435307855832177,0.06007336620538152,334.58603309579075,32463.456559682898,3.829645981416205,2.183346928031839,0
16,91.1525160564023,18999.207770487905,37,0.9038322521041726,0.3163182036238449,0.3905195875934424,0.28012302736740313,0.041648156712383415,331.1674073559419,18509.552226880245,4.156736302988152,2.3363673036613486,0
8,54.50797959548338,12456.513093773556,17,0.8669119711778974,0.27223000129943886,0.34216641134570336,0.3535465483985075,0.09770919419131374,427.37074381626786,34542.93122141859,4.142699163829832,2.039380747180375,0
26,88.0622552971764,7546.611327619881,21,0.6956446360494537,0.3287228553942994,0.37646125630995186,0.20530702622109456,0.026326500239131183,157.30059613681163,36293.785393471815,3.5695854212483367,3.1114535886776298,0
5,36.42303781381117,12018.205707201801,34,0.7469413728175761,0.20226879453079985,0.21101592774310118,0.316478790322802,0.0799152057970067,327.0374226457589,13398.281599087171,3.552608826425522,2.2361148456607296,0
24,33.483374470307,4386.885968042524,38,0.8316785424828914,0.2456985114672989,0.23261325600933377,0.18195005330943087,0.07794488293015336,145.5270032440807,27196.545335915613,3.7832464700804493,3.0177293821401996,0
20,66.88538750037014,8243.12966147136,24,0.7383421886306701,0.2797974870833352,0.10230612576996487,0.19042580860553104,0.029011058129828106,154.8939221029308,20220.780160858372,3.828122355937841,2.011594859853968,0
28,60.14585079475221,5196.156929906654,44,0.8462849421839322,0.25007870396686394,0.3500062607259635,0.3418600559700292,0.016486794693294206,444.7057448090354,11692.090462511655,3.5187415365856456,3.3817436517536184,0
15,70.30314125157818,12747.794575059332,50,0.7461928859452182,0.13455201179913948,0.10625696770742465,0.19743045383365415,0.0821189938879407,347.2501053216961,43281.036522868286,4.419769751741384,2.132194821946827,0
8,47.03215323759136,13010.811901149502,43,0.627526480619001,0.3611573248586235,0.32374144793938087,0.16647161766827542,0.08012060817429381,130.55175098920847,35328.98667872746,4.030604820772648,2.2908555594003506,0
29,54.45626858306662,15365.444796456373,19,0.6826940971313534,0.14393326548330831,0.159181540847195,0.28071969558194976,0.07841937659922028,362.20360420749563,17085.845157889165,4.27284808924756,2.741175537526083,0
29,69.46148383014948,12850.957525010326,46,0.8250471407350481,0.39595958432075784,0.19696247249300824,0.3912919192624481,0.03845250050415222,275.90512653674557,28756.843341054933,4.1313851200254295,3.1944945187271423,0
23,33.932048414915464,11624.727049926229,29,0.7616098702562589,0.11128217367132763,0.21062127984694384,0.18612310978039578,0.06801998226182537,490.9474130132597,13611.860160532113,4.0940798186292335,2.5767237148736974,0
23,68.80214599368128,16460.902553511092,12,0.7574067962778172,0.3429447753093914,0.29555123639458303,0.19645802886412853,0.05280661251487626,160.3444306782554,12474.948004044028,3.6035018772703915,3.34869025093366,0
15,98.76699067653782,4433.5952444175855,21,0.6136997441702358,0.3122865112969837,0.3972958067940663,0.25722056595105236,0.0648824865690407,245.5591838742851,46717.471564678424,3.887416559523116,3.1616971828606033,0
26,71.85201036680925,16416.8578365823,31,0.6230691489979011,0.1283517842545283,0.30351380345202433,0.18524409216343413,0.07513602895022156,362.62563456419116,46253.70788654709,4.373279662060539,2.5000430540908347,0
23,76.45284742042412,18584.689735971042,29,0.9386937776924607,0.3095439888435643,0.2175873953006081,0.27851236844547245,0.09442019796091848,223.83275496638436,25067.172242252007,4.2916619578635435,3.2197771757222013,0
26,79.1981610508794,19100.846615129478,43,0.6327085377731075,0.3011368120239818,0.25254654592684234,0.10546916133745982,0.037797946305749286,480.4677254384537,23669.29380526193,4.2661562076678194,2.2880078504965793,0
9,40.84616210610834,8028.46572812857,16,0.7776913994536261,0.26193122752410136,0.3215932009004403,0.25795948886367864,0.06957363136342759,450.55710901709676,34721.258619740314,4.097246441071628,2.2313791419816824,0
10,88.1941539682388,16108.662833426803,20,0.8524140492318995,0.1131077283863543,0.20928982423923073,0.31587570213719507,0.09726297430677625,344.2381688503263,40095.64660445944,4.283800359434843,2.3510044165031365,0
12,51.662752759395275,16746.60580854337,40,0.9163910183481103,0.15820485286677097,0.30349204751952774,0.27112581800916746,0.04965376631581186,407.7754207902304,41124.96148999704,4.002906691487579,2.6279912400946186,0
10,87.1823867706868,16621.406810576307,18,0.9055506720207716,0.11565394097830138,0.24417719663854753,0.2113636319813298,0.09408641985977498,384.5603908476003,30636.375502099407,3.6246777719636487,2.1258126880576853,0
10,49.09539097139496,18390.2055526301,19,0.890866351523365,0.12751407089772804,0.3731514861182228,0.3450109767566502,0.08961667963462068,472.18877085050997,26595.876232760216,3.896453965470248,2.56094223151853,0
17,99.61677458668038,9373.515448102049,11,0.7115397064074059,0.1297249373179144,0.31441128175696886,0.20058710677485309,0.023144437613963807,115.32127644681749,46695.84686451005,3.972454933047831,3.2466657288982645,0
29,79.38753227023562,10626.225057698193,10,0.9170501211861448,0.10570116547329111,0.16469642334050633,0.14485588568926805,0.09462033544071861,343.55203964642135,26930.19035791959,4.276172632635396,2.3564603399614006,0
8,33.34246126331959,10137.034243808532,49,0.759989765822757,0.13325736858700452,0.37154406569859966,0.2790217128456841,0.011479181698530499,306.15029208376245,19677.52537683973,3.64357684024626,2.643858339655001,0
24,54.697122773822365,12701.28317238129,21,0.8325299556097031,0.12568418649617855,0.3923963472856665,0.12030379687265383,0.057345350078995355,302.9310786319146,49533.2594238587,4.054151952418195,2.585680598840096,0
20,33.047409761674366,9576.982465965079,33,0.6887775913742245,0.1048726693326843,0.3365560048838546,0.2034407479490174,0.07596469193055776,351.3027849902626,40860.05496439437,4.235186984812311,2.498777912557977,0
6,54.66093322799327,8755.303389054912,21,0.8906342798672608,0.30540476992269505,0.3942457557366549,0.24355935148537725,0.026405019857248593,153.9410324785129,38641.802303847784,4.443605150712129,2.0554756852996636,0
11,33.06643929613862,6390.987173158202,12,0.7104585370174038,0.19302276488106757,0.21946721670580513,0.34462182419679477,0.05260597909091592,114.64830861476334,35876.01995203001,3.786110895551549,3.2932077957038755,0
6,90.60587939546403,8642.719668482856,17,0.8797698440313839,0.23108541493748094,0.22000653239333862,0.2319209901123587,0.09608308460412941,235.61465136326424,17472.68870359755,4.192068491112615,2.551020390439523,0
30,66.34930974744594,16619.517485830154,37,0.6276244521194138,0.2807359896490682,0.34670238386196606,0.2636423192033911,0.03890902853931347,132.0275644299981,36436.768858325464,3.8064958560907525,2.9039324415958996,0
18,41.66513404461396,10546.442478718598,38,0.6148243069975453,0.3610111525169176,0.20576779309254473,0.3994451793319148,0.034709982406737186,492.01091167771165,47916.17514412345,3.5750411649881593,2.9562688068249474,0
16,65.91602136251865,15748.265732452126,20,0.9334762886978627,0.14283384050876494,0.2822718709962566,0.33439359092304,0.013131906921868783,126.89334522484353,41140.614940274616,3.8663284731071483,2.5742816025331665,0
23,32.266972678576685,5608.448777676038,38,0.9320882352429447,0.21160401354120514,0.32892534153957387,0.27217653350016874,0.05765138933826607,259.21361838098,35982.42946824126,3.749611653093398,2.170172918877527,0
28,43.02336346308199,11801.669661542664,45,0.6412163484217362,0.3324893450594465,0.3112113433620478,0.16437112762711592,0.06506894644872784,377.5922564163175,49945.153740406095,3.70017834099112,2.203592626595791,0
7,61.64298796717782,18277.543523365915,38,0.9490418414080646,0.3431539655072896,0.39026837090891875,0.39597239789274585,0.07010558114400711,383.81619472783524,31999.885899475623,3.7903622827778136,2.4499350173551075,0
10,79.82663728050488,18764.51576429402,50,0.660931853412045,0.20844765493740683,0.16727248457378696,0.395539764019058,0.08128591062500268,194.6944737147482,29760.87749787689,3.860896524444382,2.8584161106747894,0
19,86.25632084020106,12377.997876749267,49,0.9094862563921169,0.11972443158020983,0.2194479942312726,0.315080079552985,0.053079859892372856,264.31804826606674,26377.34109858852,4.074900508476427,2.187990173388791,0
15,74.9637012570467,10649.566426270932,43,0.7205801732459449,0.3633880454951236,0.33407887865149255,0.29193817880999895,0.026376682289692366,486.5058455736427,27304.731459278995,4.410712270946887,2.0831192750266654,0
8,66.26714930468114,8170.1172277269525,20,0.7129312629040945,0.3127996397587738,0.20380692470256195,0.3822712164794605,0.0905433325139012,438.37348246234626,20024.21235927996,4.135057091387746,2.8262621232247094,0
9,73.75156530140134,13445.280731239367,15,0.7759006006594419,0.15059077052431205,0.38248209636057884,0.14625828006386896,0.06928595860453789,388.2531073749092,34205.55631447422,4.342530004113389,2.8454270516469435,0
5,35.68559984253589,19125.296517496656,46,0.692629567741569,0.16324251391058936,0.2716411607338193,0.2854325278974873,0.012725730872328766,455.59875257958174,31823.099341890706,4.1419072893012325,2.453141169431934,0
12,86.32817079510131,14644.844300326504,29,0.7587404465343099,0.30658407150189515,0.14742413410456218,0.22468652386423454,0.05179979419978016,236.07702734071094,15746.747646505384,4.361485076832495,2.4789745889700923,0
16,98.27618895404161,5223.02457639057,33,0.7802430469287777,0.1318551800827292,0.17252135828094015,0.136756572725188,0.050463641079609836,156.35105400327342,12024.21167201161,4.445384892703219,3.296245775543646,0
18,47.37891962668306,17710.227529252203,20,0.8847172462538073,0.38012546057482144,0.3163385286466366,0.15695023036700795,0.024340817070334392,498.3877644381667,28672.604709494026,4.3790756636004184,2.7460554095712633,0
7,96.16629628484661,11592.555871404116,25,0.6753005478841844,0.20586852665690664,0.11516212138836757,0.24846826105755293,0.08941055287313811,361.70401475584686,28823.47413472783,4.036690749288927,3.2707585480902015,0
18,39.37544607946202,7496.039296445526,33,0.8673498674566963,0.20978120575526893,0.220174486304427,0.2710844931643088,0.027518977169894716,321.28917064846064,12941.269989713674,4.0042555291232045,3.146606172060859,0
13,87.77179225710294,13595.106836905901,49,0.6415838569032564,0.3925248446241353,0.21817111381858217,0.33846916851428377,0.04051767699573088,475.57942678215016,40198.60689171175,3.69905788155245,2.763683774337773,0
21,32.81784343102004,3661.537426185744,31,0.8813880493179742,0.255799813099925,0.14468219937293347,0.3679395076234022,0.022580288719511968,472.54749421199597,22741.20127037228,3.892954587866483,2.9247507312072742,0
14,71.56072589416908,11624.354765422042,42,0.7863189404565567,0.3126219419306314,0.18993716942122413,0.34472464997314733,0.04315220288791927,369.52255698920663,49195.92124716647,4.083702141848787,3.1951322208952204,0
28,91.04693798842322,13697.428170241426,48,0.7661065749297712,0.3901212088516153,0.3348711974294265,0.3328486075516217,0.06198709562777647,388.5600449185227,33340.9310819056,3.6705120617466593,2.9435378617180454,0
24,84.22242908836677,9463.235717357597,25,0.6110496796697348,0.38446155123529047,0.13296865640010908,0.10568121025198378,0.038232323510126974,160.57250324773818,37620.01043674102,3.910377409322705,3.1624584527106365,0
20,91.09723962386242,15509.233611567583,13,0.8470213312531177,0.25560496346803396,0.2682660318725918,0.39943686052164473,0.05305338850090611,250.7299104742783,48267.419687861926,3.9596635320195865,2.799690596859832,0
22,54.8000892051369,16123.826330528593,26,0.813526803027563,0.15767925074101402,0.17395574065820812,0.26742599524222127,0.030238033419353508,489.1642510362276,21904.582611076316,3.789004137403525,2.3109166922819604,0
27,64.23021556580701,11156.658194435044,45,0.9267951311697802,0.3386216068007001,0.18203726102662693,0.13656223171981452,0.07089600212042912,251.877674149753,49206.42149285449,4.318377460130562,3.431913295087192,0
30,40.25332853445176,3715.130276156334,15,0.7212272299334658,0.23271283355945063,0.17693319264204466,0.24372377890494498,0.028186120648053682,315.4311694834611,47320.95735133231,4.196171300646823,2.2059094322013846,0
24,81.86236836819451,7067.795121087033,13,0.8344418877125863,0.2593124469198398,0.29138337202259135,0.11574733205183885,0.047197122944343285,386.9432225000975,14021.796191093916,4.270766058098279,2.007772169610695,0
22,98.4537498283161,5684.998295586009,40,0.7671069821543137,0.1598367924002805,0.3891742116672807,0.19635031063575004,0.0681308126101243,463.17478349424897,13578.428820460653,4.074133353175373,2.802728415340407,0
28,89.52331711029154,3634.0701917179317,21,0.7462597437857519,0.35128146672797667,0.38017678317346015,0.11090195476376666,0.08525828783012562,415.1842519503352,17452.465276899555,4.249003201440956,3.308436027832773,0
14,91.37202175425463,3157.541864161696,46,0.8109740379270556,0.37853645380510514,0.2005126341087259,0.23630472344703854,0.06771811685634437,309.7274139342082,45570.39855079666,3.6341999460090677,2.756319010272854,0
13,43.496797879166685,4914.994937342626,20,0.855891731833071,0.29448560161277254,0.3155794520367662,0.10422525868553943,0.04034009613967753,218.0097030633128,36976.04559578978,3.6931612877212086,2.916431749494521,0
25,92.79299332487827,17058.827029697262,42,0.7147743305590616,0.22024997398835985,0.12861553173835844,0.39450555773216167,0.05297086886409037,474.33015480055536,10273.204821582218,3.883574390676031,2.6701032827096802,0
13,96.78243758584388,8133.07927475745,46,0.6040025069679588,0.2961050101210596,0.3078305771268217,0.11863729954016083,0.020640236302357534,222.72253680144792,26216.664518735888,4.002520471238389,3.342677554724381,0
27,83.88887332207304,14734.936416119841,50,0.9206456350477223,0.18851128004687406,0.28438763444315474,0.16573858028060318,0.022021190397712373,161.27422587567168,39909.393486034256,4.105738948089069,2.623768423146837,0
22,93.8957821798173,15874.95889617354,23,0.8666508669898874,0.3041025759758194,0.2787443396593669,0.3362112069469772,0.0572955990598151,311.2692496292774,24471.39474096975,4.417244706780975,2.1683131873059054,0
22,93.20217121678661,6436.665242433013,44,0.652448333483845,0.19843529132266197,0.2561024623554361,0.13487200665539928,0.02848613369854254,333.25907137640706,13637.665778067514,4.010375354032835,3.2130381247658555,0
19,39.23610378747693,10062.217755359216,46,0.6202078733263836,0.23871349172167713,0.34207460576631776,0.3169840239475007,0.04563538389579318,426.5812903732522,39832.17931327263,4.078311265059035,2.0679347040917433,0
16,79.02694146680231,12199.779569358394,13,0.9271039796097312,0.12070574384809415,0.38013266877547924,0.10952046130692372,0.04679802422373235,407.5888250333931,40633.10731694847,4.478333284924101,2.968821227145745,0
18,56.21226444467874,18152.671288714955,38,0.9043670998587479,0.37203019345737187,0.21269366014059632,0.30481910623046243,0.06956132843129213,315.7201055675441,36141.36393674808,3.84776988713915,2.2677104435061675,0
22,57.51410422488286,5164.900484484346,24,0.8921875640840504,0.3268538244576797,0.3935472048037417,0.23890117035843403,0.07471845775097669,269.6512118933606,25171.05872135175,3.729664066787899,2.6909379178228945,0
9,49.29548094565891,18935.976139296137,17,0.6112760602184933,0.2980593057406856,0.28447696216267376,0.3808713791156336,0.0900137207762012,196.2665176572848,12691.636115579815,4.093944147479357,2.669661599372904,0
26,79.23003868054501,3827.4974611437347,12,0.7407928727838171,0.17030178354626851,0.16518076305326604,0.35911907280101696,0.015079963152201486,301.5583395763738,21570.538054156754,4.3157862567633165,3.0972762246740273,0
15,70.42323702465174,16133.149612196103,30,0.6829164121718522,0.3628774966521422,0.3957086682175378,0.2563753162794771,0.04722041858021234,210.06156820344216,32268.72472420938,4.091667122242703,3.1028181639862544,0
10,73.8195196353831,10262.40989900724,41,0.6164094339333592,0.20332444893178286,0.29299481959196005,0.21434638973877862,0.057201675390348594,378.52336292363594,26330.367073183537,3.799888494435401,2.275818468120874,0
22,63.1463174288554,17438.79584842069,29,0.9001394335005573,0.14330552474955355,0.2389075478495833,0.11728718033966262,0.0471409740082976,266.60314666416275,31199.67256012343,3.888419048807461,2.3824934684113046,0
15,75.26940960835613,18677.84377669078,33,0.6323623987844023,0.3173754136921606,0.1571444855292215,0.1805384763564944,0.07063047285711208,341.1688179956303,44944.81833958159,3.6881632939327553,3.142544626305815,0
28,77.00153655647884,6689.280868691962,23,0.9043158480335882,0.19988929324564642,0.38710592815800204,0.10460011186854785,0.0943443786882023,484.8310224457836,14692.64797773338,4.499572007017812,2.7183813145135485,0
12,78.69383999934873,14964.065905486965,35,0.9202942608577447,0.26562378776434437,0.3326541646191311,0.21419852331187678,0.058028511467463684,243.7038222206303,20462.465095414103,4.012816540023773,2.745915939651475,0
8,86.19716352740147,15281.030744175143,30,0.9200156746141211,0.21121147642937754,0.22417905117358738,0.2687574182393063,0.029914668848460273,158.36908524101943,20430.96439639078,4.434758250296354,2.868714389056101,0
18,50.663460125541675,6335.260306356175,24,0.732943921159404,0.35000881458609556,0.24979044471079678,0.2963823898363066,0.07163619511113156,202.9307030539531,42863.677587694256,4.466508267250344,2.9625416815980605,0
20,62.25802989137436,15457.12802942532,32,0.6592429988010635,0.31609405922862815,0.24649489637623975,0.3750698169083101,0.05879231698162197,356.7237852729466,12349.282063229206,3.5338237571646904,3.2700460747740836,0
26,33.396007593748855,3108.5250154932414,18,0.8948906508888719,0.16943001762323368,0.31215086911103795,0.10274243850719854,0.05551596277237587,249.28027707472475,34713.40943507212,4.16675472955334,2.9247790416265067,0
20,76.1499039392904,3267.4400367767353,44,0.7930752463189399,0.10355529043836774,0.2588252940524952,0.1824222211593496,0.09797314134092606,106.85703904097088,42526.2888365564,4.1740329521192105,3.2092515484211432,0
10,37.491150008614504,4637.336134273944,19,0.6843390913097278,0.2859342527235806,0.17572545889440416,0.20633233025817144,0.08154426988751201,131.60769752577414,48371.91176594121,3.9589977455511853,2.364811841289323,0
27,45.81000768391955,14628.707632996553,15,0.8288075018457035,0.3574657477063562,0.32787575505305344,0.12805015162813282,0.04413376200158344,321.08057581187813,12244.597565158629,3.5094501726541307,2.2570753628315714,0
20,89.17308561782296,13963.423113036135,31,0.7980498197828623,0.3573880940091009,0.12860855064121904,0.25844775569249445,0.01382965818553406,184.56682235381888,44724.67562326422,4.387554307034494,2.71325043146791,0
6,94.69114866259964,14635.288638881904,27,0.914759077802753,0.2690529592143951,0.10987053404604158,0.3786299083763979,0.03830362239039859,484.58767595040234,33481.444163379536,4.252254469846865,3.0690670999240397,0
17,95.02124581773299,8087.707122874663,46,0.6841652680065003,0.3503951680275257,0.21674698221020766,0.368957730100816,0.039855685565964576,402.24370580835694,15598.023769407891,4.488477957914103,3.0862453551414726,0
21,82.18195928784186,8879.611469155843,16,0.7529808884952247,0.3516023972839525,0.2021778239425318,0.33070169600963273,0.09593725572231993,258.6812197235838,40942.1966452529,3.5296256589451653,2.409990542943196,0
19,64.34224192775554,9048.790360999414,34,0.7511467811838406,0.3039084574264477,0.29820157225446264,0.12570823529102074,0.06567543012338992,419.22206952109866,38524.34130713543,3.5820380096731483,2.231331445798278,0
27,84.87231973091559,5622.707140253036,34,0.7108373800385376,0.13196527531337834,0.10155856671100905,0.19248023654088942,0.0423925747612207,207.90657729575457,15300.280179767975,3.687391783527877,2.673265515532177,0
22,65.8708593887321,4755.979764807614,15,0.7238700005708406,0.12791927813796225,0.2794131393382819,0.1973290991717238,0.04467141256563854,216.7389405185284,25511.982375135747,3.5846995169285227,3.3517040672846496,0
12,70.03723015246777,5882.909697669534,34,0.6593256108358057,0.1806756890590443,0.18052203914476322,0.14378044619396435,0.025048666068321943,210.38474864096145,21990.09015686253,4.282666624165485,2.541687368434292,0
12,80.46296167189149,11428.641424288664,49,0.6684418787080911,0.1320917102742706,0.1913973987253771,0.3846470387183696,0.03989954937804643,348.0768751498757,42163.058478295294,3.82954171627926,2.5021043356204355,0
25,98.19577635532248,5314.116016830501,30,0.8111239439364345,0.30858768865656444,0.2437029227186366,0.15329118139574222,0.04584156242896073,227.65506592824502,39394.97461764746,4.132902461968417,3.4516446282254076,0
30,46.96970077464012,9392.940139510501,35,0.7277554380883331,0.3796201457765338,0.15994001461318216,0.39917947771913354,0.026193449134782977,407.047163099346,11076.644347013415,4.227213363808559,3.4144623731266748,0
11,60.6918468016236,7952.6305357500205,14,0.8866379488015604,0.3386970507987863,0.22274247707347047,0.24979096458668812,0.06700024356882973,196.80846706831954,36346.51874129272,4.215236391299426,3.1836151448300942,0
7,61.43467045835437,13164.875530801637,47,0.7402817840652808,0.25198379290885276,0.37611765534348873,0.3075126597694323,0.058928068304873,416.2883668197037,24381.179720650398,4.395501515360899,2.805358979036882,0
25,94.00808741114092,4859.280229152878,25,0.830160575603268,0.20650264583454692,0.29409995439502135,0.11328900805835489,0.09852473853567845,370.9887583456743,25984.70984900329,4.252682777729606,3.4485751665707425,0
18,37.416118612426104,4676.3114958893675,24,0.7787366841837656,0.2556393300548049,0.2741554886572013,0.2725706194811279,0.05012006963544161,256.45366747100115,40893.68929849728,4.088589956540147,2.7506986724296016,0
16,99.83919077902574,11207.10843635603,28,0.7455913999839994,0.3885183597039912,0.13482080138769242,0.3822028474438579,0.02275076591483935,224.75613755901657,28213.30540903508,3.7068673262083145,2.7243889981690828,0
20,36.833612178799626,15273.897035755033,38,0.7116183159761951,0.19007922495458213,0.34305578107560947,0.1345255800096358,0.08642620072422189,359.1879669110855,37085.57331563536,3.6643540928507035,3.475850705882417,0
12,66.11957313278114,12382.47492702534,31,0.7959471333714521,0.3875387865201849,0.16955666422342314,0.22151423088407587,0.026600659763625432,356.19155066403124,27285.3780971713,3.5291922743423907,2.9211604060578797,0
11,61.47025079618559,10302.398298756838,10,0.846657465585907,0.16173534381019658,0.32569764860814754,0.34261893658937825,0.015630737632224796,140.70081949085696,44879.17320039541,3.686959835632093,2.4889773673982276,0
19,37.976847949361336,14401.924279815115,41,0.7847002568697239,0.29173257569984523,0.2790912487848981,0.2833925263417006,0.06283042431086962,239.16985497470176,43820.71210678237,4.117362679336425,3.2206073813914005,0
27,86.0429368229295,18617.603856669637,47,0.6296631890180597,0.1401843308952132,0.135358495798497,0.1916140007606497,0.026474006649833515,377.37461668657824,30432.994779486435,3.9182391062112587,2.2068009478018364,0
17,59.61271474512486,11273.393666770517,44,0.8427015242852743,0.2935780285239852,0.3999698657689277,0.26647377274974926,0.0540677823572988,156.11861403911882,22583.20058643377,3.951000970746651,2.0804168939462553,0
16,96.62893653415769,11238.351630576626,22,0.8853255792288516,0.389148726824482,0.25163140591920113,0.2484909543599211,0.07162270035039879,266.2521741096448,43595.67208404891,3.9886995119396857,2.1240059386797006,0
5,85.71166227216992,6749.001607042018,12,0.6961985213957369,0.2612825854614459,0.1504626932309721,0.23719641618203474,0.07682664267368083,406.3678219774763,31989.047381522054,3.613210995292023,2.171309977038453,0
29,68.01743274651315,19845.191540097072,44,0.8879138247286914,0.11248315668107,0.31569407233901303,0.2639059824165894,0.09907981550890149,140.96657555099932,43202.82866170159,4.251345494743672,2.4465634026543404,0
6,61.481263998128966,8925.808605979335,15,0.7536744661841666,0.3981873052955852,0.3326894949642321,0.17108381661000438,0.08296324451554692,335.16955879072424,24025.233644559587,4.2107539594937995,2.9491559463907078,0
10,73.13058398475087,16342.438269499942,23,0.8819041726795973,0.2710223034414995,0.2596842392111235,0.27905730576537974,0.0251539628142776,491.6000625611954,21705.387916962278,4.0727355798135925,3.4285960181580872,0
21,98.9841811583256,14548.08837069627,16,0.6474561172498032,0.3250282409467348,0.22347886693202418,0.11778576595891914,0.03495911820258411,362.35851087238836,38057.061095857265,3.6326908562308344,2.219365165137442,0
15,87.99372618890428,15945.050987157569,35,0.7713105540704732,0.27322765879124844,0.1806151456262458,0.22426752680951134,0.0506792550295328,353.45110534011906,45205.00325229294,3.5930947840426173,2.7734202081315487,0
13,78.62925310092811,17914.395066158548,39,0.9325889276028838,0.1981867840482791,0.10074192554259542,0.332240587131308,0.07594516238855382,392.3727749948212,28337.970267188706,4.164143820831843,2.537334094011481,0
7,85.69745486534917,9761.169759207285,37,0.8886966766726077,0.2484144842666466,0.1968595448769859,0.18507792280112612,0.059257948190078354,152.23770012301833,44096.90305153665,4.2883036534766825,3.341231987057834,0
29,33.38864828062061,4692.770612575499,39,0.6056984733304606,0.37882986260425655,0.14739505449224846,0.23695544079097194,0.09926544149386032,271.11972034668383,49827.76274937149,4.409407214313098,3.3232216460629984,0
14,41.128422403407356,18856.33456634071,27,0.6326689945839776,0.2081306150191783,0.124726159211644,0.2993526434238261,0.06840200882328494,120.714910019462,35024.17096659816,4.225988363470445,3.132848235601304,0
18,75.88396598684744,14962.866675988751,10,0.6746974119311746,0.12338161647178186,0.2781038490523194,0.25583327639099074,0.050056018910078895,103.22502760767071,23742.966001364297,3.620593786151371,3.2905104393770612,0
27,39.25226057647926,4204.081191808706,34,0.631265878347808,0.34178705014830946,0.13096045996252775,0.21026850688678547,0.036932979467076334,253.08841995436094,42534.716949807946,4.3744972954179815,2.962364222775476,0
26,39.99971467844257,12018.640701293576,10,0.8136117337458362,0.1492349649371939,0.2053563156480313,0.1639166354270578,0.07734419527369492,467.95764986190164,34643.04050402825,3.9423838694390843,2.3258670168372397,0
8,39.800919910305694,5093.6727823522415,34,0.7230374741340954,0.22881662245356366,0.33732299835941987,0.1743359124890737,0.0680158511369108,199.26681087433286,34039.96247053381,4.221179638859578,2.427381215009499,0
27,31.877708430233945,17400.190354830705,29,0.6719060013533547,0.282078060901588,0.15659395697975972,0.2175253047694461,0.068155279717678,413.52063983056706,41751.121269068564,3.7393410764253714,2.5788283621453902,0
12,64.97077788908604,13096.806058341293,43,0.9110535848304177,0.10362010371733277,0.2083294621123174,0.19494179516728866,0.04481544239426598,435.58932116145013,26834.541370097537,4.046356221161351,2.2591554682261417,0
20,96.81170887586205,16096.239836818435,11,0.8055772239240735,0.10413802771758723,0.16472288155517026,0.3767737866799583,0.09538119972524121,259.1900095540601,21459.51200383028,4.21262907610125,3.150665000998586,0
18,79.12674470364615,4401.27280271898,44,0.7881793753476177,0.14580413314134122,0.1250791221333449,0.12370646859252013,0.09288323728954623,489.72535374182485,16215.085249063424,3.826750296285238,2.8796557445186477,0
29,88.41685284293268,14577.946640056576,14,0.7085593226890009,0.23124581291517254,0.3860283930148217,0.17159121645518977,0.032003177834742894,469.8511017396557,14639.46326177473,4.112296794420722,2.08254292952966,0
26,81.91854563402879,15591.18906398103,17,0.6044327400458247,0.14116353921927427,0.10340518093965789,0.2489238797568147,0.04120346149109663,306.88913697894543,42900.27490877078,3.759246961526297,2.5578041463374785,0
28,84.67867859558913,7568.996268957177,17,0.8700006016713686,0.10880687535184105,0.342132353997211,0.18159417850640613,0.015748479021083325,384.92929928019817,33066.066988567356,3.5770700312863855,2.682796666519141,0
16,33.88073775896951,17609.116305687014,20,0.7286907222498841,0.17653482431172346,0.1308714745065609,0.27217369155761695,0.07505005359932798,191.36176926130042,30352.99539642587,3.5440379072628097,3.2943927423539168,0
12,33.21870709228158,9187.600437631092,19,0.6626363268189581,0.38810264361832714,0.11060907219245608,0.3409346459372662,0.07426187214747015,362.28131776860147,18980.612552703024,3.7482631833572433,3.3737821473213425,0
15,48.98805706068717,4324.080189437504,33,0.6417903253861839,0.3019977150155776,0.1158016447261222,0.16695551828519556,0.05641967176144755,118.3714388432485,26036.993881740098,4.376991238184975,3.2990483449657284,0
29,89.13925529829297,8564.11566934402,45,0.7598611615806014,0.21067580774576478,0.1874785271968098,0.3353521651862025,0.07656183880600763,197.03359742142763,24730.94510784475,4.4718577451509285,3.4966806743958583,0
29,43.679569671097646,18307.536052849195,25,0.6526982318776269,0.37971925976135457,0.10717307679280132,0.2624635599846178,0.067234765556169,377.3843225157219,10383.79280298658,3.835017368208334,3.138393729820518,0
17,89.43041914452452,15362.655663696532,16,0.6718180305170645,0.3949347225684694,0.22594475260085362,0.3883555182663242,0.09753033123706531,156.94939408198735,21193.01083476145,3.5439002657031597,2.347208860113704,0
21,58.91397624507012,18224.824982377613,39,0.9410941765588878,0.12547072525494687,0.12867310160121567,0.1400541550752871,0.08379666027047944,129.932193731951,32712.82913156833,3.9349828784349854,3.4463274120991114,0
12,50.417321683983246,17465.532998406525,35,0.8452539622125397,0.3206058606347104,0.19541731577983018,0.18158676154973635,0.016721869222223178,181.08505051169348,41197.479298754515,4.084708035804129,2.233115826982905,0
10,61.469672341822516,8338.565892806004,17,0.7875735921815082,0.3893904166750687,0.16229086768310608,0.1924923154637514,0.03385071342232374,147.96542254215743,16304.615082620649,4.186054842950515,3.2395800319094747,0
27,72.2311740578941,6655.3534210527,30,0.6519133290791848,0.3133472194855335,0.39052000125291075,0.21887333880393134,0.014405555583138047,219.5362843876087,42803.584632479135,3.673867732518033,3.428144910235616,0
19,68.91676330838717,12352.05516403537,16,0.7617151371066836,0.3411690260331551,0.1419379117819367,0.1035870769508239,0.08473350987051724,493.02689499344865,15228.609501759118,4.323673415188356,2.5583596157239965,0
25,95.63024286276065,4428.670211877707,47,0.690587228321284,0.34382412748408436,0.10654005482158382,0.11934161081407293,0.09122464737399534,277.37252953439554,15151.66195988018,4.405077970380153,3.244034265826127,0
15,38.57693614802317,19018.77123740996,13,0.6587962230551697,0.2721652599420169,0.34650562045968514,0.21849960646657585,0.012653406370026234,373.28516670067313,16912.288473231565,3.7147161059700267,2.2807266705667426,0
13,61.22080014526595,5526.733954169156,49,0.8167117920960635,0.17373543377357364,0.18853154889991497,0.22359766188884955,0.059561979868358254,124.3916275731371,21191.039497558857,3.637236017132065,2.29918670999988,0
30,66.80698407769458,13722.824610020842,44,0.8781961855056546,0.3968210847284602,0.33457473005362753,0.20773363295126954,0.059006602543064654,293.87179417620337,46507.08066393468,4.002393255543741,2.5825719118539503,0
10,31.824407743822256,13150.977996910686,11,0.9135176735650097,0.3335614843985424,0.11757736908343557,0.3974593970291713,0.05764890627688885,406.7368673801092,49984.22987245384,4.473979861733502,2.1502015059574364,0
26,46.880695660836174,12072.722597992773,13,0.8674174033011288,0.38434074346589653,0.27270763258599884,0.39479939072740977,0.04495802694508744,474.08241283661795,49661.67683756974,3.6737120313651888,2.3548266991136915,0
15,86.43471577515719,14859.65158119286,47,0.6098722994045056,0.3101682410054255,0.3842676205210046,0.26908194603495816,0.060679800177761666,175.29346596210252,49520.24841618572,4.38162635989776,2.7383400858431077,0
14,42.28897373624555,3645.383600401695,13,0.6814181753291336,0.16564268250747322,0.2579345542445533,0.10020504891514925,0.09261065673285819,180.58575334085646,15219.581824767303,4.216937632690816,3.378171180960809,0
15,34.168917399152384,5511.104322763949,19,0.8710282745869622,0.3539442662737404,0.3582008399774652,0.3881676250827274,0.043623170207503593,476.76928538721666,25823.82249415417,3.6010321701806864,2.4526477305882035,0
9,98.31024699676983,15449.984432218895,37,0.8771448837499551,0.3881986301106215,0.29475407969344425,0.1522608012866592,0.0971868606699851,377.4241593170172,47153.80835941702,4.286991792595577,2.334855820970964,0
23,87.01179655100862,9432.529838502367,28,0.6445719276532373,0.31864928678079973,0.38463643126638636,0.3846094479549709,0.045244128454984184,497.71325221905226,48607.35761150204,3.5323827429270875,2.9035830011764565,0
30,97.72721799311549,6755.219257429206,46,0.6364385815548951,0.24885551737392703,0.19935052784981577,0.12334199153929039,0.04121291122149057,227.80747165646375,35447.47080961474,4.463079624539063,3.232492708142465,0
26,74.73718815334152,18073.109758702973,38,0.6039884671034242,0.1629052853201498,0.3079528228963795,0.20514434856919483,0.08083180054815943,388.16543519878735,11925.898309331267,3.9382201413257754,2.629479843777811,0
10,91.91863983110592,11382.393889055409,34,0.7229309092544643,0.21260427110216445,0.3486420932698755,0.33661899834286585,0.06202499418398187,403.2974174236071,19023.30910046592,3.9512874191530747,3.1987918486345093,0
6,50.64360291812911,8418.187435263178,16,0.6259701406183308,0.15103156094535722,0.21263736522399893,0.31959552558139515,0.05923416327510084,459.2496692479894,13724.187415227465,4.094030544052095,2.9204670886683406,0
20,79.3153252614254,10332.496680479633,20,0.8125611689792099,0.23026011546798897,0.11606672279817865,0.19932837383199586,0.09769585786088246,263.7119463002583,32164.497292649176,4.4255736003069135,2.810188147409984,0
26,49.70661514116857,7038.320844103177,13,0.7375157751151877,0.26489879006114864,0.2472844827627911,0.11635145551151542,0.010343401495252074,135.0513437227888,42955.89228332645,4.125090953709301,2.7204925961756126,0
8,31.801498491218002,5904.147258767793,28,0.9419701935997429,0.24207119534262064,0.13465267712254836,0.33546297192007457,0.05238500076546306,457.9509933621885,20600.175884704848,4.141866382540211,2.581290675530745,0
16,91.98448849246773,9279.828303843065,38,0.6156159236442564,0.23192212685583077,0.17902024289870772,0.35112362564033717,0.060782192912306965,160.45226976941564,37858.838041862386,3.5967026210256465,3.0022117608464294,0
30,67.90143042042155,19501.99413195079,47,0.6796294655185987,0.1182951238173183,0.21613182906450007,0.25677468199722187,0.09690649336722715,374.8271729555547,47454.457424528715,4.072714290631219,2.353463029223631,0
14,35.52685348418582,18347.212422765617,12,0.7757355146104616,0.37013651844147755,0.3401351010162057,0.3032604656728091,0.06582458029143727,148.1127499021733,40287.550225567735,3.6728789728064943,3.4765519853736992,0
11,86.59225049235542,5145.161976855175,37,0.6274289827488212,0.3049376408056764,0.16057578399167036,0.3467692098630061,0.02330904256604411,338.01906185712323,22789.979550482178,4.227103009180531,3.2110155046024764,0
7,57.16694071103255,9755.034904069611,30,0.8998184632261863,0.25590645326262085,0.3751485732349744,0.10370913919780544,0.07303709094282398,335.03043509293195,41267.42643701846,3.612518842625934,2.224463479387012,0
23,71.15538932969716,15892.41559358044,16,0.9237248583657457,0.26880512784319677,0.1302971328476346,0.18582785621466175,0.05820701330313251,237.5476714309858,26435.60149196882,3.883043472877053,2.728377188429496,0
24,63.113263119925534,5927.395378664436,35,0.6503484347193358,0.28259657922568815,0.3080983759501277,0.11163475974453853,0.09006167925228319,232.59763029370828,19503.171756652286,4.245749819839136,3.381252474359248,0
16,31.41630220152903,16895.560730189718,29,0.7088322542467812,0.35285397058342227,0.35747043497007236,0.30545560814041806,0.09752469784171136,191.18296544070694,22019.2179006992,4.243723641657163,3.1610463502908868,0
15,48.85939867061346,10085.136370991506,15,0.665777491812414,0.16341715063176931,0.34719083027654224,0.3222834396760024,0.0783543965703631,446.87558822009026,42840.69569593841,4.015269702609557,2.2384586639585007,0
14,79.66985788550727,9857.547397211543,43,0.9077664069759496,0.10868444779605571,0.15782903404946746,0.34987897992296546,0.08532790098478256,199.79610452971173,28257.946685123225,4.418031069341116,3.0569509178300547,0
13,55.78463493023395,10891.713884377095,35,0.8223934331765453,0.13716185766721,0.10916895771459807,0.2117400284605922,0.06346392341069362,171.03347766554467,44819.23087673851,4.0868802484224265,2.524639852466982,0
10,88.6357639179709,7397.218761834049,15,0.6997742817521666,0.21596970122229542,0.14887222167958616,0.27167741830609027,0.09684258482820296,442.8444749753209,35895.19567045928,4.177695246090971,2.4036253689034357,0
18,65.9296863630687,17698.708811887816,10,0.7659340222852706,0.13969422723510463,0.15196019694464344,0.3402594424973363,0.03013930285509779,343.33755315865744,47720.1987223207,4.212740488104704,3.0640522946723587,0
13,59.66647604617333,9400.082688607014,32,0.7606493066117134,0.16546271622187947,0.1906435273823056,0.25619136949847077,0.06612454865681923,333.7948623368505,10293.902907226595,4.499429379868175,3.449728181696876,0
16,69.30199820782205,13094.133223249402,28,0.7044665741886541,0.13243135917575305,0.11915111616913299,0.3965082897465302,0.06765352710531902,444.59664010073226,20445.876317059876,4.211093775571792,3.338560696521399,0
14,43.18520568680056,11793.990954854075,25,0.9148904656609231,0.34162894679005895,0.34070912333584347,0.2800099903436715,0.06944772913130161,372.3023001549527,38851.32790370443,4.155400570462442,3.4962036493674438,0
13,93.48380937650501,9878.181208675156,12,0.804058295844675,0.3984261190266366,0.34480441031586045,0.202950114890672,0.07420323602864658,374.5272443730685,35532.54359510453,3.975735201735247,3.411001931934079,0
16,65.51203989247708,17372.12715215812,45,0.6633975502314002,0.12928091914381282,0.138383241908816,0.17759555516806239,0.08275094822282232,405.167287327721,17322.734280503802,4.179712369289929,2.503448694807678,0
7,45.55774580590306,6796.574731555347,29,0.7471653988646838,0.3660530649080511,0.21150472892945835,0.27567120856207117,0.051738456536898396,147.11258849661516,12147.078176258015,4.134396743652036,2.8704696626696844,0
24,34.985101618285306,18120.24304499659,42,0.6419355780156271,0.30420932929590916,0.2589515513889993,0.22393217620416428,0.08837642317177041,160.311380438105,49693.91411551731,3.842669884929,3.4807873990692597,0
19,40.02569066097469,17660.697036730973,21,0.872629412101835,0.24627425372443226,0.2893098316788086,0.15304727996903822,0.06710490722374039,101.88540056959754,20941.114488059982,4.261193281214999,2.2529086348743617,0
29,41.0904582162976,16348.585396861105,15,0.6452920851489,0.23011342428659098,0.22882291690273618,0.22870763458012305,0.052966024834651335,101.86765503205453,31351.304113690327,4.2306590704105895,3.425102923222748,0
15,82.97934165839855,12027.574354706734,11,0.8368618495869885,0.2880060786014868,0.1746469368627646,0.30805742415111914,0.04099147966569888,151.5723201713211,25342.019052307747,4.088670688168072,2.250530280902464,0
6,50.87415774458971,7944.072460761272,43,0.8087294715154258,0.2013505453623799,0.3663922131511126,0.3986417229483785,0.0408459555331804,460.5535104578098,24370.035454665296,3.6884260338908694,3.422126530560414,0
30,58.237415115078775,6883.110842209033,18,0.6739165802071005,0.10657398161968477,0.25139006637554934,0.1369485945252883,0.07399990810862656,416.850862018357,25007.69730703358,4.140321085272649,3.1568744950152947,0
24,33.40108731072161,19909.5639721701,16,0.8287486664402633,0.10592252995424356,0.30692492451322784,0.22503266955386317,0.044222838663485316,318.9129538915702,28975.853533109486,3.653127098124436,3.0427880438313637,0
25,30.651318364427624,10154.814759256675,16,0.8318690380611138,0.18099314486115675,0.2816903010772013,0.1411490568939427,0.08475874484238008,141.9656947600388,38750.648980646714,3.617734568437239,2.171018829026372,0
8,64.84173442352761,13353.030759064402,26,0.8910245871774936,0.39193591669575845,0.2073765509652423,0.22292686915848675,0.024433623876769197,319.2555054913601,46414.26509848057,4.188203915455373,2.7209959141605005,0
12,30.191659934017487,14417.763251908482,17,0.8923312578421343,0.30070657915049204,0.14474334780002984,0.12702480207277736,0.0560534812268193,389.42544675939155,14051.619143718295,3.755892102750665,2.346740429737619,0
14,48.48875159397285,3851.3633288201045,21,0.9059491572067557,0.35567460572101295,0.20806439921616637,0.30302995960274437,0.04833956857374771,146.36042146384258,44049.836027086974,4.390292011543282,2.014508491590605,0
9,76.43485192435908,5898.708698058381,32,0.9130846660822636,0.3865267469476321,0.18049281957404809,0.3199203836015269,0.0435359937947004,237.08908910414402,14553.279996149988,3.900250225978419,2.684808030037207,0
17,78.29317018052198,11130.16518651161,36,0.8270962693552922,0.3390728671106221,0.13391696691329386,0.30885096205713847,0.015278175609865965,476.98679519996,16375.815899286597,3.9160277166308965,2.8861254544855077,0
30,69.82604017471908,10448.767685006778,49,0.7329127726905607,0.207579674448129,0.10864486887136647,0.3053392400144419,0.08546828288924006,489.3778320901477,15226.213181936633,4.420397985638103,2.169406219060651,0
18,60.84815161837684,4076.7127904848658,30,0.6043260745450769,0.3604996815575561,0.2574453736115889,0.32308714369680513,0.07513961889483854,189.5939677294956,48230.45720751415,4.373143563704942,2.778649518524518,0
27,79.0406129008288,4619.11635367881,25,0.768675387062224,0.29911319317585733,0.29242133584218466,0.1445963356771313,0.08437940381654338,456.8247526520241,34516.560451557074,3.511644867385914,3.4015571306302474,0
21,89.41919023432006,17481.809574583123,20,0.6262028348669446,0.2474943883433204,0.17226754500916935,0.3910435146350201,0.014531564307388955,189.08260926751962,35732.69259293008,3.9032769934617226,2.352499999986931,0
19,61.09322135216213,12741.59381998834,15,0.899806228462306,0.23412043597413942,0.13561205561608985,0.24921200441995034,0.06880357028245346,141.05732859206097,26493.54190702198,4.057131011404833,2.0002545732175046,0
7,85.42482996206155,19373.91122076008,50,0.706609285336277,0.25250132209583953,0.16205537465496953,0.3014423112337469,0.09553196169940292,245.3369910279244,12171.008532222713,3.7229181143963146,2.6816899739053763,0
22,83.71914799051774,13199.169576490465,33,0.8505697250991042,0.1342070075067215,0.32779598532373516,0.166524132346057,0.04072214031191549,431.9535542537605,48577.3473381736,3.7919835638082815,2.782977629906204,0
27,37.442556047472856,18246.911017526993,41,0.649157215562787,0.3150568337943649,0.31646772863539485,0.1320884516558557,0.06497665895248154,175.01736021264134,47208.65036612581,3.8928964899151737,2.6855690124394833,0
30,43.340513483994854,8744.870326161516,36,0.6162751266682094,0.28997214027672913,0.30164253172757727,0.13696575709911846,0.09025789194215397,282.95515077846255,33572.64666443775,4.004197576155037,3.44578213429632,0
5,67.1255043263359,3825.7172957423886,37,0.8935856387376206,0.24487958906077792,0.252499869721565,0.37634869421314043,0.0259482194651931,331.42175428167064,39219.78646971111,3.628381782051578,2.581108368830999,0
24,72.43125417671136,8471.34395368302,34,0.7465326610418056,0.28269810806790796,0.3077546606116921,0.17447163672803911,0.045808299680973726,237.14352241305008,21766.94168235233,4.304796830813377,2.2072700084680186,0
24,79.00099994279876,15723.256719924573,29,0.8950760509485229,0.2643417914078553,0.19417323852749396,0.3210455945182862,0.059822340659294246,186.9370228078636,18388.507850220078,4.214384535629894,3.0299169459785547,0
26,39.28702100137982,15076.739542569729,21,0.7763627036651374,0.30829359211819796,0.19671441922415656,0.13462157568508765,0.04170140222165897,292.14796895625074,32825.52777012397,4.167157238052217,2.626216899688283,0
28,92.5706200964544,12076.3476629613,37,0.8829066727643435,0.2568189958627607,0.10758164237634163,0.14359801348983867,0.07032287608902477,179.96096690588672,40007.400746802145,3.66093539434323,2.4299233222386647,0
13,40.24998730984872,4054.558006972911,28,0.6714003161620935,0.262351626229971,0.20760473120367426,0.23577835135716202,0.0654497950384258,370.21040540782354,32475.399334681475,3.724307386148071,2.9706791664801973,0
17,46.631683079634314,16333.221938805073,28,0.842527626324987,0.11409396438259961,0.2144747884293377,0.22496987124540352,0.08093003770577942,374.05950520233506,48633.32854274648,3.5538021923077494,3.1155049493686233,0
11,73.43931869282943,16275.723178890052,38,0.8904942186843006,0.3734459131221216,0.3113887206678364,0.2942897156650002,0.07795969346876949,318.6460546804965,34135.47909154566,4.2761467451223325,3.446434734689046,0
14,61.41704456820944,19718.70650056899,14,0.6654418035363132,0.15213853955659157,0.25415405583237216,0.2131594681157937,0.04856570329606609,322.6394482381332,15202.661204614891,4.083986057683931,2.382524222198633,0
15,62.643193674670535,18937.40565800441,12,0.6537961842493704,0.196789008968056,0.11525663235856805,0.37971455967135725,0.0654047808489397,364.7560843859756,29622.037646147062,4.07267699055493,2.537128382245609,0
30,79.53770929761328,11931.716142142966,21,0.7822122005660963,0.3358774718012073,0.14781114775523077,0.2629240465246945,0.04630753597822115,239.76118034481425,45335.8695546847,4.163334476440277,2.4965998049169533,0
14,45.291170004916026,15795.146722426787,43,0.7662000160576468,0.2684004049532601,0.32564012702062695,0.294790034015783,0.020324975626203876,238.4029163291074,19613.915057330265,4.142264355821171,3.377910948780906,0
12,97.12277712517535,14603.373133064975,30,0.7334804126663234,0.33886197569591037,0.13401220825137777,0.17697716699593657,0.07515780475329316,109.88229188721155,30674.71290293606,4.270494322292194,2.77146359312702,0
21,61.188982830020265,3745.4782354785298,22,0.7121094650019939,0.12470363441455026,0.1287869293258968,0.3914886309719299,0.07959866664124828,313.2823288659173,35077.32303901667,3.710781474935525,2.9442717258660003,0
11,90.54655989988419,10211.560682999389,16,0.6719528487936703,0.3486246012957608,0.36359116951277237,0.3224125104588421,0.04917139864109832,426.70173925087187,12884.819730189685,4.1860435392987325,2.0356294191542106,0
27,53.220076282710146,4487.855264881377,13,0.6622972572444019,0.17557240029741275,0.12113262766963756,0.34648579558948944,0.09198879169880089,263.05311139831724,28045.026549761667,3.904448020704277,2.4746063688795004,0
17,77.13091126293989,12092.184291037036,49,0.6221331567658946,0.3237853093123615,0.11365505613583778,0.35447537170184285,0.042193012487324315,301.13478036563254,21593.463953403203,4.185878659049799,2.9098487617802458,0
14,83.56919687143238,10440.494540959826,35,0.8877428295556686,0.10924574540701733,0.14689704224497324,0.1659597176381531,0.07720785204462208,418.7081748172182,43978.697522200484,3.7949784693131914,2.9510685035296778,0
14,77.41023318535437,18540.871578538503,33,0.9350870771878419,0.10334506233079177,0.3624300782868335,0.14241215986736527,0.013759582642113303,329.0874379773583,25763.268034801495,4.047525450192238,2.1276902851241584,0
11,82.38076107129554,18360.28839156728,32,0.6741079300226946,0.37168840910330014,0.3554376554024653,0.14273653513406448,0.026559345050684482,346.753969296063,20109.671114184323,3.6146225421231835,3.0064668670258676,0
23,89.65757894372331,17473.591281233064,45,0.7614428212913578,0.26489938290375004,0.1871958002560256,0.12020882722144041,0.018838216124233476,390.2357029336561,29487.61640534994,3.8308509316827233,2.1923227198939275,0
25,46.41729941221441,7847.331445900859,14,0.9150415067950226,0.19533578117011763,0.23519379346448052,0.284902729077836,0.03751079404660487,333.6679731380789,32622.080316204392,3.864493435678629,2.474499739244494,0
18,41.804765763418615,8324.651272482999,24,0.8492696945289945,0.2922515633019598,0.18300395050669474,0.20784579992511681,0.07116221618628167,232.62518011893576,29198.15881933223,3.945357973566216,3.1621504422888735,0
20,68.6170278312138,5988.092735218831,48,0.6286907925801541,0.18418478189121257,0.34793310196698085,0.3673891116796837,0.02767887364097773,393.417846817779,35064.75540294122,4.227425367201865,3.338157776951383,0
21,74.21385461228785,16814.920797140436,47,0.7417970636428899,0.2770108935522154,0.371891073219455,0.2654781995578475,0.05891223915263068,499.49127000474067,28884.158031317034,4.275197238837428,2.548727945154514,0
12,92.40062806047602,13023.212831205547,28,0.6468584408063098,0.25033695141318146,0.12716620727654954,0.20915966742225128,0.010953251493283087,195.55232181543656,48560.01073316933,4.481853199109703,3.0262424852607053,0
29,65.98956763614675,10585.74754526303,21,0.7982250391099538,0.2697437599139213,0.361658546256428,0.14385971591454702,0.07588040272530397,475.67010330794915,11616.793042069408,4.261472377834038,2.3476248614064734,0
13,55.8604629813232,3727.743494256997,23,0.7812598304279456,0.3374381371466474,0.2164279329843988,0.3753705832093436,0.08933967831864485,115.96187943395906,35940.98994853231,3.60322501289648,3.452662101254309,0
25,88.07530089575553,17192.828525695688,26,0.8025210022220203,0.2710480455469709,0.21299787086324837,0.21355555511704857,0.06289109422862746,459.2906470163735,13113.498841721683,3.751586410226887,3.4590111625258895,0
12,66.14602475172993,8999.266131915338,32,0.7704015469359614,0.24463302691393782,0.2812632940857061,0.25055109534122255,0.022507147636941695,166.24232897159686,13083.529029649875,4.14347700238831,2.3172756562036323,0
10,41.015014688339875,13234.34469993521,17,0.831388375018695,0.22438410552853189,0.1990674295729153,0.13400160926919427,0.07077064836839823,291.6084653458116,33631.63595236726,4.147259234140552,2.6163488107448,0
12,33.02010319346158,12749.27069298856,20,0.6471534168000456,0.25379284480033265,0.3672393014407217,0.1440595300255239,0.02497072296770936,468.9787482620404,30665.627705525854,3.9054563164663127,3.453865530680172,0
25,31.303402494606583,15232.304091569507,28,0.9315388540179429,0.1649780253675655,0.2819577693777736,0.2414240364744568,0.05335015591495493,187.74552592743507,26430.674076330277,3.642712137062967,2.873969206442533,0
29,42.731890630906975,14214.028750983502,26,0.6587025955577595,0.30567734914125044,0.37670558345348426,0.2789600087492079,0.01619586073371202,251.28454084832038,15288.527938297426,3.5165626272734145,2.784067014525738,0
21,77.90574818391838,17050.741155017466,48,0.6337045018531215,0.2427607556468432,0.2844244508441101,0.11171096908543848,0.08054814113548917,301.33168325538384,14700.656262990819,3.982240935112481,2.1954932611657467,0
24,67.75001904313658,3020.403498772324,37,0.7827154803815439,0.21111323507463406,0.11303148500094445,0.25894495568191167,0.03065376307411452,420.9200784031255,41582.22340603819,3.881236496199055,2.8835721292118097,0
28,93.55012136181999,17232.238738566855,46,0.6342009179213739,0.14016493168738042,0.24314237110136203,0.16975386718679672,0.08731479225712703,213.30666720358232,45070.652527728984,3.9086467046872153,2.283531520576806,0
27,82.05519769534152,3120.9393503202596,43,0.6412400113934028,0.10215821573517445,0.29636383624095924,0.30633002103333284,0.03843115431663436,244.9079159098363,16191.143222472543,4.151575934777932,2.3804490893479757,0
22,59.64930832033542,9215.949605420019,27,0.9471295359597502,0.21923624445864237,0.1611080983576808,0.26563148450208107,0.06018064076767936,171.48783913318204,32363.753186139864,3.9837601576281907,3.482762396037427,0
23,54.10494129503975,14993.408335508448,18,0.899249622988259,0.297784854737861,0.3243442585239663,0.2339784632245658,0.07293802980655481,164.7180470832545,18578.325661523202,3.900560906425723,2.5076567694640204,0
22,72.98177569206072,14637.595594044244,13,0.656258303196626,0.38937107541235527,0.1015871900417716,0.12732657527161123,0.023079559225217837,470.34471511913966,27415.09738211056,3.5640804563693105,2.3326553669292682,0
7,72.6320202845549,15316.410128277108,35,0.8148879567508498,0.25630166296616774,0.31348174951269436,0.27924176914422894,0.0951144272061047,428.0914937712882,35611.652581205475,3.9389720485412356,2.302560864209022,0
26,95.1530927142031,11808.60579656147,22,0.6117632729886904,0.27985447386774687,0.25474408946584853,0.1695012918454185,0.0252534602631792,114.42445325773951,19570.26501149509,3.5002872718546234,2.2361671412755864,0
13,84.5771015283492,9003.170277060977,35,0.741907838397682,0.16009311493726677,0.10460995674936219,0.3110865773304191,0.09272596789982115,319.83706141857436,39045.548388291834,4.0591138669476585,2.8743986228268064,0
16,97.43013655458421,7700.633427851078,48,0.9370699988162801,0.23642770259763415,0.22118694091194882,0.10139543546983787,0.025753130813256774,302.4952385022192,32345.22851478635,4.003169166253893,2.5099488416353104,0
8,86.20595698006503,19264.058942949676,44,0.8846015723622309,0.27246816363217274,0.30825755844139,0.38981663668993183,0.06068517434244372,407.9868770935334,40298.931401866896,4.461238725301614,2.688272644001186,0
19,92.75666759221147,17654.395747668757,40,0.6406939055043229,0.12026627819837608,0.2900985392674566,0.3982594100096427,0.070922167845859,191.97205543566164,22629.227761157144,4.45544568712336,2.7747563258072576,0
5,79.05729866215879,7476.944753679479,28,0.6325533005567321,0.30210937503454416,0.34632240684775906,0.12280864616010674,0.09382566158520965,290.62218163571583,24141.51704864684,4.394316252870206,2.4036136737031986,0
28,77.81751159666379,18468.766802794093,41,0.8579892867794877,0.17045841157904806,0.17261695535348914,0.17962161199773544,0.030628677891559826,433.97619202642267,43453.38839846757,3.856027373343673,3.168407720774665,0
8,94.41316906730927,14488.80612290095,41,0.8148394413465133,0.32927326379065813,0.2624421863809074,0.11267893801929933,0.05340628730809456,348.2669899327067,29693.61510816848,4.485361329324449,3.3454996597899425,0
13,64.35637461245827,19734.709605518427,42,0.6980933181141155,0.166627834923944,0.272999555904223,0.11624445138663525,0.0819342926001983,291.3280306448174,31630.717823673083,4.002475212121673,2.590575384278597,0
26,84.31327746984381,10772.33258337246,17,0.8443855988336488,0.23802117701392903,0.30676316471789467,0.10354599358313468,0.028967714713130296,332.40328759177874,23017.447996617055,4.1127780963617715,2.389551153635447,0
22,48.39943242519901,7579.939901924662,49,0.7200837610518445,0.15517410225891326,0.22718286412328292,0.22572788305739902,0.07769761870434781,246.03119449116613,26023.70389688895,3.950728991477856,2.857114577268874,0
23,78.02083384990448,16841.241290403792,27,0.8814306533525273,0.2666020142262103,0.356892621623464,0.1588189642410958,0.08200337124111737,395.4168055938126,28919.4809811319,3.509742291097397,2.632281003515398,0
9,99.68932392097211,17439.62856174323,43,0.7868939057156153,0.19471817415654571,0.24598605923362268,0.17529221004725645,0.0872651784204327,119.08372163296312,13958.991971773856,3.6633418802919713,2.323200987433844,0
13,63.357759704649595,13707.657610156626,38,0.8606076271618142,0.177930736603503,0.20809197402078666,0.26724744647408555,0.08290142933424066,237.65611058424508,26470.436191927638,3.8510904898298426,3.0193787771811698,0
24,43.92706774458112,12790.205777046927,44,0.6610885925053104,0.3340927294297712,0.20653271151726757,0.3019578520442051,0.053874436987392554,394.610465904862,45585.29796552882,3.881070998412846,2.4297853648336836,0
25,96.9616101692571,17760.38005835402,50,0.882701000384974,0.20121649299967995,0.28938202249775113,0.2714912721621381,0.08640106947449278,128.53763127062297,16479.979557879415,3.728217939387873,2.475317362543342,0
14,79.73034395816228,13291.54454141075,35,0.6949368354729721,0.23346951629439155,0.35884194509410083,0.20894945207512863,0.06282277961734095,486.21041312899786,26559.562434946925,3.6838861991033838,2.0346516384747613,0
28,46.423903452914786,7277.999170030912,15,0.6737000220151146,0.2191136749901086,0.1286661156947741,0.3810380985111542,0.052586721698634604,121.53017528761896,40837.3482218422,4.0239827913418145,3.494020597076988,0
8,48.371658498549095,5639.664154002752,34,0.7082797287424994,0.1742189557945577,0.18525258401742672,0.2879442053878569,0.02181493995641775,435.40711155714985,11142.851720796516,4.163549135303804,3.290553226120089,0
15,90.49687991537773,10942.289103378997,44,0.9272001500825959,0.26456358234177146,0.14053447239743677,0.38454583964710587,0.058535881161192786,336.3323706316477,28261.73681946025,4.24891160157212,3.3159405652133875,0
18,66.64218630481552,13871.980228083805,29,0.9181231030934223,0.24449550481066434,0.16813853339413054,0.12686620676933297,0.037708136684600255,264.88152223767946,16228.701562754188,3.5105558186776364,2.784974360637886,0
29,89.35625418678694,8846.043593249902,40,0.7872846108146829,0.3063309891270587,0.24757949623530548,0.3266418102616081,0.0369649466188396,406.34768137465505,41918.59105018455,4.097003752225752,3.195151075801454,0
22,56.15507135689235,9999.509774124288,45,0.7529872282457591,0.17496883533135688,0.3144813948954296,0.2937972397872581,0.08455841700771619,188.23697049313864,13168.389327001387,4.1253230142560735,2.774915092787202,0
30,93.69680824074995,16728.773987268785,27,0.6996368991357085,0.32287806763934557,0.34264259472971115,0.22387116295397425,0.08681338210524436,172.96287160105712,21583.81197165142,4.136892709548347,2.926594120853773,0
13,79.03308185631606,11363.93223846272,30,0.6067883890364487,0.11488962166692959,0.26049122591792995,0.1557812794424577,0.019204613979088576,207.67805315565823,38607.837688451,4.227107070447535,2.349215746933933,0
9,31.030739281703298,6692.197448108483,36,0.7090518398210695,0.3398387055808211,0.39938903384967994,0.2391053401610288,0.08122822428387658,232.09945881433214,43741.85197072314,4.451644041732608,2.084057516602839,0
29,57.46952425686216,12234.263159278744,21,0.6672673025242585,0.3524617863820779,0.34517521719987115,0.3484756142182995,0.02097654005671937,407.2582683404759,19958.494420289364,4.271225333027335,2.66444141321438,0
28,99.61747864146322,6386.057897166823,16,0.7823986920200493,0.39463475542168425,0.2418476634974546,0.304432696017356,0.038089842902566284,229.22527539316246,35166.57016522797,3.542185915594731,3.406131385448351,0
21,38.54990584948578,11180.903083494604,29,0.66955327113084,0.3662558728130628,0.35909729972488014,0.16533647471653087,0.02016356133846138,353.1635863606979,22980.539505203873,3.667360356408286,2.4141500657576715,0
8,57.70658102065373,7132.518665133472,12,0.803376957954588,0.3072254243685395,0.3065219616805292,0.1464975827293068,0.07937173000017696,199.48890256195799,29996.768263400063,4.185944643755591,2.507633145125755,0
29,73.75926311465847,4016.1772373601825,19,0.845464849008051,0.3374398733095638,0.13774823729956792,0.16980238925681906,0.09835081398674503,415.4247303147494,40267.90092805556,4.305525376586586,2.658078347144896,0
11,31.494698287900526,9422.07191950714,18,0.6877436843852107,0.11184656281464277,0.31198779367841784,0.2677074371905206,0.058846066912512485,296.03679832749316,32668.069358654833,4.043620544282084,2.485521313537684,0
19,49.27271240008122,17132.943087649037,45,0.6561201931842178,0.25934122909983726,0.2348152599387005,0.34582556544992915,0.058744535692335245,281.6315919182295,41036.71629370036,4.005957732938555,3.1004866121582793,0
5,73.38142245991565,9189.278350712968,49,0.6835752953756074,0.316301068805177,0.297486825213946,0.2616869564780214,0.044874175616266214,309.62790752418096,29901.96638278189,4.051467807249215,2.91955886352579,0
15,58.68631694364007,8474.408946021573,16,0.7831201887176324,0.12000395292887969,0.3505580073694875,0.13893227989667384,0.08861434998225151,180.83161147551286,29414.81148946781,3.5987535866485323,2.8565182720320488,0
17,76.05448807994779,11938.963164444998,47,0.6895784856168923,0.20990620602828888,0.28178608726973503,0.12126218828503661,0.0937189933128146,183.4952373974006,29656.220057130966,4.389767325163467,2.119935204849308,0
30,74.72417015022793,9135.742869126334,36,0.8877092806933374,0.3382748731414239,0.11749000733414953,0.2850799976270251,0.057611874816259616,393.72013530250825,43378.25992819802,3.577935374860491,2.3238500948315868,0
21,36.798347511036376,15327.922857756212,44,0.7348658808790978,0.15793583436204198,0.2970629541175731,0.2710083006888443,0.09527530101016768,323.36939200518833,32325.66428637045,4.246108376275854,3.1494251300240785,0
23,55.05743561099826,10798.250071282364,37,0.9089884067806291,0.15004279567106424,0.15411896158002047,0.22046715208446857,0.04037615835054121,163.2705823597326,49937.342882131255,3.943012169998288,2.5284861129054983,0
15,68.50569396765835,19946.455340974924,33,0.7443201520850101,0.28997224665564614,0.34784649251222843,0.19703527601453671,0.0316650300523864,318.25049583294435,25002.522994788946,4.050238705621264,3.116867522754771,0
16,97.31562429419341,10607.496412970238,35,0.6000684697494629,0.11039887066846298,0.18534465118295584,0.10489073436917967,0.022157713840954607,456.1298230345298,10262.753158907279,4.4843944253168,2.322234219190334,0
15,31.51909600203197,16972.978681600944,27,0.9216892290397145,0.25338144650233485,0.27120046152008126,0.2714835490764263,0.018485841478379568,284.1479222645037,16244.284253838117,3.76498817925962,3.334438028732192,0
12,46.30959039879641,16788.262025305194,15,0.7996705058211787,0.270719481076036,0.16523118406742654,0.12316046965922534,0.03922228486360145,293.0132692244723,29531.055934937365,4.39902409679886,3.054271842273687,0
8,71.66618417917061,8106.685315335669,46,0.7335411386748185,0.3340365724025429,0.3765614489560608,0.20031689334198133,0.08918132523851657,273.7217587724975,47209.8433577511,3.620540528519351,3.155585086644266,0
28,75.69454282122456,13239.127783381222,10,0.8218604860611,0.28965808611173993,0.11623838463004692,0.25731500545408337,0.038738488618982395,325.96515759700543,23073.265106201652,4.1977686525940685,2.2297962239070217,0
26,81.2105001495459,9679.005976823599,38,0.8634940710536857,0.272576456155023,0.12702488576341933,0.229580701045207,0.08077314686394495,159.2049602633388,23446.72712163481,3.9758546543973727,3.1179725570527212,0
22,57.94339096828593,4446.342786960002,42,0.7520718889000921,0.30936115487748794,0.3286098758910688,0.24427675059280438,0.027829767494704567,258.1275214321864,32853.22731617072,4.061167609810806,3.495618150409323,0
21,47.23720883549791,4217.947665798443,37,0.7131940744046739,0.3772414242685249,0.12687839443802057,0.30152426603492066,0.04811865421290761,239.32314273860973,22829.53451410678,4.09387714904107,2.0363102455029036,0
14,41.84786848079885,8945.178795425272,38,0.8181137546974157,0.23213902721899202,0.3772639620710282,0.17004687905241223,0.0716823304716041,162.3964868716412,39139.47011612778,3.5858144395975153,3.109372445060365,0
12,96.42586405180522,18754.404816854818,28,0.6048066524427009,0.3081385675168353,0.13338339769494095,0.23501847119150382,0.01204733036360818,183.60381644968083,31520.218316279443,3.703801352876605,2.7848988221997972,0
13,68.41600383677962,13591.713878577208,19,0.843274900276693,0.30047817457852183,0.21298200096861633,0.3718120858003088,0.05741191814775304,202.18253782486812,12404.401983026724,3.7006960570006706,3.044790032706761,0
13,33.71596740593952,14130.88382086158,10,0.6233092273475662,0.2981118476494634,0.29889449071604673,0.3738606341036418,0.04241972280878875,143.15657323324177,21699.823101583253,4.383402315150285,2.5797848392036027,0
17,65.59782325001683,15064.709571698777,30,0.7696317531419579,0.27913192256888897,0.12640620064679695,0.15966256000247034,0.09701122351898822,324.27501656517376,38498.76762076868,3.5397524032547483,3.383405173526131,0
14,53.3498744241543,9687.79690306367,20,0.6064302788777125,0.30529340658764487,0.20661343997396003,0.1906978634809064,0.09963949701221275,491.4351299442394,21035.131159988894,3.5620096968545942,2.386519047007083,0
17,92.3281460255133,16852.59684053173,11,0.9304478443729041,0.3847349255089324,0.1676748092883263,0.20253584585452522,0.04535619369986548,154.90427043376866,39195.58655685398,4.020717844073516,3.016992344846372,0
25,78.05663187742202,10094.66672007839,46,0.653462203959098,0.39116115192856515,0.37292061806925136,0.19878542151116396,0.05880103760853032,182.70290986440375,15543.061071941465,4.041353826851015,3.2001575887461406,0
9,51.629887731352795,14987.318592346712,43,0.9183469503919659,0.22901928945411548,0.37270062858412467,0.3310149993266591,0.0690608577726237,325.9377149257425,16321.91667482144,3.5678140413562973,2.7994423204876657,0
28,38.28711035020251,8399.159016250687,19,0.854477836641067,0.32963050377075553,0.3640395700325728,0.2242120466259037,0.04701265869514144,277.20179481986077,47350.74097564772,4.3941300931338025,3.3998750456237,0
13,40.63699390394652,6194.871237986641,18,0.6646612738010985,0.3287342451198897,0.28359447930070725,0.1800587839013439,0.06103387836450772,192.3645394932052,19287.301370773428,4.1873778851783605,2.538892001801827,0
27,84.58783748270687,5279.472668018325,48,0.7640672244072458,0.2948705659224676,0.15519294333188854,0.21623808627898752,0.05264622287732471,165.5145501889581,19050.92240340398,3.908589160178146,3.4532226214000685,0
13,96.51386297429414,6783.421610446521,22,0.8652218064039702,0.11984089727046682,0.37813096185333817,0.3956882918759105,0.08804161023747431,295.97715940434546,22995.825072161824,3.957544929441712,2.3701757612923795,0
17,84.3350303391206,13334.80928466201,34,0.852070319723443,0.21824521261044938,0.381741739978942,0.2715803353349994,0.058254344666531295,356.557529794523,38164.50202075239,3.5385119730282506,2.1639744391844746,0
19,87.89070711615449,3721.070572154662,25,0.7815459284056291,0.21868335899076755,0.32055102446508027,0.26731028494402287,0.05645140147853187,352.2594212370882,11971.817967251041,3.7911793622341294,2.597059837181839,0
14,84.1573908771088,7860.548003337545,20,0.7478617638576545,0.2839402837731678,0.11636400004465794,0.25509089507984145,0.022801565689758246,431.95740177065585,28067.923513186215,4.222646791492833,2.1697573793653926,0
29,70.98134045041331,18203.576310231838,44,0.6473573359666269,0.22406779152928502,0.23526575645412232,0.1536635736830847,0.06312839277606887,385.0537565225211,18077.280188366305,3.954683207647351,2.3751234411158575,0
27,75.40035011992882,15094.985675366712,20,0.851431151901497,0.13706326505063005,0.13424948164722333,0.23481952540741657,0.04266490502415291,309.5269224264596,25363.494970462867,4.291066594237025,2.767499677226758,0
10,56.50750419888058,9470.319157439495,20,0.9192884725877464,0.2696474735542508,0.2978591021806132,0.14502692035315354,0.08819366837303835,171.54670586930746,38481.8995151849,3.9195816912357673,2.4642774581554727,0
29,97.26762794880626,7909.269136560696,21,0.6411438924408679,0.13947130954362574,0.1608555115838339,0.28676809839620254,0.03277998776062353,283.45706313141466,44216.442256761264,4.0435011596043005,2.0086258233485808,0
20,46.65148478136337,13010.659562133256,40,0.7588084693517757,0.23256260844932106,0.28036496996902405,0.10197190697054526,0.08939510784492452,211.24517506291278,35145.417021974514,4.320121391305719,2.3114564014477894,0
10,40.37793177257832,14105.706929663844,12,0.6508810456755776,0.1097296275205833,0.2734278146282161,0.2809856391663288,0.039799997902174464,135.0810737879019,14355.505829142605,4.493735180633131,2.2420028411458115,0
14,72.77628292340577,14755.731507371334,48,0.800298905935568,0.26865315924008026,0.38988797915429885,0.32480044270820835,0.04241697828347373,114.3360170517155,40740.479320077444,3.8228218508405196,3.3462946643561797,0
7,83.09093914860985,17336.263711437645,14,0.7024914496748588,0.14036373672341532,0.30838583154844035,0.18232556282552004,0.05743474600641588,309.85848370148346,37833.17989380687,4.112053744928424,2.1639533516544893,0
28,98.55449619910495,11992.09259288175,15,0.7692820441233064,0.3065962834763036,0.38016750243645503,0.3958835327032335,0.03584685734238345,343.53784277378907,22659.54233993889,4.025391225331594,3.4925365033363267,0
16,94.89737577050865,13442.92967442262,41,0.7818970300645728,0.28955728224905086,0.2477513361155548,0.15397216949685738,0.06484651819575539,383.43482700135723,49170.30638264281,3.501580917225831,2.035980196277264,0
25,85.77127872597276,15536.962385603683,23,0.8798475229394271,0.39969610217503926,0.2242123418573116,0.20013767708014707,0.060437395442604396,355.0014174352226,10451.890719121191,3.70118713893009,2.422440054875808,0
30,34.748524438918224,8104.827907783714,45,0.7133733437840745,0.10183937873058785,0.3057507365940874,0.20240847556900082,0.07519569785299106,346.39733719859373,11164.695272458424,3.6756290882379976,2.495772248139515,0
15,94.55958356762757,11144.840647092251,40,0.8790390343401236,0.2936956661993725,0.24444865693610823,0.2881601463123067,0.09028524941109264,314.7870179889458,23404.386181375405,4.283989033208539,2.6209295980012786,0
28,33.921559963057945,11858.244814640608,46,0.8537374540222373,0.19465085243100794,0.2607656427146161,0.16247874105885096,0.0716943970311786,419.8141333943201,45521.17878072941,3.853595540420808,3.45441993865339,0
13,88.85174074904711,8765.59110523402,34,0.8192787966653376,0.3527217324807558,0.27129449234684355,0.21686988216797765,0.06356726803269995,445.8374762008903,40061.60834678453,4.205266184045519,2.4717490975913408,0
6,49.00481916197292,4475.562344863454,25,0.7300542519105018,0.3488372406752261,0.1907886115077284,0.2575301259062848,0.025751147121942153,249.68627627177233,11495.80144220304,3.702098413656308,2.1389061783675936,0
21,31.7454342240972,11205.274249495928,42,0.6539272220177508,0.2020347712717282,0.24504158288040995,0.3621637281558543,0.03793228380231551,230.9351806142778,40779.25588840216,3.598251564965684,3.473410210810868,0
21,77.37021021165269,5256.191659630691,12,0.7607789437149157,0.3141032171207895,0.25670346196555194,0.10123296077023738,0.09391036096187455,374.8209322933078,33771.5032314882,3.5870758915937673,2.700313853724143,0
6,37.21719806224435,16025.063143690919,29,0.6078680914055253,0.3275481462004995,0.29165525561303407,0.16295370605784737,0.028049996102818157,214.62695085003833,31291.03223060065,4.272787097402778,3.0066860629355627,0
13,40.45245059598029,7651.827059282561,10,0.9354043190779591,0.2678877290652558,0.13071258784810613,0.26275861416083157,0.05944290912645789,208.42084032761102,47731.112749681975,4.304002838457135,2.861124413961452,0
10,34.987000985416984,13425.469019771612,31,0.7892019857114305,0.11521785511838048,0.10869780586079263,0.3709877222973763,0.014541040953497756,253.43985573589762,13444.783218641798,3.89191676064568,3.05701639051871,0
23,74.06294829049861,14732.12324745367,38,0.815710368189726,0.1937321953453096,0.3452325937110494,0.31386960541844944,0.07037832388905424,313.39397155805113,48947.27555596351,4.255742935571285,2.6985430445647536,0
9,36.504132203009505,16639.9584683382,39,0.6340420488972549,0.19311750535177732,0.29332558298904277,0.3299480485887749,0.052349128729496,478.9793080800606,15748.867351143439,4.395700861639843,2.3870791485107867,0
16,57.44538428511258,14893.44855840128,31,0.8760725472217579,0.3647211670683945,0.23598492030987162,0.10907923966355293,0.05278009258329746,240.57632827357077,28449.667348195988,3.6708015448023184,3.151912272147262,0
24,70.22747806398257,11635.144321246798,35,0.8861435122787622,0.33902733200858826,0.1977609184894335,0.2948354238366872,0.08131878455870324,313.09822637133254,26032.658991377342,3.9134419056667036,2.9313122582848115,0
22,41.13142027089313,11200.369153357145,14,0.7192499553627025,0.3441747114674595,0.2772910597126525,0.33529419298515895,0.04918183372206246,414.93070823610077,31781.075207630736,3.736154319145422,2.993918385389505,0
7,81.75569314629158,15102.449966678028,41,0.6400130011681996,0.27882264806980295,0.19761342828367884,0.1292961727574983,0.050069460912463525,223.2142894145353,26231.74788642157,4.098259181594436,3.028263022907824,0
24,83.99403652094752,9441.487227126509,41,0.8257461904068117,0.11844466646879839,0.1652835320317006,0.14167502124740525,0.062269110242225534,401.9954044703627,42393.57471471558,4.257077717384139,2.9913220906542586,0
19,67.18790747527203,9629.705223923374,46,0.7565059190130481,0.16169850457053658,0.3632276057822952,0.18992060028823404,0.08149119937560248,371.8235710398857,46740.064902106904,4.4366764831150105,3.0766868328591466,0
16,99.3202479649344,12906.358623042905,49,0.9452475769717124,0.2212592248193251,0.13826670911723044,0.1882553988600013,0.0432300604216517,319.55405464142416,12125.09244705537,4.203354124427067,3.2311299254599537,0
16,37.678882183785355,7797.557187948777,11,0.6823344096623392,0.3106665646810023,0.21828049710068323,0.1954381928856082,0.04445106533574268,252.62601803299796,31804.751518731136,4.162487560312525,2.712307119433606,0
11,68.87951051385443,17336.57040235545,33,0.8939869403543503,0.14628018726811753,0.3992368129031413,0.3010198245768603,0.0220849703330118,128.69839861508976,10628.311975001061,4.221339232361977,2.730052005401925,0
18,98.24825189497497,5308.187674278604,18,0.8247850148534742,0.2247566398832636,0.2368085963135566,0.3366785273597923,0.06439865614271158,270.2816683746829,17191.895083902586,4.009414914430117,2.8280750455715293,0
19,56.93003024810184,6837.59561299121,37,0.8116006400629915,0.2733815502334169,0.3540411660021098,0.17102499018340558,0.0551555924432914,264.33512546588315,31846.650414571865,3.8669700252522667,3.4673501741647534,0
23,63.82876924680007,9265.836178688662,47,0.7685365180418506,0.30714917945875925,0.14262624397170276,0.3193879549050511,0.09852211883173555,493.4673510509199,41154.792690104354,3.964936327315491,2.117351902909839,0
24,36.191244551287525,11031.676729926976,14,0.8394259067013166,0.2617591637330463,0.27388853202573893,0.28391173419231386,0.09132267453461257,314.01330464639403,10431.336006185056,3.9540347718645865,3.3590826221097156,0
23,81.36701832120104,10157.27382152935,28,0.701222955127268,0.11059787205245603,0.37685935481854493,0.32482758381382565,0.07542745426782921,325.48250931633453,12456.710526138557,3.9731605319540284,2.253618861431554,0
6,75.94239204619481,7959.804547959775,49,0.6095543306349626,0.2454280564543087,0.13804640063404167,0.1230586778777359,0.08053865399216407,200.82038978498804,34631.91040783284,3.775217114820021,2.385433580885116,0
28,37.808458300437835,5968.435410203302,47,0.8586385317362655,0.2977466921060976,0.21093004898989356,0.15261980949622225,0.08042749347589714,194.47835232293158,17232.367634586095,4.027388854786861,2.049635790394783,0
7,97.71419435854939,13124.249561704779,19,0.8931649768619381,0.3258283890640413,0.22388436295919373,0.21495009788412028,0.06946005597424992,390.3996367382248,16691.330436127406,4.077757393824764,3.2627495528579766,0
6,74.95827681204442,15843.226834625208,17,0.6183831189472984,0.239204478410061,0.24286958270080491,0.2428798722017196,0.09534265970974048,468.9836994782711,19346.45246857428,4.183509958577214,2.585105729936692,0
13,40.16048816689065,17794.721509445335,10,0.701077277768611,0.33919271331016865,0.21460122841259854,0.19470658740795266,0.0577228080589985,482.34829914873126,13894.572829518358,4.031293352227093,2.5307421418597955,0
18,72.7339897622387,14085.12071216141,27,0.7172385923163156,0.18012634471576594,0.12948303652259094,0.2963029844705243,0.04520383873209188,409.26040612247914,39963.63647037654,4.234313455759658,2.8830864366572047,0
11,66.39666254534171,14521.20872389325,21,0.7096444397543697,0.10317339675009665,0.10254284999897217,0.12038558649710135,0.04701238899523682,310.1057055708983,37419.98208938306,3.851516419793787,3.0878759840499277,0
13,43.51556720124873,3402.908038569635,15,0.6199086690580614,0.2782415747417633,0.36819008924542174,0.1650474152352414,0.06394464781453803,148.71605249665706,48311.81350945744,3.5863863740596233,2.9070286765311724,0
17,75.94762402378055,18298.25265716314,46,0.8811200230457479,0.15543058491349585,0.13325352600735493,0.15527889785171092,0.03651117549856009,364.19113855416197,13028.567027682217,3.9534437650642946,3.492871060330982,0
29,59.88883792203295,18357.655378795014,30,0.6900678083798893,0.33421938957422315,0.1831862444663926,0.11871621396273152,0.04497313849582468,498.38342684524844,20329.54423296621,4.3128008638669915,2.2668942299549446,0
7,64.42052504837169,18785.967069949023,49,0.7374220558438804,0.29364495312882355,0.13252914058537615,0.2621896470383719,0.04881282187741089,345.58651639025857,14249.988470259075,3.941581709052625,2.388494384698053,0
6,35.104365236527194,12712.857517363633,26,0.8720330078606211,0.10562943793053714,0.24931041333568307,0.29585959979966714,0.010078087776604556,115.13425309838601,25619.352837335013,3.6516074739400683,2.4947463039824838,0
17,70.22481762065934,11761.511050382971,41,0.7673487991289807,0.22117382551144618,0.31833022634894487,0.34368269619058456,0.016308971707609175,190.33873678239394,25376.954959081217,4.189261308446353,3.169744828515496,0
8,69.70707198583547,18895.717187652168,32,0.71670389949264,0.19084842294591994,0.11655840195478316,0.39910473888849596,0.06823669685542604,246.14214460440365,44133.68313340113,3.840062790218419,3.2617723806907164,0
29,83.65556627733339,14012.473720707358,21,0.7940664150846444,0.39025388818419804,0.29822022659555786,0.18966110355231675,0.04510942526669401,142.70720669811084,37553.70329596433,3.9865035421018487,3.327821231999896,0
19,81.47269281195489,5379.030180028608,22,0.6088776119195569,0.3989150678953799,0.17154553939975623,0.21663026004208466,0.08134652546532216,357.36305507341285,29987.366060596712,4.4649538459945495,3.2176671301868627,0
5,32.59298759512571,3952.9257024915223,12,0.7419277495992592,0.16350345270433359,0.296154980362914,0.25693589178853565,0.09460808106531951,448.08001182751474,31462.45573429871,4.241051499391688,2.349478489810405,0
7,32.581436719612626,5407.03802787669,11,0.7649268725329086,0.37540572274857487,0.11374050805572244,0.31038904335078543,0.021748396018839388,168.8996035833998,11998.31989546488,3.807337334906602,3.1905456568743165,0
19,72.78581225833489,17200.986668823083,14,0.8862300622173744,0.1318993600774847,0.24914304896066503,0.3397525667003435,0.02985152718186311,421.78141237092353,27048.45855752918,4.311521029739796,3.4732891291893466,0
26,58.14060272795294,5053.6414726786725,46,0.7910596787785388,0.19647696577704046,0.38940771697409826,0.16396955124488746,0.01410278911424929,169.3790594801418,12528.875506146396,3.773893357375538,3.1363251292909045,0
10,78.74070499759102,12407.931408324122,38,0.6852756133227529,0.2745957405284768,0.1400112631171223,0.3373156886861475,0.06689751517116826,250.45242243308317,16310.146455654598,4.37962694083875,2.1210839115792837,0
5,42.558899930339955,4515.4010803595265,47,0.9104202996887716,0.22486667266526117,0.3422235409742014,0.3317688125580828,0.07231224977538227,182.46408743586494,35593.02814929179,4.023086864131832,2.618046986750369,0
10,72.73765920413396,3639.560603623266,21,0.8510195644569447,0.28361494530058967,0.12640635809419673,0.34794507946651365,0.037107978994450126,267.51434804371013,32308.41613877982,3.691902861874609,3.479905287141342,0
8,73.32446579138258,17666.428021633474,44,0.777639264812668,0.23926480212136647,0.2879392735496026,0.16243261086142047,0.014776211734374677,145.071648945251,15968.69667924754,4.343781694535716,3.3672265575201754,0
20,42.342667215937155,14392.424797158254,12,0.6189096650160946,0.2092579207235527,0.16287692584396524,0.17541453391528417,0.0655137415413844,456.0318373394251,28125.90510944053,3.60442109957648,2.0786848693139257,0
22,42.31213257508868,16353.364307389475,41,0.7802163011627106,0.12125784954818898,0.17058994931296204,0.23344626782694458,0.06217855981988839,267.62650966272173,39883.47014094965,4.398372756881154,2.345094853404633,0
8,52.82925572950202,4667.090274624616,36,0.9044602060316841,0.21265971636332232,0.16619882749064946,0.2412970779502964,0.05359669443138348,456.1955375548156,15797.650878478633,4.427887116442871,2.6824863088659283,0
17,56.14395573398711,10781.583281136756,22,0.8212073909156513,0.3926667673953501,0.16066326723074467,0.1381635294081895,0.07229894765600507,123.86068785370634,15460.05997392811,4.3516513665432806,2.6878683874557594,0
10,83.22377081252873,6737.510592259113,28,0.8112725939964938,0.33686408950663826,0.29139976416400104,0.28345842712874286,0.025294193566075936,488.0543367646802,44200.16086986729,3.586474332300545,3.2854606455762174,0
20,90.35393371951955,6679.5242731040325,40,0.8929461591837333,0.18375126350187626,0.3190053263934933,0.3208536577357318,0.03219887593615673,230.91837893202518,33178.68120145994,4.391822628136572,2.8876574480487296,0
9,93.96283045529614,18270.28050337969,36,0.9430644144526009,0.11201760394410826,0.24119578912886153,0.33058191725064,0.013025849896019605,312.4486905167107,29170.77356866494,4.298017514472108,3.2319369811341074,0
19,64.66995303955528,4412.555906878994,10,0.84260594365094,0.2219854241980625,0.16540194555978177,0.2075217045004452,0.031515615644213686,499.5806637130067,10637.206578190011,4.169035608357464,2.2427042503279204,0
19,90.05454778616618,15703.873842375144,11,0.9417472724556496,0.2391281927492507,0.14158717440262222,0.3109404669821867,0.026645116441602133,448.62071982151406,35072.438259212904,4.203902063022571,2.0020454733861532,0
25,34.94890143678746,18188.3854846862,31,0.7858221144337204,0.18897699436374513,0.3258664032886685,0.30941649514309055,0.0651251114071843,330.09174702906233,18285.85707774515,4.184665181345933,2.930682818005017,0
15,81.50325495941212,3931.7984785923363,33,0.910792267084471,0.13328996311788632,0.20967725768391685,0.28574003511862683,0.04290140295758076,170.10696127466156,32351.618321202295,3.567005914157318,3.064005703928793,0
11,39.68840650236318,8693.804502910047,44,0.6397451875892537,0.24354803950499013,0.38174437974157294,0.27403581560655993,0.09631933579784575,183.91759024016108,39800.66858556446,3.7254372262989266,2.5290675040103463,0
13,65.2496180505743,10189.79512685143,13,0.6221792130208375,0.20356797453554865,0.24586807154443138,0.2580047797327336,0.02104384908314605,383.93011549682757,37132.33167689413,4.03285546525904,2.4383965296891894,0
24,55.77020962531321,14446.210153931455,14,0.6659237538439491,0.3651936943632531,0.12619262504615725,0.21720475084620533,0.026093063845884362,483.30260204263607,13077.892395664725,3.6647662168438937,2.168036870998317,0
9,64.7430114487921,17874.88337213065,43,0.9332366684045394,0.10680708056651676,0.22496099763268518,0.3047210124316103,0.0938549325010364,289.56196709483936,26805.19892092348,4.237709243928525,2.032223447689974,0
11,34.40646560149314,17820.49291308086,24,0.8922316315144825,0.2558861448869229,0.2007632108294034,0.2736113816711139,0.0690184451501415,414.72974516840696,29445.935664581433,4.165855345851656,2.795249344876869,0
22,61.16794125780832,8169.399750555143,18,0.9143986729999772,0.19194850140453235,0.3367803117484022,0.1680345814322899,0.043471208493152,215.25851717516701,43820.54836968152,3.648338335403211,2.426573050647153,0
10,73.30411609030675,5733.428002154878,44,0.6998363037690384,0.3919618267760262,0.3517995030614238,0.30785778069059067,0.06997203693912293,161.39392006771178,19516.212975060145,3.541151456488468,2.474938756687848,0
9,60.86220464280623,9284.42643684478,23,0.7968705348483996,0.110406726596251,0.19508312935685196,0.20315410453366686,0.04356234424083396,315.94663851101893,16503.904322875424,3.801559769522324,3.3806509639128133,0
17,95.1748241108595,16064.808819230839,39,0.924733951405259,0.14681598023539996,0.39104504899344217,0.2638436763933324,0.05566681280594511,358.89758081868695,21822.274766537743,4.395977454556727,3.4544083358050455,0
29,98.64828452158422,12753.368909188295,19,0.8798516612338351,0.3185631362502593,0.37668763050907605,0.2016053289677508,0.02010840606575941,291.59249335579415,11603.236537999892,4.17800833695352,2.175314146743143,0
5,58.11409453471407,17294.907575444886,38,0.725087742003563,0.1979099409022189,0.2824453628986612,0.15854492392412894,0.05737904578442087,412.51334230799995,40683.80483327125,3.695715673435842,2.125384325590867,0
19,77.39443717158619,19279.602873961685,42,0.7380482645188087,0.24713960808014382,0.2809515623861801,0.2534667527900685,0.015044285593630555,366.7065541775968,25902.319892628766,4.2159637723401495,2.641460717130042,0
17,56.09818056861576,7839.056215164389,32,0.707829870597521,0.2336728123001048,0.26830990334063465,0.1647085466858447,0.08990243889376395,396.6110706108724,26624.391020442694,3.942504363422349,2.2456855156161573,0
28,97.92524712414036,10205.14737357418,36,0.6488486904086845,0.2761540202750319,0.12582339229503114,0.16233513721055792,0.052715181700545684,447.01032795101713,49465.53389293454,3.566115781166799,3.4401429473312075,0
29,56.30406868600383,3112.520754045477,50,0.9200436737065396,0.2243542041813426,0.2667441534894406,0.3130741020319976,0.07797193730129667,154.77081596630083,17440.25672444216,3.8817695326318082,2.830800389765787,0
6,87.59594535706476,8133.879290431352,47,0.706370032749587,0.2677843170013786,0.23903555026170664,0.10805200440709192,0.010220200746224496,205.07080942442832,48241.063845323086,4.334243071351653,2.708811753885935,0
25,76.6139423287515,7890.713565734514,21,0.772160276155007,0.3063529557990712,0.17342507845560295,0.13580639905792108,0.03494953307788461,497.73318162746824,12668.993055490053,4.245565573586222,2.87159865513987,0
23,60.524795806290314,7384.496142535901,40,0.9409905619396699,0.3454842383852237,0.21196066479204417,0.31988718116714887,0.011579057247006938,203.81487358464963,33266.17987707567,3.6461371207213484,2.6915659518351847,0
27,39.484817572064564,5776.250480853777,27,0.7264072067799412,0.2908741405131771,0.38654690762456734,0.11461447020587966,0.03624976879108779,355.5786101112277,13073.067222197797,3.693814834702331,2.9420449269925895,0
29,36.61560566658805,15794.684610078562,44,0.7129124012243382,0.19486312976514247,0.353498465608732,0.33996316187323405,0.03443130762644064,379.1870048294861,24500.90709204477,4.034420323223223,2.5274440514666754,0
9,30.902836468714927,11808.902686715885,33,0.8725827456989486,0.22359835134516604,0.37627221325961047,0.14890874274615465,0.029608859076425,301.3531572255894,43262.94219148659,4.2951067380387835,2.837982821614612,0
27,88.19913273062306,11936.098019653451,44,0.8493914946383945,0.31067946647772215,0.3407740848823638,0.2252038772266165,0.09244280440267942,146.62626033677083,15249.286271157784,3.5173793992364275,2.522314868624212,0
27,55.37979960241152,16889.657955713155,48,0.7830923882667447,0.3910334363774475,0.15166214788681615,0.19140527776351468,0.0770014194645857,147.43875629412486,15148.579137568237,4.194244236814673,3.032070736138982,0
14,38.77409267938785,5213.7102907811295,15,0.7486817754193122,0.3289071063340375,0.1335166582712575,0.10564192334121235,0.053582940534949774,272.49898923193496,17854.03970116895,3.53279271567654,2.989683265017113,0
23,34.14856659498635,5021.677705980823,26,0.6151485236226512,0.1904937416335637,0.10308171902868957,0.12895107965701255,0.021141420102185206,340.7167887848651,33504.12187015261,3.7000244273601606,3.005900971794877,0
5,36.35455191276213,17379.645881692813,27,0.9320770617791486,0.20435096253202098,0.14816720080779064,0.250190324591403,0.07556986805175303,196.72900886806613,32809.414287906,3.5991056846051404,2.867200517243639,0
5,67.01871182910998,15168.79777801266,28,0.660120711964228,0.32620536134494804,0.1012986786072997,0.3176048057496974,0.09318088873670537,468.1908711916067,44051.87240474107,3.9747155038003847,3.0471993601625478,0
10,60.77660804351269,19281.711510006462,21,0.8921597538455412,0.3943903372726182,0.22722755420418234,0.2542753008623888,0.046682017297715636,404.56377859298215,22571.210898046316,3.9659016960137796,2.779591371892903,0
20,83.35915755694755,14980.425558243776,45,0.8527478003070726,0.12467438353921936,0.24811383958694921,0.21543433506103926,0.051125118986033315,394.46976873876724,37481.862299495646,4.34109017583695,2.338810144594862,0
18,50.34125275125624,17541.216338242204,22,0.8998708123293757,0.36842639410732303,0.3407309200071025,0.38172460052176815,0.04306972552937833,105.11433779812846,36966.356483593096,4.172095478364616,2.594554637797829,0
21,76.09837842998137,4445.100471576328,19,0.7381840116546936,0.3085111348119912,0.3932712564655889,0.32242964787473605,0.09031848675017655,167.48928446981432,24548.399739029257,3.6990863855081173,2.300395245793769,0
17,38.593351738906456,17247.8552328048,41,0.6974814162975993,0.31404814220809674,0.274575587198846,0.18189183717139723,0.08105434590644077,357.53247124917823,26009.421156673816,3.9758262832960263,2.904748148658933,0
17,99.12662412164583,11694.046756186639,19,0.8687998444521587,0.1324110004056768,0.17520695810617815,0.24918213463758335,0.06655339266967976,153.84335228718373,13984.135609209045,3.552852420734707,2.1023430097639735,0
26,31.872422159053965,6044.62670165867,48,0.837721526730318,0.14582099535186427,0.2865900284571185,0.12890008857884583,0.016886553313562674,400.64389860614807,40702.88434391841,4.292731415227218,2.302897631677571,0
438,12.468485663486684,1761.9868900937079,755,0.07528697344512866,0.9719344623990789,0.05919580304317426,0.04762902474551086,0.0015799261594979298,5443.25124502931,278734.7896380985,4.883629876748588,0.8145591978197864,1
292,11.63834219347569,589.9527973096779,381,0.1157666445917494,0.9720721405437327,0.03727401144521699,0.03530296018874058,0.02457398043225747,3075.9059376990595,228930.7974075535,4.987454926699483,0.6093819928829015,1
445,12.358305677035293,1884.4597467291012,752,0.11871994435239948,0.8951822110448113,0.0868916322593986,0.025334252437851253,0.01956924098111353,5957.529043617553,292717.6896069156,5.116939676377831,0.8527637702708748,1
245,9.807241752157804,570.3674664807211,246,0.03435763209326184,0.8732820188237381,0.08285980848062889,0.029198348904736278,0.038259701017790616,7001.224001720936,145143.3444346302,4.92814819026845,1.491945522705958,1
310,10.269038907041688,2153.1000145567373,453,0.05457819680225653,0.8624199056514079,0.017644756301753304,0.03439956309851268,0.04344699803922789,2915.770372008935,92444.81030797955,5.038416812763488,0.5373776216872735,1
436,17.950527826973016,1920.1235122002627,631,0.06065758819786035,0.9391916952575742,0.06291903102398873,0.04928823907543508,0.01888687967149673,5122.406323100409,193134.66120087664,5.308326568367769,0.6000566832040545,1
445,8.08862473845118,1741.8284919628597,547,0.04165917140854371,0.859904179518423,0.09724849774866702,0.010087931341287382,0.03177221001957882,9792.858111092424,68830.29535483658,5.350334298132614,0.714080104882684,1
235,5.712970416693419,2990.5692334011324,611,0.1628745737144227,0.9249144580109239,0.09621469570902143,0.03588534215248632,0.028909662401204413,6734.917243530635,118341.23296154621,5.066428294786704,1.0310636570697156,1
318,8.146087379826211,2489.1293733690227,509,0.10588151158976611,0.8599818042411067,0.06971110275831284,0.015667648315458367,0.020715712533258258,4010.1183429338853,178842.3080988761,5.17156024846019,1.047562488769001,1
109,14.417659048363376,1790.5602876601704,391,0.11960022609568155,0.8425905610036943,0.09659053671473056,0.03711040054936073,0.0233647656693816,9497.303404684446,183179.83375663584,5.114422297870924,1.2691191651436375,1
322,19.0195390097182,2316.5376712895645,261,0.10923122128935996,0.872854933831821,0.02329693199421208,0.007523632700157729,0.03426533183661479,4402.205398328423,158847.19604674773,4.8186531801535635,1.3302143805558815,1
132,14.508912325303037,2614.917457335412,473,0.1665050338546818,0.9292085307249193,0.03308019713921056,0.03006161348377534,0.020293296962411486,2908.468613026276,97979.00287006826,4.745586609818375,1.3272288241277677,1
337,12.280735287050717,2978.2327643806657,632,0.1329151897286964,0.8074007469445326,0.02434226397085247,0.006821531440743007,0.012919842373456742,8428.305463658093,214667.6781600455,4.675985221894784,1.3525210175084499,1
469,12.287629483144777,549.77185382186,285,0.06964190709817372,0.8595958350109634,0.01572235272118255,0.047754423844444324,0.044838662208405974,7373.376587476169,271429.83803582616,4.896895050579027,1.3398104736524408,1
171,8.54061727731664,1927.4334485545828,712,0.1872577350059308,0.9043915117743867,0.0846083424407078,0.04748372501697982,0.046577781261973136,4014.4644675523696,271141.2155819103,4.738076855240921,0.6222768334537064,1
260,9.939288664497528,1960.8155514530158,599,0.16310990551256466,0.9487917948304684,0.09419500863595463,0.010900419259174877,0.005340700661821013,3712.8691059305347,118636.83357737101,4.908375555681482,1.3628999336770247,1
128,12.355378702298175,1436.7624614316544,315,0.07013308982321288,0.8847562633080097,0.07144646027811767,0.04816576699828124,0.04397167704413579,9495.778330857249,140749.50306717635,5.215671229122127,1.3213653661919489,1
110,14.680963825449922,2763.0735785852135,235,0.1698798636383969,0.9324446868880709,0.09467634487837934,0.034534122764117006,0.03944013553544826,3917.406633674078,188181.97582790666,4.8092685016911405,1.4584836117969213,1
285,18.54735648023899,2213.120846488583,747,0.17472105767512738,0.9715294278299851,0.04496239133706652,0.04548945499984472,0.019648778411562512,9823.942835207385,113883.42250303953,4.590250327708739,1.322707725738495,1
220,9.46134353545157,2648.541843336946,364,0.18401925223604376,0.9262705405312543,0.08915205227659866,0.038337045030455846,0.020314440797760114,2271.053449752123,266611.14707606763,5.323197780396466,1.4404954201854159,1
341,16.054129497665315,2816.2430495240437,540,0.14630334340221837,0.9753522454478535,0.08382171794053615,0.04122004328680908,0.03492410937732834,6050.676111362411,137964.08664597297,5.102115942010519,1.3134280484000422,1
477,9.901525130859959,2238.0252485601395,253,0.13186083146857155,0.8367479244323914,0.04990644738966032,0.03205494028929331,0.00015379019106248062,3600.6025450406237,126386.8844392184,5.075809345261991,0.6108281996683957,1
227,12.745488365765356,2924.1614670978365,333,0.17092248166250484,0.9371506756697836,0.08133780654182761,0.01596995646189522,0.023918273997867792,7881.376870483744,115169.96989674683,5.187466871686432,1.3267686093418332,1
244,7.979955794408799,1536.2410613819875,386,0.08476389427866117,0.8754640056859808,0.08512111462347752,0.02851952807027367,0.0010367318794538116,2183.7607576317996,189632.49632549784,5.112003159721399,0.7287072457883118,1
145,19.61191357624809,995.6655066792509,372,0.01945876327303523,0.9236008099152198,0.06403534578840585,0.007462560046114498,0.04790164320465928,3360.983070566863,191810.72473032496,4.514114906777318,1.0258377003309036,1
495,18.799835733505137,1634.2696627091138,706,0.0325173463124927,0.9427127423929353,0.027148974874203716,0.04309683621429369,0.039106097171531184,4303.695782807054,173542.03943549376,4.630199331278418,1.3563377276555146,1
407,8.233498967648384,2560.2222212211645,393,0.0894828883131614,0.8817048203832858,0.023134856690388773,0.01450964807574755,0.013089973194705552,6941.441920457881,276832.0587432346,4.869637739530973,1.1842670861425666,1
334,6.286080108246233,1672.2040201202951,531,0.1951358436172789,0.8795109431249685,0.029099589766563738,0.019174772764911193,0.021164547553697267,6777.567521108722,68263.90455528983,5.056999974390509,0.5521126116280446,1
220,12.06398635077028,1385.7542089510603,246,0.011018587188383989,0.9009083995515971,0.04428439078648136,0.04887619368534416,0.033563101057298934,3057.906029704678,273056.4869187034,4.541124988946966,0.6793722231707845,1
186,12.556200827603021,2825.817352890535,679,0.035064711399623125,0.8634634773586028,0.05773814208033435,0.007089786701055617,0.005842102808233202,2353.297291905677,81967.87368359158,5.371679559151616,1.3348040378168273,1
482,10.408883123796848,1575.2150469073188,469,0.12645699841992514,0.9523127837877228,0.03373821464573995,0.015650515793180227,0.04463359049148255,4524.34335570748,298641.2664712868,5.263675413653632,0.6512647461568914,1
436,14.549782886902262,1599.9739925045926,393,0.0382379533377868,0.8459721091138442,0.01322760233523158,0.013011198179258016,0.03529814312872769,5491.438932181837,298800.4358395472,5.427206341139307,0.540791708540318,1
282,19.832278755571224,1902.1363013461141,668,0.10366782450209011,0.9691676701899826,0.08801913703475024,0.00618271170169275,0.00467889391024921,8945.384876973418,95163.74102785002,4.668295001610641,1.0087377639306467,1
239,13.448710839177801,2157.844196738254,417,0.12087400428668307,0.9943254709305253,0.05734138659399962,0.028539390556726177,0.02082094956949845,2614.683702359046,242063.35674619445,5.176908516096363,1.3873676980186833,1
113,9.264218771604337,2953.3361882090458,324,0.08489226252567825,0.9180676995652146,0.09560978650708714,0.04184886042905537,0.007688773434189894,2648.505893959592,257674.80639313653,5.159539323150032,0.9540555151429528,1
237,13.913063890264143,514.5134018627352,244,0.13467282383329662,0.9901791936950415,0.039242392147091444,0.036577260866694564,0.036715977976798396,9659.22223311862,192289.60895784234,4.711366861039988,0.5486822486039844,1
429,9.244310146924574,2495.3674274596387,272,0.11395968214318927,0.9204583054503663,0.018329590975472806,0.012758195094023195,0.012004006641003973,8167.01989564392,149729.31461257546,4.520512035879089,0.7082227406124821,1
298,16.69238817718583,1212.3397224986552,357,0.032914376979499047,0.8981690195219225,0.048912257747575905,0.040317659795917504,0.015505065360566329,7479.695534915542,82821.66711808043,5.165520296216842,1.332052874322659,1
362,7.998068908932398,1613.606037300323,597,0.10052354045965585,0.9126114153867078,0.04807635223954925,0.03782453217451884,0.04054971798071117,6910.942267558326,158526.48062759312,4.926017098821308,0.5404380896191407,1
274,19.599076859301874,2191.100080017563,358,0.18682684640669248,0.9054557422243946,0.06825028521732242,0.004198505092674126,0.023410958587138177,2633.4650461201486,250386.17305012673,4.80039325467204,1.484186233042104,1
450,18.54355427999891,2603.8448856892715,735,0.0912690432827287,0.9137071371789698,0.05958948967522328,0.04586510063897628,0.02567072589234716,6085.2126732417055,153254.8511298082,4.9646564920310325,1.220309999350296,1
229,10.331864534489087,1963.9197118909947,715,0.013091051814315783,0.9481032336675798,0.05165910494446529,0.03930885463290219,0.04214549116527935,2362.0697309547995,154062.89040437964,5.204378554952498,0.8139463557840018,1
470,11.824972229900315,2175.64966622643,471,0.07485353219268266,0.983622385369755,0.08290054080521506,0.010553418541359673,0.00391102647298176,9857.489502671531,114829.41819655854,5.1734087624127465,0.9337989206193089,1
109,5.087706043750104,791.6956509147694,375,0.13460218467304688,0.8920326034602616,0.04645824378870611,0.03288585467852794,0.03721234150301197,7807.291238708644,125699.99549258382,5.313132479592576,1.1167448264414725,1
453,15.10704714392963,2225.7333858889024,604,0.16288173964250657,0.817527026124432,0.02216025524771834,0.009540104162660424,0.04079841115172403,7568.2595354628775,97055.27584815775,4.526815296778302,0.981117193763131,1
174,14.746097390552633,1589.4711845012325,751,0.04627374601630698,0.860183573916139,0.05170829998951337,0.023699454375311443,0.0010908414112250576,3328.8439454087816,88105.55998008917,5.2025981057082555,1.4638668707389149,1
341,5.294416680164237,1623.7906959881311,448,0.048254299804702146,0.9138860923490685,0.08504546795231108,0.0025461090109683785,0.00039371404896062503,7043.279042698712,228273.2036556824,5.47948693793778,1.3486162610031904,1
477,13.679919011425921,2327.696367247114,497,0.017033270840528136,0.879936074444802,0.05620201493198823,0.036230709259023997,0.04676404769669023,9240.585137408329,266908.54893606436,4.73190578605451,0.5607046822332502,1
109,11.330068213090675,1289.6253755922555,265,0.06089128546153506,0.9296600571530125,0.09002265350967957,0.0058470370228546845,0.031134834490330693,7169.4385019996225,162081.34833260335,4.936230003988794,0.6613334364295809,1
471,7.8830194625154615,1359.6184745079033,437,0.10645082959341588,0.9175317420200559,0.07164766759070583,0.046086779833622325,0.042672689572895744,7721.593299922832,167116.82031146914,5.38317339340891,1.2229950033976524,1
299,19.397050524152192,2582.7018644883665,568,0.16123480610357016,0.9599510117932284,0.08600781555907665,0.031092118921581133,0.014122860763481833,7994.0344146604475,216764.11308886437,4.629096554020726,0.6994842228018797,1
410,12.382786024462847,2483.706139325804,705,0.06769385974553668,0.8418865882707097,0.014234440251689476,0.0009065297837506037,0.04404530534923375,4856.350998695365,89651.36627613528,5.327948688413662,1.3944574706515587,1
116,17.102233141325293,1344.3368865292605,316,0.12733695509337745,0.8241376065641366,0.03016860748658237,0.012891107050203838,0.017016210699411404,4841.927812658185,61669.08958944471,5.377713647164571,0.7674912355565853,1
177,17.801122220993292,2684.239188495789,306,0.14421693429038068,0.9853264196906503,0.049404403581535965,0.022856781990322136,0.042079848705144356,2887.4467596208906,76472.96484867556,5.110572543812214,1.2821562577663914,1
152,17.354153420307433,604.923593016448,307,0.041738796678825935,0.8236118702156388,0.02848476053765952,0.018081921770063243,0.036417463903174914,7665.306892485493,240491.17249603683,4.998391000423967,1.370492712403046,1
178,14.706394564032953,1336.5188132815206,341,0.03336685919190247,0.8403780660615987,0.09726730002028856,0.03846096499600752,0.0003293787111774305,8678.506959029746,168415.8331552894,4.786758299954405,0.6712617955001731,1
236,10.586545361041994,2387.1130312794558,569,0.12959367637596353,0.8490902560228277,0.07778856327992413,0.02648251370404743,0.03936078705943451,3103.954660997908,157205.71207517647,5.418020057747582,1.398065257510193,1
364,16.919110195584445,1404.4359241377608,230,0.09408995097623032,0.9540303722172211,0.07458631621720059,0.02586743494258927,0.0034790594446577894,4706.429023433004,150412.71705542677,5.27237264189366,0.9340722788979733,1
301,16.387885775837347,2150.4404306880915,354,0.18147711499904007,0.8115619659092024,0.0668446805939394,0.03566847585107042,0.0330180815889736,6158.226905623742,123931.10621591154,4.902002818031481,1.180870657420087,1
383,18.103195462859013,2303.8776096459014,521,0.18275386210821493,0.8015804467007571,0.035180267028650396,0.026389586780369675,0.046022529582255264,7602.360511060838,161547.26267583546,4.7051335713832065,1.0444252910044765,1
416,14.78055631095288,2243.677413933922,614,0.15732606356953227,0.9761949364863804,0.01758528309559312,0.026871674632464693,0.019499676944724723,7751.044317487014,269968.9040444896,5.020469702720075,1.0407902247006287,1
209,6.3922935178508915,1879.4646284031198,733,0.0747346871632248,0.9271371009350231,0.012107956800685896,0.044515966920777666,0.026996632141062467,4069.5214415395126,258057.24668159668,4.803942089725354,0.9227458833676181,1
358,6.656628593651894,649.8643465635074,581,0.05935372702127703,0.9014998754180571,0.02114317167025773,0.037827997152120776,0.04706715163765468,5589.8950873590165,193108.82005255428,4.505213398137295,0.8389802946370136,1
220,17.080813431638262,2972.5001972465557,779,0.14578295297864372,0.9875078851397996,0.06989684908089026,0.04222478851510172,0.011691894885278172,4393.612878592938,216730.59348909045,5.315079232415963,1.0727657353314295,1
171,15.715264682955933,1799.1666186137556,453,0.029993115084550694,0.9032903650140301,0.02732997360867146,0.03892747549759877,0.02271547954454565,3172.426027753378,156423.03308181022,4.912052952363694,0.592248611615551,1
317,18.327639452747626,1690.632678843744,656,0.024833811522766203,0.9353644885514015,0.0462478336911019,0.027948422550762072,0.03894123598738852,8976.118341904505,196075.94441404063,5.136461149330603,1.496511775553822,1
452,18.965534114966545,1723.8526666856733,626,0.1665242477576444,0.8288692362692742,0.021441158008789984,0.03555752838317782,0.006469259399187488,7636.197478365032,265817.9143986499,4.618058157671024,0.7126425389605192,1
342,5.489110843818222,892.0992453409275,772,0.08017309133054686,0.9903643505554885,0.06414401923647972,0.020430992957329808,0.0060433214044518626,6574.118035411272,60070.535396742634,4.6533045106958015,0.8714673541853173,1
291,9.548901240600044,1714.8138513411914,346,0.03700656308919619,0.9179248488273576,0.014378594192220701,0.044712646419243496,0.044452860311970974,3724.651645605393,254781.26730706604,4.988793656245512,0.6223279055024482,1
278,6.01346807968913,611.7061901385924,692,0.11888122743996497,0.9131527952140188,0.091025855916769,0.03906746744264127,0.023761377421937874,7760.2679630329285,201427.42755414842,5.261951231498437,1.0047638612721879,1
335,16.425181714809987,2168.051862140647,352,0.17460565498690447,0.8650432573099658,0.08198304590753717,0.033225115620937,0.020481416354788513,3862.578266873623,148849.28230009577,5.040994450791327,1.4580794920805382,1
326,16.03869191676845,2114.791324148511,369,0.14436963896984442,0.9143989587278801,0.08165429032924446,0.035369942452329425,0.02805221775366354,2990.252890820156,189838.20580905682,4.692426733338597,1.118704054816323,1
395,16.36422746474382,2893.2320172012664,734,0.04598521584723986,0.895167138431428,0.09071778522193258,0.006014158821945787,0.04680909049952754,3437.9472114072296,54743.39588538281,5.286757046027518,0.7452866943902563,1
461,17.583761612436454,1948.8818765474384,286,0.16331499458382528,0.9213709642297494,0.04616180787235776,0.0022491821987453975,0.0430987167857024,2186.1059868309826,159254.3549472615,4.914936423480935,1.3596484104387594,1
262,10.730164750350019,727.562712778237,301,0.11293806196711687,0.857070344901136,0.026440203361212507,0.038415234569321784,0.007711368540970315,9617.317820029046,219652.14194579245,4.558913734663094,1.461123334804853,1
192,5.407567886259476,646.2544556339146,599,0.028761401033460185,0.828492110092674,0.09037099189445079,0.012896714499411417,0.04707887576063774,9196.012027321234,62969.52963352102,4.739622963608308,1.0970046191366691,1
221,12.39469161353498,2380.9749466259263,594,0.19037784063715832,0.8538575054118513,0.03865028010185151,0.02765605427588391,0.0032729105964941943,2231.2515024837126,208385.32379593785,5.413735098288624,0.5186228325155358,1
383,19.452120317463503,2187.7435725463447,452,0.15496587645556342,0.9303101819533321,0.021301420833283326,0.028412281873355028,0.02229911278333826,8770.222820985258,175108.09340226816,5.282881587504681,0.642367030481288,1
376,19.779630731961316,2455.0591566629982,750,0.19099639907861476,0.9922704218499254,0.05996370234084711,0.0020896039906893094,0.040632185885553083,9688.915540538535,205182.4794881967,5.153058849067105,0.6673816740553299,1
130,19.002602240645594,1705.465649688671,456,0.16950266710817502,0.8760307028878359,0.041627612827863404,0.03161034703729828,0.029257958323018324,6082.627372819858,61371.18257845993,5.239182945594857,1.0630815779412925,1
253,6.3457265565512575,2246.0732743698536,343,0.14776401844420303,0.9997642506352935,0.08904513648805484,0.01054250881464977,0.02524101248287304,8416.452426809306,270982.9030225072,5.44540846603092,1.1351698805493156,1
485,15.616311407020474,1182.5328477831235,529,0.07490966290249332,0.891959868310381,0.06395623005599642,0.0007937308080562312,0.03459225301955854,7171.546335354911,50511.87837270414,4.976528950067455,1.4014449939845397,1
444,7.6030403092313215,1889.4766363365236,700,0.15486839588456083,0.9076262907402944,0.08085747114498039,0.03245486380579564,0.0038761558155154144,2247.5801642282117,258020.96615742258,5.17161307815594,1.1722459131733745,1
280,19.580585414109517,1440.9411219408146,566,0.08348269659031524,0.9678291585564105,0.0830682737583869,0.04918977506772853,0.0062381932372944544,4963.845129981508,98247.71442371914,4.509363302748805,1.243144445268673,1
488,9.217017257275545,2803.4967241659347,566,0.04638721851329235,0.963256164809231,0.06627129023735276,0.04042072471894679,0.011057384026891715,9840.952962267915,291824.12654720095,4.536796042924794,0.9928378753699927,1
460,15.604520098048482,1022.7158033686762,400,0.19701007221649186,0.9276872208656165,0.0199851874879931,0.013867377701812324,0.025016281937812013,3363.816771017622,98442.56427108945,5.238814827544295,1.1721755466042727,1
408,13.47710350627402,663.4015625000853,331,0.15173495331674347,0.8254861820632584,0.09402070605226827,0.04277394794969453,0.04405015465731917,7831.190930739206,118581.99311765197,5.34766717760249,0.5231175049539756,1
454,15.166016913906653,2036.1413779281277,773,0.17778936785642777,0.8003909929661309,0.048440302891187115,0.03365498928095185,0.03250150235439196,8830.878492519816,130749.81613559306,5.344341553711194,0.9068758955153494,1
162,15.202602131474233,1666.4668190400062,570,0.10827881361703667,0.8086929349359907,0.07490982510305448,0.0023482323728252264,0.04591957458110976,6259.282258085102,129060.49118406935,4.891858884652019,0.8347058153287239,1
392,17.1150936587198,2975.66161188193,431,0.19583816611032415,0.8847640513744588,0.01669963302112795,0.012499208076624874,0.008224078762987492,4486.446861198194,206498.67174270508,4.596726097374207,0.9799664201732645,1
112,13.887961558687042,2065.7427708629666,542,0.16969644090218694,0.8494307132182131,0.05262188726255543,0.04794013289392068,0.041625875627410734,8573.070367192533,179918.76116788224,4.736743665811029,0.5729108361583163,1
407,14.293498334124253,2410.246426158971,657,0.11999754915920653,0.8171069398142778,0.01546182507652263,0.0016671837782096578,0.015663971710981328,8781.537156901577,66257.05469892592,4.627535790666954,1.4191157877623073,1
326,5.82183245213379,2026.8465993215368,642,0.022500149230265915,0.9355128914949148,0.060333224644499146,0.014745838511708865,0.019072774202258537,2766.6420112432224,237990.83942753822,4.733111984018853,1.0995758532544584,1
437,14.36012234657331,1633.5281167909507,675,0.16108128876492447,0.9759876334968369,0.06573074988361458,0.016980823744431668,0.046879242612338105,8263.433100341084,163519.19084268226,4.828193668930332,0.6924813174307837,1
152,5.184328734335501,2283.2484853927876,398,0.18183029844545057,0.8251963252385911,0.05580082061190717,0.017769560747223717,0.024069965155654783,6966.80709389593,96480.85170081345,4.6376727059261915,0.5440707881785272,1
165,9.67500287121411,1589.6203203709001,566,0.06912576564324291,0.9770443820076342,0.07979460979332195,0.007370453130276411,0.015433720724034861,4743.2025248446425,142207.4987930638,4.5080818423456,1.086439912450886,1
447,7.169005765466129,1093.4683886749272,772,0.17315341905039092,0.8844122280833365,0.027586641668423777,0.010018595174161638,0.04542501092004077,8282.110456729159,135387.98091813095,5.167860138980486,1.1947815767812804,1
339,13.996434549884555,1327.863586172623,792,0.11755841272311156,0.8671320969106304,0.03696684321524632,0.016430952460423105,0.005242394825183633,9008.843826603375,277635.75621357583,4.995930673326596,1.4199535921491464,1
427,8.345376330601486,1075.685025500818,418,0.055413617576224934,0.9469172355061001,0.09573294060914771,0.01657575547966037,0.0370040693789392,3642.530882377181,96061.12805397122,5.48987804358248,0.8628171459577388,1
137,10.368299971895395,1886.7290153203398,345,0.06520948092399195,0.8388806888928035,0.06271177531885944,0.038276636734571025,0.0021952412930538014,2237.4845861865797,99456.24858904793,4.674146609149464,1.3853822295516642,1
468,7.61426780445324,2618.8354595472097,451,0.043922871852201485,0.8042984056116305,0.08585932786435614,0.04553244750991099,0.0010496880231222973,7419.619031980248,144730.68947879446,5.287414080537942,0.6109690095363801,1
207,9.576085670613162,1100.3748321838798,581,0.1355726558905718,0.9882323511346083,0.09793916614288133,0.049884745710791566,0.04408318975333797,9027.102691587337,66344.3798543761,4.644432245811247,1.424155467233022,1
197,7.875219382258658,1445.4888234725947,583,0.07041080574627474,0.885908032919439,0.06725286537415882,0.046050679700894354,0.038154118737588824,6698.606979197392,263608.8582416407,4.794182746034769,0.6485669190263793,1
226,5.7988846260449805,2489.0298001481833,329,0.17178550129064324,0.9936768615008625,0.08972508589930205,0.010461878674961084,0.004070385092744683,5765.338348805738,215875.54964215765,4.564873040969919,1.0086138053843068,1
484,18.23633130398447,2377.8406737215537,583,0.10473167746208271,0.8928534555122234,0.0389640819588588,0.01869393606687921,0.034725483686960136,7725.1989815087245,173698.00633519544,4.7683354584961135,0.9009460705377578,1
398,14.74605892262658,1017.9989937604643,407,0.09589521329106367,0.8468769183693826,0.029673435371666494,0.021251142728592798,0.018854148153726154,3257.6746902167138,260607.90004973736,4.7545292418491245,0.5847589160079532,1
484,6.260422240389289,1611.2632885355636,560,0.05373373986000435,0.8082285843271809,0.05610358793960008,0.01681869902689097,0.02255756015611849,5460.045302447842,141877.98538152958,4.997543061651442,0.7730194656727531,1
112,7.6934859650233935,1084.475999057756,277,0.0782276576852829,0.816483702204403,0.08583430502682061,0.025639549473915953,0.03218271996012293,8286.986367489393,281651.47980254435,4.598409109701126,0.5713486772793299,1
119,13.190390899811677,1334.3946039051993,537,0.057504492160051754,0.9490422693126869,0.07916345686851843,0.04227241176160595,0.009532121831790592,6832.272350668651,84466.28153027051,5.354999212565894,1.2161853592084424,1
378,18.685737951971827,521.3346960037217,506,0.06355060135005923,0.8693264719592456,0.09971581016736479,0.04729075037157479,0.041093065805715985,8062.448600250989,52972.680091865324,5.154091034178785,1.4892746266809145,1
176,17.981991812307978,1068.946231658129,414,0.1001432678431824,0.9031650700971539,0.0807377183417631,0.03788106496212569,0.036125517567395314,5691.209098139975,247978.72209153298,4.813074833495928,0.6878465520500613,1
494,19.128946665444367,1544.21966168256,649,0.09549466775401967,0.9116893634648682,0.0437230150588268,0.028875422430690457,0.006417282039512667,9546.83200942308,52420.28851024845,5.310401384970905,1.3342988815505983,1
273,8.382359603697134,1564.2983705878778,613,0.1549399003233183,0.9381037213468612,0.036967348749541905,0.029347754278495848,0.028378871375828164,2257.6719476070516,84783.68400352306,5.477243333702069,1.4942573706079312,1
390,14.44758960595121,2007.5069649843906,787,0.1747195035537207,0.9960344230850318,0.02837841566936925,0.019531807327162195,0.026724529037786215,3506.709425138095,77159.58902396515,5.069515011921064,0.9515353265330441,1
255,6.398622599030695,760.7829435707167,766,0.043750857979738995,0.9652949656382569,0.06430275212209821,0.0013419252584472687,0.009949936743636069,9290.762481867943,146473.5286008895,4.705892296381588,0.7911055286196611,1
368,6.049691489487552,643.6329515399831,730,0.012098946889094147,0.865354414075177,0.09188312014175587,0.019555263652293178,0.04947975617302356,3033.1013522418148,154603.3007618992,5.243142754351817,0.8889928978316244,1
205,6.9489842508490085,1014.1925124406288,642,0.16540025960533028,0.9329585291069449,0.024290312486394124,0.02875456919489587,0.015515686790455858,3623.7827242895964,229193.01182932392,4.958956437374956,0.7017027289229877,1
173,11.685973711010444,2561.4565610743484,452,0.1099127359128697,0.9820605077881054,0.08913154523213414,0.0230102280015854,0.028806637614624493,7898.325687116544,121977.94624846266,5.380994073442339,0.9563066240160304,1
458,17.639592108687154,2480.866962996288,600,0.12647522722521146,0.9619969529656229,0.02576136587079427,0.012456740878365225,0.04499823101525624,7865.9516234443545,164457.0380163658,5.410833095454276,0.6834443189093622,1
391,6.433012566739839,2246.6118921653806,244,0.055542098941303374,0.9741079183786098,0.03463986493222434,0.03140416016345379,0.014594479526079047,9330.3706685748,224510.99814202217,5.222409389184674,0.7172548689599072,1
352,11.169172375543756,2404.651998594848,324,0.19911011248871008,0.8153067272236897,0.019470210488107313,0.03832695401441702,0.016300656799262788,5607.487867166943,113191.65454687939,5.006064571772778,0.9621674867474874,1
137,14.582999351749462,2189.055166202339,672,0.0824195579088849,0.9491914874305454,0.08701958304268362,0.019833716391688086,0.00053686806954657,2917.461735552525,279284.24391239986,4.8271103625766605,1.248676027836245,1
348,11.920354969975037,706.371574633355,448,0.14558049247043953,0.8875447305146691,0.052370895920979994,0.013957094342098582,0.008068326551686633,8707.966805581218,201747.13935798986,4.677236603901868,0.6241513828534918,1
479,10.86274253224433,693.9632496124533,211,0.1387027969354237,0.8306992954621584,0.042227829069008085,0.01083362166375379,0.0017222422706662467,7400.3530461966275,104041.6248926113,5.196742363629907,1.3365011411517145,1
367,14.615182838872812,2291.026083008207,305,0.0842174939153036,0.8616648501813213,0.014717373056996472,0.0002332866373154108,0.03862048476092351,8136.913907631519,282205.1380755375,4.8746447034832565,0.7385403230785257,1
146,5.240576649645276,569.8604246469331,214,0.07405216206535728,0.8384303639530533,0.07020545099441285,0.011028392597565518,0.044114302879796626,8375.393321239058,257612.66660710564,4.667882887452927,0.6670472550691106,1
312,12.687501509601304,2539.060840888721,530,0.11679028227246865,0.8379095071921846,0.028640738383602073,0.027085132671543923,0.04694616139973711,2966.4316911940655,103444.99667340016,4.856576325918494,0.6736215577646685,1
305,14.80989139336052,529.9534460378187,417,0.097167427031832,0.8132032568126346,0.08335764024452258,0.0324972497760912,0.018448998050368925,2538.650148240331,104640.21379332399,4.801534248646685,1.0988690964846017,1
152,15.687966630181096,2478.149432512583,782,0.04257723098895422,0.9918069408755669,0.06398804306381856,0.04907079474287999,0.03481576829722726,7423.204179081523,293091.71321132476,5.193720744050529,0.8320465473482835,1
425,16.42574424489964,2219.062744043152,693,0.02282756182305507,0.8035297596581777,0.09208929294834525,0.022445578270543887,0.025551307067495567,7934.511377359954,175855.0110970969,5.204629130574919,0.5132916810557686,1
110,14.24523011881199,2741.948565916273,516,0.054915301875796345,0.8856995742876019,0.03191911575033486,0.003969481982262063,0.00687777413968877,5989.811855352802,100502.94688282642,4.875747942957172,1.1420388969623052,1
221,18.851137093302803,1995.1879715277137,654,0.15045857084313827,0.8657379703734324,0.03503137989773213,0.032180103580270285,0.03802469411477725,6166.982876764521,294391.87611433375,5.148046425079633,0.7884551044594564,1
112,8.435150330543687,2332.1828233314727,550,0.05602730690766359,0.9078623504252344,0.09159688519381758,0.03325030095442246,0.012416902483050453,7498.798709885957,229875.55493124583,5.108063197677626,0.8814859205594057,1
264,7.75318210300366,2074.456282072564,266,0.17527468058028844,0.8139969839955289,0.027321890254986415,0.03171834796369544,0.0070766005435118524,3633.760102126658,72939.84810575064,5.092630651212089,1.3312208786251625,1
204,8.54465192266828,695.4112840115988,678,0.06917796426408122,0.9443347531520371,0.03204324624062709,0.008821775244866025,0.012448471524976457,4282.8231201423305,162067.79809245057,5.135603772114225,0.7718607847573274,1
500,12.217560605706568,2877.5329808249176,568,0.08566644990270078,0.8335532076220415,0.04972384637626077,0.025264627713484394,0.0367464052265251,8082.5957152771025,254900.95196991696,5.293558601155882,0.5198110771322942,1
295,11.410959309418747,708.0821387257112,507,0.12308483870377808,0.8305597417844119,0.07539834116259916,0.012864586107600568,0.023182561735006896,5628.824846936806,143786.72123354318,5.106025356656644,0.5719396496805111,1
169,15.722950563124396,989.2893723160857,394,0.010794304627467026,0.9723310254524645,0.0757331777757487,0.018712890703772644,0.020227763029072834,5326.561328189669,148662.4247776207,5.242193984785265,0.8840374238010579,1
257,14.615730828142395,1970.7725135839423,618,0.1781499203844153,0.9984944938445139,0.02120297576959685,0.04660647793323122,0.008118119163151156,8103.60684611189,289274.21915393026,5.271270378776535,1.2515774050522244,1
278,12.644125451422681,1721.5546078044872,577,0.1423265282881549,0.9301812669416266,0.09338668806972825,0.03678321028008752,0.012117643459784073,2276.060576526436,253281.60256410815,5.130952713687412,1.1764255987722878,1
457,14.98513456195595,869.7107035914565,666,0.1894103921160298,0.8294734779809237,0.032267332182775735,0.028917089831746456,0.033130233303277155,3291.4193279944293,79182.6608981419,4.592305806609969,1.2116094672447655,1
296,10.965003822677184,1965.4010715735253,282,0.1085220383323009,0.837764650398502,0.04806503739151451,0.04148747825133483,0.012643561769961115,4417.756527700831,291920.857752117,5.158486059953652,0.8827886103546602,1
257,16.00900155435603,2381.1556301340543,291,0.030762073627667468,0.9145223390708731,0.08177805521335715,0.040711401083586174,0.013451066892121012,3676.204438806585,237072.56279507693,5.199008996099981,0.5064203067647329,1
186,17.245840671478575,503.94644396138676,271,0.15701129058227073,0.8835679211094409,0.047515809155307016,0.01441701305398428,0.02154747961857701,3411.2103804738153,96600.00969478337,4.634332062289271,0.9864712594597363,1
357,19.227249671917956,1626.6519607434445,417,0.04527122794224889,0.8117964129893717,0.026445645934537618,0.03795823424752237,0.012967595824207034,9218.186311222049,152198.10053842224,5.126837379582013,1.1244214557796377,1
425,7.491891989090644,1232.8139634003314,586,0.03368950003821267,0.8128524874778866,0.012669998651058789,0.011739006444028434,0.024259717640580453,8084.268754768917,52376.64405453292,4.7660807501658695,1.4552137330712873,1
440,13.736681728348936,2969.047085230413,299,0.05010298810335667,0.9583573073256939,0.04380992229483007,0.026003706077820373,0.04810289396396428,4126.686390169166,171481.53870037157,5.256911637909933,1.1043715508986534,1
272,10.561776833444087,2725.380490405065,522,0.16520096648874458,0.9881982093471446,0.06985704567925946,0.01892178491160611,0.002862077197173629,4848.233871047343,132563.81341492792,4.600177362584208,0.9569192593585066,1
457,11.027125350224246,2588.5528975719685,342,0.014879281180819447,0.8245789078906257,0.05775664050245343,0.04755309697213196,0.03757198706829986,3988.3011203068427,162979.5194014007,5.186184895477266,1.3698530679583505,1
363,11.196898891802327,969.837337790599,529,0.013159757781160512,0.8720411224267401,0.014117885509608543,0.04037789059274384,0.01627625997287386,5554.4492741560125,201690.75407932725,4.900165190839802,1.112592345431152,1
141,10.225009369989813,2847.7118822090974,687,0.1975055780640573,0.9714200000457461,0.091468248583682,0.03671388714941536,0.014693148660352007,3560.6156415904743,85790.36122161655,5.020054428847388,1.0718926249806726,1
466,12.569549236269193,819.6533862114892,289,0.06725617794802248,0.9346124321167242,0.05938719942308787,0.04373928884670252,0.00840264256909809,5570.293602648449,78919.66045306723,5.162642110442131,0.7409016135585009,1
208,7.556495191892889,2860.52469647946,291,0.030039238651318446,0.9986722941931563,0.012629960361280846,0.046450173828366165,0.016325039752814362,5067.918525118161,120089.46169237798,5.219174983036731,1.1659326812349433,1
443,6.846471652255547,839.3910810861025,747,0.13037415622047138,0.8983917565501358,0.08159864181474305,0.016640055876948164,0.011190310840226692,6607.776687522971,280961.8752462406,4.564667028516431,0.8432257799581462,1
467,16.144517295360842,2312.570213929759,775,0.1935871194501727,0.8873924505836479,0.031003070027527023,0.012954697428528207,0.01454882513272775,2891.0601788246286,135059.4634946086,5.09220048738428,0.6881563718961011,1
159,13.592585142821486,818.5436661044191,520,0.1912730375844022,0.9153833683385222,0.010151064231782423,0.003094246830813502,0.02678015201906028,8776.948773154349,294962.3745376216,4.81964298912347,0.8650238424354653,1
447,19.008877478156087,815.7684117509307,427,0.03025132533244307,0.8018377043877437,0.08671258227120525,0.01579631125357031,0.04080739801484715,4374.588420225182,104726.0595482451,5.179980922160928,0.6474253580083356,1
245,7.18806047891005,2163.3767606528,235,0.1237872585715836,0.8617782853579193,0.09913016007821261,0.006173200634663006,0.049842430221911246,7652.178142903563,169570.68672604312,5.328687304375358,0.9950255251787238,1
460,19.49743554480843,647.0314707819891,541,0.03901342434658178,0.9433532613674,0.08632629540517352,0.046721645374007026,0.011253586672398225,7885.8045966962745,280789.4637164322,5.276038737438769,1.3567787966691305,1
472,10.87711795781945,2960.973855387646,363,0.1983020108498447,0.9095885819081747,0.04036691328897604,0.03389493430905849,0.04951571499865769,8061.71348043458,147765.77366855595,5.027844434430857,0.7830398699817365,1
456,18.84595679436909,2252.7716766344793,761,0.08481676622100708,0.8261801366856971,0.07770398319672772,0.029019183988070275,0.04025358932246391,8798.477764998403,227396.8828917928,4.957532500137642,0.6636944679704115,1
170,11.628256108159816,1706.1042951621407,348,0.049855605523630435,0.9608716886466481,0.02760895614459142,0.032561899725024594,0.018111288817956112,8849.130366783265,75486.96040793843,5.285499252293141,1.3584307592183757,1
292,19.255972316417903,1567.7776612238074,372,0.18593721397744853,0.819209546380615,0.09767428839690102,0.00898164396921664,0.002623605771864518,9842.214078631114,212524.45120082388,5.0933923902647305,1.4697269733888532,1
421,15.838256262689157,1112.5025084985946,321,0.055762530009169205,0.897725178752377,0.07191856953243905,0.04772776818740629,0.032639848345965235,5002.973125925649,222948.71246659002,5.295325209727405,1.1585188514710303,1
498,11.955106653075193,2545.4878853691916,591,0.06229104764866356,0.9306390947775816,0.04305907503548427,0.006000019280846281,0.004131849528123272,5913.7475276833375,217198.05245935626,5.009748497791104,0.523026761314649,1
393,19.810240034680504,1698.7459151768087,296,0.1609253057289646,0.8362193187832234,0.053577232956855576,0.03222983244908489,0.021682823933051282,6571.3847950241825,74860.31376799378,4.563498301161588,1.4088805233106798,1
375,7.773347728550118,2532.1698431063796,220,0.08482134353854826,0.9634925686365616,0.08051271001322316,0.026504383045644783,0.0031965831365067922,8697.151516957376,184745.44643191455,5.318827605173496,1.1517006615108945,1
485,16.29482286506859,2914.202609259307,320,0.04432619291380534,0.919820521317744,0.026194380078309473,0.02773608842761549,0.040025648591777714,2984.3624257530664,82203.99762518895,4.706229900215868,0.6612102619396218,1
387,8.851407265452679,2382.6718262397735,286,0.19618640261662196,0.9012296621480256,0.04272036766234677,0.027221357513816352,0.02115256636481847,9561.827877650223,50021.391079457615,4.800599977718043,1.4462146158948137,1
365,18.56929269985875,1233.4920700482571,746,0.09453485463986142,0.9154142938411874,0.07255913449946227,0.02613331299676863,0.04930097609639062,4816.937005887754,184552.37170791317,4.709839505612331,0.5990091313616707,1
122,8.556505334012279,970.1841276449584,506,0.17265618278234662,0.843042588170503,0.02207872051144387,0.02760353133679925,0.029589156940231162,4219.165750056034,232276.10107942062,4.9220150118646,1.0498486105722737,1
233,10.726734695930286,2759.149833830434,609,0.09665287230773473,0.988948096713691,0.07088731034309344,0.04700996640865332,0.007162197506392121,3630.103175077322,207392.05057299676,4.769399687613244,1.1331198416412094,1
430,7.889411305760402,1430.3556487642627,723,0.12493949153399604,0.8839372945153233,0.02381422689909063,0.04962244957230391,0.02168135657122057,2207.278905154329,200901.81165840043,4.577524596975187,0.6246212238927943,1
156,15.25968870688626,1516.9531603522478,537,0.13163372290808772,0.872563896938034,0.04001656137426485,0.013662650118145953,0.04344276852834872,3806.1237498311275,52465.83316092724,4.877155981805065,1.4687734858857509,1
293,19.27674290966273,2456.8340466476207,326,0.04338896073423607,0.9456654829912066,0.037589459814089794,0.04106716245666078,0.024480930006332904,6231.680950456869,225113.88393520948,5.365398349478816,1.0515422319699375,1
411,6.4859922859709975,619.9082130705456,525,0.18983695807200562,0.8779126661727913,0.041065559927729145,0.037064856915850895,0.048400014187674,6253.457102279167,198654.24462039233,5.3496300161082395,0.9768618687414387,1
165,8.885915466714367,2216.6458724730724,359,0.13493695761270813,0.8285340284985314,0.061080469758719315,0.013368495200896491,0.04592208218776408,7113.547919660797,142537.67450806202,5.277528161176381,1.178215225105755,1
314,15.601801439127318,957.7613144919276,562,0.16170909076218684,0.900445849130779,0.03482406769495807,0.02138825413606862,0.047083850472594356,9051.10168002915,253505.81263893118,4.805187431243325,1.357921474329697,1
256,11.09772176711765,1281.8422810220272,292,0.13058856930658388,0.8153386424928204,0.03160330664394814,0.004681680413005174,0.028765834889341715,2676.680966818896,121462.71607682064,5.429589006996531,1.3083469187792611,1
105,19.43249496985935,1559.959059153368,720,0.1871638695810102,0.8272856764192223,0.05480246839188809,0.03425609320325942,0.03383870828452726,6259.274762742636,81172.896559297,4.513900262238731,0.6901840039408683,1
481,5.109353853109487,1562.4472741520349,747,0.15243691098363338,0.8488452494058341,0.07650848365951829,0.04754341949539592,0.04116816967694756,9042.655166682087,182027.8545545006,5.109193608480364,1.1073735464263859,1
186,15.117832526212784,2704.826413909168,736,0.18172173762889973,0.8349628390001094,0.04303458434005681,0.00666594002905655,0.017664576676668077,2407.252515716688,173876.96537951895,4.670483964482573,1.4697284036370628,1
273,18.710677625134196,1124.4130587526859,752,0.17164763961448254,0.9715612323848388,0.03610582654868081,0.024156234150210412,0.013237539385656244,2017.8744636789388,207794.1133991665,4.8936214761246974,1.4230563663305327,1
429,12.732935193076063,2733.5446446282626,674,0.17957384256550857,0.9696703560475506,0.01517470562470679,0.0002945552079119673,0.023017693805900144,4386.805197828576,76791.01378685683,4.849721699134978,1.222433590785844,1
305,10.317984857655734,753.3444469944352,703,0.04753344242350248,0.9058193125044086,0.09086589622373849,0.020535952643991502,0.045655455621858,2055.283615328693,242361.90180598467,4.7501347528852165,0.9706986799490364,1
291,9.489274289216365,1570.853674638893,386,0.11192120309318104,0.8538963349293098,0.09904323219859218,0.03281398223316575,0.021967835039583706,3118.995210751162,236772.77198798984,4.505810218745744,1.3835762655028259,1
463,7.976969269364957,973.9176721293434,241,0.0353992630166094,0.8842111539005101,0.03980921597100647,0.0015803270639153156,0.033310240953785146,9587.006716686188,289924.7133456969,5.482928702725467,0.6187923060439178,1
350,13.251855093490436,2499.5502136971145,330,0.07172866271963031,0.9528785419171117,0.08935898777834209,0.025092929127065296,0.04617806253652766,8744.503308870751,147212.12672333728,4.6097327840155256,0.607879584973402,1
110,6.891853677728249,1360.3013772517616,213,0.1558031407746908,0.8473009870231746,0.07104792866621329,0.01710704990836421,0.048821926339375536,7899.452448369794,158582.12873375602,4.7894666290448855,0.9859292438821113,1
489,11.43427903738774,2044.0329006406612,723,0.04550344472675538,0.8562277671198959,0.02035179918836811,0.013176536557919179,0.03504778826510696,7330.6435835724715,157289.73187210492,4.973892828125216,1.282716921046022,1
152,15.517174310660739,1755.8348590713076,385,0.04584710924763095,0.9709743836390916,0.06660171178805044,0.00743630499742336,0.006023059462121056,5210.26528110304,118465.40978252664,4.692177392014104,0.6462091313772125,1
109,14.247010372539254,727.3385760253316,252,0.08226700333793807,0.9049942363894671,0.07301429753748996,0.04900621705927985,0.011088761812514752,5408.606855821326,65337.430890395655,4.927072827844867,0.5516554884932189,1
156,9.0386913378063,1201.3898518495025,559,0.1452012638705529,0.8493937273619189,0.09055956106096562,0.009087581202719037,2.6796405066037423e-05,7283.446058318299,130409.9016114651,4.785316969991164,0.7801593535280374,1
410,6.51142549860189,962.1000076134324,703,0.07908043610687261,0.86087133901049,0.01871984988603948,0.0006830791693037408,0.027588411335074767,8895.794160980467,132802.93338106704,5.241292102709675,0.8613849635640681,1
498,13.83366613040068,2011.7845194710844,443,0.13354718523047804,0.8420066603784668,0.04456444209702913,0.04435968999056724,0.006524270262404763,7940.699493994422,80088.58680918613,5.086561456086711,1.4121768316927654,1
435,17.261137275818765,982.3187683645644,656,0.18584512150839796,0.8149759202328593,0.059192112056247394,0.017144898437513562,0.0362675329574192,9917.156920491934,100499.77923474749,5.220769466114583,0.5438111061441298,1
198,11.273188391755783,2279.007823253525,773,0.19527396988864623,0.9789826055854738,0.0503633998087631,0.0358662937273938,0.04554245897983229,2541.6679670107733,154751.04027197277,5.4313323270711615,1.003869427672663,1
111,7.504026919508761,1185.3716018927512,332,0.06503470769997381,0.99116058433976,0.015471405174546935,0.048623699953333786,0.009509545840589401,8516.268038600316,173756.47515932895,5.032469852792142,1.0134876964355888,1
138,7.48277330075334,2376.8194785207206,593,0.11687473213732773,0.878049380184485,0.0646496541383451,0.010346229815507807,0.00018002732098216235,6575.1838217859095,198028.18875149218,4.5088613247808444,1.428627303172997,1
362,11.831614803949492,2269.3850532281986,737,0.05917857734596677,0.9704950157110934,0.036672731814853275,0.013425732609685853,0.005955169786180964,3791.4356020458017,183391.44780899727,4.791843295388599,1.1396153431247136,1
242,18.90871936078795,1176.0871386785589,252,0.1320584936157204,0.8498016148649696,0.0841069240040892,0.02672974620617361,6.999807381834478e-05,4779.695190947227,201289.88394926977,4.869110161994113,0.5832461561741518,1
461,18.259795816534208,1160.0954518109484,336,0.0875851476243421,0.9222964067681064,0.03921716264392074,0.0028631715573203933,0.040796107802692126,8591.454288690278,104819.89817782615,5.4652274644351735,0.6767352391480446,1
108,13.060830420700935,2946.905968114397,797,0.030224119181144357,0.9491539577962688,0.04437828797928294,0.03269123593618913,0.04350128942215056,7074.444329997402,187719.45090248995,5.316847029642648,0.720639037521653,1
237,8.05877949092505,2074.501652414593,604,0.039571880659093124,0.8463446285274803,0.07536575115510315,0.018432000334685363,0.045108407169210496,2749.5284972167715,95378.38596737033,4.685028022643909,1.3623521713622702,1
196,13.544869775755522,2858.387647745758,384,0.1330372116237015,0.8042094607802633,0.024662678388303327,0.008886713466606733,0.019709866750004447,6862.57661508608,67363.52991968831,4.57204868962165,0.7452538345383417,1
430,19.555781975668403,750.584496637935,739,0.03608534610334991,0.9500888404369245,0.01106096762639594,0.004986497155530423,0.01919952743527141,2880.2841202355767,53388.01511273859,5.330517132911698,1.434677735296935,1
167,8.725144166885052,708.9888652350097,346,0.18833369440736644,0.9199274361334695,0.08131603909263364,0.00046980863720837433,0.03958303485301842,6338.961347110957,254563.8399913719,5.352720213737009,0.5849651932889345,1
171,12.206381458007368,1907.1280861718633,654,0.1649383352771211,0.8614769985254949,0.053101754515664276,0.012190442925645223,0.02717632192821845,4139.653124063363,185903.22644091307,4.521207905001379,0.5445258476049848,1
378,9.4510773683972,1778.8560406576257,625,0.03694865502588434,0.9824333924417388,0.012160078290110548,0.021356771657386073,0.007368825507651978,7242.916779926193,106471.09806852584,5.378990103933345,0.8847438073662391,1
466,17.34177305194899,781.0216786678988,373,0.1982459301570488,0.8449044914569501,0.09608198393901003,0.014090713619182967,0.003814497074371859,4669.798321625648,140123.37759755476,5.424702226518643,0.5848043106167502,1
122,14.067595729727628,945.169441935204,743,0.07362037229482964,0.8362730975142618,0.04827200936913344,0.044655877600339566,0.03435803588538012,6998.066176030787,121751.38843876436,5.3754021682137445,0.7710932784992035,1
355,14.925975729053373,2832.204585250485,278,0.159882664013013,0.9723427950338944,0.09802444788350065,0.038889201974814436,0.007329454392290114,3182.241463100884,161673.84818446537,5.29685073931177,1.4763392469170094,1
134,6.697460514811002,1568.632899962092,485,0.03748688576508263,0.8646106824200923,0.02147821721709154,0.03837677068450205,0.01763043788049958,5953.651811112884,170322.13750001197,5.4728488654937175,1.1017431154362975,1
425,10.001977176020436,2505.352320969668,451,0.08280519008297718,0.9098678521768783,0.05848725160985707,0.02463007030355723,0.02681062810920335,3840.916120089725,70904.43033904568,5.214921052916652,1.0269459454557035,1
497,15.402484291563788,2370.708749058358,289,0.05468668310884232,0.8005732211519475,0.09945147809798688,0.000857732580005538,0.027918723402144886,9660.926171159306,280226.02519049554,4.559577389891162,0.8493475344841073,1
498,17.285156787114136,1236.7432203216176,347,0.16869794385231524,0.9103000774559671,0.0938207589996297,0.021053848505950497,0.010536868433587927,3796.6975603023566,236748.84017147365,4.617235809281856,1.1957807369825457,1
173,10.661911748321524,565.8672060095245,634,0.08062000394073005,0.9402803526908305,0.06964725883561848,0.0036885147827962653,0.04187185972702714,8963.81581772406,57546.43258990098,4.865244218269568,0.578993292488499,1
139,5.187165502740049,2577.669982122467,626,0.03844627272657575,0.8364849023070406,0.07692021446384575,0.03740535621622578,0.034928196277009604,4396.061567675142,152880.62081217283,4.837336990564865,1.2813969079021152,1
455,5.1981412939841745,778.1666658052678,261,0.17741985702564056,0.806423821455499,0.07760196362154348,0.02516477113975167,0.0005433788137103158,8661.440755344674,219975.88602498538,5.375976513730708,1.0541559212759641,1
232,18.78725345120562,1754.681093730665,432,0.09049734970163958,0.8313601274368578,0.09758100962843215,0.02607505223809193,0.048896314185512456,3001.066848226472,102966.06086269469,5.119043760418868,0.7189064129612666,1
194,17.337574483379242,2939.9684846269765,279,0.16514617876381468,0.8936872191390638,0.038187069436483055,0.032094541715495244,0.04136268398928272,3318.5948762101916,250834.8151510174,5.146647195698484,0.6947305893146959,1
155,6.566000924759571,1406.7540728149966,543,0.015329283367922027,0.8564413862865573,0.058741112348301774,0.003265958358313864,0.029855537791169062,8052.171522956312,127280.02814155779,5.051691377175793,1.1383889610260867,1
116,8.605027303379178,712.5983867172737,783,0.1173113945016724,0.9127478644050568,0.08112031328337363,0.0022840306341830262,0.015729014610205188,9548.073131358913,52119.68269300017,4.856649143633838,0.7824021798278318,1
303,12.50324124785703,1286.1811062664215,600,0.14788074372417542,0.9947701485894872,0.07323911294878854,0.004868991796418348,0.020364328062724757,7931.610733483934,75250.72079557386,5.307494333200605,0.6501866580820479,1
400,16.941039455918045,1692.3825850031933,238,0.06512268238240755,0.8303075621759504,0.05167956007337389,0.04426019364072112,0.004664543253488202,7747.701658700113,271100.5170189723,5.307476033877281,1.1542201499705211,1
493,15.778318028269002,2983.5415736523896,713,0.10809715150693791,0.9457441279422327,0.06862554235082743,0.046511360171674274,0.017070764469906765,8282.814868163918,134755.17722003456,4.860316355701318,1.355952553005078,1
320,5.600193540455392,2281.9062019544654,596,0.05543101928886711,0.9994018995916654,0.06461893399618451,0.047900782582313346,0.028345043073516204,9955.236226172616,74351.51078687317,4.51494175301956,1.2663173144344797,1
258,13.207040786840059,2922.367796253097,289,0.10479332952113195,0.8909615715052466,0.025274587527402026,0.014780408949208441,0.003408091992183521,6612.09299345781,138342.11917450512,4.571133920395272,1.2106550318892337,1
335,8.869161492527645,1683.1523846552475,462,0.15499781024876977,0.8884090776000799,0.09317446949064918,0.04699147348253661,0.04858403227058554,5906.071963285961,140868.02761816094,4.786625067896688,0.9090332303717803,1
417,18.757101745968846,822.4605962788252,575,0.10737105787186899,0.9249263822317794,0.03822808693074792,0.004174527407512402,0.020659711772927053,5600.7381834284915,269352.15569201193,5.491248150784936,0.5426755742774435,1
429,5.855880127218651,2476.4765956404954,774,0.011509159724167151,0.97061195687249,0.036159454016565916,0.007910290200313076,0.01996402101733878,2583.829416218476,147055.74973329692,4.962278572240104,0.5935031201611307,1
338,12.027330470362806,1837.7893883758504,676,0.030732619660394506,0.8360546719011339,0.01975134985574656,0.047977407247755954,0.019847243937930706,5464.915168253839,150380.117685945,4.5644715302980305,0.8424235433074699,1
409,12.29442524306124,2255.7270962984257,687,0.03172202254005716,0.8909157291625177,0.05905730995548294,0.04742668400331123,0.007275690004310154,3707.761127959884,192051.6428189785,5.4878107428630996,1.2742055235824348,1
131,19.046894998312023,1403.731897278859,640,0.19592655651232477,0.8426841662139856,0.029034359888150202,0.001147136819602923,0.03793081964689174,5383.362786164767,113017.82212348151,4.676105619099671,0.6417378937397826,1
240,11.076027201307092,1245.8420074316837,662,0.17554493464341128,0.9049555886001958,0.07026799597126696,0.012972361290484026,0.041527454575055196,2739.530080256258,275410.4342843113,4.842019147898002,1.2531760506101324,1
184,7.979079635732946,2854.8541109841517,693,0.10034488940049852,0.9377660986540577,0.02446202439742598,0.03483450429021716,0.017734618824943083,7543.2114941070595,147284.49177558662,4.509931508905503,1.2830723739696985,1
405,7.978399665408809,2306.809206827776,792,0.12713735109178181,0.8647465149522766,0.09877311523344623,0.04694845293997101,0.03714181737051715,7893.75428754846,129128.82233818392,4.650506279591479,0.9586590672568932,1
175,12.491685025129616,1291.0195945502608,616,0.05993251188793348,0.9444572076256229,0.09894147456102302,0.04716618725378469,0.04286335338865116,7074.344423373261,209729.09884426277,5.078377016614721,0.5364859716491607,1
481,19.685479833296345,1550.4402722501397,759,0.15713303514986632,0.9201886719130823,0.029452355662939696,0.010488153976342408,0.009557950113618558,7437.025939037587,288776.11386472546,4.870256415112163,0.863794453562731,1
254,18.449823704395303,1755.2130002351757,327,0.14287025775637346,0.9297823354587677,0.05103977365244058,0.020519340541857847,0.017610561038622952,6339.736129394125,180792.45569942548,5.26508113992085,0.6133799994464878,1
190,11.882353472901539,1432.803716080173,766,0.12302944392640035,0.9085525757608953,0.04434069905916239,0.04225458043053955,0.034427532807097525,5499.949373847678,120812.09067645039,5.120376489593845,1.4251355968854038,1
150,19.93044831837939,2514.849406429278,306,0.02703120860031747,0.8032852986697262,0.09392470767360307,0.005183765104563876,0.0374971839605744,6990.605528785521,186183.43528304633,5.133525151342924,1.0033615200313446,1
116,15.01565202585285,2629.263140645639,416,0.05234708046620524,0.8909259759658396,0.044297184797414395,0.009778011909254876,0.023478712123092823,2995.5244869359535,291904.02551321534,5.414029318570696,0.9129347421824452,1
430,15.557524351548608,2352.882642220865,207,0.18852719382332506,0.9564392108081826,0.055680473264488564,0.013380457043501421,0.03293409208375926,4459.173490910778,275668.26603401115,5.409337709953759,1.1733008119579735,1
102,18.502808799116952,1536.3916500038395,215,0.014986895241896177,0.9581020256495562,0.0856692662351104,0.025948162309838232,0.037062271535376334,4539.767702525254,92602.68799804259,5.072187446004369,0.930019685937696,1
384,19.602354845929412,981.6510084321333,602,0.16742448091358236,0.9602663292466705,0.06200682542189375,0.0064435232204912984,0.031813674565558024,9818.845077044529,93429.31770369227,5.40417137234006,1.0172770780208977,1
323,8.464542563957488,2275.0621550003434,329,0.1058088388479562,0.926288213695487,0.08058531645894866,0.042151536331389794,0.031365919082114606,4081.8409822784583,188226.37714269228,5.448700303751265,0.7037625766788007,1
147,5.384603452394273,528.8453070240863,356,0.01528548350512184,0.9415151827688105,0.09285349546012274,0.003938625220877612,0.019120242456082206,7938.716991792271,82637.00377832016,4.953706261772388,1.1315017922043036,1
283,7.798327569632442,2131.306799089708,427,0.06641527620574454,0.9070834440595757,0.032072897593439634,0.039001447635552806,0.03930240995366385,8163.132683067305,214814.4238661022,4.774964824937011,1.4349758933765404,1
421,5.347112339554715,2961.9945991664113,305,0.031076988631742186,0.9854398050843096,0.021041589078582064,0.007091769308769341,0.013099733700828549,3445.021575258799,69345.35707206473,5.344623613069931,1.4127191293114116,1
206,10.862003129050699,1727.592393671003,222,0.08861157435163432,0.8973034589875001,0.06631144811859832,0.010514798643937857,0.02099535590978502,9117.708165263231,208387.94951942263,4.950878529314317,0.6611036448166253,1
252,5.152104374427889,946.6926801887599,780,0.1299305462484391,0.9709617853633321,0.020548642559591143,0.017140522596888086,0.01733918617811463,9959.328390002549,199998.21697637954,4.505014554846199,1.0217485557622972,1
230,18.898747688709975,982.1131491309175,230,0.1118312937347386,0.9035989843483936,0.07848648774408655,0.010815326447365527,0.018244532165970075,9188.578976211415,57374.40460834601,4.638565020410427,0.5834427604656212,1
454,19.097721553584215,1168.97633063917,693,0.04785513118739111,0.8183939685650966,0.07372752167012349,0.03259622651872071,0.02335218740448149,8472.093850123983,159015.49740257958,5.446345674991177,1.4223480984051096,1
228,7.594392731548448,2217.643641792904,487,0.19275554682788942,0.8205789202208046,0.0813837908877462,0.029378944378936712,0.00828265577334893,3646.654424295549,230515.08718697686,4.9334716713641384,0.9461577342729071,1
405,16.206189051830087,2539.730498916445,310,0.12538617352231377,0.8858625951405179,0.06104278312446472,0.01869802433918963,0.03163492337589774,2514.130023086272,91812.26322324888,4.533760010883938,1.0113568101306531,1
400,11.147123980537826,2009.7052385413351,743,0.07692813378332754,0.8059879900733381,0.026191381237012458,0.01613405809901163,0.03954481861960698,4861.956134159454,68160.08280065685,5.156954611626716,0.8719642843681549,1
499,9.716793424148516,524.0824989711705,211,0.14619249815110255,0.8427544854065427,0.06107223273494503,0.016078061945268503,0.011632437095657207,2529.881142711096,120903.56313027795,4.712175164574849,0.7174634196081772,1
387,9.170727027535321,2019.7609354978622,276,0.11905019551222147,0.9292540228690954,0.07139187297268293,0.021760278313526244,0.04066972371940367,3585.2033017351177,62414.935608813874,4.993934262533866,0.5467918439973869,1
240,11.3185586913592,810.2316977974979,375,0.124271829069452,0.9182342192275189,0.031277972548285446,0.0010634348858285347,0.0008918149931976927,8266.445091730538,193939.68505403915,4.504647015866959,0.9617718479362564,1
167,17.624642957022807,1507.0269748011265,746,0.18442655176093878,0.8078240489026753,0.06802980997759482,0.0034727057329913048,0.004755990888867606,8420.106256906918,230813.4173992989,4.774673546233696,1.25369227935243,1
304,6.196508134504802,2436.5335872988153,705,0.12634092292892804,0.8786654983437714,0.07268112449762981,0.022729087059697742,0.04243361564021451,9737.220222382057,80353.23665118894,4.8739060829408745,1.1179770015384527,1
114,8.36021535633142,2563.6413248329613,342,0.029975781878625367,0.8645718080720138,0.0718839020668179,0.02178412311760383,0.008509572628146679,3529.2775466506428,275569.1211899407,4.868879532934335,1.4028805832382916,1
102,19.011655340519688,2670.037181163039,465,0.17783067583396558,0.8086152361494356,0.014320305103384232,0.015214504702032422,0.013186356547969942,7503.372765347399,247906.9575899942,4.879556464179695,1.1986648304040628,1
170,13.751798062849092,799.753549067093,526,0.17376003085166425,0.9506069653989826,0.08990185712660724,0.04829181317071508,0.020664695887604223,5574.237922920897,80593.32728714439,5.027588928047742,1.0778847223365813,1
438,12.351557609775973,1201.3540029881774,694,0.05290779849471062,0.8527624067160517,0.036661076948227914,0.004139713701981934,0.027925761727818132,8982.978656433597,214870.19443350707,5.235268278836187,0.7058912343901773,1
139,6.1271660370862335,1736.514375736321,417,0.012494340296050913,0.8432270936193323,0.08366602997970149,0.009395871493088293,0.005226735897529922,3669.291664004052,197630.7749033021,5.027644638075883,1.3584588342410253,1
489,19.16572037843899,2271.280904375426,357,0.17108332601083195,0.8211320950301368,0.021705445942957955,0.045834862203763344,0.019278787439713136,5619.455150834249,205119.51318655914,4.703020727485575,0.900204905777823,1
135,9.167576516765427,910.4908124779536,514,0.19078397322645754,0.9154484564786896,0.019185791486919485,0.02304770606614509,0.00535866943934038,2881.5934205390486,54146.98364976429,4.960846820377035,0.7667566688998508,1
343,14.92828255864442,1631.6022901228966,471,0.03248197686758836,0.9100608528913062,0.04189841507995596,0.010603301283203082,0.0198464000605756,5446.78738760512,133434.87615353812,4.941340597514725,0.8697806753055207,1
125,14.729326223863943,2330.0040239099408,632,0.04684700903192996,0.837889926735598,0.02589805940884668,0.013796284992084929,0.030372406726187552,6148.9476819971405,77296.14019610085,4.549871449517793,0.7489442449731507,1
156,8.293696468530733,632.8444275084595,236,0.11929379567931492,0.8477534265307298,0.05789185523310959,0.013772973875129596,0.044130014486693125,7596.098227251965,151139.84978181883,4.892885424951496,0.71988829772118,1
454,9.024004246499945,1014.2634393838999,408,0.07605029151596761,0.857598509946247,0.06366820570765493,0.03669411353882658,0.004712128335639393,6025.921220051196,225117.80675895204,4.976758329116484,0.8053241882664258,1
452,8.57929227913535,1287.7812475234732,271,0.041662636217440936,0.8664310632644135,0.05096946874830893,0.04811215140399889,0.03330156895317163,5423.3803948196255,55206.71192093761,5.474370854078473,1.381257527150043,1
187,15.188044133811527,2632.7241698230405,560,0.19421289086362517,0.9166317716255881,0.05394766068897895,0.012375521463367435,0.005469299869677613,8551.411510550428,191816.68251761468,5.490413101692934,1.33535903117275,1
368,12.547197062593481,2387.4811967198357,296,0.028998568116682992,0.9607785235884584,0.04021096163045967,0.024533092504298318,0.017539052288902218,6365.720585426063,215852.13036554548,4.753536845477591,0.9587507621464211,1
280,9.517010492476501,1334.3471752735304,730,0.1571599961530271,0.9713912321107503,0.09119501446137385,0.029787177027894126,0.005638053368753732,7486.273260075384,232053.88568304537,4.520727277904006,1.4786374375992934,1
212,14.890503696436479,854.0828145517855,709,0.015871888223513073,0.915516841025669,0.07262254772779458,0.02153602553882447,0.010315376052396415,2714.191865553981,280161.81393491925,4.877778259208305,0.607931658368208,1
240,18.157160538460133,2197.0038142971025,660,0.1975930164909226,0.9752185680373116,0.02574570234028875,0.04551636676455526,0.01744225281774808,4649.565362395419,197286.9597697524,5.445266500070272,0.7762471311488993,1
197,5.616499660110119,1800.1943324103138,551,0.1684925979103879,0.8245922527215773,0.08157996141130097,0.028333121526298313,0.03962627827835847,4775.982516313108,77547.6443943938,4.508334878824107,1.427233030539205,1
175,11.994762086971445,875.5693793890283,496,0.12852107536827595,0.9328640642204983,0.03732810395817632,0.014412997687092605,0.03998925324332965,2124.739197126519,60238.27347406242,4.7830172987689865,1.0930716181057376,1
127,12.325496633256392,512.7256183013847,560,0.13544812983632767,0.8001283422856064,0.03262901166375496,0.01751091177713949,0.014163276845687363,8872.08434951265,216331.49973773264,5.26888537824712,0.6550370153314267,1
144,15.697956487983713,856.6106408073427,401,0.09208964892620382,0.9836519674669474,0.03617218233419358,0.0016068344835854177,0.04664673818447897,3989.8280389135525,219625.0692699936,4.886240835655952,0.8991136026897043,1
150,18.3955046081462,2800.485322289591,518,0.042927374147940026,0.887163254140203,0.08883391647803181,0.04021901249072232,0.0069588179451678615,8141.282868355909,112505.1113510332,4.916312303798525,0.6995231755156983,1
256,6.283968906551689,1916.6627251937732,672,0.11370782840878302,0.8751931887602892,0.08883293312077754,0.021844640782491227,0.006930493759576751,5535.210650809609,128315.11554087541,5.43487981472286,1.2125985052999777,1
339,10.312907706313116,1666.3813967351923,620,0.09764395658118916,0.9825116583092647,0.012377990828262693,0.038338485144420946,0.004421449361688068,3124.684728098425,276712.1957659535,5.286632077713651,1.08032241845285,1
291,6.909122908959882,1858.1738788618222,779,0.17678299468558437,0.8107072051694023,0.08605966080232963,0.006296792031430499,0.03350396156532796,5702.462542502941,240748.87945300128,5.018008280249094,1.339198038386898,1
143,5.820391320084203,2574.7357231783403,309,0.07336185636315151,0.8194798124163452,0.03615192317135562,0.024073395017755368,0.0165653798223712,2486.918158617179,235118.23487396815,5.1744129993827706,1.2393634223710848,1
127,15.523589984148492,1790.6600748030821,775,0.1506805825515308,0.8990609305149357,0.03011892252083652,0.03378403806674038,0.04261278478606623,4407.137669815985,127722.70724017551,5.489158629898214,0.5064508006395164,1
348,14.354958834622952,1001.7496853081296,268,0.010006785236851836,0.9207581324575828,0.020893097570419534,0.004843181836309313,0.010214682707044115,5789.9392261896355,258181.61313571874,4.943815874984219,0.5556531617495748,1
162,9.498856373640596,1709.2988189812054,388,0.1658514818894587,0.9683441606875185,0.05920473227966158,0.04108432293413582,0.03406602235106001,8874.511102328259,204289.6295398409,4.93235369880681,1.1361971648160956,1
194,7.125292772637691,2361.4962260698035,446,0.04244734344771392,0.9483329440647791,0.05920129230642016,0.023807919949466905,0.014501809436622643,7340.284234286528,289772.85360687185,4.992964136357154,1.1676996594308418,1
300,10.787311833089518,2499.637989463952,675,0.08921032901528315,0.8849665912213422,0.01251735929778218,0.022854113996076023,0.02821045420670114,2088.157151969556,125690.39246828022,5.145108987766671,1.393220973440941,1
417,11.667190757687962,2770.270845052943,563,0.1929313397889411,0.8935814214980963,0.07507587411442038,0.01384520195764305,0.049087684287993066,4861.981302537821,263959.89295285597,5.0032056213228415,0.8488340817581901,1
461,12.875834747101104,1782.6128874489248,378,0.1346246570256838,0.8703734005331001,0.07472881980749442,0.016964553840265323,0.03575911665658053,8293.574937584359,119585.03608584576,5.262607586819261,0.8029298851153026,1
301,6.02315164165497,2598.3137310507523,695,0.08153931955162771,0.8943504625645903,0.06930746291751942,0.028801947723515398,0.04637061227373042,8203.183988267487,181358.47683851796,4.62942196948654,0.8240766122106619,1
397,10.221428303177643,2043.6875602209243,613,0.022838294569675142,0.8059043688357341,0.07595897513871022,0.011585215515099629,0.03326304856919513,5995.471235170001,219830.56902217306,4.823659380971709,0.7315345703164368,1
495,17.12833224802482,2331.6176309362972,442,0.030032043762213856,0.9761510821789473,0.07553468436243055,0.01920417314611892,0.04866598636659092,9379.006389639968,65481.66128230025,4.750483849007441,0.5374182749301333,1
483,6.093225416711916,2408.379874645213,230,0.18547466064298732,0.8642318429166987,0.07288531534713406,0.018881447290337323,0.04944354319475434,6590.2372930328975,99933.6071232668,4.752494942330592,0.9375148540649489,1
246,8.382448092236302,2355.384766349375,644,0.16462917074874486,0.9617344435900512,0.02730662314401304,0.029105397322864476,0.031455783158478266,7349.26599837578,100884.90253917722,5.310008847270627,1.393291011491688,1
284,16.615785070660788,1920.7375710193223,273,0.07473514925843347,0.9364722411781208,0.09619692528239612,0.036414176092383406,0.02640772517628054,3521.095206284696,101868.6949654856,5.327575739277399,1.0008502852328571,1
282,14.27718295526755,1896.7432799455075,341,0.1623032190111234,0.8877756125144836,0.06629236306138814,0.043698845085079825,0.028457621141576697,3017.539070986947,179311.7167395111,4.6009130039656725,0.9987122433675342,1
126,14.022343777925299,1327.2994872656182,429,0.1660522829645673,0.8579792960320016,0.0845333650903729,0.019521320500699175,0.01789525973348052,8979.540280787547,89465.75516483712,4.788068995436856,1.0344238100599936,1
223,17.7979282495856,2829.5226248213526,712,0.06932547119149367,0.9237289831886414,0.05913474569303254,0.044590418827114425,0.029138625588632634,9495.415086590727,296233.4824037795,5.153232000991538,0.5322747255716118,1
315,8.913216576037323,1336.3531136517977,260,0.036464839345248995,0.9094174695264733,0.07604854024696964,0.04620871311327247,0.03316680636715871,9026.161435981303,108904.30043182356,4.572911901814208,1.4479975965906395,1
412,15.546362456120937,2413.935557147255,236,0.07571065877676492,0.814152619168025,0.047461615754911944,0.03696446963117743,0.04646817933045085,9100.149068321301,169692.87124760574,4.629464576173636,1.2233297753463757,1
153,5.5340012717913885,1769.010663502757,558,0.091987956991364,0.8606836703144638,0.08648501522004963,0.04857328244587598,0.0010721631092006467,2442.8523794623497,243403.31066739289,5.311363169522392,1.034185861111722,1
294,15.229118244751735,2344.8089252802515,765,0.1016129343949756,0.8774249579991125,0.043950502966267235,0.006261869680031629,0.035066889385444514,6396.359392271664,78895.79988634743,4.617992556818923,1.1156532018075476,1
288,10.276836439257,1357.8140928694015,259,0.055252339572357756,0.8183981621095799,0.010904468524763953,0.020653274188740436,0.037628453183299056,8461.88025433903,184054.39363429064,4.545779719881256,1.3017670960344265,1
468,8.74883601210511,642.2091401482312,258,0.034076019922834766,0.8361186955609858,0.01393474853240944,0.01748337321073413,0.0327604475954267,3953.954756146002,123103.18039677336,5.106123845262965,0.9787013654230745,1
162,14.848854252338837,690.9446762911759,756,0.04911358262625751,0.9410510372150221,0.0832082352200616,0.044882008774243615,0.04293800786893341,5548.334700651994,125679.72865221459,4.866933634729746,1.0514058418026822,1
434,8.663086875547936,2732.4461912277197,526,0.14257662060014636,0.9006890805130872,0.014859778070428896,0.04502126887844274,0.03527508376187215,6974.974244010907,119945.96138307094,4.703554935098061,0.6371314886318545,1
366,8.458038900599538,2354.771646726237,415,0.03332212947870861,0.9449821514135297,0.08091460505706453,0.0017933837987146152,0.0117552622028969,5522.219279402976,241047.9952651318,5.453044966714372,0.5212896503426692,1
117,9.05447858698301,1970.6003923747066,507,0.16716398159688958,0.8168986589606405,0.03511832339250804,0.03048738628027449,0.02476787493335026,8902.182482635271,146165.81247005562,4.5444155501160655,0.7057301206836624,1
194,14.898885424928922,1831.2298441726648,512,0.015948158896672282,0.9525992622193762,0.09435015002145834,0.04550270013836745,0.037723903690714156,4689.746375244777,257039.3914495587,4.762532739417581,1.2533183663409846,1
210,16.35878324814273,1352.3609624390726,644,0.1744910354259189,0.9565225358742865,0.09357098285993415,0.03762003595274634,0.0403698347915747,6426.353298909101,288118.39841547795,5.432472695991169,0.7874184761830724,1
373,11.952538053374925,1931.5063826594537,781,0.15611234663869025,0.8520201417245699,0.0964274507337525,0.023366623649609782,0.0496306538301189,3905.8152515812335,276928.14844694623,4.780700130757607,1.1825987320465388,1
240,6.283053010568703,1124.831538113564,755,0.06620673436024148,0.9142165264406819,0.013474558781081824,0.013713494077956252,0.013437367476236051,4004.1062106148174,213257.7773374682,5.27156392937898,0.5123391160689772,1
257,13.526616133091204,1302.4734786897857,470,0.17104260693467435,0.8887617371420924,0.011554001790224278,0.0004435350993422793,0.001850188138293285,4869.789211762423,209435.77484102047,5.056608410312552,0.90861088826198,1
396,19.08251387024822,1191.11417787232,764,0.06966504149977656,0.8128086975819462,0.026182351881419312,0.038298841486400254,0.013807217128403782,8952.442973549898,81805.62002103573,5.130338178385014,0.6469017853680191,1
416,14.83967226552736,1081.6811344483226,239,0.045008543730108895,0.9013438371726428,0.04962779925905291,0.01586672180963888,0.027670386328308916,3823.619369316868,287925.9480434462,5.491971137069574,1.4752823282587906,1
108,15.175817293479765,2643.7257686519497,561,0.11268385735512276,0.8089466133722348,0.03112271742132059,0.005458173929705896,0.025346896962751705,2905.4605073353955,69362.55625817685,4.704041915579058,1.0703658936274003,1
448,11.239545055261981,2104.717568056198,489,0.03718510161855797,0.8653081083401543,0.08093480156679321,0.016749289250038126,0.020406877583783945,7215.8256992528195,167671.25864043745,5.473501200184696,1.121916368835847,1
182,10.524528702118683,1227.1815823448544,353,0.1832558053160698,0.8051070572528721,0.06481343313331282,0.04040171068649954,0.025539807124349462,8246.990009668076,177045.56767543245,5.081486498660149,0.8440527464444922,1
210,10.682595390535155,1956.7156142108054,353,0.0824070360131282,0.9995641703146876,0.017060047507033806,0.0038655720497016433,0.04677589349162557,3796.648059213303,175873.97172639697,5.074439247178468,1.0482330302443448,1
314,13.084510758487022,803.1059326156055,740,0.16165905400940764,0.9214204020385879,0.06932779831588512,0.026016799897334505,0.01584696779742193,3560.1887605195607,193810.9340017015,5.411069521635987,0.8286845031609634,1
493,19.662121388535756,1077.2267553176948,522,0.15215577307906303,0.8230833838776844,0.03169418290295208,0.03663991650849899,0.044011338952901144,4895.049278717641,137996.15234221728,5.005643442842691,1.4146355119518712,1
434,12.262317792164374,1075.874586570412,628,0.053655027659051314,0.9655642208856104,0.09880704739149893,0.04628584740222093,0.012247196501660446,9274.125898338403,218526.28176054978,5.1659026528756335,1.1055456642827313,1
246,10.12357704123605,794.9100561720497,618,0.08999429215457234,0.9966495501226165,0.06184105757235007,0.03163148830884741,0.0386322487883658,9198.979746098263,269101.4242434299,4.515512251606367,0.6207888455586552,1
234,16.48264336078377,2278.4546861448353,681,0.15114225856355668,0.8252795902929586,0.013066810183579247,0.021570993223760822,0.03450232824941562,9919.467870772762,83094.43875196777,5.366879988680107,1.4186230032750526,1
316,10.31551656806316,1505.793766992701,770,0.05587263237891246,0.8586783783421362,0.04031274639642513,0.04123577918796014,0.01683202407936677,6870.059526957845,76942.94786850753,5.222179584542197,0.5737525428738327,1
281,19.248785836498662,2776.685562150082,660,0.15073252110639876,0.887138028873937,0.07818940582081335,0.0350056846196225,0.03667215674499079,7789.659724590522,197389.53284237877,5.320106066291194,1.0093739858552029,1
177,18.433987573659095,1983.8832168476335,578,0.13804234730740564,0.8907054310729721,0.03883931882286693,0.008836113105962868,0.0361266592845622,4234.39669279862,243251.5801804114,4.732263544927154,0.9932934667253286,1
124,13.461970074215268,2743.2540641202336,793,0.10656329930106125,0.9856087139646553,0.03567314802894001,0.01920338731951203,0.037865010715430907,9628.109344434532,60483.607303327255,5.44505265902449,1.3823841660410565,1
474,8.1602103371774,1797.8374264809531,788,0.17712091123268547,0.862873478382031,0.041261105355852735,0.008279626860674872,0.014392158118578975,5893.085803921029,105908.3407471872,4.669320771757356,1.4392048784918567,1
232,19.832083613370006,2383.6720121301605,437,0.1366223862986226,0.8282006250261903,0.028615880084743424,0.0419394997912266,0.037743236932476026,2218.8009976381977,275635.32561016275,5.459856703062687,1.039829749896496,1
199,5.099976601641538,2581.261236637797,226,0.08021270616797191,0.8563675045099943,0.09530917958471824,0.02132512805316203,0.022241233855818915,3009.4296235464694,163462.34436136033,5.417995192927233,1.2162509091669484,1
161,11.666075947383018,1580.6648711348985,469,0.026504127638455638,0.8273636072770912,0.03506078791504381,0.033435778735750404,0.04842197870974286,8429.128651563351,236069.38383229123,4.722441775555622,0.5743503296905437,1
180,12.605902590081524,1190.2700747077174,725,0.1376954804929991,0.8148177008432296,0.07191438174495766,0.04461362545368447,0.0019178421919709534,2803.510423443794,226275.92160216978,5.021296801548654,0.6903986770021248,1
385,14.916956406567435,2693.9338301509765,236,0.19034468353207754,0.9254570096849957,0.03213223570822716,0.029317168659049667,0.043605741092250634,3761.6764112322107,98919.57578302556,4.970115409429618,0.9845071719130043,1
195,16.00341027565968,1206.4991841426477,403,0.1306068176509004,0.8177423416835559,0.05646756050843083,0.036164180096032464,0.010709453747867682,5474.550251201466,172672.7879750303,5.111217187408708,1.2099905101814494,1
119,11.27239022642169,1157.6845350373203,589,0.12989501298174858,0.8469431573714534,0.04138333978936803,0.02652305687104946,0.047716761074984196,9023.117202526366,260172.96282927194,5.3750390730210835,1.167975801863223,1
350,16.951192650574537,1480.5251396790536,565,0.11324852981703146,0.8590834440239269,0.029703747556455933,0.048145947561001476,0.04484091988018196,8111.492948965511,154898.50671843093,4.947172912399449,0.7473962579847737,1
317,6.737287697515759,1661.8398308067678,526,0.13551644333878082,0.8695157150879034,0.04582803788359234,0.006402893280119365,0.044108572409949726,8720.966625495035,266002.3068807542,5.101058791667245,1.1872219311808052,1
114,9.363953538379505,1768.718507422249,618,0.021552619612432183,0.9543597315597415,0.03354447275958221,0.015880917910944325,0.01956891969182735,5535.612370085673,149669.87792532775,5.412368730117629,0.7683172336630925,1
472,8.284222931397133,2090.6654823296626,246,0.06861702341624278,0.8819623086173982,0.06152551270131751,0.008326757153873555,0.010310041077268123,7002.292043585516,286969.44856691314,5.1133039713706925,0.8296841765136669,1
409,13.09650965257584,2875.6964080450816,221,0.16245844678614843,0.8180505421466135,0.07342574685808961,0.045611428228281674,0.0383421025298584,6423.153523413228,213732.8957192883,5.01864899851727,0.8620977516135027,1
201,19.778259451351268,2595.3726309481785,605,0.17334733878363592,0.8458668936642818,0.0821156855264781,0.04553268901030717,0.016575105642302062,3724.920782622764,233333.58736467312,5.440013796192712,0.536074972491577,1
110,16.326827176699993,1816.3884561978414,713,0.08560810752477686,0.8969799891744333,0.02412509557215925,0.015073321768732502,0.011500261959267967,8179.293077473046,111827.184695337,4.772458245977129,0.6236428306474971,1
293,14.829139381731034,827.9829736481585,476,0.17377690200607598,0.8153054163960968,0.05540586967013895,0.035174462110693,0.03663194157756121,2161.233426019059,235662.99570771217,5.041697953677713,1.4189745646107759,1
148,16.038100971452423,2481.550015343798,398,0.16797962602288574,0.9718606119039501,0.08062945819747006,0.021257635396851462,0.037174167865303136,4417.231814506634,164726.40969355905,4.59967921871148,1.4692623887661895,1
395,12.071005297070077,1228.0966346996756,295,0.052228061882469076,0.8812661432638709,0.03507021101937784,0.014221149276072438,0.03514397313192632,6052.748039043787,145602.08398329566,5.493153955765329,1.2275574534657983,1
290,16.44050574450732,2286.4468341377433,663,0.05257156342116818,0.995038118995565,0.04576137564635665,0.011605777385490118,0.018491081326010194,6505.226141747739,210704.6412501667,4.832435474870885,1.3096807869517342,1
142,6.430835525790462,923.1392817139962,701,0.1227478112093666,0.8167777555306711,0.04628755655500264,0.04190351980683008,0.026170283452806028,8717.20007459159,240145.39985438762,4.558932958300475,0.993417741745888,1
310,9.671824359205862,1344.671201600198,354,0.01693684489335243,0.9377995201428418,0.06388570812782708,0.04357139580159328,0.01340724479049345,3673.793420495863,190602.37406696338,4.988726888191616,0.9998154663519275,1
433,8.536090067234406,1653.4300764811815,694,0.10774191197315881,0.971730582028158,0.09934798230213104,0.004071715444784757,0.005252193818130352,7594.04451116946,143921.51260242326,5.256886705857698,0.6620931142564044,1
483,6.8221653066050605,993.4190295189853,316,0.017421770082753432,0.8848364449965723,0.02536498782303066,0.040157681526463145,0.024359668843398016,7991.947464598122,186771.26247090724,4.899405658314068,0.7967510232149309,1
322,19.93616468767341,2299.857484585982,477,0.10927121953109924,0.923020097448744,0.04344686315017145,0.03251103578729394,0.0070758798309403575,6186.00992471122,101115.46032654814,5.113999820888008,1.214474800014893,1
365,14.067766731743443,1680.2750912100107,415,0.18787847476254152,0.9854159187477294,0.07481172315520634,0.04261980873638453,0.006766962321191356,6195.027632420148,257352.00396528543,4.509821186346471,0.9163029430748952,1
176,12.057401545388402,2983.275793063941,205,0.06924969683049827,0.8375348854054029,0.07246406546567609,0.026886574722302548,0.01655175652158058,2488.86231332855,167173.52568070302,4.656453021368176,0.8504527929152811,1
386,18.250147762823424,1362.3936144415616,214,0.18629710478038883,0.8549161229792053,0.0838678987475929,0.04340465792498203,0.0292234192525309,4446.0025648638475,206125.23400595193,4.903268359112054,0.754749384232702,1
377,14.623990318853508,1006.4702793485692,356,0.02956549375373895,0.8432882938980841,0.026049273413899426,0.028182988279432847,0.006335204391510963,6178.542410571399,211207.53207440363,4.882946516053082,1.075655711978515,1
403,14.071628109802026,2916.647222029037,684,0.049768275036952525,0.8005341571321561,0.030864793278409915,0.0108221728694954,0.04647735573476323,6919.389554649094,85833.3329946145,4.975464000363753,0.5002468699465533,1
139,18.439300131407613,630.4729680898583,723,0.16337453360513532,0.885081147648159,0.0524520169901702,0.015127916075428982,0.03800037135083098,3926.183137902327,148311.66523938914,5.273919622492268,1.206244591433391,1
281,9.676427487878065,1804.964261445625,743,0.024857935665728623,0.9210761991771925,0.029250942960250458,0.008305815587002758,0.031688494173290185,4221.894127806882,85720.99998570253,4.937243242267414,0.9416468179977946,1
455,16.83447583584551,2213.4189628109298,771,0.1809548055583875,0.9304184248271294,0.026021116765414173,0.04330692193123965,0.04276861565786447,8165.958265664523,136497.8893259382,4.924077929659038,1.1169741940483005,1
197,10.736861233510732,947.5140000356814,210,0.04720885622497876,0.872198275515441,0.027539974603841513,0.029309420403238647,0.01642257723737824,9288.326046995368,278951.77501022874,5.002793356191844,0.5129945025352717,1
239,5.502922868045208,1187.3785451366389,690,0.0856758604075335,0.9991475696794675,0.07338380376080733,0.01370869153189302,0.0028613500189560216,6577.4473442629405,57606.623439463445,5.218029513415507,0.9708092883022992,1
411,14.483601240941962,1725.7512132408276,684,0.15248783973036703,0.9295096989729797,0.05910286033651801,0.005194364129824037,0.01847669297040886,6903.363936797687,228327.61286421074,5.205639576436551,0.676907672516355,1
167,6.242369311255132,2585.1610758491443,322,0.020649118902100774,0.9274956311443312,0.015609292524168563,0.004873773030150791,0.027204174279227167,9867.227426324836,98545.59461605776,5.114003790449005,0.516674454008527,1
444,17.7234503887221,1291.2007141436723,373,0.18208770228468887,0.917369497898423,0.09498708771886745,0.025817022477899194,0.04702725807744836,5225.384677432699,259429.16845478574,5.169641174834098,0.5649549006889755,1
489,12.522885406111993,2322.392666090949,285,0.04279119368080634,0.8089016858868681,0.06476761227757862,0.034435835296461666,0.0204625756192834,7082.397684265877,260531.00719649286,5.441089935624781,0.8111645227205987,1
387,10.26027166668861,1353.6312257172963,781,0.16886006923240063,0.8172190466019352,0.0937245565777308,0.004408097682990758,0.045900554616213486,3460.0077706307397,71604.41351245882,4.817501288586471,1.1266249415708005,1
110,16.50083852961687,2471.8416968442257,422,0.1312096673336671,0.8920698196906968,0.08894785497475347,0.04716186644387697,0.015389116047810137,7447.12475790485,285664.3544537559,5.364585907690868,1.2474084329294604,1
477,6.9910222266413715,633.3382610103198,493,0.0438207668289769,0.8280852147415876,0.03839868819161094,0.011298019005088235,0.009412264553010247,9068.548631621876,94278.02186324858,4.794932344998077,1.1975581604212397,1
235,6.3861808728298906,1387.882757535133,572,0.0762832473721385,0.9283651821658652,0.05047058302652096,0.03155132036173339,0.041586522076455745,2293.848749975271,258681.04805280076,4.88568069156784,1.0379487839990205,1
207,19.906334545707793,1584.6334946699724,495,0.049414921961832205,0.9399307652838386,0.05533887266848243,0.04149288413790307,0.039714751492794645,2726.0600038333205,243352.24891215932,4.758213849501721,0.9676881973508441,1
116,18.828790647756104,1792.5745483177186,390,0.1002898654830821,0.8934493744176936,0.03906918610263949,0.028188471264358667,0.032915240372862954,9210.199179282772,130593.01171691768,4.604612966101408,0.85888414732612,1
104,7.381257499166701,1688.7398051975756,544,0.13309744955276084,0.820041537563669,0.09218339407608217,0.015313781485984342,0.02334206161900539,3489.2858119037846,55437.49227935206,5.30922133189896,0.9564456760404613,1
394,15.417476568553798,2327.38714663933,684,0.16847831812710953,0.8505149539163298,0.04358933004800061,0.016893913031577164,0.03392779208762687,4401.3863825874905,292691.4180237605,5.377432713168137,1.2631729910876932,1
359,6.617829734942241,1564.7355723022006,475,0.19125656865330576,0.8801500254766287,0.01256996538312984,0.025610217514032398,0.046117679886737005,9092.761969378658,291308.9027584186,5.442846331924836,0.6984621431789836,1
390,16.277751379409715,824.7270670422618,541,0.15982818985271102,0.8107600196753817,0.0181358784275846,0.039643172087454465,0.007073047310668834,4768.819597882838,148998.466814574,4.960587725049579,1.1586086015961394,1
202,18.244321104742784,1253.205834096796,282,0.045072794816455826,0.9715524393369586,0.049289399371408076,0.03620671937045921,0.007706896843281974,6442.785849909091,243902.13000449873,4.504944782535315,0.6593298043661703,1
151,12.062010416741938,2216.9660962009298,417,0.1834382787327329,0.9336873700861508,0.0848212292918083,0.03531120503050909,0.038152808665092935,2766.5989033921906,82125.59841267149,5.2630442972128275,0.63352626860055,1
495,9.906677592324609,1207.9865004828398,634,0.1234183860185114,0.9068230346912992,0.04121804664990186,0.03349383389220726,0.04851128331811315,2215.1701582487844,271397.03223206534,4.678160032390386,0.7351575819338304,1
285,10.097764264954915,2558.095354616484,607,0.18377134013683522,0.9291154537053011,0.022427191026475064,0.009398527459892598,0.01056161720377874,5483.2050259620155,134896.66391921515,5.154044934957293,0.9257113199736742,1
245,9.6663811117577,2188.1823320179246,692,0.01661706551606731,0.991702549092497,0.04795632009324891,0.008177143856218505,0.03411698882183006,8673.859960224065,166230.67558971967,4.582640471654288,1.186065619682302,1
151,14.838029056318081,1511.1838728850753,212,0.04056791805189026,0.8257479020575914,0.055627338771217505,0.03431493247102651,0.0005794329517108843,7230.537888999048,217548.7317176599,4.922457067455051,0.5545112885754891,1
317,8.879735739014857,2085.2929487071633,661,0.10539170131710773,0.9562007061742951,0.07408211290952352,0.042208420312041105,0.04858851222875036,2893.3771124777027,94709.89104497153,4.9240651244797675,1.2596107824405418,1
445,6.200136670886041,517.3918220608621,464,0.047546479387807046,0.9625670218684079,0.07548658898844172,0.022749468101146832,0.0024271799120169748,4253.711643209722,80387.86140810084,4.989621411712846,0.8671041209256165,1
406,15.29581457778399,1130.8170114774728,545,0.13824929346343462,0.9533667502092859,0.012117731115574872,0.013361775941672989,0.014661984278591484,5336.481870264946,161692.53722696105,4.797683348029723,0.5356150760932185,1
157,10.35866723193649,591.5308768165954,605,0.05723907637070413,0.8168093719109673,0.018511531735546257,0.03633937021517914,0.03164600115025427,5448.804372114937,118674.05836542373,5.471852775350443,1.188991961011597,1
224,18.78162698733487,2758.951195234766,736,0.118122972973434,0.8081281961151007,0.039392962929245684,0.0019143689970487487,0.030467674500064303,7790.481605399518,253119.11940954044,4.601122717424579,1.0126322804411239,1
471,6.18147298743271,2818.6013779927243,509,0.09028068271384031,0.8044766950367843,0.0955322992593723,0.012842900202272068,0.032644771688686645,9063.402895884708,259213.3293158312,4.933435283341706,0.6164254307273387,1
198,13.563426836689084,2987.2960206717516,726,0.11243994930614748,0.9587446931656486,0.07248314247955284,0.0024415609889613,0.028666800809248685,3721.674130005779,283869.5664646954,4.774786753556652,1.1888632832341566,1
195,9.152807165111945,2178.599101411964,608,0.18285181786447374,0.9356416497899778,0.03454114631157067,0.02035913959411395,0.0009359474413285274,5314.598718715475,82441.73577943565,4.767053279745886,1.0990794508923458,1
425,9.77239092035007,1053.3092138324823,218,0.14471161687132478,0.8442115427013076,0.06502476510334625,0.03640819851757348,0.030465807701265432,5685.153221363673,155191.19656602415,5.095230760639549,1.041457924165126,1
343,18.948090436792796,531.418061683899,548,0.07073213335729835,0.9645257405107961,0.02366007642131507,0.04271779944843469,0.02494873226085208,6257.922929389796,92503.3525991923,4.890061253724192,0.9029382246156521,1
438,17.78437516517713,2919.3090215066172,698,0.1166518898840246,0.8690598384784043,0.028679608161158714,0.04924343024551561,0.01845957275630263,4334.58434050426,128834.52149387296,5.174501370395571,0.5295645680718161,1
419,13.774053324021507,2060.662842385962,778,0.09199085041079422,0.9991651680543128,0.012106750962324114,0.04866785343136179,0.027821974360962218,5926.055013518348,108679.64099214287,5.421176281106417,0.6316973893227341,1
410,19.232286384292117,808.7350185397977,605,0.051478022338062375,0.9984261812428128,0.061367051422904495,0.008931121924852315,0.007955875905928994,8220.197438262861,233615.17783048842,4.901116509363579,0.9085161861183093,1
484,8.266289020126312,2751.1472664633493,485,0.070686664554439,0.8726349363182122,0.019507489947833946,0.044237893330620184,0.048011970010818014,8094.025053752211,129443.77419036749,5.035627048704836,0.8921733664356113,1
306,12.422498213890364,1659.7848550655585,660,0.03982388262110206,0.9746683793926636,0.04600489240852522,0.0001668689894175901,0.04149331500159757,8103.479234219877,214047.65317639458,5.183351776803143,0.5983230872702108,1
397,14.796563619907934,2935.618479145124,620,0.045886241874986924,0.8058081993741929,0.030177335161503283,0.03048530318585049,0.02516806274611871,2644.046521161089,192646.1762416139,4.908775269579061,0.5228336179630481,1
412,8.749111313349626,1923.2653682212367,683,0.14002898147168474,0.9903692161594271,0.012044756389162565,0.030067129389760073,0.039493993168367464,5114.715072635255,177833.86346593176,4.693031578140773,1.4132067647679096,1
334,10.535964823111158,2686.625492560031,379,0.09971208950919484,0.9425585045239115,0.027980677180328796,0.00663250285870653,0.003240641167180858,2247.1180681590595,194400.5620874084,4.959192926027231,1.1836710915211512,1
327,19.845699918480623,2491.8838921352826,672,0.1050408384342645,0.8222314593250856,0.06436061162806146,0.016562961739333516,0.04600779075506278,3274.1326835670143,165553.05816614302,5.462474026306288,0.5068833138690038,1
116,15.23035396004532,1515.86676886422,732,0.19915156453355962,0.9724337941189343,0.016332905221535604,0.020854480548789658,0.013001462401210157,7727.81262024292,80245.49356809788,5.276596528343684,1.1470893397123278,1
373,15.721463228432848,1596.3028013856626,261,0.06566298353832851,0.8796793473188694,0.08400841821181437,0.03843807579573485,0.018168663382317658,7732.996995889538,177889.92492345755,5.1496298047903615,0.9285885377781355,1
163,6.554345169587105,2617.6759575027804,793,0.15317979276483898,0.8223567466765557,0.025205811954899168,0.020644652715525402,0.016991731204818967,9303.796723071853,248888.27480858378,4.710084984187094,0.5971257040651565,1
428,15.405740857951665,1645.605051875027,703,0.15297546987606886,0.9513961155116551,0.04081986119282459,0.03445970581645968,0.016533060665195415,5603.0092656351135,114480.43988688137,4.775298979836911,0.5357446429231967,1
171,7.220359614690313,1221.076075470829,426,0.17723241284833635,0.9127078866403167,0.07424228166199957,0.015333136523064934,0.035791834130250826,6541.119434469615,126185.34094707077,5.213078837393689,1.1732787139332266,1
179,16.155997492953983,2237.706291089823,350,0.12541539017515813,0.9718295252088109,0.033157518485997683,0.011395901452006658,0.04254595756965207,6665.842968401705,87090.84090634207,4.512066716398456,0.8641617947901737,1
360,16.18185857723272,2990.2938030067453,615,0.10062512373557238,0.9800008016383799,0.09751629815235152,0.03219257598961772,0.029356771280098882,6008.762318748011,180834.354785015,4.8779787411198665,1.426082301774962,1
431,7.5368131552765805,1813.0921773994803,379,0.1019597006623103,0.8759744733784088,0.07018703352827835,0.003237629809367282,0.011241258796046778,3651.434077281355,87522.13023289209,5.10864123536657,1.2287618204152155,1
161,14.749949931756653,1391.2536594791382,670,0.1181875183687618,0.9277273161803217,0.011098070782407685,0.03731282906448317,0.04094482428695539,8301.48330474605,274533.6682132842,5.24137786181666,0.8635603313464231,1
116,10.97736835029744,747.1000505989093,537,0.10640913540696775,0.8542947121758528,0.0965490561584223,0.04233028096752535,0.026886454549661133,2635.578332569433,249479.451507283,4.946632851412163,1.022948795914441,1
225,8.841081089966355,2348.589446073112,450,0.0533845868038469,0.9434760651827843,0.025968760726011918,0.048968874517507,0.01328816695212411,4219.8124582385535,235777.61238443508,5.233337252070698,1.417466834661878,1
167,12.838365506689346,652.1627829919017,433,0.05634871327339637,0.9523360991198874,0.05295540736455036,0.0049135116997859,0.04408203541540079,2408.6623977934314,247504.03172132687,4.573054546091153,0.9782990449399231,1
326,6.250793130252786,993.4906046814452,755,0.12198141530788577,0.9196587540019016,0.03699648641973461,0.0004801238260096097,0.021487782471306283,9239.910728426212,229995.36336682268,4.942641815374761,1.1426273524373678,1
401,17.08648796769968,2036.0332048599244,667,0.19852516055177208,0.8503495555438999,0.046645198271586544,0.013537160118149644,0.0315564096631601,4629.115194516955,170819.91418115835,4.783755704398719,1.1452796407016907,1
235,18.008914500347153,1122.5550051991322,481,0.13879008529067202,0.9006124560666144,0.0663329549849327,0.0055735029195357055,0.0378306112981204,3457.4422530877846,51629.32149918291,5.393367200898784,1.0095479299910837,1
353,7.446963099255617,663.8986870728024,642,0.13786547621996542,0.8189135952670803,0.08758269019341357,0.017121586068676028,0.03434794639743496,8580.461453357675,98398.87615068216,4.608711702844893,0.7318028003962073,1
257,12.526695054626146,1300.039652109528,743,0.09965637132193333,0.9369492639602146,0.0934796347830996,0.010514596317339099,0.033594361750259115,4590.123424314721,97976.01656317222,4.896239986910009,0.671777291986028,1
180,14.151848442396977,892.8316445216769,728,0.19641933754099375,0.9306981259513343,0.08098737692476679,0.038987745615269354,0.013469159315796043,9462.748364380324,167995.41848586866,5.356237536925368,0.8036181209295327,1
174,9.59348581735665,2316.774091756596,522,0.09544449633749728,0.8850595825363493,0.04541879854084978,0.020856181906786755,0.038111137203867475,5232.648852783884,292169.98817173345,4.853611958368068,1.3053707565362027,1
333,16.505728990682286,548.6990589375247,407,0.04963571798645241,0.9433345396160027,0.03653172012366099,0.01867375933515988,0.01609228977095274,8327.359758758921,131421.2831818837,5.059972261928149,0.6994521453788475,1
210,14.263337571502857,1600.2578745857522,480,0.030298569456794204,0.8486275630599528,0.03929347332609016,0.023984134920498043,0.03606319896613816,5758.974072459063,292783.29302874976,4.545999950030654,1.1594182356451674,1
452,19.395975572118985,2266.2216441154733,455,0.06322709640500357,0.921340968588165,0.04375170659526075,0.0050719958007762415,0.03198143331061748,4208.369763964159,142362.2072453133,5.4236060923653495,0.6110307907450263,1
168,18.212746093030223,684.9719011140149,623,0.16661903276172868,0.9747901233291918,0.0630827485538796,0.02870440602302339,0.028091819244625105,5506.089582754771,131960.52829312749,5.046585148295664,1.1606907863968545,1
385,12.965412193981184,1228.5484613770643,222,0.03668883783146094,0.9539811761200486,0.08836527921804088,0.03496256571687858,0.036952912179366214,9657.601109351714,140307.40317907836,5.272702987833622,1.2472731984003276,1
209,7.762100434444896,1670.8159973413176,671,0.07881872090155106,0.8397970358694625,0.09742947998170129,0.012951291075109606,0.03018084457056607,9461.44998211493,85067.48400477771,5.142240236779891,0.9273309290134011,1
349,16.97145499825825,2579.1861140802016,261,0.18346661856794494,0.9024523338280236,0.011458114243405405,0.021860345823934105,0.0016042008846209378,6033.692471568636,249569.5611966215,5.29013750358529,0.9920094704825164,1
394,10.00628854718512,667.7736963039972,277,0.11740829309454014,0.9948455073807994,0.08025293894194173,0.026588121860557763,0.03992954884227379,8770.394733636733,71932.56388218184,5.422496881100884,1.1100314829511493,1
197,16.27861023765991,2417.7882128200145,641,0.16537359597239146,0.8931430331636795,0.09004202067292223,0.049717483944794756,0.0076102657804055845,4643.43554216777,95418.4555408356,5.075223768799079,0.95404708033587,1
499,15.388792500584417,2550.5213169102312,642,0.17898542630733455,0.8802932136874465,0.03644324087032568,0.031184487353348223,0.019497374824759234,2068.303240849372,130596.0771202103,4.650494920155801,1.3555746318615225,1
399,15.118074689184743,1316.5481972017187,668,0.1341864131124791,0.8400663104205248,0.083937227589633,0.046267827359827346,0.04466217677306821,7719.235710337348,194214.01946359273,4.688847376204968,0.6482838035087598,1
257,7.723800812016781,565.5612262603275,240,0.15809801134609783,0.9080152501888865,0.09591945354814842,0.016373052399812654,0.015766812461788023,3840.830842147293,102201.81346256551,4.802929506922431,0.9242836385295065,1
238,8.494682751927778,2799.6956522992964,563,0.01518632356889032,0.9755275188369745,0.09499479710733656,0.006155504969566028,0.04740068479445351,2203.3911015959056,266883.19694985147,5.354188112466877,0.7085843487114948,1
125,11.70218580646964,1497.9455023750238,410,0.15648690985363667,0.9180434388138345,0.021218438508783747,0.048462189054152664,0.025335166571022274,6626.428289682765,179124.04559870018,4.662882996772277,0.7096379706290239,1
350,16.109630011563944,1395.9758793876053,524,0.08887429480468045,0.842065492250252,0.018171188026526633,0.025345509260840143,0.02389894770655205,6069.882041930696,286224.21074091224,4.516145460361656,0.8800291329876457,1
315,11.004625219281994,2643.7326837343353,563,0.07847456425196704,0.8619963449784139,0.01587750411833375,0.04729702988557821,0.03260009188230874,3834.870696050319,225303.48353917053,5.1504326436190455,1.3101694240397677,1
341,5.237750442844905,2910.5861647932998,531,0.018620203485636436,0.9694829616680714,0.02596225470909575,0.00046369736192684586,0.025931100977867213,3121.7629131716612,167453.176085442,4.5389908109693335,1.0962044879971464,1
207,17.995175913704472,2152.3804756455975,580,0.12733545622845371,0.964650140937392,0.04773152348039895,0.008731874054778955,0.025929984064884556,3211.043998120228,252354.3972714239,5.1686678095282215,0.8650680100849077,1
156,16.798351723220986,574.9503168753421,408,0.06815231529395517,0.9250624975162508,0.09180827674067206,0.013259067245540608,0.016053636755227363,8266.151191343666,132895.51181438728,5.388820450533199,0.5342227722328218,1
173,18.70365400697898,616.2486251345821,586,0.1548754360058637,0.9445045434314081,0.025276620792117212,0.005005762359104477,0.01743332032009538,3781.597440965408,154970.71964329388,4.566325724962432,1.4687304010666113,1
337,19.750531809226814,2640.351066331256,749,0.0936790077800827,0.9713831344295607,0.08284826082972416,3.608141520279329e-05,0.02381217348183951,9196.391934328254,114215.40515161792,4.822876458290027,1.0399860915957593,1
414,15.026479257231424,740.9957252031161,704,0.15225659406115843,0.9703936942983262,0.027665838683582605,0.010965556470578175,0.006490380617025299,9538.31303969595,106387.96027602613,4.582188984328399,0.5947891899739807,1
306,9.234496677694981,2037.5363846351988,455,0.05298244668265755,0.8369253512174343,0.06934324232563177,0.016431287940763106,0.048697837241794606,7346.850907253304,179979.23142631416,5.077167108562908,1.3835828398669203,1
489,18.492981992480203,1319.8600341011015,583,0.13562834737890953,0.9158737119084751,0.0941161969048333,0.0017112656488775968,0.04530072651794977,5080.240108482851,62004.60790506536,4.697896152582247,0.6821724699014554,1
173,14.519459758041132,2588.447730890889,443,0.04075818892855259,0.8645064756448754,0.061487805942221536,0.024192243016392157,0.017195088486279642,7029.703370900502,254247.37217050002,5.077201481205648,0.9521041139416305,1
209,11.797903920111718,1157.0115973405432,650,0.032385634418893465,0.8558610389463015,0.07916599479544298,0.04619428155472515,0.016862729563074448,9140.214752335512,113821.1059216093,5.306988499104762,0.9873551485837085,1
381,11.844740099822886,741.2585293503977,550,0.15502117155957115,0.8525726691828933,0.08037588419681789,0.02132572592880305,0.0012706994879072677,6346.5502933399775,73645.88012383328,5.475087884496402,1.3300779544646812,1
161,13.25697154321097,1239.2835826855012,555,0.06833577704420175,0.8872328215141573,0.09858805294751657,0.004148362191875483,0.04334837457972757,6037.789772904656,149389.52479516456,5.441249719900074,1.4985447936572478,1
199,7.125626374782563,2201.435916532894,217,0.04774865291527167,0.948919159701372,0.05730172197583517,0.03899688465586722,0.028144150175126715,6244.492323699308,61748.805270083205,5.033156256099463,1.0394572036744918,1
455,19.207452498060633,1827.1751844650778,583,0.04016246146728272,0.9360793801630073,0.06714166057920558,0.04294704072854827,0.011312874720707085,9445.191010898601,229021.49102101303,5.040821566747069,1.4551304549698945,1
317,17.874427944667204,1196.0534499755533,610,0.06633432197613084,0.9801913239385911,0.09748079782660135,0.04468722472956249,0.023400207356334208,3088.9590216605447,284535.83251683635,4.500353612563539,0.7513292410101075,1
384,15.02180255706668,1021.886999216902,268,0.02125222313018304,0.8820751058165778,0.022941241065292738,0.04112206256399041,0.038229646523332224,8455.906210926478,287727.6531948645,4.742463062638329,1.2863128495174871,1
430,11.285139179713987,1978.5410127299149,454,0.1685225150479182,0.8141063276325242,0.09670216095011315,0.013810893573030954,0.0446319250022771,2987.7713755356644,234913.7462413492,5.444341105761508,0.6518462017612985,1
327,7.136126533773325,1188.6757493127993,535,0.012046116970358445,0.8234584026345914,0.03800445316122239,0.0051306105299510135,0.03142728678824249,5768.874659072229,215105.3585824966,4.798822215365174,0.6248644928728004,1
480,14.150535477813419,884.1915180981666,549,0.176294740749147,0.9898975819169871,0.013687446894758593,0.04189887229022263,0.012772618648721862,7015.186695249419,156477.64352146268,4.668456009598391,1.2097606710451612,1
349,16.376892994095414,1061.5835361711552,305,0.02682886175472294,0.9463518613626303,0.09637609931762686,0.04325425340330205,0.0120646297445004,8799.723307186996,173632.9504041171,5.201599046314094,0.9324773134415903,1
129,14.570898611678565,2662.918108886957,486,0.17004174998082183,0.9464885268745804,0.09142582217343428,0.032013271193140576,0.0164414835794439,7335.827877300754,112812.26683982946,4.856661290549438,0.5129261098886354,1
465,17.089872339987988,1106.860547993036,706,0.05206374579896065,0.8867534066224523,0.033917874763584814,0.049865126900718336,0.04131304126550596,5902.895722429201,201660.15520209822,5.065620082436668,1.1066278332394868,1
441,10.73880836838125,2004.155771952079,300,0.11936884968007784,0.8234946727256919,0.07876276069488591,0.018035041384444405,0.033630469705650694,9230.316853750097,155457.33164117398,4.893745099889405,1.2443097758283086,1
277,14.70632710920308,1600.6127084090006,671,0.11893553528225526,0.9045530781705323,0.09461773012490829,0.0406580335666316,0.03140591745987025,8221.04617546781,217267.0914010728,4.525640571236905,1.066929997360242,1
112,14.457819120505796,1322.405612073917,499,0.18492724164059268,0.9603790492242196,0.07561516308111016,0.0424715041707995,0.012675711273621366,8546.947460354071,136012.43114541925,5.473579562944089,0.748701082740966,1
328,16.755647031344374,1311.2810078673915,469,0.15603611641222084,0.8321184221049861,0.06026299885938168,0.04317414520206962,0.03241434556315882,7925.638163168482,238329.78857409046,5.280968225117546,0.6720580149048555,1
355,17.849695394434345,1334.4081668519357,751,0.15057327198221965,0.9672471299259419,0.0304813831186896,0.041434155518500194,0.005064908383105438,7775.525336887388,209862.93443677062,4.812924345000086,0.9971926930507645,1
195,16.34846717670892,1005.3727936871421,697,0.07661284188948746,0.9611794999804633,0.09062022076943285,0.03773854231805256,0.047965416747533976,4582.078219409426,77870.15063648995,5.081846835542676,1.408830326096112,1
458,14.634616102332467,1240.5092335635902,773,0.11226832824798329,0.8795942464746103,0.07260724780585007,0.009930980612845598,0.00452711087154804,6783.755058926183,269233.2626566108,4.9046370897606675,0.7633700456154752,1
466,10.102459251824143,1384.4991288475085,336,0.18503908189531884,0.8207252053097032,0.09604674627084592,0.04072865429388897,0.044372555165919376,4351.298070753814,192526.6954502934,4.582211601166698,1.4994388909997407,1
326,17.39201050707394,1114.758982285619,358,0.13682905225909264,0.8547576591765272,0.05450436346383523,0.04166239823962714,0.04916311473361223,3962.813906379696,106458.16296405326,5.147895051624815,0.7159680958492808,1
106,9.451897022539399,2911.476206421367,694,0.16920683677047849,0.8829051681702172,0.05961035385618756,0.02840428508529034,0.020616178283862037,8783.23820344039,195223.90328276312,5.127255108769662,1.3886041410441896,1
298,16.20189170481551,2266.864821255157,572,0.16265095623081782,0.8527114680876057,0.04332056517009666,0.04500264299120971,0.046846108598525005,4561.2377846461,139268.5429696747,5.458091092804067,0.6344928020362746,1
459,8.703430346648068,1845.6885624482943,331,0.028358067694247466,0.9834958907726684,0.09869537991040085,0.03541769589324955,0.026767995697813025,2838.4609703572723,256573.43902455937,4.727824425102072,0.8483427890953759,1
459,14.67448942100551,1885.1820644191937,429,0.09840442278336996,0.9148518306562504,0.01478813097940011,0.03094029703656992,0.024856647324212985,5489.474002400502,288291.002802157,4.671341180966163,1.0599587295090278,1
386,14.754163554781574,2739.6040772572737,688,0.174839658172419,0.8295760245081437,0.07138063089472879,0.0032706379721813787,0.035943439705703545,6558.029011011842,286837.7817730027,5.227760501411385,1.2136121883819886,1
351,11.462450441444421,2410.9129895036695,336,0.1973792528754975,0.8430408279028547,0.050690055101247695,0.026919785029145316,0.033733381071933015,4644.26596358802,192464.34122029008,5.375968698471449,1.4462677866752593,1
173,16.494503752098897,2950.4463874049807,800,0.06974713261365498,0.8013550683422216,0.06486349914049643,0.035605685693944365,0.017917475695702314,2957.4670657289566,294338.462261508,5.113850459930514,1.0297719792553144,1
473,7.418108291837163,986.5474113970905,383,0.16879048842515973,0.8058975110194192,0.09359435613861497,0.036433355927281114,0.0165895056311435,2753.2914248792604,150888.82143423497,5.200928605713173,1.1853530584830874,1
308,10.719360638009203,1686.0189053883682,551,0.04476802362661084,0.8622390767263725,0.025966985550922646,0.021518044501194558,0.012600706703842363,2725.8759250978455,115126.39187542303,4.700607294042708,0.8512006847980321,1
431,14.495109887596412,1349.300426463177,296,0.10953478201460753,0.8040801523317416,0.06455434840530962,0.04910050614071205,0.0029573100368343597,4985.175853698869,92128.27794575857,5.463599756249255,1.0291209668858237,1
102,9.902894949699213,1265.6597164953787,781,0.1170392934323761,0.9718717248281676,0.09601405311759834,0.009424104778648074,0.031043619848117737,3454.293640566706,104593.4643145173,4.845247962303205,1.372097094976761,1
179,13.99577457914147,1934.9625292593294,651,0.14420983754645944,0.9759343888938183,0.025974281025376807,0.007442487707123708,0.0409497724641511,2242.733336811221,59693.570314521035,5.037589847208809,1.4580313696984013,1
161,17.108072519404587,1279.16337056146,498,0.030477235438825648,0.9366064104146015,0.06310956945019958,0.008369265459563808,0.004986078477520884,3545.277571886978,88813.15513950196,5.113191611468785,0.8373966957466175,1
332,18.929097055474816,1869.9510848479367,598,0.15897190343668877,0.988802220100733,0.0701834572099266,0.003273179135599708,0.012311108546589879,3131.0510182053654,290096.76616189163,4.990768150898369,1.29405395987842,1
121,10.374821095759888,2791.526253937662,691,0.1640723989180048,0.9819336126143634,0.07368736913736937,0.041953110170041476,0.004939018505727555,6158.750420269577,215878.14996913844,4.820553063689672,1.0273374882563702,1
394,15.533088616869488,1804.1820450534094,759,0.1322077162427984,0.8565123115782685,0.02219281018012323,0.038176130577192276,0.014647957661840051,7010.71419872756,151059.52142763662,4.877066948133624,0.9904653431760828,1
351,6.564777529408912,1903.1324812044293,598,0.06812054063787142,0.9984574717079997,0.07936666947489569,0.038542136804779026,0.03494508268502188,6220.401038602423,60408.13548132571,5.44677985526016,0.8071198306388596,1
400,16.217770788849478,1928.187276102361,377,0.13177716135676346,0.9478514105796159,0.05808629186836392,0.002360377448338341,0.015147296110131365,3505.912086472845,291046.77799672575,4.552435255227581,1.3253942555499476,1
322,16.07810130436437,1809.9610963691175,382,0.10666166089815307,0.9362266774463401,0.014024863779243744,0.010724658183250847,0.02286168782039147,3485.6431420061626,105391.78608434381,4.820310526139762,1.21403457376069,1
353,8.10105412130937,2101.0528544525996,215,0.018594437652799507,0.8762977454156129,0.09102886290881824,0.005816551269707171,0.014522083850480162,9235.166385196888,214898.54792810554,5.415244987840236,0.8307506962448504,1
190,19.806282414859062,2566.430528245341,580,0.18434090211376242,0.8803917468261075,0.024033609351145083,0.029937581809674638,0.031088187422056796,4065.482370969342,280544.4449611764,5.180395719189493,1.2101724286656332,1
420,9.646088727363527,2850.681980674733,479,0.08774864748979687,0.8020454800365677,0.0841199429126649,0.018856588109614953,0.042131712250812275,3515.9721265271082,244806.3364032963,4.753425483406556,0.5104297073672495,1
454,10.932027106188164,2240.0044159428517,659,0.03448876690836976,0.937899874483011,0.016347191910324507,0.0057190187704855185,0.007946191691688127,8329.520373853255,66625.07873654095,5.036939705367226,0.6673667352162533,1
478,8.847487452102884,2202.2640018728257,607,0.06411328905738455,0.8572877917955888,0.08699572839818709,0.0130749594824359,0.03804946434475508,5159.249950818865,271399.9086693424,4.702126107738979,0.5865030628051607,1
354,8.011822565695088,1795.563895172597,236,0.09910182774793923,0.8218687789312105,0.030578057120910385,0.04165473669322724,0.009223916412743933,8100.331288195656,251602.2784028209,4.741751845448826,1.1153208268501005,1
324,16.07519497827724,1605.0595454313134,242,0.1359465847714764,0.9007238578301522,0.09770568413292802,0.03842746064455485,0.03624550786536981,2350.063179063877,53552.78504749651,4.652710529724862,1.3594875555516361,1
228,18.82759662444096,1375.2930436662477,405,0.18129693480123343,0.8112856319417237,0.04420309091939611,0.04734106447242409,0.025279729837048567,3801.88478135843,206803.40713698245,4.835888629093857,1.2211810830151408,1
92,27.426746255238427,1091.4081062553348,275,0.17033201087796182,0.03590258836833225,0.024498819730451038,0.8641370072160137,0.01587767789390427,2223.877701542961,53677.58286061938,4.621656777271096,0.8174618111445473,2
166,24.481587250948035,2150.9562906292304,169,0.07869729534017983,0.019341333818349946,0.031029576812171528,0.8143640168087652,0.028135582826442098,6789.089426539295,201426.04097023982,4.143570511254695,1.0245180738134403,2
98,21.27277516507842,1110.4808530444805,482,0.21479968117298404,0.052878541606284565,0.061434268489711834,0.8158164246733526,0.034280499300378964,4013.986393234601,231150.62689106594,4.285202857996951,1.2905623392210044,2
208,16.902925071139798,4949.505414621009,382,0.14582581657085794,0.09087190772430906,0.05088008775026292,0.9638332933786552,0.011191991770419253,3364.6128188156026,193505.49233417332,5.155647626227468,1.1884517773921823,2
211,27.638749802159765,2345.9280022086455,160,0.1363473174057163,0.036987189598072616,0.013829939971818667,0.8231114351243208,0.0439902512511233,7035.943712855923,247372.76728800312,4.150029064775723,1.4264999088119072,2
186,28.837621868519836,2568.790751034107,363,0.14211630781508877,0.05070806287192076,0.09571367267489327,0.8390551463445133,0.016890066611025847,5824.92726365283,67954.08250312967,4.635924123578505,1.0460071162652917,2
177,21.367731868416357,4781.621020057393,523,0.18186519560832648,0.06569886261751758,0.09103188963013764,0.8644616548622519,0.03819882899227675,4153.352584215314,175240.0101307689,4.256216419275071,0.9413314899074469,2
135,20.85657412592134,2699.7432042758546,576,0.24114656861808548,0.08830998268815612,0.047090606202034015,0.7598229241755116,0.016884157639627556,7284.510251273779,178526.80683658275,5.124546371556827,1.2317838190519454,2
306,10.476707919533492,1667.103782453215,440,0.18339870746782538,0.0345987983683268,0.0771374529693776,0.869009201457888,0.0077927841399752125,4112.197143867234,204190.3715444783,4.237371699369102,1.2112897315359912,2
319,14.91396961629839,3901.555867108191,540,0.23625049365562945,0.038459314293654435,0.09397181956995529,0.8836974692283305,0.03676588111672015,7193.457709472333,181999.77577018415,4.944354707586995,0.8857500584532773,2
84,28.403435775972792,4451.747717123935,319,0.22052018506817067,0.03819644930840013,0.09116233812349045,0.7609021210899598,0.0075301468215721035,2884.5770619746436,216542.48784381783,4.435528075306699,1.7092456051371994,2
378,28.090302918591277,2675.791507924846,323,0.19072064336421785,0.036076694408741915,0.01913495400704617,0.8685662668045142,0.045040852904528875,2488.1098125962076,127189.03262073173,4.638766216429158,1.418288892579674,2
161,21.23328142647761,3440.4664588882342,508,0.2466606040019313,0.07209673409402016,0.09132864506874294,0.9928374181241403,0.03319345449857482,2453.200887215892,133429.81659162397,4.906808215731785,0.9355987405794248,2
275,19.4562617509618,2802.8961890632163,542,0.053990823903941165,0.07193093477859776,0.08361565338533059,0.9792826543173265,0.02924456021633381,2681.9188252662657,227737.48907573445,5.1643560483315625,1.7466040780526528,2
370,16.876576376796343,2227.061929917516,193,0.22729814107711338,0.0162000992592513,0.022144906045219293,0.7900313623488839,0.019680787591920795,2471.65899143604,248508.32847026037,4.94916104638947,1.4689038663888858,2
244,15.84698926082375,4129.683840161557,552,0.06661453895972945,0.06425313024611311,0.08193859021758654,0.7047866604220767,0.04455238490936262,4215.3012972031665,75502.63327878233,5.021503391141138,0.992023146997562,2
223,29.640727865760265,4597.975463024417,162,0.14792181002880267,0.09152349878116975,0.014680996302116361,0.7716411785047834,0.015331805967954316,4418.051942996684,130919.43115650672,4.0485468859032085,1.549997623228257,2
314,23.188210439718393,2198.259229327375,166,0.07612997125393156,0.09804237964294153,0.0661752689701394,0.9203923797018512,0.0009606079394781808,3974.362248910036,229952.31225136967,4.456020319954131,0.8359831578678509,2
218,23.937121834627085,2209.666631672787,561,0.15251684316043057,0.09942877583631003,0.0482062799978819,0.9121841557520524,0.006617006638238671,3750.5541196037916,94933.46673250463,4.231484119494233,1.0816411351164619,2
122,28.267147012036176,4658.859682244012,193,0.21109503457877427,0.09220075263586083,0.08753312234424959,0.9687457429919957,0.0011503729264270791,2335.4178908502545,200033.3045607836,4.291553232739102,0.9771072177096329,2
113,13.080122556076766,4166.119638049382,548,0.06747741529895424,0.01678703889897519,0.07507964030809887,0.9209510575391044,0.017056740399509513,7407.92427222054,54780.382758462394,4.699305897588667,1.7656443362783594,2
315,22.62005833885095,2189.7826783489645,490,0.07116654755557356,0.02097805555950833,0.0733732867426004,0.7598563930049587,0.03730320406204534,2027.5113970505909,59257.8152629243,5.141670305355662,0.803841135151456,2
199,14.204380817711149,3811.312540870385,348,0.11408099029280504,0.05764001330239678,0.052843969863501074,0.7591899261807746,0.049396478941776,5435.4758641927,79073.62482349719,4.345676193221492,1.4761593341217343,2
111,18.850326565642334,2931.8544509002286,190,0.08517018254725689,0.027794844982724956,0.022950349442928272,0.8625995306121574,0.048636185820901984,6049.785631195209,187602.29989849008,4.090935711755143,0.9870480541036748,2
244,25.12572482108778,1756.4052915735465,352,0.17705938493615447,0.06330773827958669,0.06413985682357384,0.8519963360740131,0.014270150742776029,4272.401497745317,213138.39981257467,4.882531785137392,1.3305508450193932,2
208,15.628982745751305,1477.3095002140403,181,0.06255659534621692,0.040980092743355116,0.07596227620122104,0.8859536165497827,0.04088517555225446,2019.685476133433,200531.09965260574,4.859331653528798,0.8119989438143943,2
125,16.367960957905442,4039.8216564103973,335,0.18961519551438216,0.06449561715899109,0.09633664902991872,0.8707603385949968,0.03635744632770314,3573.9158684768913,115203.63066986542,4.973158444289405,1.1704433925427118,2
233,25.268249584598458,2116.59363130369,531,0.0880570102156872,0.06285062138251785,0.013842953534259012,0.8058684894660094,0.023247240811576936,4500.661422374773,233923.66429576906,5.015777927147267,1.7722760647776847,2
317,27.373646631701224,2750.4488192434674,228,0.07841657808104037,0.07754968750998956,0.04776374470790528,0.707343946114246,0.006971601317921766,3558.702740665322,247850.04811549638,4.758631644988513,1.1994182524510477,2
87,18.687625347282754,4233.100145902057,238,0.08020773022314483,0.09514386405461926,0.029529440839112985,0.7049168096288106,0.023614411111883754,3260.785532687224,81528.86170560823,4.59678692274301,0.9583163388335864,2
361,15.553391907772316,1597.7734479564874,460,0.19474584087600838,0.04895706183582307,0.09525978018823071,0.7479461949035722,0.04845499570138351,1888.442708528795,241902.2774864913,4.080287295159254,1.1232825004013187,2
324,22.156353039938487,1394.2067398700128,415,0.2386675976130837,0.08232598416117091,0.04747108723331704,0.7038902780939416,0.015400383856709526,2530.9155784604945,172396.39740607518,4.820869081781628,1.2289974317820875,2
142,21.982316394065034,3024.4742258188717,324,0.19495135005318326,0.08264118561123539,0.08776877829083812,0.8108702620088928,0.048521535274953786,1910.312448554587,133886.42376439116,4.500400694424896,1.0094559888882693,2
247,23.765635525202505,4622.613719566687,310,0.17677428560813951,0.091165598090943,0.05285689138481433,0.7841594030447209,0.01703786685214184,6659.817093252351,186649.2048712025,5.082226974908705,1.7654739001529869,2
373,29.42271365394903,1761.4921448680795,453,0.1718774232819943,0.08319897050983555,0.03241891580799902,0.8689894060859513,0.04452785254247386,3537.4903144034965,224952.9143428233,4.460972011836103,0.9483554588527009,2
244,11.626153369134002,2861.9500051684295,458,0.23008610738949564,0.09524298560801556,0.07550441454306736,0.720077634117346,0.01947882390671716,2755.6811917076275,201688.5950267626,4.854289142576605,1.1637824568731545,2
110,19.47493869760418,1737.9999388671906,151,0.11544287555838938,0.08423531022562628,0.053429780904717825,0.7438360589377975,0.013637878357122697,3580.2318539510297,246909.75953620177,4.725725229530455,1.3363101676110798,2
176,29.154513913945728,3309.866188029512,211,0.10912391503664838,0.015450665624399023,0.08962945221025405,0.8570506575677883,0.02520646239908645,3113.4720529586857,118961.87081059946,4.8407753123514645,1.6527010084011704,2
232,15.219757587349418,1405.0503227385443,162,0.055764246957950236,0.06795894517461677,0.047928090446322194,0.8105894948503511,0.03878984522439786,7954.368382390557,133803.8700181013,4.45842334826527,0.9569784178871293,2
307,25.169231342388244,1252.5284628196991,290,0.14118864726416686,0.027800262000908744,0.06458882243037234,0.785428833580541,0.029324016767939803,3598.224183281408,43560.80588714881,4.062908180365602,1.1265380379004413,2
324,17.376439890526658,2124.1286716876793,518,0.12500580929238664,0.012291873593629377,0.04908336585886441,0.7971652687986293,0.008899921673018658,5485.03337379155,199711.61505022747,4.7723451729080875,1.1240141612709826,2
371,10.787629467734636,2949.1751613811293,520,0.1934540461207392,0.02186800811216902,0.015749011214266608,0.7203683960584806,0.007578496300523436,4898.0737929193765,237425.78558556212,4.282016316877539,1.554659565987564,2
262,16.763160985880898,2533.095512114517,534,0.06391530557342723,0.046050388880521244,0.015593540722289235,0.8249058752696634,0.039486434830721534,6014.812938924104,155100.47914682067,4.107368467578567,1.0072545695938033,2
161,12.304982954675566,4627.9823753863075,283,0.09547923093924726,0.015086276069494121,0.07151697442078302,0.7072675594370434,0.0321451279680778,6032.370503737622,140525.57877378847,4.050611050894864,1.5585277425696376,2
158,29.08842040158557,1378.227076697739,313,0.11459005085755179,0.07803667692161913,0.07032367025034718,0.7057767193993485,0.03827683377625026,4699.4772155049095,180624.8354918946,4.836549694075632,1.3500310813483711,2
100,14.002488045345046,951.2234693550596,267,0.16654783709565557,0.010643713634046443,0.07316417900663963,0.8744749647713757,0.018405911516081033,7340.7633072788885,74477.6276007899,4.255333997180365,1.3362299830269064,2
398,15.628342966086672,3136.3034216468213,411,0.12768395715931552,0.08513401089715013,0.07787543255601574,0.7768834680344591,0.009788621711380063,7336.5328326241815,122452.81253028815,4.780555164385275,1.2516497703553549,2
308,22.06735714789253,3535.91619448181,412,0.2040033331598205,0.0284131055074549,0.020142414001743554,0.8162356193467285,0.005336481236969454,7565.043014902793,83172.46915422342,4.9117111376244456,1.535702527666636,2
232,26.658593966029557,3631.6665984707934,453,0.21357205853368433,0.042484448937626026,0.01489307990897229,0.8878352900515721,0.028342329669820705,7248.47278731431,92989.84121925586,4.613319260094874,1.109901565405431,2
190,26.591743853825204,4413.503640908855,255,0.1499185427230523,0.07479478929170559,0.07479723475472845,0.8373653001730803,0.019537719563325114,6400.081173138114,233371.97969297523,4.576210688598423,1.3967403746049292,2
207,11.553482505138264,1250.4986771533777,150,0.22053627972483625,0.06573490660266967,0.08714493796981179,0.9840361340513035,0.04650797136128302,3472.402571833834,120098.39231548551,4.681733095299081,0.9594871960374167,2
107,17.36099529494474,3512.2428864337417,366,0.1983692972011039,0.043553886986143556,0.035198081266685076,0.8960877918207523,0.014873496357516825,1727.452899071507,65216.06857650372,4.17020569976621,1.256927649156196,2
184,12.406500416905635,3474.181097193764,499,0.20855250512118279,0.08922615106250253,0.09388388583723778,0.7523743868194759,0.00562933835614296,6211.258694724875,135601.3612647077,5.063728006897364,1.494918577055967,2
219,15.401336703085741,3752.082259696489,395,0.0626567687562615,0.07226213674095673,0.029392801715911916,0.8192616805687977,0.018871251132301283,1741.5475899968465,130822.37999435331,4.558841899744489,0.9750228924520844,2
86,21.535213723392502,984.9415865373769,182,0.2418857764743761,0.08887382436747895,0.07389115702615064,0.9156612511258673,0.010134931579955299,3237.3488482734833,180960.9374933847,5.155827530074045,0.9880698147030063,2
309,26.20707854657599,4982.517310461143,172,0.22470417702676648,0.08518532333619773,0.04918100491393355,0.9856439293241805,0.024426381212459422,3004.8857305288357,218175.87909050623,4.056753435312364,1.164034794929743,2
386,17.345943071880562,4246.99964660701,428,0.08277894314120332,0.06927412086102278,0.043414505089505576,0.8653072183000303,0.0072847848090198735,6278.767214384244,112825.42672358711,4.208755277814374,1.2017791924782837,2
319,29.670255831992197,4022.7158131322863,225,0.21284549634554678,0.07764933057165606,0.054505961021885,0.862680577653257,0.018016442642132348,4306.123655750574,166451.89794281172,5.061726815739049,1.1328040758126905,2
263,22.909282813452954,2693.2287273224733,426,0.22235999208739055,0.02478485368249328,0.013848015970817489,0.8519058635494828,0.04298557712983865,5562.908261588425,165746.43508901057,4.648253249818362,1.6320130910336517,2
161,27.02195715885394,3209.508882358591,567,0.20845555991800546,0.0842216953813235,0.045671515817619156,0.9470330113596679,0.04403615076537429,7938.2755663916,154239.31471120915,4.623482615683812,1.3754645914140382,2
210,28.690105311639392,3591.475145203005,234,0.19794225279507388,0.0715609620800448,0.08089518196985852,0.8467539976170391,0.01627436493778776,6937.047099172581,118397.64643590634,5.124313679888491,1.3231210265822104,2
281,14.381428446921621,2274.7643034850844,358,0.18756018840009797,0.09891555212123988,0.030323333499150285,0.893170680374624,0.007785059077422796,6010.6284381376445,198196.97521291327,4.859442263846959,1.6931835352897195,2
338,25.99870415148152,2879.8522428146994,186,0.18898747853951248,0.03759003357414157,0.07802205135338595,0.7908572818902849,0.010462201216059503,5648.616001962251,239825.62006297568,4.229207885475507,0.8162199961475838,2
231,12.421510697467237,1579.9992909741231,547,0.1860963032712581,0.016031966379352294,0.05073394250565127,0.7356858799351398,0.0472437304845133,5800.3028304838035,42219.3750481448,4.717073034944077,1.1431695877592811,2
271,14.168968096939714,2599.800297624488,451,0.23391113799577873,0.06716976408162925,0.06340025688535526,0.9037352267459038,0.04885067307633088,4749.966502767853,113814.36106948901,4.3069386127647595,1.273597488263062,2
276,25.058359137031033,4033.107055810307,366,0.1877182283805679,0.06582085519475651,0.041594942923046704,0.9914087050069456,0.024515423176675405,1677.6328382625234,48121.030793945,4.5849380799446955,1.7058754152568327,2
323,15.043127617796504,1186.6051252815994,275,0.1948557270029635,0.07440476407719324,0.0930079800520875,0.8364058592465171,0.037452611080327144,3068.9611578245217,246640.05181602162,4.041210579778604,1.1098135780738723,2
311,14.331107082026787,2524.5497897178366,155,0.18676475603637716,0.06340861586961524,0.07077184215393023,0.7084707243789841,0.02531472684608026,1949.1474573572868,78058.98783555474,4.329689377818683,1.3650499566508687,2
354,23.074046332289413,1004.6024878580724,449,0.07353371336790407,0.05650626923292064,0.025652681076553135,0.8355177796484294,0.04267775310678265,1758.8072075461089,166235.27303037996,4.512077922609519,1.4868073579281285,2
119,13.98246161373648,2842.2392982689976,152,0.12746073570212738,0.07700776958921729,0.06884843819951189,0.752989481625995,0.01883598046149115,3464.7980793372217,86918.75630181121,5.038678705838619,1.383569816094178,2
332,14.574650483403794,2667.5989389073675,508,0.2396082280749905,0.020448058464664184,0.024798995126250965,0.7395997019269087,0.048939846808713834,5433.83881939955,44972.4223613771,4.5953747931123585,1.5943373523572175,2
300,10.410752103985669,3005.7359261087754,505,0.12365765964214802,0.058913616609346346,0.04767621317974642,0.7100610582803983,0.021814556254923925,6063.310446177863,54057.09545080976,4.104691546524545,1.6777810256828518,2
263,19.492510318953837,2929.87698510999,274,0.23132324804047905,0.08879796804768932,0.020890978963448367,0.7485985966467354,0.02852103121086609,5820.166172663575,133681.44466408348,5.195824529641142,1.1733168658418096,2
214,19.557594815912676,4877.634573861898,486,0.08710203704553918,0.047193019020754734,0.06036999235732868,0.7696744878644808,0.007369361557194254,2365.896343090936,187309.51944030114,4.013432345138716,0.85999398611632,2
86,12.255051661217678,3596.827007209715,449,0.1561038598550223,0.037300973007340865,0.08303155662369402,0.7958587592558525,0.012183807365814476,4622.529597639772,84847.82091990166,4.796843622399207,1.2782754367495652,2
189,11.980940278234776,2429.001660069351,474,0.17540595910162154,0.08728235209247691,0.016382668488846085,0.9001247043765088,0.0428922815285131,2445.1170086689704,199708.7847015168,4.573226077974301,1.7898669271719583,2
117,21.32314818571995,1837.6848491516107,535,0.13270172452892504,0.06630611473735441,0.0943847694268881,0.9483926920498947,0.02031957323091962,6390.411170625401,49010.870254341,4.384585095470833,1.1946288379107806,2
178,23.43311961390007,4709.275921951721,350,0.13996566773420052,0.08527351973968884,0.030224895159712176,0.9722523692115985,0.02396829002160421,7671.021391734774,147004.92983040411,4.487838196570047,1.67187119391136,2
160,14.82681208833737,2989.2856598499134,404,0.20461983393886002,0.048946737453221985,0.01278226105539858,0.7199001928307562,0.0042421332390883415,7295.728031924456,70568.3952742278,4.769680145740049,1.1695211282177973,2
281,15.61666957505153,3530.700813148974,324,0.11069937771011065,0.058176185820077574,0.03943789901390233,0.7924425591276114,0.04742479714375432,4824.359742333135,121079.70915032711,5.0453908637718055,1.4884516894039592,2
366,28.469079983559816,3341.860234120755,488,0.20716321255860942,0.022354060577150645,0.040336773084021296,0.9074272226311464,0.0487613325351514,4962.804241929086,169436.99846108878,4.075521244867977,1.4291213726119074,2
218,27.495030356786692,3296.6220360754073,266,0.11261032659831618,0.09152297384422117,0.09164958679338792,0.8698044773741064,0.017425660778709006,3491.259610258061,213404.3949123448,4.62120611378044,1.2115392437467138,2
215,21.955210182644144,3612.675419213375,246,0.20366281064309738,0.09014953561738435,0.02253499055059252,0.9309727088101182,0.014750764962273106,5966.171975872425,115912.2572813214,4.6513311018309285,1.1211424887512957,2
316,21.6349805176426,1528.3455602249892,520,0.19454850834033738,0.036231500338566175,0.0322324417420927,0.8794393735899292,0.03167221204578476,3692.918428704186,226327.3854998517,4.971492989334068,1.1749986234727041,2
280,19.686866360461927,1937.110073241833,440,0.14181584497900102,0.04072594890870595,0.03292531426652177,0.7216150736492924,0.006221463891310131,3947.6531318220823,155643.51898887893,4.471697157650594,0.8665464042792327,2
210,28.556114210941733,2709.994376644151,431,0.1667167213874433,0.03493824970722687,0.061070827676686555,0.7597570045270797,0.002549652003339542,4280.097429325675,246156.2989116275,4.714326129329913,1.276368154862316,2
278,16.262839603341337,1386.8549239683139,212,0.12226698660869065,0.08211698092130645,0.014905193028547727,0.95415241361472,0.01386780109534473,5065.1895476799245,96367.00083880605,4.940644765757536,1.7257478098796541,2
296,14.09785479902288,4543.508462408537,440,0.06197597683944716,0.02002888366866506,0.09791526352012457,0.9158715872701417,0.014209405120388659,3064.421765492664,86291.89722124858,4.724393554663215,1.5517265622819645,2
362,17.071028775091172,1792.7217933323395,161,0.16074204978960754,0.03850460148313351,0.02978850741286434,0.941713092401027,0.04125596857937872,2820.417858817602,169422.2931836733,5.145367981437407,0.8911777509096285,2
394,29.573449935627877,1932.862465084429,398,0.0749126554961259,0.03215736579957905,0.046576198189613324,0.7726073521215616,0.030480360301450845,7297.253654360996,232701.36197113796,4.335364819533112,0.8031683611778225,2
237,18.703865644281738,4415.760053089325,584,0.12734065867389024,0.029204903028132514,0.019032995225901888,0.72459914105058,0.03562125058626125,4376.429114323153,195224.52165562558,4.461370624756095,1.4150529217026695,2
274,10.46053179223308,4013.2345165404518,255,0.2263612608213889,0.054236784423131686,0.08106289817961457,0.8571806140444176,0.01610400081452571,4743.708981567142,169283.94519879774,5.00586274363568,1.4065539360453903,2
270,12.890314713635503,1124.8992064893607,578,0.18978576910984285,0.04398978423442206,0.08092629564077085,0.7621392731769271,0.01571058904873784,4133.164851232777,92240.78863960574,4.348814575956338,1.0308954773801866,2
387,27.554611335652027,4834.751329585605,501,0.23705310607449576,0.03196656069228763,0.07278228205310215,0.8356737421000071,0.040005031981274225,4027.654209850485,112488.67150768131,4.457165119235165,1.2909574719987202,2
308,28.18376070620683,1175.735801733448,280,0.11964601014339452,0.034220947794567996,0.0920438780616143,0.7779577265945019,0.007904909986459336,2924.3890274219593,162953.86236497667,4.620603751532184,1.3309365601103167,2
180,26.918050950213267,4912.478284553179,336,0.059595705212220906,0.030572216645609773,0.0736394093366451,0.7476261014320926,0.03077249776397377,5093.356134931914,92582.13495197613,4.630304642903895,1.0551453296326163,2
156,15.863056203966444,4405.701062312378,292,0.22420174317950442,0.026741806347802134,0.04685179388555774,0.7499886390280156,0.0033389449983148357,7166.765709219585,170398.3763676194,4.687130859386521,1.5831007449646513,2
170,15.764859847417256,2775.0431266163855,366,0.2289844008802268,0.03126207002659412,0.08269558568686837,0.7586155018269293,0.035626453189942044,1937.9836695152226,61317.16367974329,4.980747712699863,0.978730596109877,2
143,25.581186333676744,3124.4423478514937,338,0.19464169916350244,0.023744674682834442,0.0938935094089255,0.7736939626639523,0.00043732461537340783,7060.147636507932,200933.42242532122,4.615895090818158,0.8207179598578296,2
338,27.896763690836735,2453.9838400988747,235,0.05966889332095815,0.02403184694192067,0.02190618851611987,0.9585064871809685,0.041713995995816155,5230.119270015683,98648.18101454596,4.294946704402067,0.9751450055108158,2
136,24.26859382513386,1480.764985744444,460,0.20090272283892863,0.016036662745900945,0.04396825881474751,0.7001720174115952,0.023038635227416844,6692.447343354801,182280.336978989,4.474020304235658,1.3414689535367113,2
286,27.775853950537858,2759.804898804728,481,0.2386570684904697,0.04185419373791385,0.0644965444652175,0.9155067566878223,0.037467165069728574,6385.603201644822,149928.78740089177,4.489213950934072,1.3031525482082875,2
335,12.524796844249773,952.9500295888681,187,0.16995964347528605,0.04307511386107759,0.03685979605017794,0.8813187261763927,0.02062065019554357,3943.6374414478746,118460.91736118442,4.377454216664031,0.998702847587402,2
88,14.311408614447345,4055.302642893086,534,0.07943403340867226,0.08786774607851126,0.0811471871904139,0.9247675936069603,0.03245356596773882,3462.818902554698,91343.27366863354,4.019653653208944,1.0270714856957173,2
304,15.058399064358447,2476.8045809765604,514,0.14304094071919787,0.08941450937406956,0.051696937469670697,0.82474000817452,0.0025673125853262813,7660.215302899432,228378.1620443225,5.107296071362062,1.0954180864545378,2
107,17.011102209253522,4619.446534093758,484,0.22442257617918004,0.017031112937936792,0.03645559334702562,0.946328265620533,0.027580336286540365,1763.4086986694606,246085.06696233223,5.016609479303288,0.86775565708043,2
249,13.869586037150288,4672.338206531209,234,0.05221123694196277,0.01911724562298143,0.07699039417504856,0.8684770321911766,0.0029943481179637854,4811.793576341194,172441.64660147665,4.445519718743621,1.248358657981545,2
251,25.97022348834962,2733.2220782122617,468,0.11530893338460797,0.04311707783179337,0.08211015639103783,0.8756863492502968,0.04417665170073429,6430.201125658001,131015.71709189062,4.616765970314943,1.4663200168260029,2
360,24.573288820525605,3178.6724174393753,184,0.24972890610714177,0.02379970046851994,0.08422416749606466,0.7990456186099714,0.03571355843538845,6254.423914078868,173392.98483798077,4.172741772015791,1.5621087649091692,2
180,11.863792034517877,2412.336049662465,351,0.09404750919623919,0.013961207846268458,0.011090325980040198,0.7398826067026557,0.02091879381585675,2758.817663150495,207889.05019643638,5.059799916907965,1.2269114922512767,2
370,15.102957634691341,4647.49929222902,150,0.24820529977415245,0.02470522960495694,0.013371489300546732,0.9181713807940436,0.03935060764330964,2924.113933324761,232178.14420201947,4.198724722190098,1.4726117990425396,2
138,11.59939060649531,2730.3463802419383,325,0.17335967082965656,0.0981512320301717,0.08655344480427628,0.9867005280178571,0.012904168135316463,5130.695809137186,226725.7636731747,4.977256513316435,1.1305998640621047,2
247,20.534183108150707,3604.5578171627267,577,0.1933128201809221,0.05680434526081479,0.03510681534228479,0.8781550961247744,0.04482950614590069,2970.2928200144847,44667.291351507636,4.580075159122245,1.1281536246831718,2
340,16.01137898845589,4885.596807613689,357,0.06025731407418913,0.0632523560302766,0.08215064188600579,0.7772926832135695,0.041203449721623944,5107.591539275376,217342.52083696466,4.262743069655413,1.7561767969186457,2
317,28.10349317688618,4689.41685567877,507,0.15844185427702018,0.04266936173392871,0.07682712119807722,0.8257874590901424,0.01656065668876638,2027.3398166612697,74113.54981990314,4.577408405677899,1.7284098495757754,2
113,25.499320822053697,4689.72292047059,179,0.1371246850578855,0.08335547513436596,0.023864134827852705,0.8419522419088153,0.001529775684247109,7594.361140634645,64827.54479856457,4.282818783699154,1.6791058435872088,2
331,28.556710326414446,2464.6476288987515,259,0.13106353943065646,0.08645050548881307,0.035782083212518905,0.8831718172234211,0.008244721344154804,2534.7480020439925,108700.0087248062,4.452217175244081,0.8828783743132639,2
122,11.646205156474455,3897.206871477197,226,0.15807409052333626,0.05433836266914247,0.01830835427413644,0.9910180638587237,0.04040492463759463,5711.803447360321,248285.82689751041,4.002504713575913,0.9775730701735961,2
148,15.828460601523675,4343.0351044269,497,0.18713234054756694,0.08440816389768269,0.04215254515368671,0.8715991767216925,0.0020214915891071995,7303.718224268317,109329.76514841597,4.046730697122057,1.3828635028179421,2
100,22.28726685050325,4250.005080362518,248,0.20790853674700022,0.09073505219204556,0.08417718298296109,0.8471080268342908,0.013366514665398805,3394.2848369503618,215738.46377788763,4.086019970462938,1.4127369648549322,2
150,11.298850396623694,3345.904476792073,283,0.08147880828896764,0.0798467650487635,0.0563402308423133,0.8489246568228682,0.011189595494058735,3344.0306574718597,122612.63041908182,4.40638912914701,0.9628065161027668,2
322,26.20541579313702,2306.758074441248,410,0.11127975179799388,0.06881404745213068,0.0833174219436829,0.8253908793783915,0.046524854837032066,6662.673792987252,217895.80013572035,4.7995064377183585,1.0105472850850319,2
316,12.974418357496651,1451.9201290201404,190,0.06174961714101297,0.08876274660672719,0.02329119734235632,0.9994677166244094,0.006305487137037075,6198.003247211679,99319.80484557903,4.399273854682378,1.1199503911977284,2
202,24.372809601068013,2628.4063050262507,212,0.23597465402530288,0.0701442408921725,0.07044766217239813,0.9188141366563829,0.015127300075231566,6109.219993379095,228073.82404340757,4.787417996232237,1.1642093327383023,2
280,13.829772076768522,1077.4324715542134,166,0.21822427042285736,0.08232646430057568,0.04506031622581649,0.9437556426918885,0.023175197339925707,7782.591436681766,204582.20436364235,5.035089281114157,1.2496122459538523,2
247,24.90562512974398,3771.0150567730016,487,0.1129576756925361,0.09239439165321194,0.06099118648567832,0.9099565741061313,0.00037193516983619057,6590.843420976134,240400.81018675922,4.4989612408865955,1.2868942042851519,2
251,12.963355487886885,4513.720329027117,272,0.15255688220846925,0.0545821882496449,0.03500760787470356,0.7606766165512451,0.009025646156769318,1749.9190495207133,41937.279869787184,4.432873037857102,1.142962993682985,2
394,17.460477849420876,811.4966887184114,397,0.20431360576201085,0.09723466765207739,0.02815419054773121,0.7443417526763333,0.03401778551141382,7075.531548168849,196251.01630423992,4.3281352418440795,1.1906901917575774,2
350,29.87262138582584,3372.3479039343338,463,0.08933220272501954,0.07927406531187538,0.07581439712662362,0.7118275704718064,0.04820712608065725,5341.338456096505,100940.59007723906,5.196148140035035,1.256436366174472,2
225,16.65210813550873,2510.8124559756,471,0.24301715015148861,0.01565186197092071,0.08465974918783527,0.8251735357844421,0.023177153957674352,7248.390786028973,160098.50649907067,5.107707416848953,1.6348021700299804,2
194,18.98542676340051,2061.186530771519,483,0.22043294465349683,0.0835062640954,0.07015890047992944,0.8738691171723796,0.01974062892249447,1527.8526242809612,88136.37747253678,4.266161125469284,1.6215071294400836,2
202,17.939603627063395,2606.045186524151,188,0.21047823548806283,0.03462712353596975,0.08329822101410068,0.8639637789277365,0.020837752899655476,4761.386954378698,240045.42271701634,4.953555665315204,1.440019653648092,2
236,25.378017216957357,3585.9196142481405,404,0.24777367797520194,0.029207309842617067,0.06951597273135433,0.7862671415053489,0.005793582966638311,3026.4171735688255,247748.18734597837,4.672905657223355,1.1285873843523615,2
359,23.12205064300553,859.687688032932,369,0.06593537826653545,0.0682158682652091,0.09519207025459264,0.7062072689074127,0.006493873868540662,6371.166607376991,94220.57588022016,4.788948601117581,1.47181086731771,2
292,13.237229422622105,2591.0874371021387,523,0.08278145992968919,0.01878438792272167,0.09385673236839522,0.7928477272344047,0.02711597706808056,5066.4243411544485,54403.851673062214,5.179376326402146,1.6732211598861282,2
81,29.07171059244147,1077.1255468606382,544,0.20888530426986202,0.0949927511386916,0.09686293070098269,0.7340112278570986,0.022564579672191235,2289.3537823335078,200859.9564834697,4.935445030342864,1.2652972259430557,2
142,19.62483743846392,3380.337218708264,552,0.06665362023749806,0.08101000248106352,0.04179161471035978,0.816364204451297,0.009465008059629965,7642.1146663039435,192316.20105972723,5.093103920643448,1.4203419700590918,2
124,29.842459568892863,1481.6269517869823,325,0.08206796574903533,0.08336961524231495,0.05813283031787977,0.8436071067849849,0.04623569464583485,5605.206689119241,46255.71259437473,5.024207470321162,1.592665315842303,2
301,12.07138773907349,2952.162954647996,565,0.13049187840873,0.025077071168370033,0.06589675752352202,0.8450269381108806,0.029317723865708092,6032.805483302874,244988.82575731477,4.893581511617462,1.634511165745748,2
333,21.149155314391702,2722.983381350022,314,0.17850547636877118,0.027920176990310464,0.013776816526607815,0.8358728256555211,0.00018608703126731798,3810.239498401348,247409.10291345304,5.120704061143435,1.448716824790281,2
292,24.99465343915211,831.2387710232408,311,0.2224013693086524,0.017670273647212718,0.08587201460181149,0.8783945475232173,0.028070614399807584,2257.2103020083587,68511.763434263,4.593214489998684,1.7961356785267932,2
254,12.395060900590797,4205.483078482869,552,0.2170453423829083,0.03853602187442319,0.03808523594094319,0.9466493727839901,0.014672565847239933,7081.269939934705,51531.7313164488,4.360246139748308,1.7640780016660922,2
150,23.918135502678364,4225.912076191908,228,0.10613361647716342,0.08647632991584155,0.09831792374473626,0.992538866842454,0.01818926188167619,4738.865803960735,195111.96339847316,4.488245055282702,0.8261477826629122,2
225,16.555076865073463,3789.5612924614566,595,0.07748494585068572,0.05724589112595899,0.06395913456858167,0.7300367855188223,0.00566870909003811,7835.154084245108,201279.7437615311,4.381974073246792,0.9237269653575044,2
375,14.246209350560335,4161.560669028187,268,0.059815740997366446,0.03803396706083452,0.07845709703504111,0.926452189403712,0.045648660458345924,2017.8104175273413,189690.914938425,5.122251170075195,1.670300417322533,2
359,15.944128022539527,3119.9403327940313,302,0.07008714362282427,0.046328480450117386,0.09377086195101118,0.7935676587794087,0.04389821343875347,2104.288606169326,109985.97567156046,4.889313185680391,0.9368916337843802,2
128,28.979676506623036,3270.877887434063,204,0.2282804749562995,0.01382723631136179,0.08285505199806048,0.8217966069474021,0.005344546684727908,2532.245154235884,237328.00586409864,5.074029425925974,1.0475757679492896,2
251,13.367596147228657,3523.640178563335,441,0.19013949314757017,0.01934864213150366,0.08310233936843346,0.8410947022253674,0.03643743273174818,2323.299237347411,194950.9507494511,4.986610763047564,1.4824481227225397,2
202,29.792936952100767,822.2032581413314,417,0.22501454841094376,0.06190216788291552,0.07568661466139262,0.9525520559867098,0.024632640386955354,3046.4260606908483,130241.85422295016,4.73590954840376,1.1884411394035204,2
350,15.854126117269375,1372.084148965675,452,0.1323086036901865,0.062049852653515696,0.03424242148110837,0.8849154543641358,0.04447838482433886,6094.878354902991,93549.84980934036,4.726307104507184,0.8014526395336974,2
138,18.110899268200598,1602.8927425779375,279,0.18825999219446038,0.06189544116401832,0.08330016074831671,0.8740612345635381,0.048358718183272996,3117.0708601244964,189324.32009610013,4.277026781423196,1.0499959747856866,2
103,24.625049691229947,3673.0863083736513,218,0.24304397883733464,0.03488941636939334,0.02013522000396047,0.7008452996280483,0.010510248212976941,2220.0331419319627,186207.06590182768,4.496027002694788,1.141356986808281,2
308,12.887673995940021,3842.1196827400177,552,0.07464883158922364,0.04318811430975828,0.09795250048489433,0.8136173918683534,0.025943296656129707,3287.9198408288994,179255.1443154013,5.029307478383645,0.9459154800085833,2
279,17.06356379210959,4453.794512127335,589,0.2393530319069379,0.031849165663810075,0.054002216200700934,0.7821692349853757,0.002446671296697578,1519.8730589181707,137352.32698401116,4.0736855189328764,1.6889366897470506,2
110,24.966486313752476,3001.9843817808196,254,0.1326808692670114,0.08931759317106674,0.022662807520554624,0.783798423805222,0.02130761435965209,1589.4895201624981,204995.996878691,4.635510829674855,1.3864844505073806,2
258,16.063913798965515,1742.1260914745994,252,0.18768618086553784,0.03480540145599929,0.05291516987022561,0.8171784704990077,0.00802291463328536,2933.676774411204,230009.37348628204,4.020574928352307,1.0344209674389688,2
328,17.691632988881004,4943.271094439659,432,0.15193954205794408,0.09405786307917756,0.019884195879778424,0.9163728007022307,0.02610141160145818,5984.401022213882,97080.5431233384,4.7899525807781265,1.5994613372550694,2
286,10.405991235817636,3182.0546434823223,204,0.09824515417035769,0.035453200136787356,0.08287391388406215,0.9273210762985326,0.03342234638756946,5113.728560976877,168854.76500262966,4.958793582836664,1.329919318272378,2
173,22.550386711513504,4905.297331653362,151,0.07981926047596562,0.011761303614556042,0.0791643808936134,0.9309059595030673,0.020986307996493227,3718.425661396185,141014.04302282643,4.224846238867636,1.5326189376886044,2
297,15.023354246620375,4179.291408823092,450,0.08989334200150823,0.046175830515364294,0.08577190240069373,0.8804716994580977,0.028201100363167936,2124.584559123887,139089.4398180398,4.235522492738876,1.044884061252438,2
103,27.155928810856935,2298.898744432718,538,0.09823342641068396,0.040008626538392524,0.0304819913862205,0.9872505386824204,0.0008215687013154061,1995.743763973941,158683.38210988278,4.164394881409148,1.210735300679144,2
102,14.099187026483248,2531.9114748158972,528,0.06452079281600587,0.07128646767943884,0.09783345408269112,0.8323843525017,0.006786062278126237,6297.159086126605,85878.79596564297,4.116227421491884,1.0564565391219989,2
380,18.182763624232628,4963.525448573572,479,0.16772524698049063,0.05048531979604995,0.028817599329452714,0.8022442853232484,0.011835475493883352,2272.0641576336025,209137.31874947622,4.949319454416544,1.3368910860003362,2
203,10.883411090971896,3693.786127595173,427,0.08340754606917056,0.07815937595537452,0.07557981327602338,0.9778684649811241,0.024477472460666824,7949.670213508089,207101.68016314422,5.0649619281060465,0.9000935441904528,2
337,21.657584194739044,4684.206460549191,292,0.050018582384445835,0.0726741174713246,0.09411893443853386,0.9259982163884248,0.027814343085862326,2567.9133063170752,195169.146884064,5.176845880990086,1.3717042239111765,2
220,13.850892509828244,4253.718905592021,269,0.1974950001317325,0.07591962044049234,0.027627045023850882,0.7627212767250344,0.006631408369168624,4495.55827601469,178948.86683216743,4.270750212240036,0.9345150398574091,2
140,24.514876889026347,3841.0599504223997,337,0.17542611324278917,0.0892149728424723,0.036963427701049864,0.9060279229994621,0.007696473854749326,1911.2418846676333,229242.86368045554,4.568476063413198,0.8076227945936855,2
271,10.70259012774075,1535.4021167356254,581,0.22858007761889199,0.019767197799939344,0.07879758040739662,0.76353555263552,0.007686985066180241,2204.858208634108,88143.99664800153,4.975119458134674,1.0661401012070253,2
346,24.27444615289529,4512.080277830328,421,0.23999337539212978,0.0938847106937428,0.09090775531955211,0.9751413596845131,0.04922037621216822,7261.5233059589455,73053.40300532326,5.196661191531446,1.3328477819302427,2
370,14.311751716378048,2686.046007160265,238,0.17218975102408235,0.08152448862833396,0.03512578493666439,0.7780686004600256,0.01070735526316356,6267.193568415669,202080.00172287953,4.024033291902569,1.2058161623443233,2
272,25.45116134516116,2752.447231817542,196,0.22494494852632657,0.02038127662013591,0.07250658587671893,0.97024928194387,0.011486891186611193,6051.75224667809,239408.149272255,4.135797869206055,1.2793216764525104,2
377,24.2489794995803,4230.158264695974,177,0.1535908865627536,0.058512283554836494,0.03086203852224991,0.737928119094259,0.04540006296737424,4804.703876964528,167449.2932421774,5.061305216617939,1.0414947341308212,2
362,11.671357652412645,3005.3186614645956,197,0.10193164387515215,0.03988682746441416,0.022256195727958596,0.7534930178016839,0.021386035341958834,7026.592582064563,83113.07757600851,4.963444067150606,1.0205078206865155,2
125,20.359101317498418,3424.328196479828,186,0.13442448187011458,0.06704690276984397,0.01721411948201581,0.9280418783169442,0.02304496026211777,5928.703097969466,248477.89643643372,4.405217784911038,0.8331061241438944,2
85,25.60095116903213,4056.2778725661706,503,0.05484144220186141,0.08286377344338672,0.012731266673855794,0.7967489827385335,0.03787792613439189,6751.81889638867,163026.5131370967,4.099159127664176,0.9904220169840744,2
130,18.77958115691687,4556.0360734457645,481,0.12430789926237995,0.08087192071062432,0.0773624569712425,0.8814612322133211,0.03596127038813205,7924.618887131582,105697.2454458435,4.806614271835901,1.5946895652581676,2
338,22.912140680828955,3960.62319745853,283,0.08185489041364258,0.05911977099738217,0.02331492516421784,0.9004430701800845,0.02700066770493177,3366.6947163075556,149666.65373111703,4.921584523409043,0.9505772484520447,2
227,20.02830842460021,4110.9014017755635,310,0.12588905165921804,0.013634484750352286,0.04912209281368665,0.7078754060957128,0.029960582423527966,1518.171331310579,94869.91231155753,4.294735408227703,1.145352162693947,2
254,11.773771101454905,3840.376752367176,290,0.15600704424077064,0.04646650131042976,0.06067013562518962,0.7707405323080101,0.007463652937747584,3251.16032232297,87847.39798337358,4.385968503679928,1.4613239053562128,2
267,16.202527407046887,1514.9897806166678,445,0.1250651057505603,0.013768583832151429,0.07428592975097775,0.8875050726602284,0.0026518361295506,2851.4573466966604,126138.52744133417,5.027230742104728,1.3582623739542339,2
396,17.101541427749872,4994.712298150184,545,0.17487962808998495,0.06726204772129275,0.0944737320173835,0.9773927074502896,0.009238321380975351,1919.344368536967,96240.24404897302,4.056383922053622,0.9224104603026161,2
280,15.056302373841138,3020.018365397384,434,0.2330469854612494,0.07646555915808272,0.03354470406697733,0.9199854990661032,0.04810760239397949,5684.55325553859,154970.31062225622,4.568370126173918,1.6804539883948846,2
207,20.31326699165347,2387.9692674902217,541,0.0875368006949444,0.06829683062266509,0.04597378413455151,0.7726681571189931,0.03364998961446083,2419.756207825165,124017.35544208945,4.81348365213112,1.5259896112298303,2
347,21.428408569870303,3611.8797466256588,524,0.11149931908792438,0.036782805280933965,0.011863843737873874,0.9638338344241673,0.037823972745608954,2348.317454708124,191672.3899714499,5.014047523096094,1.2308890418251925,2
133,16.19170069110001,4068.8383315337423,192,0.1423930568597379,0.013670097321147634,0.045116568254279184,0.983635853936244,0.03158161617438527,2518.368071357864,238689.76077110707,4.448397950151485,1.0906118919422734,2
101,13.73178175140607,4112.367865161092,519,0.18515018130696953,0.04059376455032996,0.07148650561888499,0.7881499302201093,0.04796092132682653,7424.3141728647115,44885.46103551624,4.10152823152988,1.177271132973801,2
290,25.841875416008776,4424.953574095094,412,0.16514188194270685,0.08332497378984052,0.05546947034049556,0.975415431013313,0.03860184484193713,6250.070476593626,117358.0767266684,4.667308387435134,1.3009698310401059,2
171,26.6083127233833,1956.8194090762372,521,0.24449522366263549,0.05191144276342222,0.08485780270954335,0.7184590242959806,0.03441286509481408,1744.0163819717259,184233.76570796274,4.069028115211064,1.6529653868926784,2
202,14.092797475529597,1707.7605715210445,541,0.2147875135467402,0.02748960259979443,0.057359127724129995,0.8761364668199579,0.04417401243331956,2294.172730786204,192974.7131958198,4.96804598994329,1.6059479899866556,2
126,11.891497777596939,3319.3917893612715,419,0.14329000371881084,0.08907368817078752,0.021140092156782836,0.7144991001631091,0.04877951301582861,3067.126094226279,59197.92452814768,4.814539556485326,1.2925810561834443,2
148,18.099890149239933,2156.6847041075157,265,0.05784222913143451,0.04659822357396199,0.013128172346222943,0.7230521849309144,0.00419326458801716,6375.275831499611,199884.25304015094,4.595999679789529,1.761700978334554,2
279,11.90615586365955,4835.107734075716,589,0.13143949922757348,0.05972948398311247,0.08776142863335212,0.967547168601413,0.0005335971383418515,2701.3872776670237,212273.26039656656,5.19671573171634,0.8293982221639923,2
134,16.691769626532945,2543.095285225372,431,0.07558140283464901,0.06374769983551112,0.09318938315794481,0.773315750856094,0.018864556153808516,4569.774576570222,187596.1067113567,4.316664580070327,1.0836491824913095,2
385,12.394018912370289,3844.066080550363,362,0.2333344236062081,0.0894053143702092,0.0712108677568522,0.8175284229991693,0.03048713124993538,3747.6517064163154,226035.62796241388,4.091502329509507,1.403691407076364,2
143,27.416831929379914,3485.0115987795825,444,0.10736723409422655,0.05853063953147765,0.03032596782461893,0.8191006404084455,0.023867344238963084,6947.423992093242,163176.9876126324,4.907825425239798,1.2072790234886552,2
167,26.298928368531772,1462.248038908247,260,0.1713136667042443,0.05552673297605969,0.01661513963053237,0.8353875807114385,0.016759563363229736,4218.748364588917,59367.1956925164,5.120533451764133,1.4954170819075083,2
230,12.601049023819005,3051.6411357405873,532,0.05857068721887926,0.043015236755781,0.011912878900927744,0.9376096554193463,0.011882432733616055,7581.350170602855,130020.59982290833,5.1595454644328225,1.5437571439620732,2
345,23.873726590869623,1289.3531168597954,215,0.1353031974737447,0.08618832745862896,0.09449606957878372,0.9831543867132184,0.04374145455295528,1860.0184647863177,225836.83984479503,4.433586520468501,1.1978303140740065,2
391,11.767594936217709,4459.187829520493,163,0.12725682430564136,0.07164172858749769,0.01654114692534535,0.9820927718546122,0.010642672367373757,7693.113503164075,201194.8737942193,4.304832302607539,1.140533400742675,2
106,26.34795359221003,2938.1184318007813,243,0.1372480922520779,0.01978963139418327,0.06637404602966349,0.8455810459505175,0.03815259917131471,5686.981073511512,69945.11694049476,4.253030335759401,1.3244921358778443,2
215,15.808016471514604,4845.142046879499,209,0.09842002288104026,0.09067244484951917,0.010446311395190828,0.8583429641689663,0.022371500648648762,2761.449714950921,102672.4539686694,4.572264258827272,1.4671067916804872,2
361,24.73316235746814,3020.1534239447124,358,0.059224115627945585,0.031037271157370518,0.04368723403890259,0.9171572010013546,0.0026700169229785854,5835.6673598934585,134822.11668143148,4.832760605377444,1.4056820587982004,2
104,20.147989447153034,4971.400105735208,447,0.19150944361811867,0.08229578723044295,0.035718797383218065,0.7545334106720125,0.000788664338980899,7969.862892815482,248297.76058793993,4.699478928512259,0.9656010404441883,2
386,24.123232748029736,3419.857398859277,470,0.1341475840905733,0.06620355122942011,0.08272630530467719,0.9608739974659354,0.03283856000617581,6896.834206525539,174767.35708846606,4.911393573286927,1.5460190112125736,2
313,11.793093664817718,2993.2921561695603,224,0.15705292043615993,0.04295624421637626,0.044568895603045305,0.9855805439548817,0.012410040627022029,3647.2997529410504,61618.236093413645,4.025528038492497,1.3004383838723481,2
238,21.389630678114834,4127.653931784524,588,0.08889019780350996,0.025761129484687527,0.027133815808236136,0.7554863792043619,0.039016748520388236,6825.876690072428,101830.64754240887,4.169550664212722,1.769110045059581,2
286,21.278302752949113,4834.6377353193,178,0.13156382087203544,0.0729709828053896,0.09910203837016053,0.8418932649977523,0.0198996892721353,2265.158328948018,200396.23944251065,5.166811068877049,0.8305203321720358,2
306,13.4782924874539,1706.8087838583242,437,0.23860630243225672,0.07519611470796117,0.05679944012020378,0.7661192044446872,0.03350732798224066,5415.6006567261375,115978.36089536407,4.29275415449013,1.7500653484479227,2
150,23.14518360749867,3156.8438215512874,158,0.21719424995597153,0.09828430038409776,0.08452122457531468,0.9691752389327054,0.048001026886504955,7267.337674746578,64739.10872739248,4.170947532971935,1.4951430482139276,2
392,18.68296419700082,925.7475548003551,561,0.21979434607040294,0.023251813326483843,0.06314609191327895,0.8076166574906567,0.03382770946123163,4321.9462357161265,95868.09448625482,4.940321018254286,1.1824338881143426,2
273,16.894348473388693,3447.481898261439,574,0.09332642110427186,0.06056146549711836,0.08278679250430944,0.7294758334875366,0.04153070922407175,7234.864703917236,200963.11099797627,4.96867895896886,1.113694682505034,2
252,29.609482277009782,3951.7714687047965,278,0.21866156785494223,0.07994967508341547,0.04588034420260883,0.7446856116665918,0.02938056059043242,6525.441531239655,218450.34313869895,4.326281746858728,1.6989939022106086,2
95,26.650599235180398,1489.8309320908245,535,0.09474693685915794,0.010586199910152473,0.0866986978519773,0.8302744439253041,0.0195336490524333,7254.0196033594075,53147.04239124903,4.066181085557794,1.6337102754388044,2
278,20.077986598321598,1115.238306977594,492,0.08866657885061763,0.06507008776169783,0.0841204488817925,0.9469974350656192,0.0012742664843485296,7644.732862192734,118790.20222157687,4.067183503020415,1.4482851973119906,2
121,15.86069161144823,3347.441474402575,589,0.19754606980292916,0.014889118155705334,0.04670119419417448,0.753156762263697,0.03147686180539717,2773.3468500298573,162317.11178555322,4.53197634198135,1.2111349629385595,2
153,11.005983461436088,2347.1164414744467,476,0.1059600446673058,0.011513611380865145,0.05457419156773731,0.8328084832403861,0.014075047668344515,2555.0298495455304,190006.2275530062,4.538830103445966,0.939730503603974,2
286,25.259327123018547,2528.9136321831675,216,0.16926240196405812,0.04100954347663838,0.05999180407732748,0.7276208558958687,0.043622417186235676,6212.423086650915,213461.26600779043,5.1073946808380475,1.7230900559402638,2
162,21.30842740823035,4716.437704321388,184,0.20382262733241896,0.03371912838553008,0.045755101399806916,0.8571944326340386,0.026676801317482842,1936.5276195625236,81006.39091187895,4.243199730997084,1.0321131012528153,2
147,29.083864976672324,2119.640632741835,516,0.2361222090888746,0.02823567145337686,0.09242374454804718,0.8203936899648159,0.023359639400499094,7526.584234196546,137493.55735059595,4.245900450791825,1.7961108632319713,2
164,23.560653940090024,1130.0972560964083,233,0.050092888444408096,0.02013580247535106,0.07753039105214894,0.7713918942775593,0.025664721421727616,5852.613699178499,67794.8176728399,4.594897701258476,1.3734356491001927,2
256,17.51962216515306,1599.626233552885,379,0.06486720724612555,0.07010885223051154,0.03670553429155679,0.7793796016109474,0.002459210427845504,7748.045922044726,221557.1754541201,4.387627196739188,0.9408511315593334,2
282,15.880330131988021,980.605278066769,568,0.06890324865454396,0.034785260376546195,0.09954359669060268,0.77095225256325,0.010244515792298592,3125.8185834288797,61339.24226206176,4.564477633245425,0.9082826176858243,2
152,28.100855866552156,3911.8491286183494,405,0.18345527129380523,0.0253286373791497,0.026798349222288062,0.7042040560408485,0.008073846861370826,2099.7455135597256,143230.81923869182,4.984761842390833,1.3362439962277024,2
173,12.04675922218943,1612.218656365671,415,0.23611710812699555,0.04778809529129986,0.06152678116523666,0.8020412662652462,0.04148737024191985,6598.564544714878,184223.6394238752,4.525517203514557,1.5578784557135439,2
198,27.494665059826392,3065.311576580431,598,0.0729970929742993,0.056377028122168,0.05891605780525399,0.9987745195294357,0.02042125837100929,3700.063273220538,160209.32635334844,4.539571922657794,1.5387854682126543,2
332,25.712153718295593,3272.168686146387,518,0.17733003113968554,0.046250325525306744,0.09343948773668775,0.7356984886234411,0.023916062600952217,1897.0781424439372,220789.84787330643,4.5957572838897995,1.700312516131138,2
345,25.59771728628958,1415.4855237336783,555,0.05309236551089034,0.07880824275465781,0.043850514804242985,0.743088843116952,0.032945527076974755,2611.1117316254845,87020.72472964773,4.419164577077841,1.4738830369652596,2
124,29.843016027414315,3650.7379209137925,487,0.12320809962575457,0.07995579190667415,0.058516707263876526,0.8341846986198248,0.005245045828352679,3221.9059477156056,159580.67753591767,4.87898757522877,1.3228374574430413,2
169,11.455065605297987,3196.596714725533,317,0.1635734072296775,0.09720248849023368,0.07794667134788189,0.9864673637735131,0.027876320701328186,4972.686775190463,183191.01971677446,4.282263020544896,1.4234369993877505,2
357,15.776081797979671,3096.249679073141,158,0.24061738127222204,0.021418667288838997,0.09267274076790312,0.9552617378478087,0.039919254941460126,7684.099912148583,185276.5863628963,4.2757588803378965,1.641763887869435,2
301,29.50018669950797,3312.5361249622288,504,0.10015426055693809,0.09721590545973245,0.06835335889234345,0.7894411807115923,0.030279881632969137,6999.880960436616,168043.29408379778,4.664249041344369,0.8660172674601582,2
123,15.671318672117495,2697.8273662140705,429,0.15150698044581035,0.09661869922968258,0.0776056950700483,0.7107398436113007,0.032741643652843516,2095.8271162219053,233966.3665562785,4.282337107317413,1.3439689040307203,2
309,17.809923660397743,1623.1527437637328,543,0.2444219166885715,0.026808493303951693,0.09405139256568595,0.8356019249742479,0.019022414751443242,2006.9470760442582,168945.08513309824,4.863290470491221,1.4636921984952493,2
316,19.89796513474463,3035.2286925046064,346,0.15839535616325895,0.0871321388790586,0.06171335721298043,0.8309393722693744,0.024861303984574874,6995.823327455294,215779.4510957487,4.155385020257082,1.3161168618262131,2
180,19.87814322027443,3949.0108159210954,554,0.17866113116166094,0.038642847175453944,0.05719480872198132,0.8195780962188902,0.009311859191335259,5563.801028956726,89871.14159332955,4.062246424217537,1.0693272149787878,2
95,23.271402253913394,4444.707585226748,536,0.2488946056219256,0.04428452719369511,0.06575852431259248,0.9056837241127389,0.028459674134223085,1699.1219101441882,66213.35055875128,4.335516505537332,1.341770094453597,2
255,27.049631979246335,1926.954247467697,243,0.236846172099687,0.04538560264901611,0.06342354271908128,0.7588321741082239,0.01765099645646975,6798.972781554,101774.41409971315,4.765961461484058,1.4339490186545243,2
148,23.670511772141325,3905.314196790929,583,0.10385049401154384,0.04522468242591436,0.08797355830667722,0.9598876400454459,0.009728390554406524,7743.085543512301,233991.94874051836,5.121443579522693,1.1401860699422737,2
164,15.214568090380272,3674.770883159517,317,0.0873203583554033,0.07853483870930905,0.07501787572387086,0.979648333378068,0.008894928885234089,7642.658525942112,121706.07175836457,5.1623535922954416,0.9718571886692301,2
381,14.43304253642772,3717.3102478201376,325,0.15594818384638065,0.0803514320535911,0.04330466955304045,0.7670660969476033,0.04957146381571123,4779.1280723390655,157586.03892646142,4.469463175856156,1.165804217946971,2
330,20.378699788875778,4816.2877069590395,585,0.16173698056396296,0.011406916937899188,0.03883972740202331,0.8463305140428317,0.03400515328619806,6861.602937438306,87083.40876993901,4.232991447805935,1.4281277509270631,2
141,27.555001329694196,4554.24195194023,572,0.16539291601554995,0.0933686759689133,0.02018772044963565,0.8443652032293403,0.02421245432079393,1804.7839313332793,149523.9444444712,4.845623338225023,1.3819769593776614,2
217,25.86902991498866,1161.242721393435,336,0.09203717320342474,0.03768224312319347,0.039272138747785235,0.8361030193586407,0.016338391537815085,3630.479937903074,62516.66691515692,4.874718965651182,1.1661101208580995,2
189,26.35077631763871,2798.593652672581,583,0.24012454677302358,0.018764010156939882,0.08189233614774426,0.8341980580647871,0.015866011770737234,1604.3689454995192,170361.8678138288,5.143276722847865,0.9496864981735194,2
135,15.669576071260389,4032.9893866800358,194,0.057038437986871166,0.041847355708176104,0.05109696771550115,0.8847156290617856,0.04739875756114479,2293.089054707532,164264.30813954328,4.567465256704262,0.8601423278828841,2
147,25.155296098889977,828.2514165421165,334,0.0759551781937628,0.08602319692286119,0.05741047814639236,0.9569360183931572,0.01741581276140869,2558.131898091764,68738.45127512913,4.397071867204367,1.6090978854365114,2
299,18.32166210686701,4813.29345675343,592,0.20458511052067146,0.05557954920378432,0.08130660360966696,0.8349339012926404,0.022110074490136685,3441.226133010182,75193.87043286861,4.5912542346665415,1.13789052449322,2
252,29.663078597307482,4551.318053984061,293,0.15826989208485542,0.040558258264958125,0.06294890975934875,0.9893606208943794,0.03983012246593598,3562.6273313123775,189661.99179538363,4.736377384853655,0.9777751110645471,2
145,16.090834283531475,3380.406613827082,210,0.24352687907662668,0.08311760963787304,0.048529654880499457,0.7996884331674778,0.00680626367500965,7031.585403089777,225322.89883698866,4.051449920141189,1.6016214915129638,2
270,22.78330076181492,3262.5915759714558,599,0.0964179129492464,0.09626151912866468,0.021801510884154916,0.9632115203719231,0.04415420330733066,6875.995429249614,207855.54147106054,5.042182114577683,0.8692425758268232,2
82,16.47953187524226,2818.222595318519,417,0.09081825410338916,0.0669704624139626,0.05999914457227261,0.7546447106048351,0.00501846905198301,3471.205792191321,218735.64570516266,4.629750272186773,1.1830675586001995,2
380,22.399245350822866,3810.2975209105275,223,0.14991689318879733,0.08653078363934501,0.09914167429729388,0.7666256548980005,0.022450217939491854,5642.5918834461245,132623.40360183836,5.139349007242932,1.443145594099756,2
156,24.93800222968539,1344.8935533943418,583,0.15306280402062827,0.07648736129203132,0.025093805288759614,0.8106503023682086,0.010457540657260695,7731.495335343151,150423.80918467126,4.966461713435357,0.9728739120629861,2
358,26.154583069139125,1244.6170396774553,218,0.08808474367311397,0.0156624028188481,0.028016298447490713,0.7429637824267089,0.042058352248798274,1546.0478520015456,104022.5840438474,4.1111249034910005,1.1771563301853571,2
84,27.709642662085738,2982.2805019314856,362,0.10247807426681795,0.02441357179251412,0.07457901239206745,0.8389558263383964,0.0012112693982247681,2572.8844105085545,139048.75617359072,4.622417560572923,0.8870918904629149,2
313,13.538823245007238,1558.793847109205,329,0.1460159159664235,0.038876397560765295,0.07721439367232205,0.8089562197671263,0.03138672644854721,4644.916783137866,119571.01682199935,5.03528528128164,1.7421377258948518,2
246,12.848915400894212,1178.9830516718198,568,0.2051036072595107,0.07028058079459608,0.050821595373877516,0.9698954373397184,0.027689988255906458,6242.115662728434,122424.06875752103,4.659248896262321,0.9816525065771422,2
305,29.207011628289486,3510.7652661863294,239,0.06266438731128982,0.07187345586237436,0.027848907037532684,0.9361634963390104,0.03641517282175642,7517.667358138795,177633.17802799065,5.1599442677451535,1.7566910031278506,2
94,16.516452160744258,1524.6842209384213,445,0.24103856022190245,0.09186773780981324,0.02926886466659242,0.8235820827220948,0.008559628931932883,2155.26531832839,129691.01121928259,4.392345645939533,1.6538674606768544,2
118,22.80715023028829,1792.3426667092208,431,0.07877459114261674,0.09070359040044804,0.039259226164212596,0.8091076888944289,0.04820757517387017,6630.785992402088,219696.7857170816,4.648196266918061,1.1202037033136496,2
237,15.33556527165702,1313.0575064885131,521,0.1789212978825382,0.07634034407831282,0.08942557099744051,0.765659806493435,0.04041209161023863,3383.978159028138,237798.65267953026,4.685252460831024,1.0610379298436134,2
209,21.552178533489027,4802.925128152296,405,0.17224256800933313,0.07525267973902153,0.02624144204254799,0.8340480169734524,0.04124345214960868,7093.992540871557,132147.15972963345,4.224153669813662,0.9743305656324454,2
115,13.241791435396301,2190.6608524565045,491,0.23021451919659347,0.05216599120480647,0.057430006205735455,0.8493102737935586,0.005625654464303399,4687.128734599584,228030.3719019521,4.392252121611912,1.3795785557570754,2
365,28.916085796800367,2979.568636571722,216,0.07984791551244015,0.08310886897720289,0.07774740828191988,0.7295669223399079,0.0396616814152551,4081.355964689106,206023.0068302375,5.0355737929429765,1.347979475471679,2
168,10.753142220284264,986.7555656605105,539,0.16084200365684245,0.06459219688903507,0.09457541981146715,0.9654476258134888,0.02593119982758936,4788.450066846233,159473.47478611534,4.419175505789494,1.0105857334533304,2
270,23.346958088030597,2300.929927643806,271,0.17748542656747934,0.045491119050884495,0.015479290871935222,0.9513563355562406,0.03753034203884603,7984.046923283255,201399.42436286758,4.242394232904944,1.0781301884203391,2
234,14.725746798894503,2428.9746888779755,191,0.21293454553584146,0.0869667063763915,0.06164670861412639,0.7328442516778739,0.003320421780231392,6928.696529320358,74230.99711805418,4.252061699676573,1.5279577819296428,2
127,10.456811603746537,1426.7045758681666,445,0.0834960144448586,0.09341756184159976,0.0947644786001679,0.9247834839260151,0.03320041821302099,2101.087882877434,81756.29429797406,4.332621022943449,1.6678569550433913,2
341,13.85702551255951,3370.7367469195015,250,0.2323308885170705,0.061889425794799606,0.09929605858257931,0.7247943450743342,0.03433867640550619,4749.12407326728,167826.41316322287,4.138204164610959,1.1978195045025384,2
157,24.635108582941797,1285.3502964260547,230,0.07361584285904599,0.07181073556213734,0.07303617988832488,0.8381034271645058,0.02332764072442794,5791.188280341236,51235.727028435766,4.727004776341112,1.5460210746037788,2
125,12.318677919016716,2406.8446374783243,203,0.07590049641323876,0.026263628034044806,0.020886111151991155,0.9165012062309326,0.02232455020248397,6199.49583507406,178960.71147875284,5.110636784396963,1.5599519896331202,2
207,13.959026623589244,3416.4908583197516,523,0.0928178445056424,0.036425100128870805,0.027320011621939908,0.8140850812285687,0.01042009537523555,1587.1589429094781,77555.91493563415,4.780751829238587,1.4651438013558031,2
234,25.53297512546073,1235.2441849444317,541,0.2070002023608163,0.02585234484852314,0.018109041568640905,0.7068128305446438,0.027919330329836053,4066.094067430232,150211.43979972863,5.1063147873028125,1.6598438427503568,2
375,23.298469681537043,4924.332134168326,226,0.16926465226220036,0.043801924300139156,0.011540340897435128,0.9469714572833505,0.009682694711024198,7004.675100622525,248859.088593811,4.419970396651991,1.1804956215593672,2
113,26.209292224364287,3891.129649815387,150,0.21107243140146248,0.02931563499875814,0.07002555021046332,0.8788608245817693,0.006410166538960815,6014.643797967454,144277.1928976004,4.020506245878604,0.8971680598621311,2
312,12.373006663006397,1956.9401308981849,367,0.23703377002331028,0.059472547541540154,0.05856753940136847,0.8162106245166327,0.038128606574244814,2347.168426052346,217731.84296249488,4.311228718830758,0.874949010372924,2
159,10.512910953290138,4958.419999657424,177,0.1344919579075468,0.042564032191653584,0.024575847634210772,0.769242038333852,0.02474285449010535,1892.0082679486786,165804.02925669553,4.073822272805404,1.5188409844156168,2
123,18.624437812894413,4420.250017057458,161,0.13246822838217204,0.021698884527261923,0.0874009811529956,0.8593141600119194,0.047257621922016144,2195.7579048390467,107081.38491826496,5.143497352576749,0.958598444072661,2
83,14.436738148510603,3783.3932328157734,296,0.05647659636988853,0.01527830109911055,0.011517412554117645,0.8089560327857297,0.04525481328574568,7717.82894973841,158529.93966626655,4.922094988583076,1.2514736188096263,2
296,27.860850660031968,2094.6891770974316,183,0.12417760110320489,0.06311106086474777,0.08005422942208915,0.8044096381335775,0.014252180391985959,6982.784510561349,238611.73228681445,4.301537464376433,1.6415787376942115,2
150,26.73540410549757,1854.6181212315907,372,0.050546404884100296,0.013971124141996548,0.015345863023580004,0.7355528767345675,0.039180030492761364,2297.139314947631,83516.08489152443,4.967316096229564,1.5366830616632843,2
291,21.07686701861783,1221.5842000184077,354,0.10523399824417268,0.09488886638058917,0.05400857854313174,0.8271415833747683,0.0021311720998483277,1585.3385952080598,60459.94885705854,4.872115680606912,1.1662438873034806,2
134,12.962642847410944,928.0246216611329,518,0.07163632359236652,0.04084470945140228,0.015472219673625977,0.7253304962712952,0.025418153793532634,4155.814416291269,61349.953426164604,4.064659694987054,1.5126212509661094,2
250,11.594151551839008,1000.7532225145997,595,0.1075450604574697,0.09729723422052318,0.09584987651407198,0.8476099378620905,0.009974726587916406,4104.011354128823,63983.23005328771,4.235864305717857,0.8174296093369365,2
302,13.63451724483573,3033.10510523244,420,0.18527322613497604,0.05021378471204457,0.07330669841657311,0.8788480861196533,0.024808707099290207,2829.652333879667,157864.15093502402,4.40051524817018,1.7997587328482476,2
182,22.13925382533369,1457.6547745977255,564,0.2338912426512546,0.04955286125076736,0.03287990194149139,0.8312424627459865,0.019681203528049904,6850.754983484284,56576.016725443915,4.702176625109385,1.3246159154217527,2
150,23.98954508509481,2795.0142449119576,166,0.06151617762420001,0.03394039412042939,0.047332361998414396,0.7300501517443387,0.04825404745725235,5574.444695044624,45236.01001925893,4.08137349005136,0.9164795313073513,2
308,21.770285738356957,3599.4534191705748,213,0.23278587945150825,0.013361566303434273,0.07741204007684653,0.7788082575475378,0.01179759857948049,6493.772533681973,155927.27269432234,4.9846569333812845,1.3629207846320215,2
218,21.48337706968589,2123.1972966121148,491,0.249497000437571,0.015920094165950503,0.080601192306659,0.7126890776802338,0.030527920130211567,4761.934207725046,209644.7073953271,4.357154634415365,1.6301309540713826,2
334,28.585220562305437,2459.0008831766886,460,0.15583758352651877,0.05435419825836528,0.03013126521052735,0.7195355948775941,0.023162387903897894,4353.612746697009,65258.365801496155,4.497491518100094,1.402986980650887,2
229,12.041108371449589,4613.918161425119,200,0.0796879726890975,0.05364598822443897,0.09572917293324601,0.845506418078896,0.028550895030116336,3113.5717408094006,214492.45621696886,4.914634126326319,1.2368937029169151,2
187,24.73935927285018,4861.57165590398,492,0.16819501309859952,0.036019529346061896,0.0611616281574761,0.7341815329991368,0.030527308376903824,6745.587148482301,54069.07520750347,4.987055169740953,1.0641137180115485,2
300,26.962430624372534,4814.168466429067,221,0.0552613902305696,0.05205416273018921,0.056401412274440836,0.9459441182853501,0.027027516754065034,2614.933194123154,58694.79184043259,4.065906961331017,0.9583584745284613,2
94,22.616492629535422,3573.8485428440144,282,0.06901560999396349,0.09377999545018578,0.09428614615736372,0.9831142469642449,0.039959291772428275,3028.869773454594,183712.69350783204,4.901110806601133,1.3715624653768184,2
384,20.08913530185088,4970.815475852531,449,0.13971605286126204,0.023194530388490966,0.020076103117429252,0.992803390572496,0.04812596143126978,6251.218758045299,152875.38130407332,4.7511528097478815,1.7645821920764941,2
340,10.610715719359941,4245.463919459898,186,0.24410164139660917,0.09352681671016029,0.09047472293230308,0.791234223250532,0.006912032202153024,6425.9123525141085,134771.18237934005,5.056212799699081,1.15605086030026,2
342,24.748911399707538,1779.1788458717465,375,0.24450383112854956,0.04364193543337364,0.09392562740324484,0.8617299262566306,0.003085724194299533,1667.0041209962542,153419.945685809,4.50254509575046,1.1201981445645932,2
127,26.57621277013311,1555.2858690686433,246,0.12604998136077686,0.017661523051261972,0.06361123499490809,0.7274511123402629,0.03239759976714244,2046.2113810477135,73144.50574881314,5.0691879376740845,1.4743404628123504,2
382,15.40832233301748,1494.4676303832766,493,0.13469490343285934,0.09134304602013382,0.02353933141903814,0.9178616331938428,0.019605226657761626,7631.256051315463,180757.99454260728,5.017518855426928,1.464583426977609,2
105,15.34268931197147,3273.135053288141,267,0.19267639982389506,0.03327862979043227,0.08114237686961388,0.9370349792710871,0.02117613967973478,3804.9652857815677,49244.45050816721,5.079504384563995,1.44232681131446,2
170,19.750135732310632,3631.6083219185753,563,0.18818608902873302,0.060236885846940896,0.03999762225939242,0.8132160522506593,0.0053504443835581394,7551.566090371882,162017.0874711236,5.030791984243496,1.458631158396814,2
283,13.634505017526429,3487.9942148156747,459,0.23524541917686537,0.07318099280870602,0.03547359872726943,0.8829474405414937,0.019186533818691388,3116.256994622253,95614.5879363035,4.734164724612012,0.825621036184167,2
311,20.234012352286825,1437.0954623221733,377,0.052323049534781646,0.06047498293535123,0.01919887076865262,0.7427019078131182,0.04906131436430573,3811.213864162438,199610.33583479514,4.990623765858855,1.2066309576870293,2
357,20.934238005438104,801.4418774145687,443,0.24203081695637724,0.08007987484321172,0.033932639942437316,0.8200391632304417,0.034834391438144735,2981.688391354095,48628.467283175865,4.52308988396042,1.7850124363491802,2
282,19.590472005507152,4960.499836114025,535,0.155441860027871,0.06417482153935375,0.016133487435000385,0.7066164500040688,0.04165103102602436,2079.682025681048,55509.1399329519,5.198452953961756,0.9129462017603065,2
207,17.154942253408002,3973.0624328998492,457,0.1780194011552086,0.02469205938184342,0.08386736160950327,0.7613713220836253,0.02036897469608503,3012.2178710008757,139773.1813128295,4.489158998976134,0.8004244174192028,2
175,29.62025243768474,983.9216176947406,280,0.11424351119442847,0.055993920776960256,0.04605474665701809,0.9339276563302996,0.035016587012235395,7415.063426466486,115666.39915369528,5.147377913699299,1.550476459429325,2
333,12.89289120766263,1323.1911911694287,199,0.13578354465646097,0.06852571757764311,0.08857377162123005,0.9091043650116447,0.013680004711544125,6620.036789677483,127442.08249772784,5.014153528778371,1.2700462129384689,2
327,27.93151407115967,4711.703569737014,183,0.20447997378675226,0.021409955345224694,0.03328226732842063,0.8614720439312634,0.03765040805437459,5598.164985119558,154807.91943981335,5.1477113268454655,1.5294857651207712,2
285,19.234501247603884,3114.842403016484,199,0.10429971826019802,0.049856586786942984,0.04723295268809381,0.9543372712923803,0.005229313592343354,2972.082070695423,108554.08743571473,4.221649562589378,1.19451964666389,2
272,28.943698594723113,3092.843076386879,465,0.18263359001041019,0.0655665991636289,0.09236242609029874,0.9096642240328844,0.02908847942792906,6027.115419660085,155405.94438070647,4.3739389443127195,1.3067231832531274,2
370,16.24700616131561,4548.5974329730525,196,0.11546532413405924,0.06295169713727905,0.09810065692827113,0.9410737871972619,0.0024650264943562373,2306.759331293636,68301.21421590545,4.718929761763123,0.9805814210965341,2
324,29.893680417733798,1834.865308756841,345,0.22783076419646542,0.014003958937626283,0.02020496648799277,0.8423442492155871,0.021124108017521372,6233.284722284498,87684.53780435058,4.715207846800841,1.552706332290861,2
364,26.15007808728304,1669.9944538566847,310,0.09971057386813996,0.0978277806478895,0.06828566462784016,0.7300024938166166,0.02896344261612942,3629.749979231688,165893.70780974912,4.454779513050688,0.8076783303108195,2
92,21.88234786034584,3535.5748847430896,304,0.21139871200306232,0.036884203759817456,0.09741472774917447,0.7750653256004919,0.0023479153563519374,7483.304906235492,249714.4023236586,4.8188900965319625,1.073971697580197,2
365,22.267809277014138,2611.6280219667738,360,0.060000469277612094,0.08102601281719177,0.033591771830354895,0.7043065230999693,0.03952514861948524,3519.8235366184963,128954.04310291602,4.437025023907685,1.5562662992112046,2
254,20.750359131762924,922.5736573270158,380,0.20650336735396285,0.03776692628205184,0.03870390315970931,0.7662198026305902,0.039062974790640866,6734.2200722990165,46067.18047918234,4.15702699639663,1.657037326561142,2
269,15.161770850260549,2498.633573045728,345,0.20665582139910182,0.08688594026131928,0.026589282224612105,0.8256201915513888,0.03502992104336263,1852.2506147965155,123262.98082508922,4.400802498492453,1.408240145050164,2
197,28.50704581345604,838.4556123474886,495,0.1350991281274917,0.08700179395680446,0.02065728556917393,0.7456467478590734,0.009052197621494146,6453.23769143408,134904.53272997003,5.157200767529197,1.2783648974742712,2
322,16.21232530493082,1364.213548660259,311,0.1726546258737628,0.045112916249762484,0.01932906700011981,0.7530632546862899,0.035457048559000316,2149.4455531235853,118226.94675066302,5.166894655094625,1.3033604935950451,2
208,20.66817802144318,2971.6919041093815,348,0.2486747012435922,0.01055073580476913,0.09139935261121837,0.8610551335253134,0.005417392579684155,5327.264520196299,246215.48997742683,4.5774404291299025,1.2945342167588842,2
366,12.557043015343517,4473.3989874449,238,0.16556791453886688,0.08942306946783642,0.04225284285819493,0.9792175623452517,0.04486326873809843,7551.404887530513,97371.39473620226,4.161892020650649,1.5182783216874949,2
214,27.05483588041513,3482.09501959647,367,0.06522793791782072,0.07574021749184799,0.09275695752215497,0.7160413649765199,0.02643809439660181,2987.2491827622234,199541.6515003485,4.574466168959293,1.0279759453988353,2
257,23.92868587206933,3863.8841600764667,593,0.2005117960755377,0.014328431870850797,0.05986968682357592,0.9921108740992866,0.03177790052026645,3895.222599745593,95592.69107190875,4.616867323292748,1.1097629482143871,2
143,23.43498253188909,3717.807720265909,269,0.15069253791019155,0.08907849567226768,0.04258262605758333,0.9257264360337293,0.04750118116600616,1806.4690023983335,181922.33300477473,4.5150847070318285,1.1055030826689396,2
268,15.70413897219405,2762.3410375555204,528,0.07912839929740179,0.027712839514731573,0.08920490270035969,0.733421098008626,0.047223216739873994,2502.0648917202348,189714.29889494443,4.536939283777469,1.56975092692127,2
394,25.306999793124046,3870.0833045246613,401,0.18643441936386373,0.0658711029291867,0.08340390144658119,0.725460036361404,0.021919418089527777,6528.09872543764,200473.027626565,4.291475445012731,1.093469828702993,2
165,19.785704190987502,928.961402213858,594,0.21652080648405675,0.05850063639995178,0.07165746960993435,0.9458943234520614,0.04488696250123263,3798.5962379158213,42649.27363068988,4.651482382960125,1.6011961195379114,2
114,22.134810504919017,2425.504461241722,276,0.21534031337753318,0.03294369257692707,0.07432823663339576,0.7583085753765705,0.01933065004977613,7963.144724468663,245560.7799306834,4.38999965237844,1.3453186668682195,2
154,15.335306618232869,4553.935777870092,319,0.21955409233200313,0.08929869165645936,0.011063377210637566,0.95735154208727,0.043161140270532916,6620.9551477685545,195464.32377253295,4.617642659566911,1.5151553844853263,2
282,18.810831826056635,2921.657224027396,413,0.23100059638464582,0.08583041510171159,0.0410806340649789,0.7516749924693721,0.012705130224821455,7459.133489840989,240657.41617595803,4.313983314590641,1.227497476737851,2
352,14.205320301569884,3047.336906878906,335,0.1876868055253586,0.05276002931780417,0.0657586972383398,0.835100936229326,0.03921391090470219,2196.495362380164,174775.26637994114,4.781093139251934,1.7103483021293062,2
244,14.818471319027154,3302.1769636720264,225,0.15732617446257668,0.09643104899831512,0.05612431004268186,0.7766370323467257,0.026943333720915442,4008.97771287995,170640.771532496,4.695135668744906,1.7881719916040142,2
350,20.289849307598352,1451.0149278950444,541,0.18811998307533628,0.015482877996167193,0.09938869035747307,0.7943506236700136,0.028938758635177305,2363.491858868434,140661.6681216461,4.329089020249954,1.249414139099596,2
150,15.075862314826571,1776.7150189951253,564,0.06790834346688968,0.07560094504642942,0.06383956282317811,0.9243096976656621,0.019066925611523018,3142.1159963137807,96237.91953744178,5.085470275912301,1.6316415515299667,2
195,21.84785789989389,1483.4829493622965,270,0.09765343303682382,0.08131139024561868,0.023585308848475907,0.7338188849061664,0.03230356747639588,5073.086583985385,46317.54809840324,5.103940741570992,0.957116360542934,2
370,14.201805142075631,1524.0903956572756,593,0.15293678779028919,0.01444384950438262,0.062026665807769645,0.9772369106384169,0.008389162326494481,2287.3228027752307,211405.00958684328,4.0178833978037325,1.0300194440463866,2
81,10.325548956249765,3704.992864970047,347,0.14226182614858524,0.04414621800419159,0.01407786489951363,0.7089401457635831,0.0420637531695437,5379.632255916109,222245.49641611252,5.103460447210415,1.4767353451315048,2
277,12.434054167748105,3100.5123104987133,568,0.10909434138141696,0.04354042116205715,0.08171736268970849,0.7866291665920134,0.045863458784113055,3029.0067071863778,156136.82911370863,5.114267411702794,1.4498756426868487,2
123,21.792652683009912,3971.4920237580804,552,0.14651756923848924,0.047902614626835684,0.07759676254525104,0.9568643649302381,0.032075726292376476,2767.4181725576664,104959.30407807443,5.039625483594317,1.3887015932529585,2
130,10.697384179182336,1633.9341214299798,545,0.2489170283331002,0.051133965739437175,0.07764371437121177,0.9747997884058492,0.00017541548984433277,6812.9032798206235,98579.01765500207,4.395308774284991,1.5421944930279725,2
274,18.750697498633137,1113.038080870444,160,0.2305878768697852,0.014146948227525123,0.048956575375199096,0.9690660357514962,0.019496702560067847,3246.3715679807883,55503.40684308707,5.085984512990459,1.1929873773168018,2
269,15.981816331670245,1163.4753389479727,196,0.19081593132126845,0.09026282086506916,0.09483365319841795,0.9960344685961139,7.92823015760058e-05,4405.636139368638,108025.51195859932,4.478587936885225,1.61794490607377,2
382,15.377291258040952,3398.177794900699,171,0.15455854924794366,0.011353995450255137,0.07957050212139491,0.9280626360952422,0.02149482534069211,5063.525954745439,101782.22996243706,4.168992054861074,1.3342958325566023,2
370,21.292034331236792,2502.076939263072,348,0.17138664939867457,0.08064204760930238,0.05751590349575271,0.8619806843253576,0.027901503278099295,4880.253589414728,173408.60492593102,4.141975934557424,1.329138624630917,2
328,25.631785633320394,1105.1209697809393,165,0.12419915020890644,0.06322257152637757,0.026254907717346558,0.8360602889446012,0.003876718345787261,4454.059457996109,119181.45861408456,4.8318561517718575,1.036747548926653,2
91,28.865360332574767,1357.344409918594,509,0.20280010251440278,0.04226560213349529,0.08643431146968382,0.8893179219707323,0.028865611388932094,6901.740589532491,79222.11356334007,4.017631047690442,1.7777778616447695,2
363,27.09561154333418,3996.4202028747945,442,0.12370875468034198,0.02252801891168256,0.01655556947407765,0.8382956542697703,0.01678072009626655,3543.3047921571897,241040.75129876652,4.5526847733854465,1.256918152353073,2
126,23.419284186952293,1379.4729221669327,301,0.1270193138750243,0.026639039893189456,0.01671654581048696,0.8625431999705157,0.0398617326597816,5692.376748355238,70377.2196089438,4.11028247125642,1.5127701013700712,2
286,28.799307664896663,2630.118309843084,240,0.08254375776784609,0.06428426865393119,0.05297751471462897,0.8536680294296924,0.003722406718611382,1847.064702008351,188497.91940409466,5.194843962014433,1.6838795070673065,2
267,15.328020888007854,1353.9394694715015,571,0.16071042172105826,0.07129137297293814,0.04355635690502518,0.950031692910958,0.002268571525424884,4328.264792015887,146217.49823203683,4.003463374181883,1.3779778595383163,2
144,26.891281734353825,2342.1092531619133,575,0.05001217381701859,0.061707035315227234,0.09442872446841419,0.7149343119487971,0.03160591326627822,2927.1223993205645,187866.6179528836,4.410605362743217,1.0751089852350888,2
107,19.187163140129606,1687.3429005934252,219,0.10568922586384165,0.0878065058015305,0.09926915247728138,0.8509296048349626,0.04597711919247732,5471.672528480285,226359.07390292804,5.062574578412302,1.0799985558171337,2
109,11.779188139062347,2984.7167248888945,568,0.1533420312147859,0.02448259876665665,0.03356358084482631,0.8357871895440753,0.004504473185632268,7958.957699894565,55222.47800076062,5.129917016034964,1.3422449329808055,2
271,10.124939900855768,1076.82655638049,552,0.12028645417536965,0.06062124399642079,0.07282134553622625,0.9846374110706192,0.0045733411297830375,5233.34615615539,244692.1593711927,4.732502092522385,1.643840505658253,2
135,29.621097567123414,3559.136479809353,311,0.08718595568448853,0.017278374487741565,0.08921007464770797,0.9231604524613782,0.011370638365672626,6810.113009842225,206728.4693756973,4.063888133950372,1.3695118765247187,2
182,10.877002929572468,2741.976911557441,564,0.13603759347446032,0.03825190917584068,0.011323525312649563,0.9870943311241274,0.012821284274030832,6054.296902528786,247474.59484089626,4.103948446010857,1.3041800109595245,2
239,21.235487567093447,2174.3609796191213,300,0.09540066839863087,0.06812737541404688,0.08177038826848439,0.8565708923376915,0.020660218072346626,5109.663968719901,84801.09454462636,5.028955919254944,1.1446137765907127,2
384,15.141816776846131,4817.509522909768,542,0.07311341675135433,0.0852699134196581,0.01792816993847679,0.8873215678178479,0.03604751807252705,7517.020522938143,245254.88420999298,4.242621503515006,1.1108546272735058,2
355,11.652849199357238,4587.125431270539,521,0.20468922864008432,0.013196950578715826,0.03990611288015808,0.7461187206621356,0.03873415982778383,5815.920926407204,124689.15497193931,4.821522839514993,0.8687207390984302,2
231,14.266715045395522,4502.924332703802,554,0.19567440652838802,0.04940653557362424,0.057161612203379564,0.964392684751428,0.012097828960938417,7163.82123134714,71790.62573866651,4.635927618090589,1.205631570980282,2
219,29.580271921406688,2628.7712258357906,531,0.13585338510245776,0.027438052393091772,0.059315832031612434,0.9969179311046328,0.049822793622080586,7291.472378725128,235499.27729225028,4.604055787878322,1.3471624680134635,2
170,16.358389824658918,1756.9763228820661,558,0.23155075703653988,0.09721424688758604,0.03681237546004576,0.9745013500852132,0.02700960600653024,3650.5141047459188,51145.32369046191,4.979565284648539,1.7270119836680609,2
105,17.869470918194367,2685.739691581379,321,0.12048784357318523,0.04277998713018659,0.04573593046032652,0.7617969950241693,0.009138613093341337,6860.23766967107,164753.99022655934,4.649010583194351,1.1333064980977277,2
246,12.142802632228308,2872.214931559302,508,0.11189466078671793,0.012480070814098534,0.0991101561040279,0.7305150089177859,0.011678550057012538,7681.772932720745,249324.0944372459,4.555239660551332,1.3075103859707995,2
278,11.89509445444152,4942.376904815792,159,0.0784648423322051,0.08248971765148547,0.07337436418845246,0.8335555635734881,0.01945325436218955,5963.794511314718,77200.9956488007,4.760615083787975,1.2061229058883098,2
397,17.418980735447594,1781.9929355646186,568,0.2339834242048376,0.03412443274912933,0.09464470958325419,0.9047763791169072,0.04991054460430519,7304.2972761206665,180040.8942133111,4.218689061144627,1.7011169173847662,2
369,17.14688790916248,4840.3114963322005,155,0.08158173540224373,0.04759126848250024,0.0831210421991888,0.9756918573024286,0.003946995481665261,2221.4596844627995,85065.74408108716,4.863369106625033,0.9830927797146558,2
257,29.332248240403477,3549.6407142491535,501,0.16764010974709642,0.049613909475762295,0.09015370969166733,0.8019352861463813,0.02190308432374878,1784.8682642959102,215298.24170012522,4.119871673866972,1.2429422445907032,2
177,26.890496183802952,2747.521478674068,431,0.059903496400639904,0.041847901893755264,0.07688471774078792,0.9022214212257209,0.032195664952714115,7437.45936452521,179949.68397698685,4.995080304733779,0.8481444970497694,2
281,15.756912523119542,3645.6613720399955,260,0.24396694496879345,0.07955752167793434,0.011098433794779396,0.907008812346896,0.028948910578533073,1519.5272699245952,113124.05941241878,5.125225216431314,1.6782868773826434,2
299,10.912142620456557,3368.6135823627164,539,0.10684227207960109,0.016480778596166486,0.03699027043892063,0.8840292772125988,0.004689762724716867,2938.979025469397,177327.65548475273,5.056600152987603,1.4165994621210314,2
169,29.19688709757378,2308.53152315061,539,0.20000855213944763,0.09183723087342072,0.07174222164628952,0.8021402831670074,0.0022852302943713876,4021.49525626973,46984.10937531459,4.489068492922969,1.2868927714928573,2
375,10.26096442999323,880.7306548259446,442,0.13569463333920329,0.09226064541783177,0.0841823023503633,0.7176369437732273,0.02733676596986405,6161.337355934159,140275.13634548534,4.052906597658639,1.4954518474298613,2
203,29.922318380919393,2904.0061289193827,505,0.18604361582593082,0.07449908010720245,0.09607749879063932,0.8986637075107814,0.028513799923761952,3378.344200506202,162021.16472100277,5.155816185354148,1.1749686394772532,2
195,10.410223901685935,2449.0481262002986,384,0.12539539003187833,0.08632596221704796,0.024145798236695565,0.7984275199652834,0.010898310378447212,5613.740177911538,213972.87631274297,4.087454242943796,1.012516568492116,2
274,16.262072064743023,1346.0331154997987,350,0.08672897858302156,0.019519107798815258,0.05835150214232061,0.755131075342252,0.0030574152721972504,2714.0060462034826,238875.24016397636,4.842947740367935,0.9494516299578185,2
193,16.154305388186867,4395.248156786303,185,0.05304666867439265,0.08087094264384617,0.061418591242917216,0.8929453109838743,0.04461735092913913,6953.046701095885,49742.91849729116,4.293142351558375,1.437206724020134,2
356,21.115717278946114,2538.8190608012255,279,0.09859514387539699,0.023632012753008746,0.09125676244868594,0.7265158743799315,0.019629103855815455,2929.63633064001,68577.02716749848,5.113022068200963,1.0815898872642569,2
251,29.153755452525047,4678.824390700444,383,0.11681659930085703,0.08888115800650437,0.06063155300977468,0.936986318190444,0.027151518855671436,3601.304539083422,158774.66835638724,4.223281652519645,0.9709919243560663,2
383,25.421320710107345,2109.0764560062125,352,0.05928524170956784,0.09579261307332503,0.03162424495605546,0.9013109396489862,0.044115266270630414,6682.706792317807,225796.30125898955,4.1697583626887775,1.1700439956316584,2
346,13.730772149225723,1874.5049352956091,387,0.22798562649587412,0.07254127452988472,0.02134741045608195,0.9721992711236722,0.005726721916658468,6707.495173347291,216789.2820689198,4.2707797263296925,1.5519343387389986,2
83,13.618650911606121,2612.086149616397,236,0.06979493148183065,0.08157355237543208,0.07530014380382592,0.7512750366349336,0.017628582159766686,7417.507498777017,204992.03269290563,4.626704766507602,1.7098608232202603,2
82,23.72790908307464,3175.2822443600444,372,0.07128320153475187,0.020085810983791644,0.0492877425181064,0.8606591642754413,0.016615787353455303,5078.907218054643,193369.30516059446,5.056869470890886,1.368975051862185,2
317,23.805347676994213,2775.8697547272845,510,0.18814638122051414,0.04435477748543894,0.05650876271725548,0.9126489171020923,0.03752062283173773,6525.322930573306,232605.24883590615,4.574500252619189,1.5655878797791587,2
389,27.16160211204696,1082.1087039966383,342,0.17173129758626943,0.023911588532975522,0.09177533836938144,0.8438775604200691,0.008618912400195678,4808.919379820833,109656.7568324762,5.058481478491352,1.6662326414392923,2
129,29.908578621434216,1380.0288536109751,519,0.20079855095859178,0.024626221881134242,0.014857690527937586,0.8653599520335006,0.030752095317298746,4988.254754457588,171307.13205479426,5.006419190580091,1.0286384637301436,2
159,11.183191724413934,1172.458226719365,292,0.14745493827373235,0.035088501117639476,0.029028026430329715,0.7395037284297229,0.037465303711687874,4911.854083541946,63038.31006488342,4.505752217536611,1.7534863155823834,2
264,21.545486539966383,3784.268774273909,508,0.05204157631565072,0.021387969301750773,0.06645725008942766,0.7039137299230263,0.001805784044431097,2851.0746982797305,50648.61072726267,5.12452554149384,1.4958785515224018,2
192,27.047506143331606,1348.4549255009438,374,0.14960540437575467,0.08654378379682516,0.021447290350427722,0.9627431558889943,0.012184962769199427,6166.040165430019,48700.05502318844,4.932215312951541,0.9306427754710475,2
127,18.35857381455081,4522.6106956418325,358,0.10069313108306062,0.027733730675725085,0.07139637387240311,0.9474635363909031,0.017221717430370792,6654.806761940271,88469.91558618523,4.99381216859791,1.2569180567532694,2
262,17.957673207386335,3255.161231778606,462,0.1574538144830539,0.021881725110944078,0.016393389638817528,0.7068753279412417,0.008094956349830457,5388.397206237782,127299.2204379559,5.060152472373439,1.4857877223065512,2
117,19.393529191395338,2388.104455424803,461,0.05817532667607157,0.09504012289882394,0.06238362705272941,0.986735994810356,0.010908488228668134,7636.730623271526,46126.04286797966,4.297529782433631,1.7653609003266248,2
357,26.423559229955927,1080.8995038596743,348,0.12837641114324683,0.02357521877492978,0.017304387928033314,0.9605903101035,0.04694429901186952,4228.697155896658,42938.34198436374,4.067052501740091,1.2058628049282731,2
268,29.376780069058917,2554.272998377869,351,0.14210091524429128,0.0777828629980323,0.09018322634437786,0.814949413911703,0.035021310446411824,7544.100101994841,57663.66086728027,4.6145739865676925,1.1937163901481838,2
265,11.208891168713075,3241.096788683137,548,0.20261341301086927,0.03292621461335777,0.06904243777137993,0.8322925812720783,0.021574258950172454,7868.027677955155,183820.14017027323,4.725590992899629,0.9885645144975166,2
195,21.351057651166954,2243.9176025677602,304,0.17944464624601364,0.04392359335016261,0.05082538051217457,0.7388427313711703,0.008447165185712402,2375.482610016757,225233.4819372363,4.140965373114881,1.0955177125979771,2
155,15.114528420037349,4100.487946912122,490,0.07748908686583511,0.08458737840127914,0.04091704006996342,0.8963638079646347,0.03477131699046545,3232.607848031743,71774.17167497045,4.815013362598602,1.650150358030484,2
100,20.676018854223518,2870.567707616112,454,0.24007420195228363,0.0655929326178711,0.07659147654510826,0.9790915468504218,0.007375945389073352,3060.6635228418313,105338.32982601502,4.984792733590744,0.8846353892834112,2
387,21.417872560426336,2397.1182860986355,262,0.09020263934091571,0.04049519287384908,0.031547974645067305,0.7401933708492638,0.04828468783289405,7930.605358118322,238919.2872255738,5.168929978829587,0.9866589925360935,2
267,23.334208884478087,2331.6161173048667,270,0.09498256928551581,0.033466784100466725,0.02820761930527349,0.9445709572018708,0.04044584061560196,3065.7566003804213,56523.97169429974,5.001344597630301,1.6483394881223226,2
350,19.990164996038047,917.5555644200786,518,0.10341523642807443,0.0877210392208502,0.08005258169396802,0.8171212917181945,0.03449144794185291,5888.40682242557,144869.69254518513,4.955279241086823,1.2013766317578145,2
217,24.43491380990873,4759.513945775096,475,0.11710071108786678,0.027943149748774876,0.0970348905145647,0.8309758410693381,0.028215883475612154,7942.333333731452,96879.44779199187,4.463991072158754,1.528133451898748,2
337,17.646155351739395,4188.951784871853,370,0.0917243479280841,0.03523214780824322,0.01711707879556334,0.8029772645657153,0.018496954449313135,4980.66177990525,230734.33303581967,4.687223830807571,1.7252930346039816,2
396,28.34130062757374,2086.6678888633205,194,0.212953189524547,0.026682829621714386,0.045919086066149244,0.7427786126504015,0.03932636899499274,3912.9020850521156,120070.23798961732,4.362504462995286,1.2466842873522928,2
137,27.0689712349531,1806.0223270721299,382,0.2240231498790345,0.03485654936957208,0.03156375909682248,0.9330758915485541,0.029425065959728932,2271.312357686594,78134.45725149849,4.147047772405671,1.6136377281391265,2
106,29.953924964025298,4805.35916322501,483,0.15889234629798116,0.027587199749820775,0.08133746855522288,0.7472239507905214,0.020772805741644657,2256.235561940694,203117.8255864555,5.0633570728505815,1.0134909683346325,2
108,19.056103611971622,2533.1268319788946,486,0.2040639779834416,0.03034049257175985,0.09649454989784534,0.9042008859746163,0.0009035986028565701,4972.026394281595,184114.27254589522,4.146378307005904,1.7401466811510193,2
262,28.39505093798223,1396.7727416311873,211,0.06588016505295087,0.07569005175984242,0.05019707231457552,0.9748450724762648,0.027849069342334318,3569.181699430344,83914.20503092633,4.978774574125954,1.457941507394315,2
170,18.65891142028274,4604.54295071245,558,0.14213093259895085,0.03403533589819623,0.07122486783969266,0.9670880563826396,0.024902765843499236,2230.786008625705,80739.06656348196,5.157848112257724,1.6696936342724022,2
92,23.830019612466806,2525.872981144913,324,0.2250624161094008,0.08383202100755953,0.030030795868071586,0.8334128717991689,0.022648317416033476,5252.48065810528,124064.05011723489,4.388696560919919,0.9883002757652044,2
319,10.068105922859178,1970.3608544641156,181,0.17914109949382384,0.014197720760479818,0.07868729097125665,0.9100797884697689,0.04076455464679772,6788.864089963096,235810.09568849264,4.075458166223049,1.7275715718869185,2
268,16.50967294709044,2980.4047835230695,173,0.057273308970506843,0.09286973769723234,0.053546044134126135,0.9047255311418654,0.036474411237248615,1927.1317758390828,79124.8018082649,4.555737638436867,1.6466818775636183,2
179,12.39830187341908,911.1729781158589,304,0.09534183288761906,0.061629784124396556,0.08125845686426468,0.9307718141044818,0.01088083414847546,4086.974080197981,209285.82699436523,4.832953313769501,1.2943771361817018,2
164,28.1686623446766,1633.5298352749433,251,0.12561669144397136,0.041127689641682785,0.0738268570145646,0.8554292420496764,0.01953827112019444,7392.147199701502,45625.68669167116,4.773850400923076,1.375613481747019,2
328,25.681860632617955,2244.6714724365333,518,0.12470578099244863,0.06538332284765243,0.08445222936863167,0.9579420700504047,0.034144275714907295,7412.039876171227,71155.30591819398,4.180931544064909,1.4932250020716922,2
306,14.536788716809529,3386.984105396548,417,0.1706779489039238,0.025687569976807947,0.03585964741351568,0.9558592292823227,0.03455949451531944,6883.985875648354,204159.58296235872,4.266471428708959,1.1540388139002162,2
146,14.53274345744056,2592.6502091128523,409,0.12000161405204664,0.013128258006712933,0.045738641457612986,0.9722194002172833,0.027561353883193127,4484.245604247979,147404.63643790694,4.466907953683743,1.2978342040472641,2
141,25.28982482934987,4189.088285455545,574,0.22070802927002803,0.04430196846627962,0.018880326012330882,0.847417658846113,0.0077985459552801124,2148.548422771952,175409.29367778875,5.142580242368221,1.7804840576173515,2
193,27.858968371562042,3144.75846027313,436,0.17642400259063945,0.026459650349228293,0.01806765084511916,0.9577090438298772,0.03331103205448233,6971.794348930825,131295.77840744707,4.848941762108011,1.062138370678815,2
212,25.58701401986736,2809.60075140951,316,0.13852324449084946,0.033639004169346176,0.023063374600438898,0.9939034148377133,0.04820862234260549,7883.989922631798,246319.0394049951,4.169961276223815,0.9613858187172014,2
340,10.337746535947982,1245.7484183341378,461,0.10840738453530714,0.0997424450059025,0.041149550455951533,0.9971168592654607,0.04290321683159721,5179.477900287802,190644.53051458468,4.798004862583987,1.4853280785034246,2
174,13.5727642080564,4825.088109714565,357,0.06143198218498667,0.026473642840197383,0.08995850656638979,0.9978708356463717,0.01687669203097505,3915.339073274904,50354.87740520996,4.467533593555479,1.6331161282739701,2
325,27.289864986946885,1827.496795952396,587,0.179550858012945,0.057841537631958484,0.034440042046560176,0.9051022621832403,0.024588815225578736,2179.5190340271256,89626.09932814323,4.582680195590875,1.11525530836817,2
366,28.995557919873367,4043.114879075464,484,0.16233692366474697,0.02336474345043066,0.08996307707875387,0.7215211292052676,0.038738417768987565,2634.3460761636647,178830.67467838305,4.610461578827009,1.0868237842915223,2
284,14.584772075848365,4278.322133603688,392,0.1813701948007569,0.044750468698838204,0.03824478727388964,0.7830546553226281,0.023807194845763192,3849.958807749546,92799.68231485905,4.087265766852637,0.9742798979340753,2
400,23.19376469661188,2346.8072366953447,369,0.2454707961088119,0.03409013156951874,0.016974384866359667,0.9299281386695325,0.03366152172618393,3644.6640587130473,97040.02904557038,4.683490532040702,1.4705252684006391,2
375,24.417930450435765,3288.185296476013,258,0.16818692284977516,0.05057733542651652,0.054698603765649674,0.9414560635049554,0.0030099062163980173,6722.282785947856,210352.72940090633,4.021792190554329,0.9687272744968294,2
161,23.333270551995774,1098.706716414893,593,0.18040579482336405,0.01864845851239541,0.07560677259822872,0.726941616422693,0.01537404994416669,7615.20497360531,160030.46111141657,4.902277318088285,1.2299964674259494,2
397,18.070673415475696,3034.3172712581145,481,0.1407806432336322,0.013270211301561608,0.09594019604541203,0.8423699406138496,0.003709667609994738,4271.355932120768,227571.2362051999,4.277589044689265,1.5978898778702475,2
174,12.637032186664507,3538.544124629307,495,0.2029281288807368,0.05143440340699959,0.04052070060812502,0.8730326875235916,0.026520894294517174,5540.643390927486,176237.15187897003,4.504427915982159,1.0372314247538155,2
186,28.81409237250167,3676.7387360408634,507,0.1885937695335856,0.028271376865922897,0.06423561147043554,0.8889895821436421,0.019111561897700902,3506.983512822126,46484.214069699585,4.614993026901306,1.525081211221499,2
376,22.738683869670503,1563.0938140998364,213,0.0789463431323777,0.024268558777083633,0.06274841574007851,0.8055918541002979,0.0011759488935007669,3769.18533564273,209586.38578212666,4.3267449318753535,1.0827882883179214,2
313,25.99081798220587,1993.188111601318,153,0.19219328917554268,0.010107155014762588,0.04787784052740978,0.8683787207251799,0.019782161081645766,3509.7143802114642,179730.06896770158,4.5223101243055925,1.200913695229172,2
373,18.956521539849916,2690.583488927039,308,0.22696270337849322,0.018012419773497153,0.08345941661385868,0.815697076672002,0.017377936626460557,5989.070374063775,47092.691316870056,5.029481139754885,0.8330262483883917,2
288,14.885278396755952,2121.885844587778,262,0.14405195444700097,0.013387154959125049,0.07652033012174728,0.992515448344647,0.02825231530764127,5506.98155322719,242206.07129875306,4.529655314198836,0.9099099582637243,2
369,23.0014771756669,1376.8833815388455,506,0.12603138569405697,0.03889865985907598,0.014459083099103973,0.8112885190402667,0.02329758246206337,1551.7206800364004,117281.4370203805,4.132146350993323,1.3290161979280581,2
316,18.270509343508056,1666.7542784778707,303,0.0969541474989774,0.017052682092780495,0.038261221090460845,0.7869942663226241,0.026226013385044378,7024.603017697797,216504.16165353748,4.916140803713195,1.411724059235088,2
258,28.452064883961224,2538.5795217851414,372,0.09960273548742696,0.09751371785802157,0.07783473248448423,0.9623977003271726,0.04710478444522089,3399.0392412590886,86495.39615625309,4.850844015992265,1.5855645945146226,2
236,22.239734250502625,2461.192098195992,458,0.16781765258995912,0.07776833463215445,0.03182122532308478,0.9117061606304719,0.04288624236676048,3292.6216517319945,134686.98434433836,4.2716979435824145,1.6809175287905276,2
289,15.27588710444811,3008.4630577869416,496,0.21735430457798044,0.07296473764272146,0.025420361706237293,0.7673586324924474,0.029666048783133926,4753.277679762494,66943.77777831357,4.867540044877184,1.5235460425554161,2
191,29.766543444338364,3609.833006812663,422,0.17850904877563867,0.08941031595330422,0.062437320927024066,0.980127259201427,0.004987948108157969,2525.006627093804,243141.01667460037,5.197247632392194,1.5602488143072049,2
308,12.581775197566142,3703.3421779276114,208,0.22208425324967085,0.07855153459237259,0.05310371666710163,0.7904075761867413,0.042581283494298204,3760.3597585309785,100283.73533757345,4.851706449249706,1.212798549015403,2
252,19.452352643065588,3259.5414858611603,589,0.20554920304665109,0.013356312006704856,0.010914457618161778,0.7905313721555568,0.028334249717309065,7013.6676913389065,120115.30462703915,4.076905952230528,1.5235344991902888,2
194,21.33147061684842,4256.434146426771,222,0.2294477712173711,0.08871774466350255,0.01959724770689336,0.9336355420532794,0.010202008014112286,7114.533841606684,109996.8757501174,4.47217876491832,1.1562390396651998,2
384,17.83212649677911,2189.2229441245727,322,0.17560088884464026,0.08556245977000741,0.09674581259644414,0.8666131711153399,0.021512205887903403,6740.068789666358,233766.5540014912,4.731380732820042,1.7443818335889603,2
213,24.11632543213609,3120.7119930762606,246,0.10187498136723482,0.03945304710931621,0.04490976653930437,0.725392620427487,0.011141114285047654,5023.258414713631,117907.18831190588,5.062021608990761,1.096623407976693,2
173,13.809874032261009,2511.061874492463,493,0.19817233701904396,0.013013692402972083,0.03237949317351916,0.7930082115326508,0.014637754553225486,3223.300357481491,83661.57850447959,4.129337719250171,1.101257820665767,2
310,24.284112390793197,2545.8779150145183,529,0.188629286996718,0.08208966239707877,0.045662055465048444,0.9464663212156421,0.04155975544006393,1712.3520157418989,206208.6432377798,5.1862918998259975,1.4511251055731815,2
152,21.381617316656623,1978.4350693375036,535,0.1665133401144494,0.014511073334285291,0.08975088762063227,0.8961455779291776,0.03233165765652961,7819.812876488425,132012.3767610371,4.3432556456125795,1.265816209193289,2
176,29.870939856401066,2068.8119133779787,580,0.1137073920047959,0.02396491803641826,0.058290536563504705,0.9374125119329583,0.018330634365696152,1805.055857165917,74017.27736863503,4.670901447023469,1.7443200549507956,2
296,17.81686892186708,1560.9309187793274,534,0.11735481877600061,0.08849265797324667,0.09300534187473236,0.7478449162817827,0.010052092423095016,4882.040761121405,72196.78156791463,4.9518494269291145,0.8093192766330554,2
88,12.688840974895514,2485.345198282532,205,0.09310524792136426,0.08900332458985205,0.03067496398074173,0.7658378761945707,0.012681944447864397,4544.899175810262,54221.3708471751,4.830709610487721,1.4703275211222744,2
299,25.666264214559533,2333.840427680475,567,0.05214123344054755,0.08703125013722579,0.022779500706728656,0.8435164360918235,0.030498057733242757,6380.874449684467,106189.62706860845,5.078374005094703,0.856665533584064,2
222,22.835098858206734,1684.5593827620905,190,0.2383124260656707,0.025573740317830194,0.030774731234643242,0.8745163617047562,0.038479123733310076,6804.420770478513,75831.73721542535,4.034852062613829,1.0708532342071746,2
147,10.933334250309436,3068.7718022109675,384,0.06362027517936826,0.09749849060147958,0.06233749108653477,0.9224196697708142,0.04997008626061355,6508.72216080506,59082.06556279931,4.861239193347492,1.7576118377104892,2
147,15.853481598514197,4500.536174832728,179,0.13786932202327878,0.08908066388218933,0.047222843039529505,0.9493976419991482,0.033027692468128284,5052.019484391098,193225.93601792646,5.1501297155164805,1.6316970461409113,2
323,22.843862270722134,3702.132046817298,314,0.21496805438466388,0.047252797406378215,0.06600687303244603,0.949721396567047,0.046785759502003164,2688.6987799166545,95379.02802608721,4.463580814240224,1.4398187692584394,2
196,20.73645872956472,4666.092421494172,228,0.20772395830994583,0.05222448406072712,0.02335041530842375,0.8517367747549932,0.04655670190754868,2669.211633586041,106498.15854242006,4.048123897337893,1.7557854129741584,2
255,17.70554771933003,3984.647693051854,294,0.1925223086099661,0.09233722892136866,0.07522363853867936,0.7442298612307481,0.012370271416555263,3119.174533164552,79401.56172802745,4.688084108556101,1.7404885774575853,2
175,11.994593609868097,1155.0525841191502,174,0.07384516228871918,0.05121006479070279,0.05621614645255154,0.77071185789307,0.017332780727192836,5974.340160140342,127345.01868145098,5.101855841959244,1.4141907427459703,2
117,19.088292100289127,1007.8317614227994,572,0.14694625182650692,0.07242273593876385,0.08181439732488362,0.9797597204719527,0.02991321167016424,3791.391556510318,163428.96032364015,4.74331163123772,1.051819153833724,2
261,13.564055949177982,2137.025628148901,541,0.07187839373050892,0.019182129618076332,0.025795260092537457,0.9715948108410015,0.04726732238673062,6364.848905462224,92452.40141649192,4.669067574629815,0.9817879018452002,2
90,17.214331158571692,2014.8977937440927,223,0.07259737458181453,0.025853281124827078,0.07112144834432933,0.9055297638719727,0.013033654015922026,7213.95545973866,120325.02955570405,5.149736826351503,1.7087716281063758,2
80,23.847121527728206,4229.106684186372,253,0.245232394769634,0.036498487868784166,0.04985367565563931,0.9714530702684385,0.0009260841849197621,4764.321785152077,148898.6365110435,4.610289486639681,1.3801106089535997,2
249,10.23487139805587,2751.424723024667,561,0.08324202151644884,0.08741632613299186,0.06524647006005414,0.8132569479181362,0.02537434201104742,3770.8456476324372,168536.26147567204,5.049947163282828,0.989466489762238,2
309,19.936703928914465,3420.4389925924042,243,0.1294521904396097,0.06711947537372959,0.028828276577563948,0.9842885938532236,0.02988663306127522,3557.4606410544097,88966.00608737444,4.221983833184992,1.7212819002420316,2
322,16.378135650573732,1516.0846834784409,333,0.1634477453732654,0.011578318012151699,0.01724980704280736,0.8198102407514073,0.027136847408009673,2421.4392584702955,166963.1630040888,4.03333235371816,1.1688854394309567,2
160,13.018187521774943,2000.5176342391042,186,0.11451606441149197,0.08782168340649099,0.09360433481018575,0.8231538151615104,0.002102075573665929,5344.180487583202,106318.9735938957,4.797808629582507,1.3815656513141334,2
199,18.717832899743875,2745.7438827095575,518,0.2124728041204353,0.06811773439328744,0.025512442398072273,0.8867268973351714,0.014832948768168798,6465.646119421049,77775.93142521779,4.517757341655939,0.8759977872313894,2
212,22.47004755055488,913.6849486417318,492,0.16024496754950648,0.018738643806486266,0.02842864457627104,0.7320907448747053,0.032735064081218006,6441.840272647635,48493.97420255817,4.327133624916344,1.3344326932107482,2
194,24.087449588706967,1459.5424672199474,569,0.17847324175195095,0.025910220045934136,0.023665600854847643,0.9849270444262825,0.008644788258564086,1995.7513803149438,197328.48973702808,4.613634157145735,1.711696522559492,2
137,24.224575962497212,3060.970905761015,595,0.1370880433074234,0.04754407352373519,0.05495531841538143,0.8204390174849798,0.04468147494213138,2175.877768272485,162398.31747892802,4.637005957901924,1.0621438768228293,2
355,11.169752834657343,2099.0763258416323,306,0.20001532008285106,0.08534545053030412,0.07063473984663486,0.712774071383355,0.01941335654916665,5205.112207922683,145519.98631856526,5.118925498406542,1.2422441694012356,2
348,19.60883084603428,4294.014871995518,416,0.1154584464072263,0.07630740602596585,0.0448945110842774,0.8205179816822014,0.04728657896452259,4095.422635734626,105266.3648334508,4.894426942933368,1.3957933398734361,2
146,14.35423050764118,3565.7168131860262,207,0.17210300138728224,0.07433731141473784,0.04925068417772426,0.7434491712876685,0.003755185825119889,2689.6412567138696,104184.0374837605,4.076756614853193,1.0843221065632638,2
393,15.058712889536848,1711.2242873200641,207,0.10628090162983375,0.05370377953640731,0.0559971909413732,0.9639923577793359,0.03862428026716125,6050.115902930253,63502.49744139609,4.56527132865221,1.4149973381050938,2
158,26.50764700179568,2506.25533811849,462,0.16881229277963075,0.06516696307801945,0.06178305828689726,0.8580537842881718,0.03258438414368169,4838.967226736309,81824.12164872637,4.882427020813997,0.8199023936466355,2
192,27.503667687176314,2573.443014333022,160,0.19750009430675042,0.0770613442743438,0.0735607334985717,0.7187163874627261,0.017391776269766013,2778.6050950137696,73871.66696221147,4.403992669523285,1.343971824616415,2
176,27.459363504702026,816.165151830129,473,0.059282650540228854,0.08286517989748297,0.03431375147390709,0.9658887755784247,0.04495722324957822,5073.91651804446,40401.30977643046,4.426333667813099,1.48911246330916,2
293,26.84902560864638,3386.9666749078597,487,0.20567068243705516,0.07905757326656448,0.015620298798141748,0.835330559458079,0.026699093616569965,4309.271045521584,212753.34027448006,4.907543815101514,1.7335623848741175,2
196,13.546208119964067,3134.4020185646596,255,0.2264028264166127,0.0551441496971789,0.09036611500891155,0.9019524837797964,0.04413819758584297,2825.0031277104163,211057.0460674685,4.489010851682379,1.5469838267810776,2
338,16.724449788778983,1278.9878138135807,473,0.2426950149868891,0.0921745860056525,0.07750382806691254,0.93038909078201,0.008851656465846819,4456.692685789663,92044.75358986275,4.662579971295918,1.7651322422696016,2
135,10.016409601740166,1112.419487517044,229,0.18276480213678103,0.08119917470303636,0.028101257614837616,0.7676826493074661,0.030438689944280145,2144.47078387942,153518.49465311482,4.6097221737899465,1.7708164574489427,2
258,27.95423003835007,2736.563747347348,457,0.19566458144208537,0.01569706192278823,0.05291836462380748,0.9124741217595984,0.03821269226680815,7616.334502041801,44154.8181718046,5.143201102873562,1.28227848479903,2
277,11.899438448346052,982.4847785716212,536,0.17582993317149825,0.04332106638175964,0.06238010559256624,0.7018821834805699,0.04494269785818919,4998.4707265883935,61094.74263953511,4.785027028440404,1.066401039416807,2
118,22.42339821568663,2761.7733072350543,377,0.24130449803136522,0.020510099541082884,0.09263987999621867,0.9084380681306176,0.017617164541012417,5357.2353402040535,161706.63371069764,4.639889210253222,1.0469498182909025,2
233,16.998870322218707,2889.409987244154,526,0.18511138709878372,0.0991608177457537,0.0839717779000818,0.7452025883678239,0.019539461797800056,3896.156437870506,240201.6159341843,4.479104529623984,1.1844722119250846,2
167,22.23271114675367,2286.3878429974147,574,0.06884015819186838,0.03913055040195259,0.028372601551743676,0.8850227978242109,0.029658830749058868,7292.209350993906,74126.60615235569,4.391380350799999,1.402343971079802,2
302,22.56549159235685,837.9363477884557,377,0.19763482257405152,0.08979349875662723,0.062139841821408165,0.882348931631017,0.022252590309127074,5578.110263412198,69971.07111375597,4.740811059582285,1.223051361667109,2
235,11.258582735727703,2639.0655786633197,466,0.12927145583097815,0.01194343179925701,0.010346251426578466,0.9345540611340605,0.022864216307920782,5959.010764346658,144586.40980371178,4.670979961919278,1.485583931340329,2
372,15.684532583598509,1958.3583631822871,410,0.08870824993063167,0.06474363239242464,0.05536615160277628,0.7906806925964606,0.020547674395905186,3076.4571419234508,216168.09633560822,4.622785061094676,1.4299137498688896,2
185,17.973359932463783,3242.40488300492,563,0.1566435934704808,0.09975173498894169,0.03636705659237888,0.8752839674063866,0.0013977189605016594,3385.102436350592,42074.02807765005,4.725913612544525,1.462881341874672,2
343,26.124070792570482,4478.520775151503,317,0.24297051604226433,0.020644081497285388,0.0898866772561719,0.7094197105557316,0.019923579372294616,7747.666690360204,48207.74907848684,4.4802577163864195,1.3528769463437,2
111,10.36156368849684,3086.3296415835193,288,0.15692825739616725,0.03273964019321824,0.056807511220825606,0.9310517323496331,2.7238412306440643e-05,7202.188860681324,160358.22329420107,4.22794467098952,1.465725393626823,2
101,16.59760035313183,2081.509335341905,567,0.158171420620479,0.03132650714886854,0.06355039534211458,0.8421180455280352,0.041670377870876504,6332.8334053343715,62257.12482780042,4.417159581923432,1.7842479964009947,2
201,10.291377775278288,4686.908230428036,378,0.20766055788182913,0.09236787148673298,0.014251896739429743,0.7638562196029519,0.03398285222981625,6181.3250224102485,199552.18108410598,4.483956471995913,1.3921738735482434,2
385,17.117819286145167,1653.8841863915848,333,0.12748051329371907,0.018738226296128577,0.03349533139953666,0.8695999768188191,0.04127340109582056,7861.86145260077,179642.9540766839,5.076643186722941,1.0941897096633406,2
309,21.38964445170556,2911.145170009986,395,0.2327961217180094,0.09210395754691594,0.0688264925081161,0.8592458482208194,0.008099774053113679,7208.214664293854,208765.63308636166,4.0374760041802995,1.4310233902195113,2
184,18.554535861665194,4531.933515439294,212,0.05952108834821908,0.03442449899542376,0.03660637637430018,0.9849081776341697,0.012603250194909682,5409.444375853904,237009.92211018375,4.4720735921020625,1.0742587452029075,2
137,24.229766437209925,2499.3287136265294,305,0.12640502668284603,0.018711262257708118,0.015044173948466223,0.0019309682316444089,0.8283526760151945,4934.9700495974785,49860.9558121356,5.383209549989186,1.2112818315428235,3
161,22.828125775759485,1065.5518626604203,317,0.11985539267341686,0.009211840085290635,0.04275541945576669,0.006244209263096901,0.8015828793224472,2332.3768335147442,188417.92336094665,5.041771180613924,0.8948952126471461,3
253,8.499792534087124,2296.2733957531364,345,0.13709965497660406,0.01517869962050909,0.01442868511555131,0.039273368316024654,0.8744730839092847,2269.619200257621,104302.47877138696,4.42193919215579,1.4481031643158904,3
259,11.939924419555204,1365.7621760862721,103,0.08358285865155436,0.004091783229056428,0.006858994173806105,0.016650846871977355,0.8695396307381412,1687.8114282926608,149257.85318697174,5.320408593634606,1.1959320445087298,3
50,20.597379447782984,1940.9139263202824,437,0.044028533719820004,0.004570228953107547,0.04344607780426348,0.04646478582811771,0.9558265409950933,2336.777076356496,162396.15968477522,4.386142303968217,1.5699105580398025,3
176,10.669899934792351,3226.1630439786595,374,0.10352994681093927,0.036575320082299696,0.03087427517268995,0.02778425265885331,0.942473099641661,2741.8987710765787,85203.08210749002,4.435228033064251,1.2685933865999717,3
93,19.581553431666407,1777.3361494824776,464,0.13169825427712215,0.005070157500386319,0.0057828079825261065,0.025117854151014887,0.8978507077220729,4151.74935164571,106266.53478529466,4.271160865849143,1.5162369448857413,3
185,22.47855114060972,760.3562685484255,257,0.09790722431284933,0.012916317749111672,0.022705400849601744,0.013462250110363934,0.8460642155478683,2957.3831190572464,66520.07006574972,5.204090439405217,0.8975631090876489,3
273,16.991714734141546,3127.389664208847,474,0.05845355752540787,0.04166334151829433,0.04220522286789272,0.005954124538752104,0.9161161918942337,4571.173625198995,196596.99072750605,4.797301030600596,0.859957472155876,3
266,23.32213424333623,1290.7934078916896,270,0.05007784115882925,0.025527255436150576,0.0015142583184858895,0.009761786134843436,0.9059702280428606,3222.169378393145,178553.97711603047,4.289241974762791,0.8010392415497147,3
261,18.95326571807128,3722.7101731522102,193,0.07552612201663912,0.0018717283431365528,0.023721713388721494,0.026747394684562248,0.8350165155710058,5585.321708565344,41613.95437975587,5.232725056456885,1.0799190204091746,3
171,11.337087334423702,1569.8194474914203,384,0.07652334141667248,0.01579848478893608,0.003129743901439358,0.009076963783140157,0.8890340681247555,2667.5019052717817,85541.50418486058,5.059161978040032,1.5265821749526083,3
236,11.849245318805616,3361.3705183538927,362,0.026500329995144383,0.025594203011887168,0.04317384962267426,0.017812022352537427,0.9371118150329085,2102.3593172742376,77466.77538596548,4.6959707010204585,0.6876223425211061,3
172,15.525782403493038,1888.2596654739395,183,0.09702368270739453,0.01987452454449621,0.04660712184954599,0.04934684645771669,0.8448967787770929,5105.436637260453,53213.79236804194,4.985981580974678,0.8569525308062047,3
146,18.694784749267512,2062.03952350301,274,0.026845577279082534,0.029377096733121413,0.02929186217125379,0.001449657115896691,0.8073862405302608,1431.4762305831662,131248.15429894335,4.642369627383334,0.8278750358331162,3
54,17.0319591566969,1395.4386475015062,450,0.11215313147194299,0.008186291566192978,0.03521358709222987,0.02701512895317784,0.8819197500699328,3705.9226616803185,183782.35786313764,4.421261543376121,0.8948090463121416,3
120,20.51408357131489,2349.639264047358,364,0.05868030444162274,0.037554128817902155,0.0450472004113244,0.033499597242128906,0.9448394290474373,3997.626842405038,104466.87168641697,4.929352007687764,1.4768417117814365,3
260,21.177215495162905,2266.9461899788494,425,0.11229723829203775,0.01742647392832999,0.025994964363581837,0.04727239292797175,0.9483794512020973,5244.417700493423,38728.16227715848,4.3864969908661715,1.0411073829620512,3
199,15.866933162727783,2431.9646795935123,438,0.13663522330026848,0.042286417495906385,0.0419295821614484,0.041000084257743874,0.8598479457628969,3794.149953873089,138680.6176113643,5.379495087398908,1.0518532149397855,3
70,15.856075661216735,3749.1828897279875,484,0.09547793476868954,0.014962435109877615,0.048274312638749234,0.04627202686992715,0.9621770368499779,4991.556296320291,165116.8558553906,4.467943886317985,1.096339744035523,3
273,10.71789137193731,3982.707036511177,367,0.033625450140163465,0.009111260520711335,0.010881890221757935,0.0014842455126047262,0.9056326232891939,2840.2512700075686,103850.96232828956,4.897288877876848,1.3753607040786446,3
197,12.177948723478824,3952.643090127827,351,0.12845798015624416,0.003989318488203819,0.047263000129325536,0.016827968350215907,0.8022713033668816,5141.117621278664,155441.04475630488,5.00235367457344,1.5169198786204035,3
297,22.34307068766878,2547.7194141070186,185,0.12834128673149345,0.022264744515720875,0.02885460967086035,0.018520326284923738,0.8295613923076899,5334.92669195743,187183.98363815947,4.9607614507529405,0.8210111604862856,3
252,14.352369945647673,2735.2140502542275,436,0.060700526362558876,0.025229628212176648,0.03754289896066022,0.03772720833193971,0.8929358899014962,4795.210826822116,160696.37434290996,5.06961674402611,0.7951588699708619,3
222,14.70758488282247,3136.837930463291,162,0.0358418699714357,0.01205655589225322,0.029224651336602948,0.0005217616441174522,0.9917051894331709,3756.663648807414,174981.31735247292,5.480186534051625,0.9073737705826841,3
215,22.72437257586073,1788.5099054298757,224,0.11405590292406789,0.0021131268046676254,0.00295354041832851,0.026555939513478462,0.965270356141048,5028.485266008293,175449.4939400929,5.132332517653123,0.6427164978042771,3
133,9.036941162857662,1061.1386270653106,208,0.1129023741180823,0.010329203829340978,0.0034839398807946067,0.017162551333258363,0.939431999318413,4977.685422811375,114352.189488404,4.692849042898296,1.0020569856454498,3
284,15.477803560649754,1337.9120614134085,278,0.0862554101175158,0.02997919261490674,0.028417496847117703,0.010449289662104046,0.8483988982416379,4169.673373473417,149733.46629149799,5.014620728299189,1.1445526713263772,3
299,22.85485715122318,3154.337539235384,320,0.03174518486614038,0.03164345583156734,0.01459493877379699,0.03328295657273764,0.8171896437565409,2804.698807982475,95591.77867673285,4.688245640778776,1.1847831702779485,3
195,11.160935670660152,1778.8390106372779,159,0.03316405884458133,0.01450886586535697,0.01964436916877284,0.0339421334167735,0.8085174674690138,1843.3148445481952,116369.87704688536,4.511979454107567,1.0861590503283647,3
166,8.47894160851408,1138.5870400964295,404,0.07483714721783921,0.0382854661532331,0.018910515833593617,0.00023429928090997756,0.9828225184222669,2615.9292761238517,118610.80194991198,4.691024285923014,0.8548874188693221,3
67,21.889003664117467,2922.056017827313,139,0.024545050011047526,0.005242155352030631,0.04995879892131979,0.02309135942120091,0.9897579376747159,4246.108778416288,64805.41077933875,4.896037175758556,1.4181352811665346,3
285,13.093422554158497,3416.000654571081,121,0.1467906768510464,0.048166728066071765,0.0018736705887725082,0.033463940978130886,0.9093725875038243,1849.770801916657,196621.9663350198,4.210754328543517,0.7427099219456791,3
157,11.54502058906668,1056.6910831207897,360,0.1334071224430078,0.013164856148421767,0.012958152844172795,0.013529409637036784,0.8232118480337688,4823.893567765173,69085.844685407,4.61208508411438,0.8114146122825519,3
55,17.78085596859414,2555.451192787129,122,0.07439058113387692,0.020106596969115632,0.03475862620628307,0.043028180270434445,0.9318551270071671,4112.698410512072,194082.30481780632,5.39582575563097,1.169667802555117,3
94,16.59615732820241,3196.0066610415815,242,0.14200298234653913,0.025457375665882506,0.03826303827376009,0.043558438241444924,0.9508797600282972,2882.9039852101496,175465.36594759685,4.508268331591082,1.4314326537170947,3
134,17.139838767994064,3635.3726159221924,169,0.12996157924700377,0.006164293905166068,0.01329410258243456,0.009827299423990016,0.9283606990692544,3239.1275455729037,123975.28553884804,4.927935854201429,0.7198181494238688,3
77,20.878502313224274,3453.088654794852,238,0.1208357562401118,0.03828333051092919,0.0017557394516077131,0.01525334378596806,0.8416529172519559,3618.6086211206916,118861.96697648463,4.2845074985879235,1.0934176668937983,3
190,15.988185759888491,2816.4585526377246,283,0.1450340752792061,0.011122234810999816,0.011701821243185195,0.020235148923085883,0.9521961874885803,3357.6341991635995,170998.0160197743,4.322581016289537,1.3174601257475371,3
204,8.211758409334028,3704.6906663718673,278,0.04509018016341805,0.04129523286108508,0.043667382903073405,0.0484662313100666,0.8372579418792592,1813.0381964170217,52650.84467288657,4.543859586296839,0.7668587473771604,3
60,23.70510488341319,830.5882619895772,187,0.13210633794282223,0.01163218799771319,0.004249625880723112,0.0017425103948120635,0.930474572414308,3361.009185141037,52771.58656153736,4.549090232590962,0.8794984733036514,3
55,8.962150767622095,2946.4803493182576,453,0.09690346799084944,0.03520772467259742,0.004985239194715824,0.01075457377715447,0.8541445186305514,5989.587048797003,70833.66381251869,4.916089795054648,0.6752833564542027,3
209,16.20626014581307,2694.8271695712633,150,0.14411769451542147,0.046179846355484,0.00720991930017354,0.013852392339701253,0.9904236025595905,1335.1741285579815,154132.2631762503,4.925427219398843,0.7510233562023103,3
149,24.7103808399134,3542.8705183656975,394,0.07289359902299339,0.009166612169688965,0.01865971538354777,0.04959278907478187,0.9683963809885789,5008.564429670087,61538.76907552885,4.21818541396051,1.4323817319428467,3
227,18.976665008430423,1327.5487377206277,314,0.032958241135065985,0.02667847008572415,0.031092848275459446,0.0017723017157684651,0.8610957523920714,3724.0342294557504,46866.849935667095,4.69592724799846,0.6502605175591345,3
53,10.538257913922077,1957.8113997385856,455,0.1048637029683484,0.00280452740723271,0.046498353463205105,0.0389518015217587,0.8063595065393401,2809.0616147315304,164711.82458248563,4.7082008493039105,1.4025876463510436,3
234,10.304213212365905,2542.2202156881185,200,0.0732051207467668,0.027185068124306346,0.0015588633753271354,0.01694820764096317,0.895159215636425,2702.3447166690253,40188.52387579193,4.843412672105532,0.736561493080395,3
294,21.56500263193591,3883.369286670554,113,0.12380890786633889,0.010809394201388928,0.02307395640368582,0.009475327936051499,0.9557384700098742,4340.872780733263,59183.080250338535,4.3215814452015175,0.80419385686916,3
258,14.471470688494426,740.2719238924306,360,0.08143981959669243,0.0037785253133945044,0.019492377897953342,0.007126752356304922,0.8239900589361068,5060.471886049298,73160.58988687595,5.33118041231233,1.3099452225377708,3
121,20.639185711202884,3293.9804075686175,353,0.03442471425259355,0.00835919363318296,0.04038715399533883,0.0482206519947956,0.8947921988878169,1230.1855965180932,73662.00463538506,4.51834192893789,0.6537935792151867,3
300,10.45989576746444,1366.9818206322138,254,0.05810764894923352,0.03932592381934582,0.04511957359751487,0.009183356300199742,0.8288449378204986,4310.139813327005,32617.44793126005,4.645017583932049,0.8146738313985578,3
200,12.587927742604833,879.7593584844069,475,0.13880211093833666,0.03321594772131196,0.0008508825985122592,0.01357985895316709,0.9483815637577964,3341.17250911604,173236.90936459793,5.348292508977524,0.9758276225404744,3
55,11.540150169021263,1220.9472882022355,428,0.1013162896477125,0.015790313517441368,0.011232465104367307,0.006527499284716232,0.8817950577719551,4327.419249973966,132455.2421951145,4.590140330316574,1.1571913646467509,3
298,24.50146797680231,1055.384189778451,276,0.12753096155796523,0.01795451476586838,0.02700249491287603,0.005597337850281942,0.8074110763243039,1707.689742075227,127745.31873658688,4.343572139855995,1.5550826246301892,3
187,17.884517130830773,3461.418447711497,187,0.12470501546474336,0.027024630040244094,0.020230170709404246,0.0378724030044372,0.8571071546264095,4111.921470248713,121096.30659544724,4.737711042403348,1.0789694961607648,3
159,21.449783101228917,3688.2231320013116,363,0.10768038656390556,0.006345085506846721,0.023180448405209622,0.04995636346145996,0.9815709203625793,3600.959462840041,75769.82753748792,4.793042466316098,0.6236356072960185,3
241,11.922261688496723,3390.9388813002947,385,0.146934811260657,0.04883603437414583,0.0054767729982313,0.0016264500061779043,0.8583151841457356,5262.5797236175695,52207.01422228056,4.768338183991672,0.6436120931085341,3
153,17.71177027023293,3068.738770469355,370,0.14132769560146607,0.038426746760954644,0.04711938275936444,0.010080000532060159,0.9215858905940469,4705.738829087993,51735.78345561752,4.456594645388797,0.926035357860084,3
108,12.73624237020054,1514.6527583414995,323,0.055154472577394226,0.047227445598909235,0.0019536348075306687,0.007886016785080862,0.844800288340575,5834.2281649512315,99737.13266965293,4.556617368468653,0.7874916564526722,3
232,22.546610349158808,1171.7866318234906,185,0.04590924171099395,0.03634264077680855,0.034315961576551354,0.03712718157037511,0.9732439846017135,2924.542161321486,85905.09042332556,5.342243997533459,1.3613624946609437,3
50,9.036311554540397,661.7906009036951,365,0.06899743737523768,0.03966397206920788,0.037188836453228166,0.04970319658641,0.890687406419624,4049.9697486602026,134071.69342652685,4.204366294823627,1.1210922775547003,3
246,21.22846368445589,3997.5259043718606,162,0.05277593370887952,0.02030968956586764,0.00013250560430536074,0.028982252983355883,0.9711747927224558,1643.2573336774021,126511.95949319494,5.163797278077217,0.7522681178182361,3
110,10.360683200163294,2281.2052002939668,333,0.11648139259306338,0.029098613438477413,0.026596626991432518,0.038666718668181325,0.9453511379060613,4752.0606535563775,135021.90595570207,4.70466595673247,1.14177702065674,3
237,13.72625286954214,2447.3106724215495,142,0.14256435730378386,0.043330039050333564,0.02738065847205274,0.024001445248713695,0.8516026443071781,2375.730480216639,38612.57354855389,5.397767164377441,1.4159356477942877,3
298,18.02126971450336,1542.9220805064554,212,0.052375352505542816,0.005937034968405447,0.004839053646852266,0.041751632185398985,0.9906184516037542,1595.9132884586732,46340.619765047224,5.3470946126484264,0.918340764138601,3
219,18.270193982422583,2795.5900375238957,455,0.053687927148225845,0.025062425114781267,0.037961479117472136,0.04814263761224444,0.8618091838808078,5869.336331540505,62149.13709541212,4.537706507343023,1.4478644241745076,3
53,9.163030998195111,1291.7411856457784,490,0.05109255646247738,0.020643647168247334,0.0014985663616946699,0.016082582017429847,0.9886899286132367,4114.605889221326,72565.08579980733,4.956606065167055,1.3040536349515484,3
270,14.875173548929553,2101.496958018224,466,0.026976906898720333,0.0029280094618113484,0.006897408987207915,0.04406172880677969,0.9442035466671467,5088.543896887748,150077.79464795048,4.90079732748363,0.6916021592074507,3
179,10.587528270863434,1068.42743023412,213,0.08673406048175682,0.029823175416306587,0.03835289563573374,0.048407299071970805,0.8298583626165575,5475.277998128487,53925.530208093805,4.890141984452649,1.1007971144262148,3
67,16.4469712187004,2942.012392760736,169,0.0807839684155747,0.039483431321659206,0.017925550280948534,0.04854695059085391,0.8823171664946869,1966.8932658804047,188193.86026103617,4.647773053455871,1.0544337989195944,3
52,13.009207125620756,1142.1992295024306,148,0.14902374640335617,0.028000684436566295,0.006974461507670754,0.03506097507924421,0.8214365743830085,1757.7377445680604,101174.39239848836,4.290276286876532,0.7766893922262026,3
211,24.567398194709327,1776.2353339729218,109,0.05729241040738389,0.0433138783619755,0.019879137022205534,0.044168476772199254,0.8121664516101007,4087.75220535611,67240.7554791483,4.543852831828682,1.008398509200898,3
63,9.449301780554473,2509.295840738937,367,0.03863215468508423,0.004333296056697039,0.004486553640442442,0.04394893487752885,0.9814750718709544,2162.4184006551213,183693.51842713272,4.938137799169946,1.5902051905187238,3
210,15.26266683017421,1792.8814433853508,164,0.023817458787056163,0.04522247138041703,0.047325194825363015,0.03576650633449154,0.802305669334171,4730.056980707045,103988.4540270501,4.622632991460747,1.555720289162522,3
247,23.15049328966978,3705.717773065586,486,0.05361134380524868,0.019091783361660727,0.0023001748959142867,0.04376596298272219,0.9310183125402098,5490.401535427328,196339.79882871374,4.744650495677058,0.8187630225131677,3
212,13.097377885192103,3405.739246947585,112,0.03391922057319507,0.004405629386341681,0.0118298910583718,0.018297547287948645,0.9438356991760756,5033.037994834955,197116.04241164646,5.4532505396862,0.9091276473687446,3
266,10.531312990270859,1398.586715676307,385,0.1449433283868525,0.00415370780645647,0.04995865576335501,0.026737902748985933,0.8326363801065106,2725.681534654938,47264.65320145377,5.083205623657129,1.4260501582834668,3
221,24.19613897141545,1940.4197077484046,101,0.08622043260155618,0.042365200600886915,0.03517961867497855,0.019371342634762603,0.8702164783058797,4554.191879624307,98032.19155937136,4.398435582315202,0.730022013754114,3
69,24.258675349892396,2712.763944191423,326,0.13490363731766247,0.02043848851781384,0.02728888036385098,0.025531836173034922,0.9688618365966715,4992.513178236913,79886.80802629773,4.807205980113373,0.6805195991873104,3
90,17.82907862977327,2772.9806133073407,285,0.021955815440005997,0.02063904738983781,0.04663246874095987,0.0403138192408755,0.8606616131970265,3915.0014692558984,198881.69252296776,5.465620608547678,0.7255540716297438,3
130,22.68960506932347,3359.763088168313,257,0.026974184438146736,0.036302910156278366,0.04393525672663774,0.037695001206697415,0.9095367508416777,5747.87654079662,55638.701280725814,4.6371619487391325,1.2371982129873604,3
265,12.297222929285624,3110.0662898578785,282,0.04127150339185623,0.01283889546052815,0.039282735873783954,0.0008595954514654558,0.8799338842331244,4516.590617051563,166175.07419079044,5.035663519530508,0.6879414138675848,3
81,9.718280929326045,3014.875339585252,352,0.12063430849778221,0.027335098963391497,0.0040153926354633334,0.0073375860093531425,0.8498155266084096,5314.437735153083,102935.86425256201,4.5987399003874625,0.9373631736425176,3
200,21.41223534112799,2301.505501367652,357,0.12481790172487582,0.0362007826807994,0.026411754457956994,0.013861372167872817,0.960274150102996,3776.8336423587475,198822.31197413657,4.7266970898030065,1.4661713434318564,3
54,13.90438383366628,934.3545926831625,151,0.14908522990112386,0.009087241847480844,0.00804989331035969,0.04390813275093956,0.8622004169167181,4351.255300632186,77424.20147347817,5.242791398942989,0.7864881086881053,3
270,8.498229153557759,3007.99243424032,126,0.060424196492650364,0.03719870893324235,0.026394629263834637,0.0002095642774535833,0.9891936171646676,3584.022050223742,47081.619510800345,5.148975022393599,1.4722950555774301,3
148,8.898813521763106,798.7441605997201,183,0.028122657015437827,0.03494336798848376,0.005251728592319227,0.02233609056128516,0.9656143927458326,4189.908692993789,185111.25253777415,4.264348242463443,0.689465445336608,3
120,8.551373459041809,644.9015372508201,252,0.13946786613600165,0.023742193659131,0.005838822290562784,0.005346891190935838,0.937971770012948,4788.184980114749,130247.98117464827,4.806625202227427,1.2522315558401933,3
156,8.774982066984942,3147.331051207123,422,0.11849715173567822,0.044205304580670915,0.007779404059260937,0.049384741090203355,0.8709557081516727,4633.387206202948,196220.7794764153,5.487811572597973,1.321758540774336,3
116,9.674876987123376,2803.2481951165505,425,0.08066571270519367,0.026194174710160775,0.04336678511077857,0.04606322497480571,0.9257372634418015,1569.7983100187666,192894.7504191355,4.642943951416716,0.9376971373715187,3
92,20.004869625191816,676.954977263987,185,0.09255452214705191,0.03379978569866282,0.04185604879395685,0.02612931197310886,0.8006926230664162,1860.4887406607731,109556.94103081919,5.188588630207699,1.3150588723026035,3
169,9.903168909798472,2012.7060067628643,318,0.02357374863198567,0.03451297078728143,0.005553409747480315,0.030778473045670107,0.9951895919960582,1942.2178791682175,181938.73721716137,5.079899938214112,1.4791152667862777,3
200,18.77363548273854,1906.2707577233634,346,0.08375330076170125,0.006030723279518569,0.009898274200098462,0.016942400052212647,0.8453370065097785,3347.56174844408,101268.30514626123,5.322278508080952,1.499670302144723,3
51,11.09504004247912,1575.1062993697942,107,0.10758573378595208,0.03581590151378549,0.018316820183537204,0.017594899410576403,0.9734263166342386,3602.4062287143884,32504.181108264576,5.046731397017547,1.2691296761343374,3
125,11.300629150665129,3211.310042879296,209,0.13392406501907092,0.048200438240998594,0.00811346321190814,0.04121202533004495,0.8781406143085364,1382.646910763097,198863.41307578087,4.983204269182359,1.3634183569433294,3
191,13.990996766072294,2150.0359109236106,303,0.10662963331774455,0.0009961550641557348,0.04004235097858459,0.034112013013153926,0.871301461855014,3297.267173042669,147315.90189134335,4.519680162902798,1.4497044666300918,3
284,23.835804836448364,2969.7369571412396,172,0.031627549393780735,0.002745935594961002,0.005772003843907103,0.020328614448997796,0.8596383583895139,1896.9197769783207,42358.93689654774,4.8244455397581065,0.6096461863635898,3
100,14.18763750634455,3929.365436728728,432,0.08794862635202473,0.012901382480855296,0.03908849289884446,0.014103465098341783,0.842376261506701,4790.676487499648,49126.05915516967,4.899651666919986,0.822131390704865,3
85,12.905492761813836,3507.950147953918,357,0.02857459357865739,0.001179254431359056,0.015071388674108205,0.005356846279870792,0.8850172767053351,5084.970789295062,42681.023839027155,4.22011135899507,1.4581516536223378,3
61,10.505121735601708,1852.2232599512686,136,0.06901740865346231,0.03598475767848209,0.03818253346068515,0.03571534773336705,0.9978323510112386,4551.772259144842,98727.5792747406,5.232444296170685,0.8310883974116041,3
272,23.907208229943336,3532.5060019044763,219,0.06028156497697219,0.004535761137855199,0.00015701328435973607,0.0008537992165183195,0.8236983088857897,4853.059468608044,185054.27528004136,4.746794449817014,1.368707409453579,3
89,16.339927573461782,3388.8938348629204,399,0.12234093967961682,0.04277613645760574,0.006113974124214533,0.023622932749532873,0.9103619058980943,2740.567758481264,160036.12313752616,5.323495581332723,0.7368157382757116,3
247,9.298120404773638,2126.7363629182055,352,0.06283705379764289,0.004924027671659887,0.011710510996086644,0.018605800630553383,0.9125574462082245,3632.110336963977,88032.24713793173,4.537476532170131,0.9763805467939519,3
290,18.871360799487274,3192.2525844195366,406,0.08004177123979404,0.011354137485605476,0.01916761957811593,0.007675414270026904,0.9573535774539691,3288.632074298085,155484.7817364178,5.4880078381356245,1.3717018744363159,3
158,21.143789901314612,2193.11698288156,118,0.0665533958256656,0.022077147328013788,0.0013658234703140537,0.010178710170517163,0.9653820134699944,3426.4572902620926,91481.14603256129,5.247161655445746,1.3546986986125908,3
173,17.036496884475905,2780.138961665115,217,0.0825500771134744,0.03613300474777871,0.010825651547947013,0.02433379900382838,0.8613791241924467,2295.7003902224164,32710.776790781594,4.4414261151497625,1.0423004932441327,3
260,9.239231536456366,1625.8279778887818,266,0.11173811733478634,0.033585947074393885,0.01916613208122944,0.008099882514261636,0.8345516641919773,2445.888797184627,157795.93495318762,5.090826544065032,1.002826644340643,3
87,23.189550091808737,1232.1840739771858,364,0.1284077127950896,0.049851584824060366,0.022434744021527266,0.021430539060634253,0.8272213488970482,3337.5338549388402,181702.55857804403,5.088150434709614,0.7438168397414295,3
292,9.149162565278525,3438.4384617342293,205,0.14260028707961328,0.010412290963019849,0.027424492674654397,0.04604234263333929,0.8951775989198222,4519.817059219949,90882.87094709388,4.362994450205971,1.493116485543652,3
160,20.274604533367935,3442.045019683419,410,0.026775368920242827,0.044796042022042695,0.03470413089923916,0.03986655520768696,0.9034024952628055,5693.407292007763,198920.18584069115,4.968718312555928,0.8337559474733837,3
64,19.796669071080913,3252.5851313751596,498,0.05059121499778384,0.0003013217251200684,0.03941033856026804,0.034365208269963525,0.9887180489811955,4099.123791647059,54614.343871363344,4.460019235693094,1.0181200470194496,3
71,24.26888261274765,1713.0644085035922,330,0.07577835942581904,0.01286861888189303,0.0004417282768601927,0.009592602655966377,0.9312475245265166,2744.0113453207214,106539.41333160854,5.157768998412766,1.1001916259182896,3
275,15.877347741252143,3016.3118075773355,276,0.05310983658315299,0.021816709581963113,0.003848722050598458,0.03522318521985971,0.8055242497343422,5189.633123204338,119584.68611645873,4.391311351199461,0.7809276750449603,3
103,22.625327608298512,3148.5691953211826,166,0.079207416659024,0.010312102429666509,0.002981815005155858,0.008803185885936466,0.9887385884575024,1906.6801958851333,47558.86553295599,5.1900497458690005,1.4359166120349507,3
262,14.306859352225288,3615.8245657855687,318,0.09887714710600645,0.04843560028516494,0.005330397718747848,0.008219083792420534,0.9558875624753952,1956.5501910491494,180116.94947140815,4.68353358766605,0.8889501174405579,3
264,17.392282105017614,2562.2232338917293,219,0.024209652161028956,0.00878607106953746,0.005178267820010219,0.021241561679301375,0.91571696848849,2195.185646456985,175601.24171599874,4.432922548378516,0.6295879758781847,3
96,20.696915127519873,3982.6661398088613,391,0.12331274741476102,0.0006957084296849936,0.04984419643107739,0.0445241720475782,0.8368769447186712,3108.0992198695285,114227.46197059969,4.300661812564098,1.0223028834638535,3
56,22.761976087202868,2131.9616286417886,488,0.02251248471294976,0.010801881852084184,0.04988960962011854,0.020003105671648272,0.8388036287511114,5458.050970263446,36687.40288160207,4.6451633691104215,0.6107803116840295,3
58,12.95049007919537,1274.167328398728,194,0.07372494733756031,0.02294190048558258,0.012690259112723297,0.013983148476755287,0.9155144173262667,5293.49538492438,176714.33499021668,4.772740464716275,1.1632014146345635,3
250,15.541221442557358,3928.2189192001842,384,0.020692818687789598,0.011114620029145001,0.028141082090329866,0.037071646898127544,0.9512464164638937,2760.462686781033,40347.147707391814,5.345269325038286,1.2157822290698257,3
206,21.899602217770305,2470.1417558280373,155,0.11085450640671707,0.010949191353529725,0.030235563674891865,0.006361027979112166,0.9401428672045524,5958.271113328122,113853.56881194562,4.903193582739925,0.6870066371564962,3
279,17.73406270894289,3395.6379556499182,213,0.0652480181663354,0.002387900016630118,0.04874701044425521,0.028160612217003174,0.8858475924424822,1802.1054922501505,103176.00438110135,4.745715691062296,0.9951328519424919,3
134,22.009067653998528,2142.298756049893,185,0.09188541966518585,0.015186119957230133,0.0488615245392207,0.029405605230201772,0.852954998051269,4794.809125421112,129685.30173240532,4.2304134002956495,1.3227859571618628,3
179,22.605762096376992,2078.4867899462497,101,0.07443046053695589,0.024758085233612843,0.018169396651363873,0.020639163943561734,0.974207465382964,2014.301563904101,122758.84927614797,5.064639538745053,1.5223660536354984,3
194,24.317118989831798,3471.104130029492,404,0.026039470222350303,0.009308538500833225,0.003887716272517422,0.018570182016726396,0.9650559156306036,2636.6067724984896,168354.17233775125,5.0056054766651,0.8794928271997575,3
188,17.73117939781983,717.6222725827794,215,0.04253585425643469,0.007843872662073337,0.04785592078880538,0.012363309490043656,0.8346626311638363,5795.541542808033,71595.34752948991,4.287406353301988,0.753964234959986,3
145,23.39975939753348,3338.2262269162247,276,0.1309559115510084,0.0029689785515971848,0.030909588890051926,0.03646927037322599,0.9978621160054872,2561.6635440073296,165356.4872000016,5.0878354993961805,0.6333902480157935,3
268,14.88194214459672,2314.598381256624,383,0.1251096883627331,0.014241852497735097,0.03916838810151489,0.031189081517473252,0.9510106023784948,2378.8955995827237,178774.99526421877,4.582906225359011,0.846289777711885,3
285,10.774593458068544,2050.9661037452006,103,0.12553994409637503,0.001332614700056467,0.028216532150887347,0.03702094612209716,0.9999642441348873,2306.3588663023297,51475.35302773907,5.455693500677185,0.8694657873560382,3
119,9.537919742977389,3590.993001843077,129,0.07776303240217154,0.016666988190768974,0.029922212434121145,0.015652846138057674,0.9749131554539927,4085.488722853234,52762.54170935156,4.2733743783330596,0.7426429394090686,3
297,16.43902054298896,1273.4989155520752,346,0.07977214515334889,0.029399907354896983,0.01389275944234919,0.0032783265808278453,0.8029774939774436,2074.8112533794956,161728.57379454313,4.54866220826799,0.6929067475077302,3
102,23.32867975248638,1762.4526136760112,150,0.09617439148736806,0.009040573386670353,0.02231692749113348,0.035149531524285675,0.8199749119305872,2987.409790710895,152833.01113644976,4.36654148718268,1.0235521991176224,3
293,12.659181103473106,1682.9065301559283,441,0.1308961151251977,0.03147776570834575,0.01993209095741604,0.019154756927075092,0.9794598205472622,1880.9616816479986,34318.82278144776,5.007054081957344,0.7204655278367464,3
257,21.02969326738765,689.9289892266108,392,0.09710189357835125,0.032992238455201196,0.04396797550210584,0.04511928791872401,0.863081009499073,1859.6571661406317,40384.3515551002,4.416079945986686,0.7058947225123241,3
140,19.7484150671558,3524.20347279564,281,0.021291302228818514,0.004704357412049837,0.01049418662480836,0.038594652391811465,0.8200735026328068,4271.266833725003,80917.15790644044,5.066047500027054,0.6493693688319975,3
267,15.507482172898545,3718.906349020831,336,0.10290246254321547,0.013046416441402493,0.03027323148169546,0.0063424901568747034,0.9384848277885451,2406.3565442551208,52319.68966175109,5.461972177933541,1.1017183761690272,3
110,20.03933171120923,1464.865958215003,445,0.06177369051466551,0.04658854325849586,0.03956084628010591,0.029535038091366247,0.9471907540078028,5851.810419824969,81426.88983069605,4.905551004618654,1.0926381710279536,3
160,16.37605820431415,1899.492974730956,394,0.045775655023854334,0.010448479980464132,0.01172390794662896,0.00850777647976268,0.9179135560783406,3879.312101483287,90229.32563868724,4.665358973550716,1.2175112198498548,3
64,10.82079565364857,2188.7178215071526,377,0.10651658197998028,0.04800175034749918,0.013746855801839397,0.04417102058223088,0.8667087072678503,3616.5896696666528,163345.9550967599,5.155813154470021,1.130404807568382,3
262,20.559894369581784,1184.1072150099706,496,0.061683071560645064,0.021862155836299604,0.039686735524917374,0.006748784111637912,0.9577072220622019,1286.349418389418,116345.61453194419,4.7172681549707915,0.7253292907659868,3
199,21.241616881346626,1832.2028282097583,210,0.13209425971968566,0.03188239778388139,0.015944106778917395,0.01866160783177357,0.9571471208119425,3080.592554882991,124426.35452027674,4.424397563477136,1.4695763822671999,3
52,20.834693795494154,2413.1643669560067,280,0.1148136934895506,0.03318441172459208,0.031781477259745824,0.008400132416536267,0.9765845969153301,2639.40351416667,59257.56688356404,4.734545901755347,1.1889823865926195,3
114,22.973802067821932,2796.804873967335,146,0.13064061502329496,0.008476352987035708,0.008126262294383296,0.0461029061203923,0.8174379025213026,3934.7117033027766,59750.52841740608,4.214878072772021,0.6134447336605529,3
229,19.137112379801216,1941.0245774598357,455,0.077639922836188,0.006718943793292843,0.01992509588608396,0.013113810091674616,0.9662088303146588,2844.9174938689903,172654.38868809206,5.451734969429122,0.9613065066211564,3
99,11.146896273902104,2222.527751641297,245,0.1041120679312494,0.0009381527890177211,0.011579966028974665,0.003743558768146577,0.9474647667411837,1605.1305261225993,67333.02363569851,4.681956200986506,0.8007921974267311,3
208,11.0198216012565,1145.0951472877512,337,0.03217399911053221,0.04748188540037209,0.011109639101595244,0.04260889850772508,0.9389655665260209,3215.385709944625,33615.507173537604,4.887539584835142,1.0614035895902925,3
218,8.633621740686173,1959.912454749304,304,0.03441664636173065,0.034254367183283826,0.020899265569058603,0.04202714638966803,0.8948003247016914,3292.4469305387156,52065.847117131896,4.565794250994215,1.3087115386554715,3
232,23.969680138064966,635.0994516168997,393,0.0623233750438317,0.02315144172812408,0.009994259577757453,0.021182962540586187,0.8889385787042414,3242.931449140362,54924.23292812889,4.489810816759509,0.7113241553722768,3
272,23.063003930224966,3274.1024151090264,158,0.02161600488110509,0.046842829805822744,0.0308609080534336,0.014155714479294158,0.8186306967809761,3289.3095838905674,53326.872211527145,4.46006452761621,0.699141779460679,3
139,12.692370349904738,3378.2330123945953,159,0.13900111427420792,0.009831369839521754,0.008933855766028915,0.023493417970274516,0.9789519360488079,3712.1227155451384,111023.49431569673,4.746290244628372,1.5185864161852884,3
58,15.173827317335471,2954.6581619132758,228,0.09857267169655318,0.00900303744661647,0.048733902366832976,0.04093947271907449,0.9759999013372762,5082.489576439671,110474.84983298887,5.315852399485075,0.7000867747634429,3
190,15.503465096176697,3993.2183794248476,353,0.10056393243383208,0.028231596644515407,0.00862177621565004,0.034866660901439236,0.8082352740797473,2009.7604138981508,125261.52571486498,4.778885225206228,0.8666087059043022,3
118,9.322080001726011,2287.1148703392005,212,0.054926870799776595,0.02142003207687467,0.016762055753220085,0.009818531014391464,0.9647829463909882,3948.4775753806266,106267.99454500036,5.189112144683772,0.61078026865056,3
141,22.86049000910053,3227.2169621484363,289,0.11689644596950177,0.01892501631456118,0.03805325706929545,0.020901080801863932,0.9135639936349726,2548.1951125221635,109493.7815472679,4.4572179985823706,1.0338734428133234,3
230,12.525747031530198,2819.6456509910445,101,0.09743061567885773,0.011356825940631254,0.043719846135830936,0.03129107240052386,0.8625904597069454,4761.208889851802,75545.8711806296,4.318781325281108,1.3261130010971958,3
110,13.461880469798354,2605.88567891404,108,0.12857977877371618,0.0016250690749105236,0.03905062646432761,0.023847779457878516,0.8155305151072894,4425.415793443002,38484.86149164436,4.83534737900167,1.247543397807263,3
155,20.529666428235732,1598.2400577905664,333,0.08567454788315339,0.04532646295523282,0.013096201522576574,0.010613933375863888,0.8102458676638891,4693.158937996977,44000.246839072366,5.1781743748991484,1.4432413462685436,3
296,22.55436463634555,3586.798909404639,231,0.1364926613407746,0.04245398322766789,0.006568680211691775,0.04384195558268556,0.9510036725310088,3139.8343761009937,187184.77068508402,5.3717277039146305,1.3821485181685058,3
144,19.20506665146268,3599.71135824638,144,0.08753073795482301,0.04082382117119774,0.037327240634310525,0.028562668723448387,0.9876764909324206,1915.9330291561412,110814.25091002492,5.104511340089279,1.1768646735185628,3
78,8.18858055927013,2357.8788567142374,271,0.025331260939505388,0.022721101585705606,0.0420628822735056,0.02810497186521394,0.8040867735297321,5886.206396920248,91767.95721070889,5.17876839672769,1.0284046741818353,3
136,23.290229690228287,1374.8383030296773,226,0.07774691384070498,0.04574234203428246,0.029607006724624352,0.01228235632601158,0.805409955078897,3518.6255208711186,104805.37461637126,4.47428744158841,1.4174233690243327,3
170,19.914331715217187,3618.0576657965485,161,0.09123917379447874,0.006781965934871282,0.03674477792658285,0.021031484905746807,0.9775705126786555,3481.7994801243976,127688.13177349733,4.565572074867278,0.6812822626107063,3
54,21.108655092882458,2137.214670535101,431,0.08591867101205906,0.016454841277759515,0.025119068011614495,0.01647451917687534,0.9195589435224804,5166.967751265436,95825.84060746277,5.176858833930046,1.1726411299013348,3
102,13.179558773007498,3364.9020327265844,456,0.08695484362667752,0.030895867149702445,0.04239086266745442,0.037796944559208255,0.9974822840091659,1315.5378964623565,173451.88516032055,5.2384659565428935,1.2376804658968212,3
267,8.372424076090175,2880.535296835915,254,0.09423022127111663,0.006949945847852463,0.005897411962773391,0.02277056353490155,0.8524723494766827,5310.948463476935,101839.86566997334,5.110206434088163,0.6777495022495466,3
271,14.82503628438337,3059.1808818687387,115,0.0729275448679778,0.010296637261964016,0.04194679486050913,0.03812683003758197,0.8804438289448708,1981.7246166901741,188258.53499447362,5.079015844801125,1.4796598465355486,3
171,11.258183546659286,3352.5873092765837,397,0.04305047571417614,0.04184889477080486,0.041965270271789167,0.004004605737665257,0.9990392618874466,5118.7252355757155,188183.08396008238,4.8376994800269415,1.1618522849225883,3
157,19.94127474344215,3883.636713058766,493,0.04652955815523826,0.04021414117268488,0.023182527754618605,0.02287705717144077,0.9828840254575834,1229.163856526379,101891.06926173677,5.279596071692923,1.2107459609390387,3
93,14.888827375950727,1592.5848702810647,115,0.04681208866339347,0.03477280199205816,0.026778111862750066,0.04768403271767069,0.8468835010714474,5444.527605310608,144677.2077760403,4.508626918829483,0.9268349416739261,3
225,24.822640671398283,2645.113788201798,109,0.034684113984525256,0.01793962671424725,0.028279039863681712,0.04891973861252769,0.8899282306831837,5970.6427352564815,131798.44789607433,4.282562222346733,0.9399785818124266,3
187,15.46621647646625,606.771980604075,232,0.14951043992447527,0.026525097028317332,0.04792950041567504,0.013577718746662233,0.9122822372801047,3660.622492164343,161881.5414402569,5.056295639442315,0.8453576535859931,3
63,19.8553704507192,3261.5540054687995,455,0.10817828995632667,0.03701904381638195,0.02329542067821293,0.026938859787451492,0.8828570566646397,3609.590108157362,187661.91386393207,4.702274017216436,0.9769051652688395,3
214,12.6083482151963,1354.0995978155938,158,0.06468617778117704,0.03225999196160731,0.028994918191320242,0.03778026206740121,0.9805864765064993,1448.6642039879375,94534.32433741937,5.3061883012084445,1.4824843449324279,3
198,23.657137202368098,2837.777242679278,434,0.08643028774939455,0.016428378597450517,0.009985657758817962,0.022438415055986746,0.8092762695468033,3484.579147853823,189275.6778884165,5.4705244966067275,1.0122662889272775,3
126,8.72303184558847,3591.440705678924,204,0.02404141751463019,0.03145519366093771,0.0015722734919121019,0.032031094244962255,0.9732337355031666,5323.2137941929095,107224.47110032129,4.722744516248177,1.1286921349585384,3
203,24.079776071373555,2470.9104760818254,433,0.13311544142776166,0.01479912170504167,0.014957369432764983,0.026328866677824025,0.9504531829752422,1344.9154493992337,174612.0245998419,4.794936262752836,1.1163401403102453,3
218,17.850711617030157,1752.1888154357089,389,0.04390059332107135,0.03234229291488479,0.03156729388073462,0.004440865693711477,0.8837896742520286,1210.474720823133,189300.0675044743,5.091049854800353,1.3192323476064263,3
276,23.203886334172886,3519.1705105797014,187,0.123975180323364,0.020307225507465422,0.006621585047079615,0.02787346543114394,0.9060767548284961,5235.225213172784,70818.31616336908,4.356060953387442,0.6568185868531661,3
243,21.675899252138393,3980.502357614211,315,0.04530038347413627,0.045067747265980826,0.013228130072582896,0.013466174981870511,0.865212714378638,4055.3381460244123,137136.3919277737,4.43904455031829,0.8530817637891164,3
183,19.567935719806286,3575.1528147420295,103,0.030558988699492452,0.0005476011841687167,0.03731893349261399,0.04052532265406994,0.9860892812278117,1884.5000373693679,57592.06952003392,5.3399768642046705,0.8149496257887918,3
202,8.315645083447077,906.0842394223733,179,0.14438717409199295,0.022926467420247145,0.012432200837491053,0.009131980520233396,0.9818945367131533,3935.4058188682498,98861.73881512933,5.261271113938826,1.30421595915257,3
113,18.370762783320863,2806.6856800582495,329,0.020099991017145588,0.04591454034828185,0.01468219877864534,0.018771631389202577,0.8265915227598871,4871.304555823705,147249.98453570588,4.2546372298710775,0.9548598082535407,3
228,20.98967079984801,1469.8634468331136,485,0.03029069476566166,0.02663942345051189,0.02198077134407045,0.01836083672154116,0.9883260835385045,4462.414420232832,195052.5403866333,5.335815147460551,1.4270690493411302,3
119,22.286802566886532,3656.12887691014,379,0.03909312557765347,0.01761390860165592,0.03584248072279824,0.022588472067593623,0.8996825937163379,3685.2996600665574,76995.6894192243,5.125990249366205,1.0111138742586236,3
100,24.33241358520048,1384.7916845591187,119,0.0695507333607985,0.04033985900267687,0.030215950599112668,0.031246470648853483,0.9057879185792098,2561.778280209559,42527.32628575801,4.684683175056576,0.910411941758898,3
259,16.23823178896636,3698.6614980406025,441,0.13766033018114676,0.0067444222973639945,0.0025248858896329443,0.012828614632038493,0.920966439730577,3057.367629451235,58183.54616621003,4.733947655057745,1.219882599479041,3
52,14.525138103128961,1953.7274706891396,332,0.14332160421523532,0.02845979764439422,0.02040907113884416,0.009457189922236027,0.8689505254878929,4129.309558341505,130301.4520144149,5.356593799087241,1.2008179236747643,3
260,10.623438835112681,3710.3647150591432,408,0.12284631865974814,0.03670080063796103,0.012397417133799283,0.016030813288500766,0.9105692054849921,3491.804368442105,195331.37722290255,4.922771259912835,1.0639913120129374,3
176,15.66597675074306,1236.7895995480892,499,0.07639768407945668,0.015055393845371174,0.012352952828558883,0.02625959335739411,0.8097711466599365,5748.130161771782,167271.5002503222,5.363776644992913,1.4130984697268854,3
74,13.56530058683764,2650.616623422449,481,0.04464792130057717,0.03822179086487389,0.004231889603569317,0.04955210615920079,0.8804901868251616,1340.7886149079447,182456.81897777878,4.576470723649399,0.6496703434912222,3
300,19.189814194088562,2185.79522640867,304,0.039083233246280616,0.030846984954318663,0.03734964800771142,0.0033669389622598966,0.9584818889274592,4757.71793074834,142426.94630146702,5.308779190062601,1.4707151955682356,3
237,23.908321817132762,840.4376770576263,253,0.0353671405625995,0.010206262214700203,0.04057636990208618,0.024785307169481054,0.8304611487703523,4250.725359092348,122405.88806504862,4.372113838368085,1.1914367259509677,3
188,15.3912385773306,1712.5649692982363,443,0.06988677664567491,0.007988444992260197,0.03929521540817965,0.046991082540636796,0.827086464012938,5561.235416341657,86016.10858428778,5.460507290976102,1.2489645179460322,3
64,16.816033371575735,1394.0096329542569,218,0.0240274313399911,0.046624402882337296,0.04966630951562008,0.021405357349154053,0.9884818804270024,1691.0635336298435,190357.12603012615,4.926309111546481,1.2204411491802243,3
82,23.561352856015965,2532.5091168028202,497,0.09087587371288396,0.048639058313890156,0.040822719422711144,0.032451749960980325,0.9714613011032665,3131.0315442305127,52390.460517175095,4.205607994725761,1.0738580708122383,3
143,12.182083283924372,3779.8250959027237,329,0.1000393120430697,0.02045200731624068,0.04682236482433687,0.02153067163075169,0.866641105678932,3505.4011041975687,158808.26316745442,5.047128606512826,1.3325397330668216,3
296,21.11114836436849,3488.551974881632,103,0.060250611917884236,0.03977013451582809,0.01536768097085972,0.012881374404026558,0.9421642499616247,2726.340802629172,193942.07509109558,5.053642996046115,1.0821618695592594,3
208,13.367725204357086,1975.9942511437284,106,0.026737874481872342,0.02450959924454543,0.009822464601085924,0.008477913243053326,0.8992658108332445,5859.271729574627,40558.67864473518,4.744756826847861,1.3575693322390223,3
245,19.27509535885421,3884.3938138556546,175,0.11035127306996563,0.041666299336408724,0.037210542274946384,0.029191432370849035,0.9444466994270424,4035.774214206074,117658.18977599942,4.451389098710994,1.0596218469762413,3
98,13.070589746832555,1225.0848707202167,250,0.13073193624257923,0.0155254446994743,0.042331432718244924,0.014330557938646588,0.9217867434026084,4942.707476768503,113874.99111378808,4.233374500104121,1.3497924116162134,3
186,15.07170767129975,1037.4807032435187,215,0.06097772127567126,0.003284446121381585,0.048434031339308244,0.000256913413043397,0.9673881373858989,3184.9864955432213,42956.7775290956,5.1841722703784034,0.6712924434723525,3
170,18.707873937338384,3923.353956075919,452,0.0924572067777304,0.03906243852339247,0.017863996360387064,0.024166063105716003,0.8477784558549726,4355.567735426141,176859.25760489845,4.971016351515407,0.6784569998680393,3
140,14.519953252926143,3903.441817087657,118,0.09865241114655582,0.0036687279337437374,0.03973929299191301,0.0254441741859375,0.8688626309429359,3814.1233828778604,43439.132451387915,5.157587926462953,0.6954361879897187,3
279,22.19785283269107,1485.9449127483736,467,0.12409967050321469,0.019620030622585445,0.018287270608870816,0.030113867173494943,0.8233946322229885,3112.1840374549984,139924.1184713131,5.267635609318564,0.6026928413702429,3
122,8.192234545895065,1435.8218433982613,106,0.11318718359241418,0.015946660895939335,0.015587911798518024,0.02697881209712156,0.9969424084102735,5973.412934344035,72269.57732971897,5.400055222399538,1.3118432711506762,3
88,11.029588210466454,3334.524470826492,112,0.10852644091226753,0.029428317540369536,0.019682812232131305,0.008015932056002378,0.9879543285644288,4710.647751327952,70553.05858951849,4.6832707434143135,1.420767727076919,3
191,14.788783316585242,3824.9668072729114,421,0.146373241470296,0.03718715683409637,0.03300357365787627,0.026708910070540343,0.8024895148747441,3080.3622837673165,56766.13311002913,5.107158875013366,0.690543024024562,3
280,14.496321065740565,2952.967233113347,463,0.09804070962119145,0.04334758192439514,0.03611874551949277,0.017127289891553283,0.8835047351302969,2160.420193272606,188531.9002142436,4.986371824004425,1.0684227503834742,3
117,22.450071464116164,2310.667671909946,359,0.13700035241950176,0.03810435562156957,0.04202158020138835,0.02436910049713086,0.9011178250906382,5831.781814281432,124926.15604478527,5.49012026831111,0.6425601199014549,3
93,8.697446619300656,2910.2961885420355,160,0.09793307617983146,0.030756682564562716,0.027042569532653566,0.03614428968069133,0.9385511303383134,5451.484393325384,77965.07557601453,4.489065211285047,0.6918755099154423,3
224,22.55470060913239,1093.882091019849,299,0.06921440104420332,0.0048124254998884175,0.02685569311517367,0.027677241466381904,0.9121754423484887,2845.969074833728,166058.22427487312,4.513259472268909,1.2581395947881404,3
78,18.097993188763873,1971.1447977273542,251,0.14924534938578932,0.03993601936241395,0.03361178785107602,0.007946610877938588,0.8036178921364836,2284.2733955604917,183847.2510126623,5.081556719609451,1.0760487934753824,3
293,12.634825916417642,3017.9716583114423,251,0.08243220056916203,0.034911195918388656,0.03949796671297593,0.043177160446279714,0.935779219704438,4458.775619479737,53389.728413155346,5.032744165986926,0.7966863206023592,3
163,20.762155429124075,1583.536548371353,481,0.029545736364823987,0.03087932973068019,0.016947924244848884,0.012194043240166859,0.8544598630386957,5406.716279721457,112605.98887997941,4.703731717147997,1.0081740612705836,3
273,14.926568039183568,1443.8704051884808,459,0.11866273667595045,0.018796346307862213,0.00013880147162902425,0.011604457712256551,0.8027218865422426,4795.393444932723,42524.31508732387,4.895006741520531,0.616443879378884,3
145,16.264750799687405,2488.7816450337637,329,0.02077189578183469,0.045342476065554325,0.02584682978737532,0.0024209344128683532,0.9856252712199105,1448.802151442911,70205.68569794366,4.71509461264724,0.8387060033825986,3
262,8.142182590860111,749.6571007333946,474,0.08901723835857901,0.032053552228111785,0.032348967579486736,0.021446740353845764,0.967483936262152,4194.452674806786,129920.61898496833,4.214233689885255,0.8163556038338069,3
61,18.070208251554632,3960.684501831903,130,0.1247142317615553,0.011862879857083609,0.0014406245735147539,0.018241822769960614,0.8046610960488172,2459.00313874363,56873.53064905945,4.460040284675437,1.5427577440445723,3
243,14.307466422492286,2189.469066014788,405,0.06766685195315239,0.04287340570692491,0.028723905104870818,0.04121899127463733,0.993835162211095,1399.9681252076264,135957.76745545364,4.893480006303623,0.6429979200143213,3
270,24.43913736104194,1785.9773868217092,352,0.14147781847704832,0.0330793109989467,0.012889479030415507,0.013667716824070525,0.9260328987099764,5768.732540740807,37453.606979801276,4.571578976298247,1.1568368506628595,3
204,12.78577007196291,1570.06519546716,268,0.04926677738721156,0.004528147028519109,0.02787189707766845,0.03153108528295897,0.8241551231121514,3830.515250989543,96179.24048853166,5.018025629635962,1.1293925196778876,3
122,23.067355411219967,3473.9120301765684,490,0.0629222696405485,0.04901754535963551,0.007845013166575066,0.008393699153184131,0.958840393551929,2980.7744675663016,50969.15516156693,5.001490313884274,0.6523329251624443,3
229,14.925820771292335,641.0434782363078,309,0.03333136033573604,0.020999953836335412,0.0069769882819045006,0.02708803840840503,0.8060966721887066,1250.3280149578818,106314.65514620962,5.032451067868936,1.357769431334729,3
280,23.665594748435808,654.5204657739266,200,0.06593153040089464,0.049715260439696846,0.018298623898613402,0.018258296335925583,0.8142012512303276,5783.485586609165,145752.19318823935,4.288207010728008,0.830399464662304,3
235,18.791742519804618,906.5648499037734,354,0.12516522990320342,0.015801669442373045,0.0026984294305968993,0.026327965199961403,0.9144163222042299,2992.414467177935,60471.26571433402,4.592888753843079,0.8091888207591693,3
201,13.548753375031371,2103.9479637769605,235,0.027359872551673454,0.01876880860650136,0.013210721586615931,0.03726687519452231,0.842758831526449,4464.045160233396,84378.5751465516,5.420659807948531,1.5179009010459352,3
199,8.925042036387355,3057.118555641167,163,0.0944470366937284,0.036766985833626954,0.03792356351129181,0.0466202942746553,0.9274450027578753,3751.2820743749007,103903.62891519106,5.166672632975491,0.9003442350597113,3
233,14.878467484358843,1330.3474713931205,269,0.07048462364876801,0.006152767149258021,0.011752573100778563,0.04405533981407774,0.9426966139782567,3575.5015348378356,136624.2161690738,4.927436015740096,0.9959880735497073,3
294,8.117564725595269,2934.6602469206246,125,0.12035957592834237,0.04852845826852597,0.04969101538736076,0.03470324854488249,0.9695129938036916,5046.186544813033,45079.371200131995,4.544966972750938,1.455538681194031,3
256,18.92061363685464,2516.450627379635,183,0.02331934652068539,0.017994035196485608,0.024443445444813184,0.010850693728645784,0.9700617727896269,1889.551008589383,150099.59260098444,5.108183842322047,0.8127014308134762,3
224,10.265444163796799,2522.7761938735175,307,0.05758245672047074,0.0019959063030940637,0.04342885895098411,0.046077968974922376,0.8644320029617445,4862.815517086945,168631.11560876016,5.41520271632867,1.4957695213269493,3
167,14.39305506269854,3522.1851797306067,434,0.04428811612410358,0.008266895055508634,0.02366988804878525,0.01183785446805859,0.986610409183962,1965.3775414407623,152558.10872417665,5.327706048932613,1.2517055641166221,3
61,10.32323159315492,2932.4357630314457,111,0.09478011445857357,0.012568109366573333,0.04957876540725417,0.0032629331288039024,0.9233694675399347,2294.17533020301,165723.96226064727,4.871145400126058,0.8933350811772056,3
104,24.34596507286788,2281.7896712084553,136,0.09860449453315626,0.02626356190046325,0.044472899514476916,0.000454639568811438,0.9345335699368588,2790.7172377066,84583.96067129826,4.309334817727897,1.442741126334138,3
226,13.815640644403109,3648.777129669589,129,0.13892903693301614,0.022128278510126265,0.021820875468996914,0.034486309293416076,0.9244671465001106,2168.3496433894916,193097.71118755138,4.361612233059785,0.6037801766143813,3
263,14.686910289572484,1566.7764227682092,225,0.047747731563050316,0.007736273178571851,0.03867284087775948,0.02162479832503766,0.9250833626459634,4939.596574922127,185313.8629481775,4.840592075766775,1.0674394165490726,3
105,11.463784560315077,856.4696044338448,471,0.08581016369893883,0.04800452404982221,0.04774708129406935,0.020090454417683104,0.8597475509794255,3495.083821831124,187337.2273627769,4.7758347906506335,0.8073353719600416,3
142,8.890119113375867,1886.7372863869334,117,0.06355755075713357,0.015659596834132712,0.03119524661579108,0.03980744417914581,0.8270544091316678,2580.786934547937,153747.44147133507,4.24887163216179,1.0729167579940362,3
231,13.057689945211393,782.3955360780642,353,0.05513232277635739,0.03376987526118896,0.04342710764494867,0.023662141629122654,0.9517221530777572,3630.429846060436,102764.69764922057,4.746322394006223,0.9712502685872811,3
287,8.041146072086505,3748.218200065044,181,0.021793142032325647,0.0020004910398685404,0.035329424740686254,0.009545513542313222,0.9016713316177722,5914.137102013713,137829.76630316238,5.232018380257818,1.5438367441560326,3
276,24.23839202167749,1492.0653120870775,310,0.11476070589741015,0.014136225198833863,0.02239083285155363,0.015753064153720665,0.8971402416314019,4013.7500956844965,47762.822649346024,5.402904949954645,1.5809401824107363,3
228,21.091269133258308,2909.929857007994,483,0.09466100364195981,0.02708417203577886,0.013889817834687807,0.04986279182067399,0.9579186932405632,2436.8998145607266,185362.11855732775,4.8579119291560655,0.6343816994821824,3
239,18.543754518841574,1670.9798229273397,260,0.02184678563982847,0.01410478226736761,0.035110012740059086,0.0330919422982399,0.8285844904535206,3201.3404765752866,178306.8607316029,4.585578509281738,0.7275589848442976,3
240,11.781339478352027,2607.6238488754907,295,0.03318580505996271,0.005042215122635835,0.035930051858742776,0.029286191502172033,0.9869120730169417,3761.603765687283,140655.8079472711,5.058692757987463,1.5102295048857435,3
134,18.470603428046278,2512.1085939665963,273,0.04963719623306481,0.0008141819402887551,0.0349901624296733,0.009122624875998492,0.8900860047890803,4758.3000433091565,197910.74153978427,5.338380979093564,0.7374706693710317,3
99,21.882547289556506,3905.3748056708678,460,0.1390046278353345,0.04695234130982597,0.015008560632402074,0.041335544694030175,0.985828791017793,1975.7539394262294,97607.58430937315,4.799423698115946,1.1040157191163544,3
175,9.091637703799908,2345.532191044049,356,0.0884262148169778,0.045449671508815515,0.00643839322217909,0.022512561278737925,0.9285920046955887,4314.871411910493,39827.457413604265,5.054443827350827,1.5725311238156263,3
124,9.145673152766065,2375.332250954345,296,0.11067869976173748,0.04937248145464335,0.009996425620432148,0.03616683231868514,0.9151069099343327,2976.3738298707262,82011.04856641268,5.171871423523161,1.1749544024427114,3
187,24.531930966580564,3893.0288055648152,300,0.023185184433273845,0.0339724072532979,0.025765694837414227,0.03433492647253825,0.9247064281543188,3923.3712592736847,165452.55955874544,4.450637074177505,1.2782707537828135,3
111,24.508108668498874,3511.4745431471215,327,0.04004148793349399,0.019748573304707168,0.005966509897520872,0.04197053482495369,0.8118707948534639,5424.273352886756,100920.7422601028,4.699448409088022,0.7324084699705914,3
75,15.117809262015491,1811.5173612754973,263,0.11521913691200626,0.03421919103956499,0.02031760176684083,0.013889152679795014,0.8998524482034291,5648.587436297124,190993.7288445348,4.619215809748409,1.3516078781980947,3
141,23.103947277292995,1797.0212201742731,188,0.05311954104255018,0.021547669647111436,0.0002860434378864574,0.002615155796116148,0.9047549790835542,2820.3767366773905,163772.40425035465,4.739402374259111,1.1309544865476795,3
83,12.94989238393297,795.4654471218977,136,0.07391401380106723,0.017645011192319537,0.016254805440646176,0.00769531249073337,0.9783548224817035,5335.559295506593,74202.05795527164,5.200792298212497,1.1887284175427433,3
170,23.860207245005697,616.7901373553944,203,0.04620681985323784,0.020326794651206338,0.02672053202916367,0.021290030336748273,0.9025117379062347,2320.229774826672,84107.16093703343,4.810937582160845,0.6418965572877955,3
66,15.69480002923278,3858.327040325935,309,0.045218162431758954,0.04409484439425578,0.01491495214771118,0.04683048958621217,0.8307765825335786,2218.37165997128,139307.91810084938,4.278992077897236,0.645222161690247,3
227,13.657337288800434,764.9385738215965,413,0.11566498197248307,0.011166941758393046,0.049155963439015044,0.03884295406663802,0.8555954035322482,1531.9830255243,75749.5193448326,4.951902324823669,1.1838817936938852,3
160,18.845490776938426,3400.4865010467684,343,0.0975289640055807,0.043400328548488666,0.04596480720537495,0.044766193097776324,0.9755279741987268,1847.6614537489281,76365.11629244692,5.487042427798461,1.1552386736029845,3
78,11.565663607149087,1923.4180306787475,238,0.08846147955740785,0.014941205575232642,0.04571864830040834,0.023201934696973844,0.8707874964974984,4896.35522524026,157804.6520614719,4.839785870827002,1.587857122044559,3
299,24.722385505145283,2548.3254737731177,355,0.10322857561029924,0.04766704075886757,0.02865185933232858,0.033841529123052404,0.9776542296063637,4005.49431425525,136749.3435696931,4.913058845391159,0.7403558228750607,3
160,8.018525927260207,3038.572008146124,228,0.05513443052119056,0.03253368059989547,0.040437109714975,0.0022147539263333293,0.8466536566159828,1632.11171700147,184929.0872378338,4.9806039956766694,1.3627063031488063,3
135,16.849936811374377,2675.782199660001,108,0.08092369798464531,0.042219201219148524,0.0076782427880425054,0.011367883569139627,0.91270427516714,3312.088811337515,108172.17610849475,4.57141358027136,1.0367863719185877,3
142,18.364261964038715,3849.269534836001,158,0.10531978301807593,0.003334684488730616,0.044967702562123804,0.03689070391182035,0.9986859633163414,4496.33200845769,152677.86895501893,4.461906567251694,1.100860255375372,3
243,20.306449310446673,3452.9368092244194,263,0.12227202187016915,0.025999985960793472,0.019821589326981966,0.025715147631608284,0.9875119511432255,1708.9017237622093,101448.38710918647,4.518100339477611,1.3664530815167955,3
93,24.508258746232865,2059.833862675988,477,0.10356725422201518,0.036128578539429676,0.01883719366655927,0.031135528816559913,0.8559901761498248,3404.3837578293083,172569.4194562446,4.580296215463574,1.1163537354006392,3
75,22.438211029002314,2107.738732206801,458,0.02032341934676006,0.020142756097686773,0.04217121921120416,0.010681821650714886,0.9933212856087708,5590.839338828879,44696.799912752045,4.319954537423282,1.4119636366488861,3
286,23.189882997944153,3198.811220430698,339,0.09031470779392761,0.0074790683742243964,0.03894697023432009,0.044317699365870954,0.9646657397774068,5144.171059365954,125731.49221472126,4.73861529834356,1.1487593680152282,3
264,8.397860809196466,2029.388804396194,178,0.050623653436878926,0.023008410157610744,0.0072205857262252204,0.03268816898530617,0.8238094232235997,4198.434251639374,190792.76925680158,4.235067333094067,0.7515043741755445,3
93,11.875982836007683,2909.6528352318956,393,0.027359822501752548,0.035421471600439916,0.039828801811825576,0.048924690644596994,0.8632716817020208,2509.117050394574,165907.04471960253,4.904798684388352,1.2377622518540994,3
64,19.408679940594162,2477.4433668995725,338,0.14797599537716552,0.02904624839237361,0.03516334714721519,0.0035300659489333253,0.9582123360710889,3219.4524942540966,83373.23347746335,4.46328256034369,1.124831317941799,3
259,22.93497064488539,2451.7966243526002,419,0.1091137916980155,0.042149646003705646,0.037447348315317534,0.023138445434789486,0.8132617821585274,3999.2905163098085,84468.9517766172,4.983286611553293,1.1578263519781147,3
127,14.283096042787818,3957.7251305355376,490,0.11258697898339015,0.019530328053104975,0.020249351794561082,0.027496404651588903,0.9011055905574181,3842.3713628671085,105359.95833482023,4.466971931477343,0.6228541408571939,3
89,24.311241993957765,2929.842663024028,304,0.03030556283609493,0.011889766377835655,0.019957405955068303,0.005438709326239938,0.8229032590026472,4231.663827408001,143543.01528965405,4.236214500826935,1.4497246007154854,3
238,9.49966800437938,3586.8795256670746,379,0.0329698766776116,0.04641991614068763,0.032352034669038514,0.0270010193895529,0.928715080599437,5267.205750548717,163303.4574211467,4.327778888970365,1.3670160839990906,3
258,21.743164870525888,2806.1104179439512,350,0.02091556913407958,0.020089498306819782,0.03576343125120741,0.042490486415372807,0.919198107774031,5390.7664102943545,38002.80434858702,4.961977302816076,0.8194460666257711,3
249,10.494487688102982,2486.4456123823447,298,0.09192630319945812,0.044673278641316205,0.01119518513787573,0.04526445370407406,0.902276177201798,5662.545306069995,104232.01071046291,4.594924617482078,1.5021201465585934,3
285,8.78574289474172,3027.0835956560195,122,0.07469400676941777,0.01639518158891859,0.025551624452391054,0.02068828525478102,0.9037128802879759,4702.107448519393,68298.69590261899,5.466738693776068,0.9383192222886773,3
226,15.583547951471692,3321.2444100920147,326,0.05069633205358355,0.005078065680690913,0.008540425017425541,0.04026960792325443,0.9797595871684737,2246.49800420344,84893.78270488851,4.642342692775751,0.642708089063656,3
266,21.04973973640024,2095.9261916488786,116,0.06647193190833321,0.032185372745101956,0.026239880352631636,0.03089336551856402,0.9351003719526143,4747.923346375597,117818.30911751268,5.124180847919124,0.8801566888645851,3
61,13.290053764357836,3938.3090058784396,375,0.04720075513129815,0.048592929197978196,0.015568165877420976,0.015428438740880757,0.8966794549688307,1446.7500561976683,186356.85830760983,4.333123548912298,0.7523843849912956,3
108,24.622207127653077,3297.1479229419965,125,0.045798773408513696,0.026787707578569714,0.022198479292478725,0.01621496738038406,0.9500103986167072,5131.850371398705,161995.5419804793,4.982262633718864,1.3436545792033856,3
199,18.860791969630718,3586.3609058202733,330,0.10032832241083033,0.026886342113255263,0.04368551704379922,0.0071061816931220715,0.927761912306432,2652.255170498963,162256.21317837923,4.547112484755432,1.026351685169176,3
124,12.477878004344053,3919.510805668664,394,0.12532668291142418,0.001236986337221946,0.038064128529159635,0.01159512654669686,0.9544302350629247,4683.020312412671,102636.40323387386,4.587612078031336,0.621648943918896,3
160,11.70479612752601,1058.0227008814388,263,0.08236955842690075,0.03791912551917476,0.02530159602385207,0.010415631111191226,0.823805042140286,3995.0024108256084,114697.30870596135,4.788907825338423,1.5169964951289217,3
203,23.47020471063341,2875.82386658212,439,0.07709369197754401,0.0052230292964890405,0.01967514044110921,0.027978014116742906,0.9486078369742293,4611.217762389631,53239.87667291557,5.278826274837156,0.9314267289579703,3
144,23.67003320149148,2850.421904285395,428,0.04127806417249791,0.04108227574332381,0.01133195727134136,0.015004295144405301,0.8751830530979282,5964.793100466299,93384.20891557139,4.9149872724044865,1.226828802666561,3
115,17.13825076972292,2582.4650233367493,299,0.02311557891276068,0.023328188400857902,0.010365197546739542,0.014581847859438191,0.8768601310946927,3460.524977768146,73283.38038989867,4.429691773245499,0.7223317186935015,3
240,18.747221654125543,1812.9043791608199,245,0.1045392262242961,0.04607890569683595,0.024352808396419425,0.0370361838236046,0.9846697180406567,4126.844898995325,102198.1133581634,4.77453948560222,0.9366701082373255,3
292,10.74655340804545,1162.9883815462645,362,0.10637256817687775,0.02022447458078863,0.02759056988053221,0.03227652156134291,0.9885583852033009,5477.953612748393,46809.91827508447,5.224056331009944,0.8998518931700075,3
120,19.349987604854377,1914.4535033164293,129,0.11168034193518633,0.012757277048117827,0.02812263488896029,0.034699742304851636,0.9621722630407639,2581.447399586336,155110.48174916243,4.366999929911932,1.4103648999256309,3
270,10.131373845877103,1977.2315202749724,440,0.10279984958171616,0.012068201590736745,0.0100641197601894,0.04671188966507904,0.962381550895516,3238.811408105249,174966.01565070846,4.652245140522851,1.5328235518120326,3
57,17.777345503435676,2795.752800922726,296,0.11192042296001395,0.009358229531561974,0.027891512546945996,0.009430380692935031,0.8754223159736692,3406.4625307243205,131963.1419097135,4.690820102296263,1.0154878736575166,3
161,24.193290504256723,605.085245329659,260,0.11705871351987363,0.0457635302992576,0.013894242113044887,0.04056538639594983,0.9843438730121726,1845.2509329354934,174335.0369670151,4.366407719058778,1.2800493724565831,3
300,11.74306378936248,2686.643099788595,378,0.02515031784331923,0.04498221873811173,0.010437838630824543,0.021885906149428064,0.884675344159792,2259.394594112752,101565.92408566001,4.665508451330334,1.34036939454187,3
74,16.064000738353677,2137.9542908706653,136,0.06256171814697675,0.031783235186498275,0.013803908904735918,0.020180269748083363,0.8548695628252114,1329.1285377781892,57914.77930485523,4.518907202854181,1.4583468299393494,3
66,15.784660556679759,3494.985018257348,284,0.07645652975602948,0.015358494646889154,0.04342768557705132,0.01884470686821495,0.8105093048662598,3838.010265245322,71876.59213866861,5.177090274294562,0.9796100483699536,3
67,17.64939811779157,3259.8022963962662,282,0.11555833345351717,0.032142292850238154,0.0446813950733619,0.031685283904841204,0.8712030046919701,4838.081329749252,138690.9930487,4.83175788514988,1.0386716363998434,3
267,22.97357700367301,3360.435547792295,252,0.09902127396946815,0.0013162904293581414,0.04636470185902528,0.04843731105059862,0.9838492360924979,3828.3508416429654,30421.62407470095,4.432570815576884,1.4015816162118506,3
137,9.080279971557298,3054.8217186914167,206,0.1281266531481061,0.03908976799567933,0.013554309226381612,0.014427420469134894,0.9366692010399967,5400.023193931335,97886.13313279222,4.382886394372123,1.1334450893894208,3
187,11.887794894987861,602.6983188267513,340,0.11815367826339634,0.04783510350936098,0.0033052341091226512,0.046257572010605486,0.8551986655264654,4709.8323490239545,148278.60552242136,4.685928773825087,1.082201734873732,3
198,22.100796508532326,1105.9774638401984,147,0.03487937199989606,0.03483411438080209,0.029418010807778103,0.02629915681371786,0.8933113434756479,5154.717575913019,66321.56454622524,4.374217011312419,1.2882036701446564,3
124,8.237388155711955,1695.5842492760019,224,0.07730559330002311,0.03253157453069341,0.0212462939674998,0.025691638959318093,0.8103535051619486,3736.015134014767,93575.9091775733,4.267077784819207,0.6999052727452416,3
228,17.11053040003177,3881.0992943265273,143,0.060562580352998927,0.02911485511225005,0.016228623722530606,0.04691593649421741,0.8500341269803643,3279.04395394496,120926.31451885383,4.422079321151223,0.7038847040033978,3
254,8.25129641041196,3314.668155200119,139,0.09134304530392579,0.004865890385708699,0.030756972980271274,0.02026945748584785,0.9049011011720948,3231.574498457633,51908.56588045986,5.18928192101705,1.4389495317107368,3
154,18.919351907928068,2815.7725904039944,101,0.03856242732915453,0.021390687607961947,0.028909302374923864,0.009896129833307532,0.9848995444307261,4663.132884696794,93288.91366832828,4.542261334009227,1.3067287545133082,3
100,8.208035468102652,713.0172608755456,194,0.045380897649004145,0.009250974267325412,0.025110125329992624,0.043713936334565516,0.9953613603815912,4518.635843123707,86973.3257196256,5.103986971263043,1.2752801189306446,3
284,22.126020814089415,1171.8788965064475,479,0.03242493668540486,0.014463804955877863,0.0076701268655465895,0.020185791108331703,0.8960799232671681,1694.864606202975,42815.93742620999,4.615686053485393,1.1888234121083454,3
86,8.324586321582078,3942.553361681963,305,0.07517393533936693,0.012492438482421138,0.04244022732235065,0.025965339370313853,0.8257449986572317,5293.82669222224,77238.8093646683,4.2409593037409925,0.9195161166199086,3
272,24.614355727887194,1043.6717974114667,440,0.04289309990506544,0.01862191199428615,0.00699190745317006,0.0013765648363552154,0.992176058386646,4747.968957923026,158776.41743332671,5.305437295125301,0.7138717886668792,3
103,12.352441684016185,1642.9407828365122,214,0.09486389043281776,0.00962215446972285,0.03208711749848325,0.018180859901582993,0.9034046297950036,5785.712920648724,49846.432323926696,4.4790804192857525,0.8432569767008528,3
203,12.320770611644505,3430.1730224767516,310,0.10830573847018235,0.016662828298747694,0.010828916841849412,0.009283523448034115,0.8799455617344395,4908.072381168267,80651.33857429045,4.775533964907049,1.39305128011835,3
94,12.483050941840165,2340.79601512972,319,0.04513246793144158,0.008693382049137022,0.0027254383004019,0.04051199092840524,0.9901511138031025,2388.0826391195797,157560.2134104736,5.027654619299078,1.0735534386716958,3
281,22.73848330941842,1424.510088122449,438,0.09447029375671626,0.03184881196360534,0.018026159769798416,0.031091522973737757,0.9660754982114633,2909.81463449356,171922.66286646944,4.31974970649921,1.2883578611728819,3
148,24.69121982393319,1974.5662440445233,270,0.09315367162315656,0.003316784749742996,0.024396264465164616,0.04486127286780131,0.9920882361497075,2974.7133417439773,71869.00569720092,5.0314551917028885,0.6605786712437012,3
284,15.081446618440113,1620.4974365068206,236,0.08145522856532272,0.049630958352041954,0.010958774853204784,0.02021598922051341,0.9163209821253556,2980.1764068336706,79052.41131251065,4.773990882267737,1.592429375268312,3
119,23.70466708391627,1938.9427265273598,468,0.061311495950073264,0.011666261903220366,0.010418916330185907,0.02902801100117792,0.9378799538310016,5644.480076112347,51637.90821672367,5.023927475101537,1.3658723859234656,3
191,23.099849684271412,3142.988065253657,178,0.05765269485362795,0.04387148652627437,0.03535370445064389,0.04949431098560142,0.8987708299216315,4043.473046448274,80627.73866619033,4.640381190309431,0.6817962151516543,3
214,15.780331773146926,2792.5284234632795,314,0.1436172756965983,0.037247333163505945,0.02735261430264273,0.011230277390771199,0.8542906898446418,5712.8935811286665,78725.26347518063,4.9130873920550995,1.10021128914567,3
159,12.187967146700991,2564.3539182011505,311,0.12202299284312763,0.01966481906575302,0.02691999530312232,0.014801755013133123,0.8940777832124199,4266.794308532389,134704.88968067727,5.177665983559523,1.3589169930396898,3
251,19.173641296563947,2011.9539002106867,281,0.13185773692427905,0.03369054084507396,0.025004653291144374,0.005075305474419672,0.9793874424421959,3673.2914563099866,63444.81444424758,4.800476029626279,0.6292269307735795,3
55,16.45074739835301,1307.9454705979297,166,0.06934014631555226,0.023576517660592995,0.008302308535209125,0.04150488256412249,0.8008133857592715,1658.0103018475656,121171.9297938241,4.750695974073363,1.0819735583582957,3
191,23.365211278921624,664.9365536136075,171,0.07025767367444198,0.013754924600512098,0.010400321378493544,0.006590745590333702,0.8244972183988181,2570.279874738403,163238.23827056648,4.969799233963176,0.8978502123281152,3
247,15.514366632302327,1225.4080183749652,428,0.05613625011580228,0.007207491900274621,0.028907631334474323,0.0415673820796738,0.8328895559737093,5243.750299305842,80411.41657948756,5.175848408245275,0.8051148184922418,3
258,11.251333610440899,970.2081930937786,171,0.11724665739385191,0.029253967054402297,0.04032628781670003,0.03153045844259794,0.8601150408556285,2233.111467197356,169512.09982746665,4.540943822691704,1.4464805607866031,3
70,24.88908948266568,973.446802922897,428,0.07376948812102574,0.04555215998860736,0.03593026410495178,0.028357847951413908,0.8176862368291943,3167.9904860793768,198227.66195446206,4.233247258031384,1.281928037770143,3
190,11.811338646066664,1717.3643242589412,407,0.03442188161814207,0.0052439629867421685,0.019481470475880863,0.008490413185173401,0.9570534479221067,3941.8521890952547,49310.05767159056,5.208891857668309,0.8468985137916093,3
204,12.625847171496504,2589.344012105591,489,0.11806557842023296,0.009734371016331539,0.011581190404361247,0.04860314066406222,0.8430888346973628,5604.6810030657125,101274.54982436617,4.826640532566822,1.4001076147341616,3
294,19.656069387881036,2413.828941445977,151,0.056588089808275996,0.041276229382809906,0.02727476462615372,0.034567766735442804,0.8177221815710819,1497.9664548044232,42096.99144248505,4.764408471746079,1.2004954294600347,3
59,9.256528354418155,1453.5543776274694,378,0.031848316591120016,0.020022834841319143,0.04876597906758107,0.02891709530891955,0.9420754456375761,4382.0004936824225,44116.45629392595,4.232389861805952,1.4484207787480243,3
217,23.282294308289252,1149.2686304327021,119,0.03956787712017289,0.028091062169817722,0.04408501066909325,0.04266078971959418,0.985165922521159,3140.1520341388687,122529.5113017619,4.242874494734307,1.564816377105964,3
274,18.55435540704257,734.4886976325699,249,0.03876932982995514,0.04773865522654061,0.038485415727113254,0.012890847959348606,0.9790637399892778,5685.767853109596,81401.78050173765,4.539473073591305,0.7559363379807259,3
65,11.562007817829215,1271.4380327905433,317,0.027979843172406114,0.0239027681073078,0.049218493577577106,0.004808418261134423,0.9674666865754298,5655.084750354706,46947.18714743488,5.3970149100319205,0.9821575795021703,3
70,13.506733390558328,2233.878230573229,459,0.13488875717843585,0.039535784533438235,0.005800306500225578,0.04384525311560616,0.9565381775877257,1669.2530959713492,145913.67857608423,5.404089678837915,1.416913366438626,3
84,13.15873693231946,2177.363522906776,102,0.04100435634094794,0.04664262068299745,0.02778227023892263,0.03276022862205837,0.8578656361878152,1772.3092722601891,172865.06645914173,4.7971895345032936,1.2320009179344322,3
131,10.324196446291074,2247.5681824625617,456,0.029760779443673162,0.04647180684192925,0.010656338173803986,0.02180699053273978,0.9698266320080704,2968.811505706054,94695.94694730552,5.318242185989874,0.7875222966462098,3
68,12.060316021888191,3281.301269512954,140,0.024876199210704768,0.03185760807220527,0.015083272984127028,0.048531290185153016,0.9315242633013031,3018.96397312096,163017.75811755066,5.498382597954187,0.7693192664496867,3
214,10.579779878426319,1784.393717091234,124,0.029897570329146417,0.01187342967182441,0.04600406301599571,0.010889749352446288,0.8102798333927462,4064.6974562451637,103668.22014889118,5.060456488588526,0.9885360588612355,3
154,17.313747646701373,3368.1057719211244,272,0.04173869058329047,0.016158748856000733,0.03788299622237237,0.024842405594733975,0.862377576371165,1560.248565745947,53618.21612424715,4.67226938581388,1.0865588003446454,3
257,9.105077846959478,3005.794811146348,398,0.09056445313719949,0.035239332770400394,0.013795861795766801,0.026285591317304013,0.9819643741233468,3244.4103738222143,132766.53474565977,4.85868864090202,1.5819748025360565,3
203,11.755397131143123,798.4046317944432,289,0.03377569606013684,0.04952044324154708,0.03503780950995868,0.017036656078951763,0.8902835404096069,5707.584452512551,185892.4709135396,4.470669379646379,0.9640616668633888,3
179,13.036142841508358,1095.1914764635892,194,0.07827312866568341,0.0362205483341299,0.02278423687668976,0.01948581390239572,0.8266538065082157,4336.368704853962,98865.91421353008,4.233657428895591,0.9827815866020675,3
52,16.098985987778313,2855.3452428104997,142,0.058227836576646444,0.0499467464737257,0.04604906748028636,0.005561580076378664,0.8444964572863186,5936.777537527505,94272.42067882032,5.042766578811683,1.561018394090081,3
270,11.060554544862427,737.7858704130438,458,0.08655367007747562,0.03890146717728179,0.005130371033008691,0.00025740526744365,0.9936829278441839,5906.234329202085,100014.5103004595,4.90394399374244,0.6589944844865486,3
119,24.8006828317339,3334.303682915623,151,0.08316199159342667,0.02681493168351002,0.00038538369227661965,0.020382191676087874,0.8384347952924702,4656.552211451078,50691.48614778845,5.331236113835623,1.2596009147266876,3
85,11.899264018446424,2477.5282509884455,192,0.04274859959102147,0.007751159475709685,0.000658548077959581,0.013885899808646164,0.8653484312688234,1946.6143915417967,62742.81055365275,5.499900843112129,1.191055270995911,3
126,8.543146275147125,1527.9264235028331,119,0.11441768555097438,0.027712239424875596,0.022618556248150595,0.040126688449018455,0.845634605546334,5471.552888694595,47302.57384307889,4.350099579370143,0.8462746973859464,3
220,8.504921317418853,3500.179404134715,496,0.06087441224791995,0.015934221061759474,0.038988434129833834,0.022149813520776326,0.8291237803768099,4877.488648049659,120204.14323097673,4.370627596978817,1.4256420344684704,3
252,23.801175657090326,1583.5122227672086,427,0.1110271524018129,0.03324524028576322,0.047825126159703385,0.027826227240467155,0.8081869730335399,4844.020180619762,119112.44489882063,4.237973845496129,1.5266342411968812,3
54,22.475284257809776,680.6807640406998,253,0.03330246657779632,0.0143849219791716,0.04333609592627549,0.04716111247592731,0.8485169608910118,1570.566223142067,86595.77793009423,5.186770556599811,1.3866433319606815,3
180,20.936157698993625,925.0635621058841,435,0.05414281180075152,0.02347654907244078,0.020499520301769464,0.022706612679301588,0.9465527800974041,4218.27868684147,123602.4547084432,4.427872026789958,1.241559410914327,3
222,17.44291407427007,2674.826737933807,111,0.07011836490677067,0.03780043696774277,0.024886094026766267,0.04563633820386432,0.9284950818275935,5846.724952159077,144527.05911707692,4.4955478422646,1.1583111538379103,3
247,9.961947793884459,1096.090489111687,213,0.1271079613706837,0.03102825460038533,0.04524504718136958,0.022231638897426798,0.9862326143945936,5538.525625689654,169743.2821429105,4.72324669789627,1.1757089481781482,3
131,21.843460400721973,2478.668624898447,276,0.13894565436309783,0.03921239203664716,0.029617824246050813,0.015303052849275146,0.9536311686349748,3814.7100362620527,77303.75060228496,4.948686333471764,1.336570775513818,3
263,15.124731639375,3880.145930213827,390,0.10289226044974523,0.034473522491021945,0.017964305316605835,0.007661309659414701,0.9215473783031145,3807.4650202685884,32511.35538618691,4.286680867867575,0.6484709396102077,3
134,15.14643656324492,1418.0152982026034,331,0.11829898301912767,0.01856273242982185,0.044683994741451474,0.004149717613709414,0.8636694791077102,3331.9649367704806,45849.68155246519,4.489471919415378,1.2638821479688493,3
67,13.08029580110073,3656.32226225917,129,0.03820174385981906,0.010997599599889768,0.0010247843384848022,0.014017644224483995,0.8957821260733694,3112.6476865755985,134342.70394834824,5.0321920558566635,1.4488795190883401,3
125,12.579005257204155,2163.428735965228,355,0.1317585651444028,0.009017501891817386,0.0401353682862369,0.04057960361583169,0.9063007522850993,4441.498166949237,70866.00882165824,4.383090189630094,0.8505322409727342,3
104,13.125186076080979,616.2092403105945,116,0.055607866275326504,0.02271846000456737,0.006300951655139853,0.0055305468738624025,0.8661988025039554,2383.6824754105864,178427.94245268736,4.980458361956597,0.9276281620158044,3
136,13.360529860817715,1558.081320493455,399,0.1406616509984676,0.01920863582719757,0.0417048176746769,0.028154979575050157,0.8757647261246239,1978.32735577406,57972.1779578689,4.78783191576499,0.8391618340965313,3
245,11.619213609155974,2834.340504489513,417,0.12332766811498869,0.03378282621494821,0.014555832877321663,0.009064156908883703,0.8444482309346251,1596.3210697946013,138806.10958806766,5.398109364163572,0.7392994934719855,3
149,11.848116977390141,1550.41607222609,171,0.0986631125700536,0.019615499371223522,0.04524105224078384,0.034507927901013424,0.920018845931658,3324.584918901859,46865.490619193006,4.584138021891281,0.7569743126648573,3
85,22.096745030785897,689.9055393555808,144,0.0729452175670966,0.027078705254052274,0.038454931667757576,0.04525862675876299,0.8718365202613131,2355.5420490625006,59935.79926322408,4.727956268170361,1.2041236088418668,3
171,22.593443846991672,3436.3235787812205,302,0.04876780262743177,0.006310095198231453,0.017747562658609547,0.0016508486014516878,0.8430897669808716,5227.207311295084,129682.80372523922,4.850145170529969,0.9020703534158976,3
249,23.939557946939033,1818.1921364799568,194,0.03965908837214725,0.020899342408485583,0.033571221524863935,0.0024374470510493576,0.9152908447971337,4286.337384349774,65979.89233973777,5.00469372938127,1.0894090265348204,3
174,9.44079460399559,810.1001754925375,129,0.10399659434570563,0.009190356250380416,0.029088362175237782,0.017079580735522105,0.8198900034677727,1901.8794960095593,173086.67918955567,4.689544805364346,1.3179416244999713,3
121,19.900235827028006,817.567142456899,478,0.0679006080776949,0.04849137276399959,0.015455217660388855,0.03635470511373023,0.9158734232150032,4183.915572591857,182748.08737819275,4.494975845520285,0.8856546699547903,3
249,13.85018808661593,3332.924869084466,211,0.03777313602400555,0.011716640771494724,0.048118658134740123,0.03254447826278382,0.8937446169040698,5597.035316771505,120860.6861578265,4.29810939558091,0.9314976571265196,3
124,15.498566489492259,1578.9954993780484,225,0.07771192574255398,0.03911856663975494,0.00591348656078381,0.014785416776307264,0.9513873984705564,2139.8962024812395,134427.39575267534,5.386169330296912,1.5199967017790632,3
221,15.673115853656782,2296.4410458124266,315,0.1124947936508167,0.016999066642825796,0.017230042508540728,0.032941671636302544,0.9296205235963028,4846.395650556939,41372.39978651459,4.234453525534865,1.1754986417302562,3
191,9.471189200604236,2980.996890389995,264,0.08198271163677572,0.002747202816150879,0.03310904319367524,0.039857678756624916,0.9249895156322034,1948.2223796383887,71804.10162934713,5.07772416433722,0.9907915910963745,3
210,17.30060597923245,3753.0270956614368,112,0.07022966140356614,0.04129528160312152,0.03163055458202139,0.010224888598658007,0.8492148878209044,1925.6093573006092,146272.40995071863,4.3600354455478225,0.9557357310188838,3
89,9.21740943769425,1069.4022736480285,425,0.08718617531403916,0.014224194231302112,0.025631437587601794,0.02070425347263747,0.982322967794508,1602.1826177761463,78631.39006336426,4.397888480038615,0.9115690439385558,3
55,8.680720683124706,3792.4630339291393,225,0.07896226352395974,0.01683260268453849,0.045416527332983216,0.02848987942648734,0.9075747990080704,5557.746530660051,55245.45124567486,4.516276628628006,1.2972914194550333,3
103,10.43442084948795,2087.002767410656,406,0.10563172661831963,0.025110242460465695,0.01900494075566136,0.03063029021348498,0.8253619908852857,3497.989288150038,193955.0988451641,5.1276872987688416,0.7032815016127284,3
218,17.413651499368193,3324.9210724401346,354,0.07365549031291013,0.02850623431488064,0.04411923251503396,0.0170413605479586,0.8420618622293322,3714.205925683774,37011.50041835076,4.32787039289345,0.874790895486615,3
272,8.515675625554673,1918.6398426668102,280,0.041276770837923984,0.02139851428304588,0.014641855725641962,0.021554128991483314,0.9731597286358717,5408.756955396973,178155.77254349654,4.6794403194092045,1.4054821427501731,3
174,11.112337879003542,1550.8095359365423,276,0.048678957112809215,0.040389925207788946,0.012445356879014125,0.04750911289245738,0.8730862836132068,3082.809066081596,188159.89202062084,4.701673713309121,1.069261668454318,3
155,12.423021122752818,2100.3751914087798,250,0.09652847487749057,0.007987136455136063,0.013934103330279108,0.040108478657065454,0.857595814329621,2964.519125120436,50453.334776205105,4.598875154024622,1.225474290088488,3
130,8.098830664871304,2005.1374581994203,166,0.14619030649790718,0.020940332236510158,0.019153875311401437,0.04644046475507425,0.9717496545759694,1886.3737399014267,144268.52993086146,5.326278417916685,1.3659156555412213,3
242,15.604271262056177,2020.8281115984212,352,0.0433120054576249,0.047232890215298175,0.036984753727755205,0.03510766812480424,0.9227777904880787,4004.6725908860976,66636.84654055614,5.090259262476388,0.869290885824507,3
85,9.240136811337148,2556.795289925038,254,0.07682121003365477,0.03912902908650904,0.018562401794282476,0.00021851814763488298,0.8294688534549208,2140.241263844039,181806.52874620786,4.799909804874175,1.583965999312928,3
226,23.893608410121693,2977.398180005271,473,0.11087405652413375,0.014343724739070168,0.017244445894832067,0.024637331337869002,0.9134475401992218,5318.25381078317,53279.85661855826,4.351082614982312,1.1197523928531012,3
228,19.142467259488793,2160.448587554492,204,0.04992317143429002,0.030548206541575407,0.006697718461456609,0.014630247076147624,0.9111001144061004,5236.204395777018,190436.40969289475,5.431746473068175,1.3741712647901139,3
99,15.560025393715726,3085.864403805324,179,0.11014401702056108,0.046323240759740036,0.03493583899109073,0.013486309467500502,0.8128062571849939,5628.138913919001,113000.40213789177,5.1957184854805245,1.0452670291941666,3
151,11.351216166607546,2742.4765851126085,443,0.03828121982761701,0.04314461863928412,0.04897661574483362,0.026011001477516633,0.8400922492211227,1741.5539527188637,198034.71776481054,5.3482651042335325,1.425441316899275,3
56,21.969002955671563,3459.439259518945,468,0.10786557441457366,0.014608896338708616,0.045905292879202135,0.006325009237117413,0.9634213555650819,4911.527179408896,177845.23503730667,4.464602318152566,1.5928512554819738,3
104,15.188613336048721,2134.6201233369356,395,0.0695333364083046,0.047349831383669216,0.025475440608853702,0.0469252392565136,0.9382675670687218,4105.209710793673,114790.10651292562,5.16208600870951,0.6857939697601785,3
102,14.480240040632784,3496.1924906144422,427,0.10803319195594858,0.03032947999140416,0.014302014146243236,0.02174329641338739,0.9831962445369273,1838.7877830514965,125589.51368565249,4.681613152417503,1.0193065112824122,3
195,20.158268877692805,776.7951427896596,196,0.03892427395285387,0.03108158162593513,0.03817988778172643,0.004679085652566239,0.9127850829519756,2232.715071709171,38486.14394834582,5.049009038208875,1.4899989416794455,3
50,9.316569707101436,3656.334770680426,249,0.0708955768813504,0.023759672174222996,0.039354158155482356,0.026529816432071925,0.9381846232631458,4600.71210773999,40202.44309270286,5.341107576067923,0.8167371358846025,3
184,20.473722589483174,2562.0620487059346,487,0.11467290614238922,0.0017861158720557547,0.012764044716230544,0.003406886034179896,0.8563691050729689,2505.30843408073,40858.64483756617,4.727366948131104,1.493624816156709,3
137,9.289412510996764,1326.161398249631,269,0.044821183516959004,0.031715270375657884,0.005151391131594946,0.02575257966135674,0.8434482969005582,2689.4126221447514,84352.19272885332,4.857391587383451,0.7970849934374002,3
209,18.865749003025726,950.5716184928488,306,0.08712155119390484,0.01588805779123052,0.014091611820227907,0.005499492767102366,0.9681589868897822,3363.8542610018794,74584.88610487868,4.3185736294886965,1.5271414027228833,3
59,10.631051511360804,2172.8049105931323,436,0.03335197219717351,0.04487288654085597,0.02635576378327416,0.02793772728958653,0.9406568440857618,3521.917630495789,47481.21965012212,4.321431470950797,0.9658136391338473,3
287,14.617457823552082,3935.2389046254207,364,0.1471095794060183,0.005641137467767093,0.028437511090668385,0.023501140559688855,0.966320899703175,3304.995501860899,128454.22145048779,5.126648823750847,0.8019646366238264,3
100,10.717133172117132,823.2878105347405,121,0.11352423043333132,0.0432418760016873,0.01664197294773406,0.04895203878593063,0.8414758732541263,2110.0383015483644,90611.30210322178,4.9008540778388525,1.1880624528808705,3
158,13.561533879305703,2999.0034782129073,379,0.06805027709974934,0.01823730168933247,0.011970771844457419,0.01237325578127147,0.9312267193097874,4898.225883045837,116560.57646666511,4.566975263558247,0.9878963172449151,3
218,10.414446567017539,2191.623555708179,497,0.11105188066256878,0.01675755439682233,0.002165717656364974,0.03406597239160943,0.9078851711964367,2484.8862980257463,102304.80956076598,4.9124689096982825,1.204752345897309,3
103,8.07310792693036,3574.905506071825,203,0.020839809326166192,0.03943465557524504,0.01704861939121356,0.00787951495533814,0.9651463619798808,2058.0936483975593,158171.46372290156,4.758996750938036,1.160175618612163,3
215,11.7736356804951,1676.6296702381226,426,0.06822679180972871,0.03693261806298807,0.003061500253009242,0.015996759804256976,0.97495756226459,2978.9601067324093,80970.11717036177,4.338443945786096,0.8385531664223832,3
255,17.25426452562934,3381.827085074094,103,0.08957221373239661,0.028215145291335023,0.023595068277814102,0.04430005428271752,0.9684740215658736,4266.761128545283,160139.37362187158,4.490888365523822,1.465029176436548,3
266,10.83759285623005,2244.8527939425235,343,0.08098855211782806,0.04599269283819775,0.04750632150309845,0.00579768125745303,0.9757639464139274,3606.060873001435,53835.453869675854,4.36675316692354,1.332487764065947,3
217,16.567223322884807,1925.7821267442882,100,0.12143025903649693,0.0030739259006903052,0.022129268909767276,0.004147209281633368,0.8146366716147214,5170.945577915527,151775.75771349232,4.562255482249379,0.7934621132552867,3
222,12.934545742799468,1336.4615322703353,447,0.14536055644406212,0.017439937866799298,0.0329323420239346,0.042438314416129434,0.9383479113313782,3345.7692498727656,109840.680032738,5.184608652478134,1.4342186579698297,3
250,20.1008378815349,2052.4568347476197,161,0.1081212435316376,0.029128210854119364,0.023736837546652713,0.01880991062699429,0.941955336347094,3285.611963863385,161219.72477279126,4.723426641528047,1.0552589536213848,3
125,8.691762710536615,2671.95998176679,448,0.06909159673841278,0.04273472027276781,0.00973856832369121,0.038948934251820395,0.8032155543826005,4151.967670204636,92329.7339372162,4.409919943787306,1.4241200658651145,3
122,24.0645992707682,3953.8060478357843,294,0.10867960030320319,0.018226464165850227,0.039016566223983855,0.03120714992295606,0.9914375941374265,2075.0350401586575,172424.05775935494,4.953292037537102,1.3602390517173166,3
112,24.72926359328656,2991.629438438785,334,0.02276265559375248,0.0346639723645575,0.023912037786752688,0.01216233313878381,0.8100137692127571,1747.2847700563045,113783.10109719961,5.03270168127691,0.7142893961266876,3
282,24.059630554831035,726.2823412847034,459,0.032503754464546654,0.0034621400374790336,0.03544195921301992,0.04547652272559406,0.8838118016852637,1347.5040258378754,35558.439440083144,4.721723426530091,1.1605250490592462,3
233,11.551893438251458,1489.62421917889,339,0.13826555828537296,0.029893668165696524,0.04317585213344753,0.04592569241445165,0.8406616184423225,2729.493616426791,116292.01617141756,5.127849001952415,0.9581566325723871,3
278,9.517400012925945,1235.4295698293272,245,0.09415915327056912,0.023599683333238353,0.0045644841410972525,0.012607455396802686,0.8484931960259366,5501.9832626896105,115910.73630080832,4.737117893848096,1.2335703014384105,3
268,12.821729947173873,3427.9649705903344,179,0.02298294696180173,0.010383421589292303,0.04712056256641244,0.047485426997711945,0.9385346548836069,5122.976648476113,99303.58619956704,4.674327297435168,1.378680186856148,3
86,13.276425038862016,2431.66856715416,235,0.1315804867116086,0.02961223196299438,0.008322310443409258,0.036030211112670595,0.9339621098764772,2592.4715996723316,36697.60776939601,4.244697430699825,1.4805797303813506,3
222,19.183092537531657,670.6897993144003,300,0.10632920694687839,0.004318034762216433,0.03332698484744242,0.018849515836652644,0.8034936045402729,1612.879035087643,34094.91557710853,5.195397205198531,0.8798033595716318,3
260,10.435095089850003,3583.1995575833425,305,0.14406660314441705,0.010145910728586144,0.0028510026183382556,0.032248233890561015,0.9450981947752051,5944.089397232715,84445.60254187937,4.747051157046262,1.2554546796498913,3
105,14.483620160599319,3023.4124212930524,202,0.12553705820197053,0.004470458219600654,0.0029106199953199963,0.03611909487758438,0.9178665802663792,3726.352136877372,131182.0708220417,4.505234978241894,1.1530443522584979,3
183,9.937286998041074,612.0751138958608,258,0.13096902785534753,0.02658472506969293,0.0022427440335937468,0.026336366550511567,0.9964794441288045,2307.0766330691204,148833.45284918457,4.562282756595385,0.9351029123645658,3
275,24.036527322250034,3170.393814228593,419,0.10878256601523166,0.031081876806763966,0.011505756545576801,0.04617312150542144,0.9412554237553852,4240.114668970638,100917.04042403832,4.315076600128219,1.3703144283405257,3
150,10.896692678886822,3715.045985469002,112,0.08653984205836844,0.04053872491506764,0.007016526529582329,0.006855269400171605,0.9270378849343797,3695.581486229175,89294.32090385567,5.4793847026287175,1.3610322354143751,3
127,21.256766578560224,3640.040190303219,231,0.1199834618683145,0.04234020896395515,0.04359074694942035,0.04556802873231759,0.8440575958395752,5968.839233930424,176737.90536550517,4.314760028922831,1.579478168106463,3
224,17.32416246903628,1321.109210645905,499,0.11641864092488509,0.0004183496765859218,0.03064364695275217,0.024859733853440202,0.8405605995724503,3349.750064089317,115652.4899552517,5.472351578484182,0.6946644884176518,3
199,24.78640233070749,3139.7865358639065,171,0.10674457702699897,0.03032020599871148,0.023718541115037423,0.020409594004395057,0.97270287030336,4308.666337565719,158769.57866430623,4.334999550336576,1.4122944793538879,3
159,16.1419155354153,3547.031400607513,360,0.08438114853376977,0.019906423937429862,0.04489709776836085,0.032910102431018044,0.9085385632671287,5799.3148762015335,99558.39736433535,4.507043777124396,1.1447469467369065,3
281,19.301622683816106,1815.6191429760624,144,0.11473226327535695,0.019825613081119145,0.03879684201714277,0.03199401466603019,0.8919780476753688,3127.2869886838516,130661.17142897546,4.4392980825353305,1.0322553979976574,3
163,16.750295081165753,2949.84152280232,105,0.09408387684003121,0.03438932865661242,0.02237731316819093,0.0198541023156141,0.989920470707377,5949.650388372762,85226.99042209516,4.443439702804283,1.516776699131905,3
204,19.491631136565218,3028.0273439618745,411,0.020087848307892245,0.014571696363680126,0.029186602026908655,0.04042117458507087,0.9131201156012128,1709.6278715936796,84988.00373105501,5.009232951101717,1.0802722518507628,3
88,15.375179838286138,3913.4070698253026,353,0.06942365034319577,0.0012468768466430192,0.04193023077695108,0.04560674784967441,0.8738715022200227,4761.849923093358,34188.245862014,4.238124127697654,0.6724398413185477,3
231,24.000236525357916,1589.0899436497293,495,0.07730617697698516,0.044597081075319844,0.03903542249930336,0.01648307199882192,0.9102872112135774,2104.660805642265,41895.072922688385,5.269854273504001,1.1902312990819373,3
292,22.670527949870774,3549.168717474027,279,0.12418621027518535,0.02671915983143331,0.02207005958269492,0.032414358151760234,0.9683027028694684,2680.175347050981,102850.1887373196,4.272907202951228,1.251488299377717,3
248,8.740977086679395,3042.55768993344,194,0.054045733400211196,0.02971829239428267,0.0319298465478968,0.026142650078197622,0.8894411453026208,5209.29915508009,113516.8006973619,5.0312876083103735,1.5924180362357905,3
210,11.959547340300139,656.645074720687,172,0.0966545773707554,0.000900892586816543,0.005083767969565983,0.04385942636054959,0.8679790804291071,1263.3252405097905,139436.8212388447,4.708852535384127,1.2255640613744325,3
176,12.679029806744762,2543.510256442428,111,0.07219502215090239,0.03215639874366177,0.01723147748009669,0.0497731794346713,0.8324101883576244,5284.713942612383,99372.63252439929,4.474066798143773,0.7190662282257372,3
193,8.266513947662043,1171.7038423857148,121,0.02177321062773222,0.047611279598800405,0.03194693259729653,0.000990648172952291,0.8272203010505234,2456.0603065072187,59369.38392966053,4.700363124508938,1.310585656937022,3
85,12.41256030596594,3336.762652936133,331,0.06725240529401855,0.023478676730837936,0.03963025127901772,0.03175281706760837,0.9988284647835532,4546.97369846007,85527.36471682103,5.349368456873767,1.2903795532287783,3
256,18.914016768074653,1542.104126790589,300,0.14298482057627207,0.04805155455975291,0.01837392967242429,0.02040033738251378,0.9553945584719139,3580.9814663784086,38448.94887850722,4.694558237534577,1.503218116558692,3
251,11.54073669129669,2796.200207124339,229,0.14216675660348013,0.010943490361566067,0.016515317829159493,0.003279173851269257,0.876163444899494,3259.859415161256,123325.4241629029,4.89739693747057,1.422721260926374,3
140,23.767133845820823,2347.985350156803,441,0.11717998253878592,0.013383398766322625,0.009914957279916443,0.014833677024231974,0.9482818690779055,2297.4763033873,189762.37898737894,4.659125829870912,1.1470326166205105,3
159,18.70967796981602,3505.8984131818197,353,0.048058460998855204,0.04893187001035997,0.041493519507241824,0.02587925989672163,0.8480675148282312,1340.6329701188806,142709.22249509906,4.798940114785664,0.9649185934999951,3
170,8.07778219665064,2326.834638891468,411,0.057794599918137596,0.007953405295736921,0.044191088024692377,0.02042565970549491,0.9608363771588863,3892.0928198734423,141670.82690410706,5.043476266617842,0.9007660377312827,3
273,24.581744882386946,2064.1201331405136,405,0.1097661469417672,0.04332602938099651,0.0015836880937334374,0.0011889598381366441,0.9448119443512641,2666.8875689194415,165950.67694878188,4.669531597889095,1.3207309680572232,3
202,10.97276383671312,1515.0757488834583,337,0.04147404547979032,0.0411365866691584,0.0025568311877122666,0.009853686496751037,0.8344430668916791,5931.89566462606,132596.4311431559,4.4549963290787336,0.6456784046958608,3
169,15.59622194516436,3709.906307684136,350,0.13790811015996488,0.042226817075949,0.029514524457876487,0.013482054186961134,0.9576937957437126,2857.726109038149,136910.5919809188,5.091312608914251,0.8416891199516365,3
286,8.485814959394974,2033.814432235097,271,0.09268229804236353,0.017558205168671414,0.017717367797513133,0.03382920217985483,0.9378255318063526,4252.923703367671,80982.55335329263,4.646545684561935,1.2579336239769414,3
295,17.5595585897686,1659.6163907128591,275,0.049506859518687316,0.003236509166385665,0.045442785868046884,0.029831252345749456,0.9543557385858596,4495.9899069906105,146372.87497171655,5.2716734140436055,1.350596787716976,3
208,22.594032415385602,3178.670305938124,196,0.030227016833970992,0.03607753616753348,0.045282381810460376,0.005583766528306989,0.8478001216900652,2892.4456206359073,34962.72405021717,5.491886319440741,0.7668698221527412,3
141,11.139059804704992,2166.444913880461,235,0.039368327347016965,0.021706556841914644,0.033782200284415545,0.0453055345204393,0.9612248713788956,2850.9408513668595,147623.1216541613,4.880644356254642,1.0959101842600438,3
185,11.27146049155386,3030.702074627951,279,0.0653130072953718,0.017111075652599308,0.00401235083473625,0.031596037282272796,0.8862777769219863,1396.6934251136654,132616.84626374778,5.381514177572374,0.680821674947443,3
109,13.511041891530443,866.5344046098287,440,0.1372440216691102,0.01522182089985163,0.041439866780295646,0.015633224604948936,0.9368526253401034,4505.461279884176,148751.39635289166,5.400948190646838,1.0178790236690078,3
171,11.170108655429456,3473.683607325122,312,0.07923157629350963,0.012372536749490293,0.01250898964154394,0.004773417486879039,0.968688202113505,5260.109141595445,143526.12736797548,5.279591937499612,0.9745518026003442,3
158,20.22541050070921,3192.4880501349207,482,0.041682204000179246,0.02127009900559787,0.04414850924220072,0.008689991665354908,0.8848629892300776,3665.7382341935117,119372.24060408627,4.864513202521346,1.3835361112281883,3
163,14.668334653350144,647.9930609697735,418,0.14127821130825133,0.021194821808867132,0.011702068926332987,0.030175367307759104,0.8862974721796795,1296.8525573050836,173494.00073236323,5.39983130547409,1.1977128843667142,3
293,9.253811936147898,3132.0875456917597,130,0.060399406504826905,0.0016243054390985224,0.016496506974512177,0.03077726394739227,0.9180346005258753,1885.6256217128737,169551.1282329057,5.38869339511047,1.3038988152412694,3
157,15.492124504361957,2900.775826968392,151,0.1431935694256547,0.04761341317019948,0.01076565209045895,0.039082231085431476,0.9655569311609852,3748.8756508740603,124529.08374518713,5.4444506470115615,0.9085764683938161,3
138,22.453554219811558,907.5351464431014,249,0.10452767602945098,0.002859215492475653,0.018464866879510395,0.04079550774480834,0.8801475723054706,2958.085335953162,176033.57222317698,4.388178558788226,0.775704231749723,3
234,12.0382893072079,1437.4761064961235,167,0.08127948498007316,0.03835543296154046,0.022078170768393846,0.023327913204135506,0.9212757060075312,1506.8321982693353,152117.04206697657,4.5806459744841685,0.6242828633523505,3
123,18.688083361081283,1259.8805177511304,143,0.08777384698844805,0.035362397955031426,0.0323448375981877,0.012436579702749341,0.9765864813551859,2988.058348596949,185609.75644918322,4.309923358653323,0.6381347513621746,3
217,22.54781338323141,2859.2063154019115,399,0.08289516778941257,0.005935116737411789,0.03212584112107868,0.016034662356898054,0.8816000463769993,4479.93570272493,49497.689763330185,5.075090586520478,1.067699472643112,3
82,14.62705654915608,3259.6814935193333,273,0.12515672093890656,0.04548509845581445,0.01068147341058891,0.00808618497447432,0.8223085430888131,3251.331429764792,146502.4181041511,4.308395594110571,0.6535751933690478,3
178,16.3159204265922,3388.329585664575,179,0.040375016799073876,0.029685196857878904,0.01230928018580012,0.028360005430837193,0.815103202740619,2746.862427329549,67031.302642059,4.798662230116832,1.3780140450898288,3
79,21.138892922232934,1820.5485199800921,389,0.08679982020495686,0.022561044427500627,4.894116598029297e-05,0.032173466046161024,0.8692514193809668,4055.312910335723,135187.57174076792,5.147694366464523,0.9731601079060789,3
100,8.960154804013849,1532.1577554978912,126,0.02134579669797708,0.04940959035515101,0.00029391986538921945,0.038805686550662646,0.8754567455387134,5073.199743774285,71486.08844934718,4.8426774294781465,1.2129178109334047,3
277,11.62179817006881,3796.4490343101857,426,0.06500861461806826,0.002764510799236969,0.029722266762036223,0.025149946063669416,0.8905178185719735,3103.683938285025,70415.75059486614,5.2128448304666675,0.8722006142773391,3
204,21.27480905666986,3281.508769835774,239,0.0730513029473255,0.03448868485511773,0.03397099947481814,0.014879872137842226,0.8137614809520088,4612.720217356731,54853.260821222604,5.225449981921564,1.1417035334183918,3
74,8.759109596042249,3621.4637862756513,381,0.1064540021656537,0.022320360754625186,0.0035835478635386276,0.04356737723586804,0.8627144144477378,2369.6850029671377,77738.93768936754,4.27813836508032,1.14549206279594,3
90,10.531253300977305,935.0362107088622,374,0.1054794112674716,0.008452948690079915,0.03980471165330928,0.008690631028833341,0.9541896470638711,4753.11392058087,146474.02490902465,4.299836574837037,1.352260913492131,3
149,16.8905219068117,3060.4604084126618,426,0.07343970320294999,0.02076679611246888,0.0004518796643462109,0.026873551519714402,0.9353473628574079,4465.061834548248,140247.18150146276,5.111837880481402,1.5903571549470201,3
238,14.4663854256567,642.9432301514785,483,0.08633649332096,0.035321541989690265,0.03240080233145205,0.021420533762180335,0.836837449738641,1405.1603802371533,90109.99181865352,4.30503025452847,1.2987493762170625,3
75,21.269236571014073,3886.180235529119,104,0.07937776137022813,0.021685080320181023,0.013449712679024268,0.01825919258272704,0.9588554099613198,5013.388096840765,144119.61526149957,5.289334829812146,0.9206410043254462,3
96,11.683756975823808,621.8271821654848,290,0.030520506794878957,0.005506459207144549,0.03905403561299325,0.037673742726632695,0.9244431559217444,5033.028160664397,81668.47274830344,4.537404225879626,0.9633686260902563,3
205,16.034386049285956,2697.239940944722,276,0.0639960992383442,0.041135129375339925,0.030001990938955687,0.022675976316551157,0.8997032598826995,2334.371403665213,105845.02931566136,5.089661931649934,0.716329019428034,3
243,19.48740394053935,2301.6181663567613,484,0.03837763279705834,0.021282852530672275,0.029232715574791804,0.020039600173589495,0.8268944021197934,3128.2800351946016,170960.79464916937,5.400766592541856,1.0406193162791637,3
106,23.979245703141466,1865.6679632943258,353,0.04697151981025659,0.00492227904334559,0.027223530354375892,0.04260362667022381,0.8955654736570116,2575.1784976660356,198768.0086337887,4.415635244162904,0.7397898585901811,3
225,19.139704918635623,3039.1194610956636,247,0.10673819310591741,0.048070739235299656,0.015096295735656979,0.03937294460497137,0.9771492710430373,2044.362026246991,102124.69640981329,5.14577760535431,0.6008484743301336,3
293,19.559604576808585,843.5024808259487,334,0.07409247421687534,0.004838115976824537,0.014909514104618049,0.031310473259889456,0.8204532196739216,2090.7303677387804,116930.97813837168,4.346503042290026,0.9967821299310771,3
186,20.531073407571533,1304.5104147225275,312,0.05405114406567599,0.0013606577522005559,0.01251259646873852,0.01565968631845253,0.9077295660629233,3913.807596713275,130836.39060547462,5.373112277894818,1.5269726576048692,3
105,14.415875743109808,2499.6911097317407,218,0.020388688398002727,0.01391519738036532,0.010994466202863063,0.034145570771154536,0.9841068232665904,2293.6192417704306,153919.20543158232,5.097123827754118,0.6787579325251865,3
138,17.8031033395529,1215.8249433278133,174,0.12133036631452354,0.035347343604203774,0.04740200102100489,0.005680740125969286,0.9287698152179527,3516.2604308739487,39800.68538458124,4.628779720349633,0.8230542024981942,3
66,8.742577168593765,1498.3562318205127,293,0.11656748355748786,0.03427956221444679,0.028950471093575587,0.0040978005316913485,0.8903325232421441,1815.7558863245122,56669.29235853394,4.823758511701974,1.1185938864393496,3
55,9.487586931288618,988.3232140361524,456,0.0958405619148014,0.04944507142379889,0.02002392770797149,0.0026714156746798392,0.9654766715771831,2806.395888703293,106193.93012962822,4.9966685730802105,1.390058656308883,3
236,16.85087591525071,1456.9507601182504,395,0.08201836039327609,0.014242973395301135,0.030715020913182085,0.031214106306533308,0.8113760446246324,1973.903629655545,177602.29582279708,4.338392228912058,0.7242388197062823,3
121,17.28684947276372,1991.3445076927042,271,0.1484198179414582,0.01779730749010433,0.036888468300894206,0.027644597224820794,0.9069074312789881,1689.6263120735007,189882.58802544768,5.458270775617936,1.032668559826683,3
176,11.591408399800386,3322.6815233231973,461,0.06073979983351899,0.04307852806272133,0.004735644904208714,0.020396731495900544,0.9658181042881584,2007.1822141305568,108369.72055421672,5.4416092759108565,1.432803043368452,3
164,21.90559363384652,3132.4778195239282,485,0.07387430581030432,0.020927620528892982,0.015254414680899093,0.020526036328792047,0.8976007117537498,3890.6578126114573,42075.19989517027,4.946146359972166,1.4916369692329998,3
184,22.500075219017305,3015.792964442993,431,0.09549905877797105,0.029262371008676277,0.0195981932917242,0.04890148973008973,0.8333379323746255,1427.3334543882124,159813.6669786338,5.035902525263188,0.6129680521755746,3
69,15.242310172683288,2278.7555261209654,196,0.1233947994472445,0.03478036715527644,0.005745963524661013,0.011090169773428039,0.9967339272663789,2133.4557803246385,186556.94470175233,5.24302956304589,0.842076919055594,3
170,18.436643962835582,2391.40357166557,237,0.09519144031973202,0.03771564880307195,0.0022704494411022514,0.03446235567407731,0.9669587627891933,2364.8285320838077,144334.41473370919,4.981789574507134,1.3497350819099956,3
145,16.770104931301802,1731.8881400821751,215,0.06442702844984678,0.021054898539113017,0.048384294219437574,0.0433787384012416,0.9360164964164822,5601.932522749778,123186.98085059038,5.28012454405994,0.7531485951083084,3
267,12.733678199248304,3090.5607830033646,409,0.10217528417733707,0.007274996456047911,0.016107832184879375,0.048053704161933115,0.8684051500347874,3302.137749507021,76295.94066631624,5.283714912684698,1.3005638833326598,3
97,13.485411438942513,3593.98767937548,134,0.10181553740856808,0.04215213655734615,0.04516142642076317,0.041573625525109764,0.9664142854415343,5364.702287470287,182665.15054192918,5.375984738138138,0.7062936843849754,3
230,24.85478106213623,3002.6726129558433,307,0.1254427519057091,0.006075714415391348,0.027099999932633703,0.011663548488709447,0.9196468267755511,2918.4360000446313,46603.54070528211,4.470281952920007,1.3725603696320854,3
114,13.4117634965019,918.9744745748811,299,0.048291646844726144,0.0026360633235826105,0.012118071693434174,0.04473781502686905,0.9601959459040961,4069.5158743837887,118623.79418649657,5.157941897503863,1.3751700725997473,3
209,8.784404784891061,2596.2871615395443,456,0.10600823871613295,0.018118123293641687,0.03941299638870912,0.026918966496293956,0.827122271999177,2532.3125093460003,153994.56400766055,4.931124356246389,1.3492583141571206,3
204,22.726142123261944,2988.901896520539,335,0.08284917125617453,0.038819991011930746,0.009409124154084188,0.032542523721496776,0.9520869373168488,1646.1487562133207,98078.21412680883,4.283683488417457,1.4773448110088387,3
105,24.37084871209339,2199.593027332218,319,0.07886676411138303,0.023910952617380982,0.006804271832489922,0.023941089830123753,0.8452725823322124,2609.9244466288437,31904.877946369525,5.395846126484406,0.9056299100265213,3
216,10.918064519671859,1180.5024184205827,238,0.03222749024245818,0.030836468758139963,0.04397795229848945,0.041974294827075334,0.845906825081644,5085.014822292241,100005.0985405638,5.386071534598795,0.7848274971061918,3
110,15.375951575602674,1649.0399037754328,107,0.03223879177795954,0.027213906906499725,0.03244067571718345,0.015500194314937765,0.8536910953643857,2623.3482513706413,195244.08090089986,5.334399704701518,0.8707511570699612,3
221,24.74924584000263,704.7789255899377,454,0.05633637660596218,0.04042549201726319,0.03769688545460094,0.0003661433971325512,0.9201845948512112,3308.247592855194,89676.33827972258,5.362779267276629,0.6908613362760493,3
221,20.50925651007008,2047.708729170695,133,0.1473837142715394,0.02082642167422674,0.013698221746111057,0.030634429977352398,0.9151916269734609,1694.6407309387669,114148.77518835673,4.450127165073874,1.1391517029705736,3
230,9.104211742083228,1254.56937990604,119,0.06158946901884667,0.0415409012274025,0.00671175654980612,0.041938535245056426,0.9980236561497132,4485.010551217951,136010.16200696252,4.861142133042872,1.4246518610349552,3
148,22.62132448176731,2869.150633112943,499,0.029177886124931104,0.032150213122231514,0.015915302702535262,0.015976248911210484,0.8534335601050237,4796.874889537354,130917.49279434247,4.428056907995064,1.2341733184219168,3
94,12.111652777827109,1899.5855854289603,295,0.07626168985516714,0.033198253414236545,0.049948897743011464,0.029997418885405754,0.9550735461233273,3935.2675204386987,69733.6993321119,4.898437301060858,0.6932705295732702,3
198,14.135898688432423,1233.6674912875426,541,0.12210021386306019,0.07790452351621324,0.8826489381718798,0.0008121296151632984,0.03105557143429277,3459.566229885666,234678.1187297376,4.164861525331255,1.353705005578146,4
146,18.76329053231041,2830.588185531372,464,0.06020469387699544,0.07702118558365002,0.7810476714598644,0.009565772563804593,0.04029767114665656,6656.729910710638,178535.5504825096,4.299093811496746,0.9381299827795793,4
176,22.870715957368322,1422.890851566652,497,0.11955772418388963,0.049256199532953564,0.8836882127547304,0.03658273668485972,0.025386517284310513,7387.531890126207,139633.69144965545,4.374361145708309,0.9842787969789606,4
160,20.82553778370367,4063.1330454203776,188,0.1242624619309664,0.04091728688682705,0.8349300383083267,0.010210121177146515,0.04105962471398109,1956.3038837823838,249633.1415804263,4.212015980231058,1.459118280206358,4
337,30.560095051628718,5942.350609625949,431,0.0762364976812411,0.09869531648535053,0.8438812662143885,0.03157776365638853,0.00041283676353792156,5899.091207041025,237467.0922677783,4.786563891438483,1.660165839060764,4
215,19.515460705899994,2545.8512691020405,169,0.1727161667981804,0.05232916918722677,0.7984411948430573,0.01293071339201436,0.006230040193560627,5756.025026484151,104310.01380828506,4.048926260997569,1.291917870925141,4
244,18.301280559127086,3707.4416771095957,353,0.06608531079348512,0.03472945212376087,0.7854405807098117,0.036486292112812624,0.03225281030012859,6602.1264576650965,173595.8577083925,4.563729761232505,1.14997387818279,4
345,26.05968227480342,2216.8919334607144,128,0.09945911093902109,0.019584254631264852,0.9100840229988527,0.04275683859082974,0.0011124513567174145,8015.690760605524,248125.30812107518,4.759514679513405,0.7850035313239643,4
203,26.28818602954774,5531.743529575921,161,0.03447386848757841,0.07828457779690885,0.9395262416979658,0.013035498110993849,0.04756989030208114,6953.934516853567,267972.4879456073,4.13341774000033,1.0921889922055188,4
253,21.633120573603417,4612.267699551143,120,0.1409452704159923,0.016891622609300598,0.91839139797952,0.02111887482690915,0.0010001401179376868,2490.6378356172736,168106.85281217843,4.380290523461903,1.2629751226813972,4
162,16.701434370383556,4440.9006525440855,308,0.1338183646715478,0.0675695120431814,0.8304811997163676,0.025856145593399632,0.0009323272418019946,8830.115317879554,263797.3703534346,4.421466676796298,1.609331090872279,4
241,29.975416275904305,2983.4953030202378,482,0.12802440505078383,0.09535525098919387,0.8453417659025393,0.015543333457991904,0.00678572126657665,6925.918082860169,258264.19143486445,5.1716133656452,1.4954047885610913,4
292,13.658322839792548,5140.337765852662,394,0.129930654306182,0.09095577984900756,0.9404611880608706,0.00621858175868642,0.04794829936075677,7880.2880893378115,132696.4492518704,5.274438933438551,1.3824888874535641,4
193,24.39509768371061,5343.5957752108525,371,0.10273153719735585,0.025518669769177514,0.8129176218983778,0.041546072922965326,0.02570811211791499,7485.015717995784,198420.7019990672,4.988768491764657,0.9493681573666766,4
217,25.178315420622805,4769.578742371057,328,0.1761067396780767,0.08813551466658234,0.9013519563943801,0.009793117390228907,0.025607446339277164,3389.289898696589,218419.89192946008,4.10995417034817,1.4697804874141989,4
142,22.103323814520568,3848.3385676488265,427,0.08668879974104506,0.09701542208035384,0.8831169679355371,0.01041981168148435,0.037954601009914976,6427.442904030955,170817.31966975305,4.47953552150472,1.6065512334423273,4
320,22.57232848596869,3573.322396858364,508,0.11072418450036162,0.09023802131012931,0.8161873765160469,0.02074769480030275,0.0025802749936858107,3198.9817901028473,152941.64558827155,4.329848265612557,1.3800028255675652,4
178,26.46396458661608,2216.6413728529833,380,0.16275011317146865,0.043976796695953294,0.9216248595388177,0.012230257776613962,0.0052475800876382594,2317.9629747175395,271860.8737969296,4.255029141076322,1.0707837867717773,4
285,14.041877209886081,4541.728532279149,500,0.18336998088753909,0.05036438837238833,0.7659522537250782,0.006201593907888531,0.022325030081515443,3815.5711161940258,138612.17008096352,4.60001606085885,1.1280076412339457,4
281,32.47442035470763,2879.4333036952858,320,0.10556435206153296,0.038184554894982556,0.7123420451047425,0.030712660365450697,0.045474488122116026,8386.776846517754,193199.77378431472,5.057832521532977,0.9649661137428628,4
323,34.22233506879073,5279.31985563861,433,0.07634454970287916,0.035816889170599664,0.7718281021884433,0.014262986123305111,0.025121770319663783,4206.832469970202,189235.29563778004,5.102974140996752,1.1461251255117697,4
305,30.105864203246295,5378.7058197835,134,0.19359152196385235,0.08056073458196485,0.8428594597934783,0.023286547295708795,0.02787863257353,3826.026375443933,118330.4532756377,4.195386944184345,1.6582975869370726,4
315,21.688759861489054,2708.926566769459,277,0.1314513786559989,0.04156590415518666,0.7894142741447692,0.0038015675980933197,0.03771905544071814,7319.021265919651,203382.95363582863,4.270349194684725,1.3219902752962749,4
99,30.141626154954125,4181.08360961004,143,0.1270658140978812,0.034998689416518326,0.7100491414881692,0.020452059199139717,0.019921399785976235,7027.002159095799,93003.3291375413,4.968324754965724,1.4223514859631028,4
245,17.61582172723618,5914.273862457348,529,0.08670047217084469,0.06915025679796918,0.8096370978191535,0.017097823304620046,0.009014669401119686,3242.0506166474383,208903.47740523075,5.223932570480579,1.1298373012531795,4
86,26.51984996141032,5568.6502208471165,463,0.15965758124210977,0.08755308498604604,0.7110457485770323,0.023320752393045704,0.04277336001379034,5908.463130186573,77309.90197830429,4.077909002872526,0.9455148459593411,4
227,25.45302916885018,4742.668051234943,305,0.17016021185845576,0.017001696803270256,0.8800021119924669,0.03826916277328659,0.025093210700041287,6059.299460770991,147802.48778596948,4.4086656271793245,0.780349796166745,4
350,14.341453289281482,5422.330461615592,377,0.06655619269094526,0.0965495449327229,0.9362666277493887,0.013834091053080939,0.021319261221774213,4046.1045060842994,127410.78424069614,4.5832804862600955,1.6233168146983488,4
331,26.785232689787748,4204.339869936181,381,0.11276633377163134,0.01000539343997666,0.9161641608064434,0.03665388285500942,0.020580437183341117,6632.745712149659,248869.86935164145,5.0840619996072345,1.2475600949334957,4
145,28.28790523204604,980.6958420269771,310,0.1510425152081134,0.043197409558076015,0.8029280341668816,0.030019944752069896,0.01874636226027305,5592.629258496372,196141.31729987165,4.3590942996280475,0.8640712671084972,4
189,27.908074865682565,918.405366115082,212,0.12762276269304146,0.026734223251597307,0.8268439216351542,0.014288632145287618,0.000867454080114416,3803.324255607027,165859.313679412,4.314559885934623,1.2350299211020097,4
159,33.036392767563605,1242.1352087871871,148,0.09027406566910119,0.029465331202822583,0.7264718283681588,0.01942748888436572,0.001611575971665602,5288.785062836139,159234.79073401738,4.316726779022651,1.2517632930783984,4
116,17.826600182332157,4639.484932849649,376,0.08772931321339408,0.03350351393944506,0.7897696842210232,0.01512227834299721,0.006410113723077904,3153.4387168039634,193255.67914351996,4.366633782044389,0.716687012687497,4
155,33.0754500002128,2052.243778808149,378,0.11174464203174225,0.030309429060274687,0.8072046354236726,0.00410433617877608,0.04578883415003077,6710.101910216403,226052.0820995296,4.5281734327800995,1.0100937971895274,4
324,23.01851769504149,1387.1113735386248,166,0.19479366782757998,0.09268059248463958,0.7229064595076796,0.03371580026593003,0.00043313396772527436,4358.458784979883,142255.37034147218,4.347796468965058,1.644676391560546,4
284,29.766258718970665,3626.0098163414395,160,0.08937450338681308,0.09557796378418855,0.9806994978947077,0.03879100998415215,0.018233995377158915,3008.0702498191486,86164.02318754088,4.715490546695982,1.027868352411145,4
99,30.603455970277903,3564.8238081358495,481,0.18065276015669726,0.08142878307113001,0.7227928688749828,0.008540456731291708,0.04989795556440971,8850.28404817565,132664.2572836675,5.049946389902219,1.5395032129220585,4
126,20.666165326509308,2660.3253764307633,437,0.060228468824717926,0.058423324290648566,0.9827392135273245,0.004855044032483047,0.011016962420586113,5633.953040002831,270010.6598870958,4.119209814906501,1.5915286043023822,4
91,28.84381059762988,5963.037908822281,392,0.041055211419247985,0.033238084151993516,0.8155538451427488,0.012955785590088094,0.03517887130629282,8870.61312405987,98070.8663805312,5.189146266908065,0.802796343633066,4
259,25.207365487934176,4697.270335927895,243,0.19627273537018836,0.08622925061495595,0.9521249463877732,0.03677527640899306,0.0050802425195980334,2255.8623709386216,129166.85666175395,4.613836470812436,0.8931919552027584,4
116,34.773363411460736,2408.1869787798696,325,0.044980582396902974,0.03245127236505054,0.7997020450591753,0.03205566605789902,0.01812216050765559,7912.619164501217,269499.37905229477,4.416946107078299,0.7389914452270366,4
100,30.59474912336597,2413.8460640038543,350,0.10496168286040475,0.017915580797602807,0.9136630112673527,0.044685166719351944,0.030831945314935,8193.595508716215,149598.76119586645,4.798084793342191,1.0030791704628153,4
230,19.354633498953472,2974.563877889915,549,0.1503464714696036,0.03136427877424741,0.9400660245986882,0.016276816274208322,0.0443172612427085,2661.6913381085933,182839.58705690608,5.265879499456962,1.2976358770654515,4
120,15.251258644104166,5687.6737686303295,426,0.07537311492868769,0.023743081129766072,0.8250928133132741,0.03422179597691971,0.04674678058107333,8404.999229929941,236812.1119041393,4.029780174383196,1.6716989629316443,4
265,34.590654184941044,2840.730459385445,435,0.045858185611186854,0.015298608620207299,0.9261266191784775,0.04201011056073846,0.035116002979394115,5590.341333914006,89131.24378925715,4.863399941661032,0.8339976176624134,4
133,21.303450400513306,1621.1163150426485,542,0.11558782709583185,0.02133512469884042,0.9061042243623405,0.03164098330235191,0.024961067496180402,8480.668793572959,148463.85670833162,4.8454985411227725,1.081028844681815,4
265,33.955879683481484,1055.4326556496205,219,0.13734262284687393,0.05469124124619491,0.9398892863073915,0.03542082089422282,0.03728776574279451,1880.081499262834,185114.67420076428,4.180898000751908,1.4996529686014712,4
250,23.32236219926658,4776.323167060413,402,0.13664053602141932,0.01442406820737814,0.7603710222793385,0.007288362842241503,0.00233132316178199,6446.796798402509,161926.56800770148,5.098870742675146,1.2588567580252907,4
322,28.905369467756234,2195.852019681137,217,0.12460518724265476,0.09453480475387496,0.7434244154618536,0.0174824077965216,0.014762079095347642,3141.117537669588,217788.04912051893,4.0581046814511526,1.3768914162803396,4
332,32.34543238048721,4994.492925531034,131,0.1501044972841226,0.023267786891888645,0.8895256644809063,0.02580042198279264,0.0007967799179306678,4536.744066448571,123367.94794747214,4.037283890884766,1.4912949169822247,4
163,18.029390300022477,3034.396076904206,303,0.17402372405733246,0.08977679955169221,0.779047002906699,0.04773096732968227,0.019956969355266557,8854.057767766026,272528.5744297086,4.054155463974343,1.2795718135185075,4
201,32.02436722754632,4136.278039691224,493,0.12935202051594935,0.039743381509249234,0.8176427713698226,0.034390534929776666,0.010211885733633175,2475.132173926952,145564.32688556876,4.815106483498938,1.0544191377715406,4
138,17.07282438010675,3750.2064057432003,391,0.11647204978426419,0.05594053700455856,0.9184015733303281,0.019045848156360807,0.02127839799868202,8874.260128747841,274862.1256272147,4.810472421187641,0.9376549919997818,4
175,20.95511499164286,5790.806103256201,333,0.14001623520073353,0.08965441736186332,0.7414156247154158,0.02957890928649533,0.04423604387349793,8944.489168400658,235860.1632708424,5.128577000287089,1.2560125737055432,4
74,33.208412978255524,3358.1714610502872,421,0.07710601488589908,0.07779126204736148,0.9707652379919747,0.003982074839497108,0.0288708938715602,1911.051296763846,171966.74185744516,4.269508851528557,0.8212531980866787,4
201,31.707271493076494,3557.382526196565,528,0.19835583299473247,0.039038692978670735,0.7737675642075825,0.008424422126538461,0.035912905845618924,3886.9075463554705,76151.92629103878,4.924687286313857,0.8220352445514163,4
305,30.60421887753329,4628.492666361302,305,0.0696709343962098,0.049644978504874725,0.8682382752881239,0.029426197841170072,0.04413524832314839,8692.651931159191,149944.6648681988,4.279568721588598,0.7562954531615484,4
239,28.76039557221861,1543.082343438943,493,0.09695334400148799,0.010704388191584903,0.8669779567178655,0.043226573433925546,0.03795695957432235,4708.887155844166,197893.68820427742,4.972679068157744,1.1138715254866565,4
239,20.739950484347574,4270.230604418915,423,0.1814562137302446,0.04308039642637113,0.8990598423911506,0.03312138860478853,0.03317748501359347,8082.990765411581,94947.06135703748,5.178103179590214,1.4169041450062494,4
70,29.483140830477026,1464.9936026886544,231,0.0562246097753181,0.04361649519853423,0.7125203246700531,0.04491388854010151,0.02571196121828558,4875.076167682411,220048.47754214503,4.885960860734866,1.5318031387210287,4
318,32.85290207280663,4159.606887590633,377,0.033140257402047596,0.09541810598917402,0.7835625640838171,0.04008550813483598,0.01094054411337897,8809.675290699048,221494.5258331285,4.746891751312389,1.530950897744607,4
313,19.698627899370074,1304.682017701567,302,0.138150322616944,0.017304485249419098,0.8432727724068847,0.0448611555042166,0.034183953623209744,6905.6587455736235,191934.0608885274,4.206232935196873,1.2029463745655136,4
320,18.314373644898293,4513.541402164887,261,0.04478755119729456,0.0717248104199268,0.9117262273343955,0.01455662994486558,0.02632816746300895,6724.110400592704,276207.24845141044,4.203437379428037,1.1437627965452561,4
131,31.297700697246295,4224.759963161223,524,0.13490631941854334,0.054371779324085046,0.7771515660017247,0.011200987275027042,0.0306564272963476,4360.2675204525785,130024.58092441502,4.9977540788475245,1.4786497297981835,4
293,19.145651678700546,1469.1210204215674,326,0.10490195132789039,0.0638966582596981,0.7712748540983319,0.03613128513393412,0.04567574777042268,2158.706701347355,270190.9387516966,4.456251137385647,1.2043168128891026,4
164,13.40358784948748,1462.3121196002749,521,0.0625841139429138,0.01338752342557559,0.9275802800128046,0.016364050870987475,0.023769999165910362,6402.970119697475,97961.42937863056,4.36501641637056,0.8262526998246127,4
213,29.46446458588059,4938.589531183604,230,0.08190264076955522,0.06965366597487192,0.7502178962817728,0.019078520093191345,0.02766486072868849,5887.62445244709,174378.00324398495,4.330251697947547,1.3549068294030266,4
95,33.96310520846167,5002.768349142511,379,0.19504081015072489,0.03471348696000575,0.9380901639252482,0.009826753627504903,0.015000605044345845,1836.0580125326226,244471.17677296023,4.433737056937867,0.9191735613244292,4
193,20.618742974660485,5393.835836556675,324,0.09804167209379355,0.07721837374372284,0.7312980620455978,0.017296027886232735,0.013060734522553392,4801.1678631708655,63469.953655533995,4.318562920849783,0.8542410618997829,4
271,12.94076692421919,5441.707792362824,368,0.17548465062264348,0.09382554864359255,0.9474086224821876,0.02014502943791153,0.035025757229993536,5369.562782194002,70577.12017303563,4.432585332350454,0.9062101393572071,4
223,26.35317029198906,1221.12920840186,426,0.14744857054976143,0.07395376129272882,0.946303496468369,0.01745120823709965,0.02222237428236226,6311.069097097997,210216.0810961131,5.0439254339911415,1.0644307608743235,4
91,15.926387344044812,1336.0056995253449,302,0.19487449597244708,0.0750389377008827,0.9549374486163282,0.03245039837003905,0.03281796433683781,5810.996188003428,249396.9804369974,4.875650903182221,1.1539887408925897,4
233,24.627518454130545,1355.6381453748627,201,0.09566714935754843,0.047510648991047934,0.7652632369303547,0.030366996068798193,0.019883248015378604,6417.703673887172,118738.88524983599,4.972904781356835,0.7025276872948633,4
81,31.117358886088773,5133.693618709659,162,0.14327163661135006,0.09043395489925063,0.9090902058098866,0.046907920427640866,0.030357493648258013,2265.6534499213894,166320.3866960238,4.481422877230333,0.8531767366274193,4
211,18.875512638743807,4946.673770731513,429,0.16272793194715626,0.040514789361810535,0.9016552979506036,0.021472201838215018,0.013779631860521625,5698.783180717152,174402.9638696745,4.874853012620957,0.9445371860068235,4
242,27.24816253124463,3326.930542199148,345,0.10564001853647398,0.0415454463968514,0.9340395882410688,0.02911744598220678,0.0018350204383614623,1934.942759602086,131751.60070254147,4.942869451616587,0.9633239824223679,4
177,26.68888194272608,2460.179797824778,512,0.10342459441197953,0.05236755579078081,0.8477887580585075,0.016814280994170684,0.020526361391210213,5858.476540878368,269164.8758276558,4.943701180841585,1.5300684286822572,4
206,29.656680130118914,5278.838365359109,147,0.1127690705570251,0.09519480709322946,0.9081800779126382,0.0149229082707796,0.005627665052478842,3315.6652107207656,190623.31901519618,4.606607567984508,1.6941093478422848,4
94,14.52516618989851,5743.707831192255,449,0.07288439302592292,0.05093687435457664,0.7686148556318128,0.014386820277035813,0.048047062852543086,3530.8219490582396,75786.4421613692,5.162760367669479,0.9624149448740064,4
344,23.126401864516087,1782.0387795360966,307,0.10961073140447679,0.05504333667687314,0.8203872596947007,0.005193119579274497,0.017130439829216703,6466.736088381018,220870.34821103216,4.634137390566817,0.7952306791656307,4
343,19.56237719310323,4208.3766200234895,359,0.06637943487858522,0.06986721991201225,0.7454945949564589,0.04303517086229002,0.02682033381116336,8760.514964794598,136893.984091217,4.0229488349272815,1.4752469902794887,4
246,23.17764149738296,3948.803729841117,546,0.11292585135669495,0.0935169442381163,0.7293163157707924,0.02043920807631759,0.0022155654264181647,7469.3867986281875,260188.68026732406,5.005436156554582,0.9624914171402889,4
130,29.863976936404292,2993.777563087536,242,0.06627884176435171,0.07624558358615709,0.9361296071760284,0.03190418195052135,0.022201979533538575,3964.1976902734395,162303.08415284482,4.327109474097053,1.5068637743063495,4
297,26.57276611384226,1389.6815955480606,493,0.19644233006059383,0.07024968700921572,0.8467419357307946,0.04046787463375814,0.04102575357762515,3568.0096672042655,123986.16230030969,4.722762308672736,1.4136444324205943,4
244,34.8779618811609,3542.8278679819873,230,0.11488333224953051,0.03550610209671927,0.914165399446897,0.020121097951039526,0.006133060329213547,1982.8676564614261,193866.286288366,4.504795155905223,0.7192949852185925,4
305,20.002495990416538,4356.802988494358,457,0.17388525282355638,0.07821806430397492,0.8314988324412063,0.001763294614895139,0.01916088069230762,5924.005944223395,202165.26776057683,4.747011261012231,1.1888812045976223,4
291,28.116769445984037,1808.2996868730495,390,0.08314218434206193,0.07119136600798377,0.8193605405923695,0.035181780962681694,0.005492098163538095,7546.511008062882,187226.18966022806,5.014771542007148,1.3645824726646931,4
287,22.238901333820056,4351.965172402054,300,0.19969644213952203,0.08115280418514659,0.8460421122607377,0.012007637831574087,0.04395957353480411,7528.202141549661,214710.8125387236,4.772650261445157,0.7454754418808949,4
99,22.45245515514913,1577.481018925385,395,0.0664477864348546,0.08011813646319306,0.9901115966147882,0.011524196639971973,0.017270297862691,2566.587446806038,102646.98367312687,4.009491749828561,0.9721049576220029,4
94,25.88282345061151,5544.955412090411,278,0.05804464402589807,0.06717276057510108,0.9926742023553398,0.011335549292047793,0.02025942908639678,6641.079081928472,109503.50857528008,4.623719290092198,1.4718909138976035,4
281,22.157477070975204,5082.936646868576,152,0.19161798885513615,0.03412271132181886,0.9889796525739432,0.00980086054786804,0.03838219599953077,8808.4235371455,206863.32540527623,4.86345102240901,1.6141729806086191,4
186,30.505632477825294,4848.314958865498,343,0.17339175345010133,0.06046478549568598,0.7460102924477277,0.04121810347780208,0.02568330808509375,8815.027884532254,135395.1290244195,5.233158606210063,1.3693884537747543,4
191,32.629315449130345,3301.4653170844044,422,0.19081587921791382,0.0736787793789531,0.9399757900870804,0.007074522929771227,0.02532899449169015,7297.828720258532,145874.84832418058,5.220666632490278,0.8036862290535914,4
134,27.46104029531567,5780.261750521009,527,0.16638544722096615,0.01680029521693936,0.8879868961669687,0.008319563166153177,0.04333685940469306,7596.748890867812,78173.84170830277,4.140667064944321,1.1892318754622198,4
349,25.05500159068898,5890.09474104947,290,0.16770203534646605,0.08786321630740208,0.8182943313794114,0.03791116355314072,0.015923660044187656,8739.079388242682,198418.93045906283,4.354702901026644,1.6147135568581634,4
179,16.15985987052357,4400.8480889853645,282,0.0776278860024343,0.09320808959660666,0.7328126308041183,0.004877787007872981,0.038623269903485684,5632.72903556582,247000.37366295722,5.176610735842346,1.0426088622609382,4
179,20.787070134218236,3195.741818522358,381,0.19428309025696927,0.07184345007264219,0.7433153444333493,0.010303876754871334,0.04127647379341272,6432.971345537155,82058.80352708457,4.771045620600164,1.1445591631345549,4
289,23.798793993300862,4879.647145484065,394,0.16236103596260787,0.03515124952477202,0.8489965251217029,0.00401355931914254,0.019100092228785417,2768.9694731969385,66138.2841180719,4.0968510511468805,1.3618758478926685,4
194,16.56150418957683,2550.580254655414,150,0.18289803234164273,0.020016289253626522,0.8328747663698731,0.0270851329740356,0.04557091384722567,1882.209019424651,60356.275080105705,4.626188316509013,1.477710731289481,4
219,22.78039505245213,3362.813452151942,494,0.12741169200685926,0.09922461187810382,0.8984200745784017,0.024158423928726688,0.00542036889915325,5712.9341968008575,230605.5143647422,4.490381377843734,1.4404626056827614,4
261,12.059423924335878,3047.44540778137,367,0.14713728958753797,0.015911239737911337,0.8248107944105754,0.04792305644370956,0.02494938267293638,2100.935819968285,180032.03299031832,5.099222105525353,1.094751865870611,4
95,27.10572577935085,1425.187963657973,319,0.16836680961870765,0.030013330757800112,0.7678564635352377,0.041355508815976334,0.008091763923735408,7883.644561030609,203955.09207450913,5.034598855084087,0.9567026064899434,4
289,22.74716810782063,1456.860103480472,433,0.04416347323519935,0.013330447517790748,0.915377212851213,0.03423431543735098,0.011534549522856659,6708.461542033544,145118.809436396,5.18523954767901,1.496084678155211,4
86,34.200890622920355,4568.522485488959,504,0.11271226390957384,0.011391923134417267,0.7895103397906311,0.016814653878789665,0.0331001840524558,2624.3472060353038,271492.1789702793,4.585817139502467,0.7530802989258082,4
105,28.960037588012636,2806.194829561796,413,0.04697297760792668,0.045739543955119755,0.863448752780709,0.02897885866137588,0.02322734369132097,1877.5774488529191,120999.84212617081,4.1532254051338375,1.0321138465573896,4
196,13.540648160593998,2169.737914590859,323,0.15386633242333697,0.08028629674551359,0.8022784321440768,0.008593614921543414,0.03979451544711265,2812.288919497072,84877.95198826188,4.742802807356877,1.6292222466821316,4
82,24.65926772564871,3501.2247266100903,307,0.1647534374667596,0.0562959146569804,0.7424693663377452,0.042152117911002214,0.03017420777376928,3232.704776253244,278604.03255352814,4.708807294815983,1.4560053356251534,4
222,16.418855068804234,5179.900061860261,447,0.04405609176102647,0.046742826495974506,0.8345903565868282,0.04426947526761785,0.016313571054966388,2408.1194121847257,128529.6476958381,5.19375915698586,1.0773817835294466,4
181,29.74423156586406,4500.694021286979,182,0.03441971114973655,0.0246631939418347,0.7244462392574359,0.0023542452258416115,0.040390358777775345,2436.67531821058,260394.06954852908,4.317906523095204,0.7867805523526429,4
239,20.455796769292846,5752.713587413791,418,0.1501107296494579,0.06096352332857979,0.7035803331398931,0.011027352265594438,0.04040130665837485,8008.724620497719,159835.07411176397,4.640616498199337,1.1929442188251458,4
318,28.08295387489342,1880.4524605464744,296,0.099836937077745,0.05067111240088881,0.7170951796172225,0.028656471261182717,0.0036856931185608624,3626.2742709558306,265229.0376551624,4.496582894073848,1.029959601858427,4
270,17.827510650754157,5026.671977210649,509,0.13788070989626236,0.05997525604928806,0.79622805090733,0.011953389811597033,0.0192592429215519,3663.846880422412,226331.91676897966,4.58960918108488,1.5327283367791162,4
304,22.690129227268667,4302.878919403808,151,0.031596289768230416,0.035183378608522275,0.7930492020948172,0.04708711652240485,0.03280275346442744,6943.725117331613,189166.90704068824,4.930770741340223,1.3763223233448145,4
189,31.383446520869914,4159.169047244253,361,0.1592517215026678,0.014014648128212948,0.7677394841098347,0.013209833048337739,0.03956225567318457,7188.601353516905,218963.71334466912,4.586545388648885,1.6124088865140829,4
325,32.611150633845895,2246.5387990488016,294,0.04977276692175771,0.01002900628147662,0.8628535440882432,0.044845251937705756,0.04293926248073175,6023.87040693304,214200.09368743072,5.278184662538959,1.4253617927580535,4
181,31.40503779569682,3661.1466174790344,296,0.09579284134001084,0.0870801179161777,0.9535376540336983,0.00810989681022195,0.0025732183661364596,6079.330736488428,246716.2043482717,5.15830056459521,1.0598786355378362,4
223,30.463164374070892,3009.1384160740013,180,0.04788164934721169,0.014610248905200596,0.9860089473275009,0.02880651707673686,0.019610235209268856,8144.012391842454,139652.61268455238,4.875694191203517,1.0510932953531114,4
244,22.610698420157544,3509.8539537407405,524,0.10750585232517955,0.024977745748058736,0.9049370443298262,0.010504415741578966,0.025345496214126552,3732.214608725666,277575.72956134414,4.032147850734557,0.9032175330815464,4
75,26.003666666685227,2214.8877499912314,470,0.09463834866756353,0.08724443406908759,0.9224928976972304,0.0005703891973387332,0.021693662695197798,7009.667314953773,220361.0531348065,4.2365952096791535,1.5655019548077718,4
278,13.556624643691844,3548.9551311307064,329,0.16290391998839704,0.05287220428168254,0.8874387199450948,0.04311510676252071,0.04415759684171798,8210.668665802103,156587.23183834212,4.4869607985683055,0.7408802088861824,4
175,25.098570682071287,5454.708581489428,328,0.05453356514842992,0.030053900813536462,0.8405307574330112,0.009186881363146654,0.03727145970161896,7263.354845673941,157688.634658955,4.871103938079789,0.7853989798961141,4
294,29.463655870276288,5940.615546134942,183,0.05210279527427828,0.06373665375821194,0.7517173801081583,0.033034443778162365,0.0016241011794159656,5685.402218708527,258221.36658202685,5.191172681885233,0.9874196261295395,4
153,17.33205046824831,4390.49551116204,517,0.07111558488622738,0.0809014173066525,0.7647025382893888,0.029469331327480752,0.011489262153294372,3815.445509027046,64962.68669701799,4.521476240893557,1.40836911268232,4
84,31.193924780992933,5754.857178278417,313,0.1262197934645028,0.0976880493258916,0.912315384804977,0.03400254730773354,0.00011530570642152572,6206.198877657106,203960.47956282826,4.247947945023556,1.1376460279351899,4
270,19.431730098323108,1616.9314544931576,276,0.045358473309962656,0.05552634821032814,0.7727320301884283,0.03577012264529031,0.002428007510679314,7455.383118646511,249526.8942925727,4.34437141515278,1.231062512738863,4
242,18.607173466900626,3342.269958386936,294,0.07171951821541599,0.020480311934398046,0.8735971867257755,0.03767217239911433,0.039977850586281026,7439.779830504963,116303.51496248014,4.470742998682574,1.6630855419562622,4
143,24.176367524636603,932.9530980610529,246,0.19565251071372095,0.046917737636059054,0.9980073652476444,0.04853114863187529,0.018258176122986275,7565.143598728015,165527.68023735867,5.117531789557681,1.6511965768357864,4
341,26.66345764021174,3177.8136720971606,323,0.034660213927813203,0.026238362966357842,0.7686054655658603,0.02950458673795885,0.006503069091135189,2680.8716788408624,255297.03063171628,5.192169126307194,0.734182659551236,4
117,26.292938197279668,4557.117328853842,286,0.12523105158074377,0.0968012259701156,0.9767510932881702,0.04757102600927149,0.038784292555112315,6565.198595437209,178788.02894386795,4.6135679396660505,1.2244834704453962,4
317,15.668030002361293,5416.294759131315,374,0.06450705774487764,0.08178229401238339,0.722886599417623,0.040071938618088304,0.04027828846488713,5885.164423350319,235384.78128546625,4.225785487511459,1.5174341478429754,4
312,33.06140984840884,3844.9310250635394,278,0.08107090003434862,0.04843992628716512,0.7703364346802937,0.0380120855505583,0.027095099000896468,5447.220558283705,163621.62456652222,4.025201978694169,0.7785808913527713,4
91,16.112341181357458,3387.1079146289767,293,0.14641170616059723,0.023505669344288882,0.7063606667827209,0.03405528074473548,0.036531126388649755,6523.801736648681,60797.81933202738,4.940106050325044,1.189098372763785,4
222,20.431202603754812,2285.1140658616905,323,0.07682255245797812,0.0548460295480211,0.7412467233655196,0.04324441801614168,0.0034075390754467363,8052.794939234338,119193.23034043581,4.539568149083037,1.5744461496656204,4
233,26.955380901795575,991.3228852867081,170,0.09043699219144835,0.046517840335407366,0.9041637813400155,0.022365824227356296,0.013788746733520247,7741.703870637458,110558.59469546865,4.937703765315681,0.7554021632766831,4
343,32.896595847912494,2642.4372486100247,496,0.122284995603865,0.09449660988487933,0.7565917921103459,0.00066984130921397,0.048379766707294845,5455.3580020137115,168550.47860135825,5.172712922165394,1.388794482912054,4
180,21.15161801355258,4506.810792429351,125,0.10246159246806533,0.08160588672692483,0.9593285856983417,0.01677864918315195,0.048891162348694624,2905.409962308883,89608.07627658473,4.6310545287886296,0.9678910996133581,4
342,19.871537011145463,4488.843549851979,437,0.1378255290407805,0.010627058957583008,0.8094947748876024,0.0361183438848173,0.02827481382797862,5373.730423949597,275867.64399964456,5.268060608419802,1.369309423358995,4
84,26.200778841748168,2687.0275436001352,412,0.05221828816724888,0.0207242259111607,0.8687053214491994,0.027485434608095355,0.03604352524609552,2709.5605858831073,109905.83639671677,4.194212981763413,1.2651020441201573,4
71,31.120836326323506,3834.280472263474,221,0.15817164369691109,0.06269415215136057,0.851656259957385,0.029669490050334923,0.0051570312468972035,5655.788914453975,266339.88752185716,5.181120565411003,1.614485591074183,4
133,13.778482644820176,5195.82103994611,530,0.13274086251711215,0.04992685718458424,0.7847267238830222,0.008243684088288078,0.0009698632747075497,7470.418084858714,133534.30869212587,5.217216197381449,1.0027039296626383,4
126,34.88313752568868,5812.178256212489,213,0.08083454314931504,0.08296324165237665,0.9480177549382087,0.029141194526868093,0.007922566080644289,2738.0595452335074,192283.8285382111,4.67227091046705,1.2454136001894964,4
105,16.089796408330802,4230.990012236194,525,0.1855387353142393,0.07548555203123285,0.7706903310710004,0.046200213449360455,0.02171216335456075,7483.706820903967,165603.62039362814,5.1464290527771785,0.9578829772551877,4
167,26.613196827705814,1907.5201407916047,295,0.17618775100805695,0.06603723101844054,0.838731949446109,0.02477036832451482,0.03018006457928056,8042.469158098254,139618.69615943462,4.143412935278013,1.6040035784699067,4
227,17.124410640966325,3544.4896386519063,466,0.14009020572388026,0.08514260466472992,0.8840150011683765,0.02856771798687996,0.03814496018219021,3430.039801787708,264181.0725440607,4.8414563002019495,1.3407074130835306,4
134,18.739264270892043,3864.030110144126,334,0.19337148881402605,0.06638357939385926,0.9162984960895164,0.028381207692280586,0.000474188328313635,2273.871736350964,213780.37778998958,4.627807991180352,1.177882254236934,4
135,18.623629035179064,1755.7423306117914,315,0.14806888045717032,0.09721049437260959,0.9499868135267966,0.0062945374719676934,0.013084952754489837,2907.285990152268,67271.65124253354,4.536368805292675,1.2995953547278707,4
97,25.694953743300715,1331.0957488488052,257,0.18690193668850746,0.06665761528692257,0.7175942225285712,0.0050127899940199784,0.016604387442882534,5160.679055306561,83921.30052841453,4.923967773823019,1.4521421273061246,4
164,30.850622007194307,2919.609956329834,153,0.07396619248038672,0.09640014483008917,0.7984776446694973,0.028578894201538863,0.03939797543464163,8127.374464891727,199509.57070641645,4.678214364094018,0.8258737215281003,4
184,17.000835914272834,2582.791595274054,390,0.19745890882077438,0.034560764285577535,0.9403382062304948,0.008179195284066581,0.028760428182297945,6389.074511416041,243494.1041072142,5.251675335989568,1.3473807227758603,4
235,26.178506281948795,4390.398634364727,475,0.11182091298608353,0.05289996699804465,0.9802717762047499,0.04914690567288983,0.01245981561505965,6084.9250327283835,233721.66452659934,4.216013315026902,1.469148021286545,4
153,29.060338690336657,3271.3638612317272,519,0.07016719422084305,0.039200252003623544,0.7128118188374554,0.010139618494827125,0.03025569452448473,1914.474458526636,68345.82980496898,5.262806678764533,0.7556021215939815,4
223,31.375818002413958,2973.554094467489,550,0.13963660540431666,0.03709954197040504,0.8354830298645156,0.024444525781802662,0.0421017344063318,6880.787264847602,129981.75574211532,4.856256336121578,0.752497489112605,4
215,16.048830514772575,2167.779936173549,325,0.1352713441383882,0.06388219023439841,0.9172355160981329,0.037496251263158455,0.03673536793621925,4988.69735332299,140010.64657057414,5.122004741787398,1.6460892943360235,4
185,26.30537458895457,2459.46280416388,238,0.1462646825438489,0.046022096297691675,0.7057674160834624,0.01597323598476933,0.01060058390324627,7400.684523861524,189792.0786613808,4.2381921181719,1.6913422218627454,4
247,16.013902014552322,3290.930334817418,475,0.06781345476838618,0.05110062411301972,0.7744359914077121,0.03990717821791597,0.02554706338741183,8221.94401616952,114180.12801060555,5.214529882563818,0.9324434539469644,4
244,17.716698553179498,5480.545675569116,467,0.06539254098073032,0.026270966520297714,0.7690008314470215,0.015511307903182081,0.04225669211846343,2898.194662559523,226793.65563872218,5.21342604331335,0.7216388004537003,4
345,20.609088602588926,4544.354798470082,354,0.05673803038406374,0.03175547659928824,0.8040522241104149,0.0162098332926089,0.0036311456560198688,2147.023833570608,114678.38481612402,4.171689711694789,0.7958375842783866,4
84,23.211894968898154,1357.8495298680016,302,0.08512525134410441,0.08732795145272514,0.7162416960387792,0.029387930764266164,0.04831791716321302,6365.159332627071,213618.1724929213,4.355397687088334,0.8523126132440638,4
223,33.76497631401156,2905.67834569735,156,0.04337835960786278,0.06585848408985324,0.8114007230393862,0.018613076901380317,0.004380069349555632,4109.341687519145,172352.18730697455,5.056459910022253,1.6413803032511032,4
334,13.733457464626419,1364.7788562390995,247,0.16979024161497608,0.0759484037580682,0.9657778099445835,0.04517093301613686,0.017464826150051068,7149.042278581405,220429.7179839638,4.403078492690716,1.6609980006063607,4
105,26.17881907074052,5359.879526490534,176,0.086640866083213,0.05474911479092342,0.9269351407454736,0.017897115832633394,0.04746969272243845,8237.782605805294,146313.01175872528,5.036804396657633,0.8736776453166635,4
333,26.53148312822497,1570.4507291419359,262,0.09962852807212869,0.011570448693563037,0.9351501951305194,0.006016230488188762,0.020525866424339963,7886.706332377596,76375.36576164678,4.870499266940286,1.236446725257733,4
256,32.51087804745998,4552.206606463595,241,0.0837102650280443,0.010833232169300846,0.9337311357277092,0.02291007169925362,0.04697738851351945,4051.1581264365905,123615.58999006005,4.071155441617295,1.3071134028015807,4
267,23.522421319779312,2728.3467390014794,453,0.10140457474633971,0.050085332404465395,0.9631793366611296,0.015303596924933589,0.03429193094960298,6787.658802742782,152940.80604072893,5.186775075742998,1.20518637926901,4
89,14.513998597972247,1301.100963905076,265,0.16009938447350824,0.04758380320628043,0.7288140949224958,0.00250275795634074,0.010827452167829765,2871.356221260605,242832.76314256887,4.6817785013548106,1.2572681285304068,4
345,25.659626579015352,1095.1510029535195,529,0.19554791049876294,0.045166524641811305,0.734374053893701,0.046913534865928065,0.027743129627035082,2619.948045424735,272714.7861705449,4.615071819126889,1.2356567705710164,4
250,14.037684642755769,5068.231086386462,300,0.18854140632956395,0.09378673228345519,0.7137237794541071,0.01752586760659162,0.0017592283564948853,6056.7267205493745,133495.70422260027,4.520337660509117,1.2568043406032237,4
152,20.744451135460714,1798.095774445143,137,0.03204535865380211,0.09543217535352272,0.9143606971687268,0.007829649680898337,8.88801082977786e-05,6395.8934775092785,181874.66595096263,4.875198434810295,1.6436396126806874,4
218,22.29085763208396,4124.59547881106,354,0.0658323170974093,0.04779774662438488,0.7053227844821885,0.02578825139376377,0.03635758710072564,6925.830000815494,66331.2291433961,4.69350745371378,0.7497168732333669,4
274,25.884190240496586,5756.72994337954,386,0.15923995905913826,0.06255894621158375,0.996593689701765,0.018561417647913175,0.0320771616903332,4296.092032149329,122492.23585176669,4.713212124003063,1.1116561074662998,4
110,17.98488301719091,3352.110460724837,408,0.0360041628811455,0.04913033585326847,0.8580565590748983,0.0361608875609399,0.022472018887316526,2292.3224080537307,183461.08134297864,4.9917199227128215,1.5932154260648508,4
113,21.77469118684087,2707.0494428176235,143,0.08968602898494898,0.06468581133786194,0.8096328880362811,0.02010853447289326,0.049845623338099644,3592.39534339401,225108.69398466544,4.654914930190585,1.6161050217287003,4
294,16.81870864731922,5653.18801736387,128,0.15235905830192054,0.02212324434112084,0.8587767932598913,0.048066242540665396,0.021426111955671196,7260.636527055887,107064.17659558216,5.001689479579352,1.4035058548809412,4
316,30.27584345314612,993.9854745025564,222,0.04690168227515953,0.054561615525753455,0.8671628530644582,0.005413268727027871,0.039138237074348436,7845.474694616501,83700.86149617181,4.36812269994436,1.1804865172006016,4
148,12.290150520195217,1427.8317342120727,254,0.1430136802031703,0.02246461418162488,0.8124845548465213,0.04090322564917518,0.016850762561429252,1971.1805994728672,72716.76763365627,4.444731971506205,1.2898539870422505,4
86,23.667459009968795,4696.316620495901,138,0.14318735685802617,0.06275342466426075,0.8651684459513374,0.01043904258609879,0.04233179446159879,4690.523455619076,160814.48265998322,4.676556911043841,1.1783103699617432,4
228,20.682650247515177,2897.8117003607085,126,0.0643736405351518,0.08141989409532041,0.784629535485947,0.02630759560307823,0.03862235012324545,2227.9606118647657,66579.90550739976,4.103308243888352,0.9234016307657311,4
150,26.14702424456111,4054.152758999734,235,0.19760568770035522,0.05425467425769399,0.9920974739950958,0.01389898475496344,0.021884145212020614,5890.599823579441,271590.25953441823,4.5366095498824075,1.690369627412184,4
281,29.355681217552547,1678.279995256079,437,0.11441022945822622,0.027518627809959395,0.729932827923899,0.0302817720169005,0.018879605515585186,2845.959341713272,94144.63609095779,5.011385829191642,1.331836380095932,4
98,12.096084146324339,1549.7132381352756,139,0.05203867709753891,0.09069756266365243,0.7860909902430019,0.01861401624316038,0.03717790337953633,5051.576964128253,246561.51558928675,5.239490049576087,0.8844522011237272,4
110,27.163788836346107,3545.1511716521995,497,0.037391582283609955,0.033615506658002794,0.9769083205981166,0.042542030524102374,0.008300088633672443,8006.812736759,254163.57189273444,4.015564081354875,0.7694497332931886,4
276,21.921198241406856,4519.153210264081,530,0.049508940834299645,0.0261723539201609,0.8737344185868421,0.024389831545652597,0.02766626301926109,7353.533628455986,166901.1186039063,4.798474765894853,1.2837032165890472,4
265,30.392119649463307,3023.049403151704,287,0.05389096148698037,0.045181725360713174,0.7968877237196142,0.027582765672472705,0.0406009043959935,7975.997254470788,126604.14626184711,4.2018805937413655,0.8447476235037347,4
202,27.963833300563635,1660.7938556404165,394,0.12251737201352912,0.04535976407844839,0.9172560715760959,0.0122158184156963,0.023074473155552694,5126.5699308591165,126044.75141121505,4.054018086152322,1.6430219387536749,4
126,33.008195335114834,1060.9874699026016,198,0.0946440358865022,0.04425835949791119,0.87614812659958,0.0060891791880453685,0.013178512375051627,2674.956139555841,227691.3629075736,4.870397021218233,1.1087642059207043,4
266,13.96120474907508,2244.840839627537,520,0.1639525428096021,0.0886021777624075,0.8703582722693215,0.03721785773491129,0.041540963613217956,7664.995510706009,236932.23652177182,4.800330169966466,1.433637692893508,4
263,33.99750084526004,4350.3615577232995,193,0.1810264455649372,0.07536529923795297,0.8227620860044633,0.02761057789216961,0.03885313280352145,3884.1554258496444,273140.9258392351,4.2865777853159885,0.7784919655390358,4
117,16.554095382833673,1255.7786906503904,173,0.0488469366763353,0.08720788069030525,0.9564686161928541,0.03167440448089267,0.015602523464600539,8631.19679599679,135197.32522039535,4.111701012452169,1.4038713785369386,4
150,19.241845597566368,1490.8053105262275,420,0.1436477989731617,0.037874595880983186,0.8351307832566329,0.025116402790381936,0.02070352509668602,5922.177372596033,120475.90579334405,4.062096301828874,1.6993238814378897,4
267,22.42441290842006,2409.152162588901,538,0.1155658560841614,0.057391037264028284,0.7207626894603243,0.009896625989886543,0.013133805919186848,7612.128729720038,227844.0421841553,4.506643141458155,1.0147024845615122,4
134,33.76641652423979,1677.577562886444,287,0.14243670132787406,0.052515686779975264,0.7806379604128587,0.0027326324786968283,0.036282195250589046,1996.7139721057238,107254.80324571814,5.291065500814965,1.1497336019987214,4
202,26.219448279067244,3861.1846993008853,388,0.10646218874030332,0.06438417490445925,0.7689011467552159,0.030422929714077198,0.03540094689606106,4630.927781642351,273327.5093119842,4.799331812378837,0.788961580290065,4
277,34.159851110805334,1261.122704460961,546,0.09550241532084817,0.0301732629172852,0.8279881896654014,0.04045323783566068,0.017529644904189852,8570.182821680955,214621.07704653463,4.723477579348648,1.0476829416223645,4
273,17.553025379885355,4395.770004140071,138,0.04380641225389821,0.0996805713925018,0.8807682106034004,0.032200355206536975,0.014766134845839324,7464.9991443848,96463.59511365157,4.2936172285304535,0.7374518438316688,4
217,12.49032128909942,2332.5839828561457,268,0.1915991492463583,0.04600051381997111,0.8798341310776329,0.043840698734458776,0.01892855121750288,6376.158837827129,188453.2029896072,4.674472982944732,0.9716238760111151,4
199,23.885583323201065,3283.215132071055,452,0.07189758337213752,0.08273112572421977,0.7076059490179146,0.0026778619443450728,0.04460167901813794,7545.113207202064,60864.318205182135,4.093360791190494,1.18628658763829,4
183,27.038368873676987,2497.3130146266685,278,0.13123811605227004,0.082805024669908,0.9447619862636113,0.0467116013307021,0.02220756058685673,2543.4965967883622,264947.0178387521,4.096049682610144,0.8066170899103164,4
286,31.139389799517605,5962.772487001267,262,0.13473485793185552,0.025319908134432342,0.72784766689252,0.014330700894342609,0.004306550303404467,8796.519406386515,138467.91351974953,5.103970673453015,1.1228740665893175,4
213,17.23134126025683,2089.7969312554224,458,0.1182270836198067,0.06972327128662181,0.9191233748357529,0.049246346466738616,0.04628088896812616,4492.984357244424,95586.88946320559,4.737810984859839,0.8088979801538952,4
83,30.826500906464947,4607.152904526183,304,0.07144652667766925,0.010113606891625125,0.9810401411886467,0.0027700615343141167,0.030859440451387977,7538.164200013872,188393.5475321465,4.500144855785817,1.1042184649403892,4
248,16.932173829859803,2868.1758177275096,177,0.19273162682167339,0.06520812103886924,0.8942783441352957,0.022818100912629827,0.005188282949644924,5071.895682502408,271536.38619887456,5.129769172478245,1.4633487688569122,4
149,18.280064811192716,3426.080652773755,490,0.05588020472188336,0.09264237424468137,0.9378339538266843,0.040589367806970145,0.04113416125960498,7889.742092695648,142745.47553599608,4.428440335099947,1.3612540054589608,4
148,31.912405163204188,4260.150682490747,318,0.12407938031144405,0.06974032847824685,0.7782323495327578,0.003912044313189739,0.046269423499315565,3538.2673648674254,186831.52768140138,5.028340159816134,1.5945462388180653,4
316,33.10045275096621,2891.636318308293,137,0.10317158558217296,0.04287621634263826,0.8677645153725533,0.005063407301042578,0.04363568061180245,7738.247000425279,161751.65782612178,4.162884012266807,1.5808363207958536,4
132,20.937366970879527,2628.9060125122805,321,0.1485726144012018,0.06287031442043409,0.88370666396911,0.04672313886765683,0.01854972159494287,3693.4090765613564,126497.12449417787,4.271213694404762,1.2925296212368813,4
299,12.358236993382567,5687.224696647005,459,0.1961206521602471,0.06812993704892088,0.8081857662334985,0.00024512926003151804,0.04369655185594279,6114.958408213411,112214.14711414449,4.8598355924488335,1.1754360966057344,4
120,28.65886780949792,5926.379497461844,323,0.1921399859119336,0.06248720941572702,0.7452746295082178,0.016107710870408704,0.030216837239917735,7936.161159491678,72047.29923932817,4.031009647305901,1.6239165497842025,4
269,34.65297705108454,936.148716094667,461,0.04363474095792454,0.09625780129182718,0.9457050109902454,0.03336111708384675,0.03749229612029447,2398.782177935757,131874.64858076815,4.095939458458584,0.7704131934500333,4
305,16.42810849787672,2215.4074416882145,249,0.19455028653982082,0.07722865809585,0.888039831476517,0.004095033608121817,0.047377941417589796,7958.9931194716255,60265.61089093483,4.87436173157265,1.2560411700009837,4
141,27.068416972212304,1885.4082875502447,275,0.14322160113720073,0.04379211928619986,0.8718882172357145,0.0025616991386421097,0.03401996071882488,8640.80494646378,260905.21705116908,5.065894159889869,1.5526973978048488,4
314,14.94070434214748,4336.65433789831,231,0.04250798270427751,0.03373264580874105,0.778719816049692,0.006243446653258139,0.033813451561692354,8596.335749692927,162564.85096150078,4.8165261478611505,1.3281296461213823,4
281,31.689800640374628,5687.313956396901,282,0.153188687274072,0.016318655867366173,0.741550862326723,0.04939129168980632,0.038605004173262035,5618.205296531636,89966.79360667629,4.181621869111721,1.1106607005992746,4
111,24.104193551290074,5918.651396244315,540,0.07886258774001838,0.05326230298427182,0.718939150805939,0.031484655524558744,0.048737374960550674,3408.0790844930993,66392.26730330993,4.246458286326363,0.961798439656027,4
129,27.87639190583826,3125.445948530052,242,0.1020052957992725,0.02703467613844405,0.9739182568170335,0.030474460345154598,0.0033058805070173393,7902.84022785409,155599.99123410368,4.019435695466261,0.9438182096730315,4
185,29.97570453793048,4298.768285999976,485,0.12716607916958148,0.03053043759817651,0.7539054609332476,0.017164470307496182,0.039419698305316,5642.354329482703,254812.46154838533,4.825583970893574,1.1023187294978145,4
302,32.96471438064483,1791.5048706585533,428,0.07086795649220207,0.062485602299893694,0.8815040175148423,0.031230881649132992,0.016043909209094792,7992.545941404953,265982.13077358913,4.406927714053629,1.6069974542774315,4
282,29.517037443198628,2216.5048043172983,470,0.11844014575579456,0.07841085535682038,0.7744937706025722,0.046089739630741186,0.03148968906298451,7320.556267090273,220522.12356975887,4.565508144046994,0.8129656201013041,4
129,13.710866757553335,4894.083743934152,233,0.06753369568196288,0.048347711437756985,0.7072924538068468,0.035376621603867876,0.0012260903866866846,5845.885947329636,165358.61491216748,5.09318448852097,1.0172640256768504,4
248,25.658139910703355,4265.622957697879,475,0.03948366888654963,0.06762775280986849,0.8165969327805945,0.04443889639038572,0.03899993728156452,5620.655866325991,264395.685301311,4.06776962968148,1.6222943436826076,4
120,27.826195042540977,980.638084095123,493,0.07529592918060755,0.04511561450238859,0.7706141690938817,0.008414942441966323,0.020622815258271077,8181.536188842673,272657.66566473345,4.513850732462851,0.7224873290685125,4
144,16.376021537572296,3494.4716849511806,157,0.12098185789116983,0.010604213295644658,0.8867466285515015,0.01723502675365431,0.030961424331902427,5887.972137704441,167735.29174215766,5.000430445340216,1.4214839268876083,4
170,25.837819211954635,2730.915260921448,370,0.17496153688734573,0.03842624275928496,0.8038770133274377,0.028216251716640023,0.03217493735854467,2851.5512066704205,218358.5649677856,4.35026205321287,0.7853384068123284,4
102,23.02813844035929,2004.5143577229892,320,0.1937398054213149,0.051044464566308644,0.7655253977562875,0.026385302627718644,0.007420882568247889,4357.053783753537,270725.1885804975,4.6019213648266994,1.1310886718636226,4
122,15.68719158611939,5735.180793208003,269,0.15414816420173344,0.024433094922272615,0.7623982847421523,0.039824134116773935,0.02715202310791657,4402.75497783008,270372.94920410094,4.041695389643684,1.6477329739046356,4
144,25.29483953991658,1747.2545065300237,249,0.19901846914271973,0.0602757523397981,0.8533829081051147,0.011158581436257281,0.04545564161187428,8024.361768612574,235861.62436260824,4.051110012489326,1.171703206620752,4
337,24.06957189487386,1324.445172965531,445,0.10503404832646038,0.07446421912616734,0.9944769613887561,0.038124834716191464,0.014530401134777278,4312.337108517367,100456.24092658803,4.61351710463952,0.70658349740545,4
299,31.433937523645408,3707.107248933062,190,0.12261089719752408,0.03280458684760629,0.9020253890812875,0.0218426766551578,0.03582349760836578,5328.408441052723,213601.1556876751,4.9906421829345105,0.9093406142982142,4
272,19.503684248947465,1700.7518037110465,494,0.15421258781574987,0.04181342050344887,0.7274123229483468,0.03546872735749341,0.0009160190660488066,4416.711663991311,77768.09220850049,4.667247841129232,1.3184434317318692,4
345,29.67742051844638,4521.026988009956,185,0.10297665207914479,0.025562639524930795,0.9070245103113124,0.0006432452089354224,0.02091707922918176,8971.434230006762,89620.88233515935,4.3128152461268785,0.7382863294597024,4
340,17.311017126328295,4497.486026678342,217,0.14384314303243023,0.0714522564620606,0.9631465974880938,0.031987247345841685,0.009874569250555566,5089.655774700917,237513.2882970311,4.746610339352089,1.6806109401191698,4
142,31.536675840647113,3757.2971876985794,430,0.049015727327048904,0.04739885616192057,0.8189185847813938,0.006198393710712663,0.04201169084752053,7448.829250552966,194687.5885487462,5.0869928525805275,1.1712454432761912,4
226,12.212744047647508,1952.3406824205301,120,0.07322065587005595,0.03506033541179707,0.7758162879890448,0.04714336880253996,0.01947673898174994,4938.437554351529,118058.70344983539,4.603600101214419,0.7306276357604133,4
349,18.610068780731012,4922.772651503548,289,0.12389423597358006,0.018986714032499526,0.918660455173004,0.004749184656814277,0.020360839478419608,2827.4492157754985,267981.5850468897,5.0791762076414155,0.8699563973823512,4
71,25.486016295706186,2408.162598230336,180,0.09097301401966885,0.0386066019060498,0.7054475277383556,0.030491975309075305,0.04030268244741314,6229.971737613149,275209.47497425537,4.540413037153558,1.4308078908833681,4
169,14.809887979832386,5165.932031932369,482,0.08634082617850034,0.024381750396130834,0.7733626738853323,0.008132234265342026,0.03303294583901142,8853.251170957508,265798.6498665714,4.421690366820831,1.537453287454308,4
168,34.63444006062052,4204.400364084346,445,0.08170731283688529,0.04148573139988667,0.7813039796207174,0.0028632983396377322,0.03497183391855407,6934.382037845627,169327.6806094711,4.525969456334888,1.638419523387122,4
171,25.70373090636019,1138.2865729562961,174,0.04477973520523272,0.09231719001878116,0.9328880484979392,0.04085356754236811,0.015967064912074194,6737.926756850585,243661.27774079837,4.60190889521627,1.4041243355221886,4
345,16.0748706776121,1105.9218647133578,162,0.19713959511871765,0.034872433676102606,0.8762683190822922,0.04846849375887209,0.000993602445247427,8341.026840654424,138923.76554396123,5.173132405383443,1.590894038956841,4
329,12.160840565369048,4772.084777983616,361,0.05001459361799736,0.05892117328091695,0.720222089736028,0.044442344773391505,0.04216973271574761,7753.084582744974,88874.18925151223,4.791897866794098,1.5928735645129182,4
258,34.01740179328559,2575.2315721965124,474,0.16058843664938827,0.06946757909488205,0.8093396148001937,0.04396408095249782,0.0022597787253502643,7102.456040031103,137577.3757992446,4.528794716118582,1.0211751687893071,4
323,25.79044046228482,5911.027578623647,165,0.04818570975739733,0.026953021963483877,0.834763886010883,0.02962071105743981,0.02741259903591114,1931.914403306071,127199.03727539738,4.430765754044478,1.1116771666077216,4
143,22.16949411558456,2175.582027123915,512,0.177556952283389,0.019367193265994502,0.9991961048298805,2.8117205758493304e-05,0.028499354414234304,8223.856142996634,138461.9071554807,4.689788979601652,1.1647548192110933,4
89,30.353819350896707,1456.051669856847,298,0.14208058437572646,0.09678345616988694,0.7544602202988095,0.03882938221287207,0.010070876918329176,6907.103340001053,190924.79281803587,4.488749307982804,0.707762401665846,4
333,16.502423251142915,3238.3826077459535,468,0.15721666702597703,0.02169142365787708,0.8522761910459842,0.028888355153844567,0.025810752655085752,6245.479044280416,110001.88158115104,4.8929168506332195,1.6206817261564885,4
213,20.979565328043613,1439.7195709974706,179,0.1571091836831782,0.07574703615411474,0.8716734884775383,0.03775506788456856,0.023958218685282803,8163.76940454662,246040.9738925598,4.164639568377323,0.8051325472697703,4
238,28.006428719019794,5668.71048471374,520,0.17557113091889237,0.029829403080135063,0.8562611825989759,0.02428750013864349,0.027050158337476912,5537.152487573832,137608.48532731278,5.077348209837034,1.2133640122823053,4
332,21.120972587080143,4225.001743697064,399,0.161404577720077,0.0332382403301806,0.7704556203689154,0.028769019420225778,0.019796286037816326,3547.5316492339725,216588.13893840383,5.165508583478739,0.7085529137033959,4
72,22.816071245490566,3431.8514361654675,265,0.1346310102120542,0.09821961376856829,0.9548959660149124,0.047131961482762774,0.03267366395289546,3939.7601249009613,120872.46409639154,4.601321243414196,1.6006550583434866,4
199,31.9996110007117,2479.5049929114375,176,0.17449983301544064,0.013889338826171698,0.8208975976292723,0.04528133303982726,0.008517819547585148,4867.511243933079,144832.3027853287,5.00254048410153,1.0433598152161332,4
188,18.847519007903497,3204.815376063864,301,0.1988974531484221,0.01982126550408627,0.8172997594572438,0.04683413796139217,0.03668129342016412,3596.296692299503,187542.59678346716,5.195484144017177,0.9092979693479952,4
334,19.575965977910975,4096.040749906265,483,0.17657710251590314,0.07666949156580206,0.8386183719613588,0.0302985037505786,0.0391408013449243,8756.11045874798,140052.33892337934,5.111593650344711,1.1504394643558795,4
184,33.2044548947693,3434.0842245691633,333,0.14321883617086548,0.08176313891779452,0.7216130086297169,0.02384756711358116,0.015471501646935004,7731.441104189918,278016.1576527973,4.880347647150056,1.188805710084798,4
177,13.306151188238038,3158.569570824423,463,0.04663648618074472,0.07180374701036336,0.8397912631907128,0.04786507762518878,0.004695971638024383,8432.682252971767,200100.6136028003,4.2512967363833924,1.357588936578785,4
71,23.314379302269252,3626.467555100852,318,0.12925759640814938,0.02337510024880813,0.7592113771635961,0.03557996768543472,0.016077341989621963,1898.3090885082888,258921.796244382,4.531440294207154,1.2878685981334357,4
244,14.987604222748516,3727.060701686564,469,0.16019068127384087,0.07552408715230104,0.767262495503571,0.0382489651440375,0.048100264794470604,8493.815811826309,210342.87196588365,4.510364341062153,0.895567437698111,4
304,17.471536317556538,4441.214343323975,483,0.08627247473229874,0.02069930244704271,0.8869206818576685,0.007793758534819517,0.02971177648379353,2186.1367207489675,90723.90193557262,4.166346593345457,0.9678383177673175,4
319,13.721241263422678,3061.7926831563877,433,0.0860556685973635,0.013004184459629687,0.772907695271882,0.01784674499704067,0.01840722238446641,6802.9970411262575,277072.7997831905,4.054472141617693,1.6819573398589829,4
88,12.941953751852253,1479.0852963801012,248,0.04251929359939297,0.04762869952390904,0.7927504351708343,0.0468508910139455,0.03964834561960816,5857.925781410053,235850.5493657559,5.038954044946404,0.8111570728270062,4
151,14.478791741082691,3774.964120025454,459,0.13150112514087142,0.09608966959370738,0.7442424799746478,0.03385004018709773,0.03779123976293785,1902.7378236332531,152064.71243116335,4.038562839246387,1.4349429160745526,4
122,32.840914819671895,1761.1857081461562,196,0.18407980551073083,0.05869183449759832,0.771056588715796,0.03550423481774346,0.0013207355010054047,4580.663696911076,122322.34651024782,4.724694416697823,1.0527011517311062,4
72,33.54662802743471,2791.989740621714,285,0.16791734739935563,0.04060984307718954,0.7998901219317058,0.006303462002249533,0.020394496326240144,6880.9881090848,154314.85892426764,4.649639113604611,1.1872885701668285,4
345,25.931448202179606,4328.037516692493,526,0.06678587577830819,0.06815494047344373,0.8464475871844794,0.04289128519079237,0.009584308630436045,7006.85888174447,73577.61336734628,4.881886449981665,1.1110599237335148,4
84,23.949617543017077,4440.832694495725,542,0.0715133999142964,0.06090086209723853,0.9162618137762459,0.04915254332855982,0.041757305764450504,8625.889185899601,153299.55023344036,5.207870268312451,0.7173720060567683,4
164,15.442333351281166,3777.592256404648,311,0.1913125848570241,0.07088811272459283,0.8201233210508154,0.022895577837995784,0.0302746083725714,4907.994763790576,266481.2316113841,4.600895412496358,1.6176869297124603,4
104,33.99227163819587,4358.897705002524,208,0.03657438575840651,0.028648574222338755,0.9545030211108589,0.012642570327721054,0.030580070254640504,5091.089796589689,191809.1771352077,5.162260820065936,1.6123644911833495,4
265,16.193395053942982,1276.8170990890885,452,0.06291835648266525,0.03139036259011795,0.9058773088855242,0.01156054719841711,0.03673458681821566,7957.212058017945,75964.98402162771,4.775149358099823,1.2779914328445852,4
263,30.013522557335772,4007.941318662467,177,0.03041555817810553,0.04034575119756027,0.7074671569773195,0.00425198419377782,0.008666816323863069,4808.901699656924,250496.2565917054,5.167030167035708,0.8259233421419602,4
144,23.750880616627576,4227.07561003294,347,0.15726160367990885,0.026364796540608255,0.9338211418408328,0.015777826415774195,0.031022126436106787,4133.883431070804,221774.39092937272,4.69608219531089,1.1449044673836675,4
155,32.485274751428875,5661.014913327963,151,0.09803898969961453,0.023565330537335182,0.9078908629571657,0.025927655708266342,0.03468508077684442,7146.0179163940475,271196.85975769954,5.275105953930897,0.8674110324784251,4
97,32.73534576368432,2219.2999006910773,480,0.10124466003600299,0.055294248775862816,0.7972131903559435,0.03703258219400019,0.01353758666331678,4740.133506764581,245821.3520417437,4.5420427595378134,1.3926103966080814,4
79,26.8748446986936,5419.19428135906,255,0.10479332101685816,0.07252970417206323,0.7771208873021956,0.04082848094378553,0.017132062903375933,4404.867596324011,107854.161111047,4.715145994018832,1.3948768589690954,4
310,23.380814996298135,5521.315044428021,253,0.03239598099185676,0.01032431716428485,0.9090633862444939,0.030299789560058937,0.02082870949733272,5245.569158869531,160792.6044657525,5.127785459672772,1.6940074342040443,4
114,15.272421589585267,4035.590586968812,376,0.13313282644107377,0.09581461998012047,0.7459459533075001,0.015315745456167757,0.019944276482780528,2241.336400270991,191722.58965665687,4.666444375631538,1.6889038812117847,4
275,27.801400404793924,1263.1241597828505,449,0.15850120622069672,0.03314417549041936,0.8312640526000689,6.549035817389192e-05,0.009793756852182273,5347.37951559297,202004.23042109687,5.223957956966153,0.7332753906748358,4
268,28.758623246076795,2928.8523612023782,383,0.03179765921184973,0.028113829245301813,0.9069921109959408,0.04818475642847396,0.020070964983850303,4000.423550576642,163829.01022785233,5.130928695577361,1.5381137055730982,4
102,15.31994040103911,3871.429858139554,217,0.1825863882969753,0.089210555521235,0.9282908441761554,0.049835435026328485,0.006676807834448063,6729.9281909982765,112408.92586302722,4.485004830166152,1.3856729333852003,4
112,31.28446298967987,4938.19660463802,163,0.1280561508437108,0.017703991591478663,0.8850414571680878,0.03404567549440683,0.027808223299578036,5560.556250571779,60607.87696251005,4.91318666677214,1.1712811037985582,4
333,29.92722278572921,4394.290270969044,368,0.17827784227378707,0.01924945520633247,0.7511650101231252,0.023976921091727645,0.03244321201125554,7016.624233373848,72059.0995526689,5.075113291075837,0.7582151583208236,4
185,17.173514215401728,5872.713728954318,416,0.09340831566185963,0.049837112156594046,0.8137921306185685,0.034969396200651766,0.03240583535731282,3914.4300741586376,78312.24923828241,4.069821141852289,1.674445559586388,4
116,12.804718355138426,5126.254120545943,120,0.03871108029014281,0.052208364938122524,0.9445726136255307,0.024818108065153416,0.036845461786583315,2002.1547528422764,98854.31485325503,4.483891204465067,0.8485972653926579,4
217,25.00295916864107,1733.7088055833838,510,0.18814933729575586,0.0306679176039968,0.9048033184210366,0.008781259146620373,0.004095419500751485,8926.252162881085,97872.69470410713,5.171586242701148,1.1706679609751283,4
312,18.187699302388065,3249.63320523231,474,0.14117197679589613,0.08740860174846898,0.8001288174986921,0.011503408055065611,0.029957305052228624,4113.295980423851,250754.98748320073,5.284093321760718,1.44816609404409,4
200,31.122580889477813,1751.6912897482366,197,0.09520823465830179,0.07103811905712724,0.8846590282698387,0.037099792531846136,0.033447452876138005,2993.497183951181,121881.7435081581,4.525802600901406,0.8130057971866571,4
178,22.13859463266713,1100.681821256165,526,0.16377379101208484,0.08657086836527972,0.7278746982674075,0.04490356594151463,0.009382709949596025,5101.818874102159,231814.87185005684,4.796392810326482,0.929769459876405,4
297,30.156538775162545,4960.728929438669,322,0.15606496212991236,0.07943017445879497,0.9060181109784353,0.022364433623597208,0.026678660182361404,7153.504747656206,258112.11170911262,4.997259229365016,0.704798493068536,4
341,19.365304618333397,3431.6629730969,165,0.16741686467283637,0.0512024576001322,0.8796135045378637,0.0023213236778745596,0.018158504560949276,3947.5775750779685,219189.21579433087,4.671074502631142,0.7788407867776784,4
209,25.529307559745853,1077.7865516326658,149,0.06594461070388882,0.083753859190097,0.8012227583750688,0.020038387615574683,0.014162073185470476,2124.955881026769,138206.64657448168,4.332139333674261,1.0307010160893886,4
293,16.80929370374321,2218.0289812893816,511,0.07139270815214104,0.023082141858795913,0.8324115769638959,0.02955812257128966,0.0048585604508825375,2639.231984703317,212124.37787514587,4.0737798704531585,1.401134544000612,4
260,30.415659233470073,5294.171499171731,393,0.07254850238383515,0.07096852092583611,0.9691203009598224,0.030484403503650056,0.03341560177336098,7033.651023468752,191219.9447223689,5.064058356849315,0.7763741600719307,4
252,31.015314253182147,3001.4544032566296,376,0.14322143551438743,0.014708379087493435,0.8977238709940607,0.03616065110804389,0.009927981589300328,3779.9875273622256,266138.73084867524,4.691435329696598,1.5775844109010664,4
90,32.34924405509623,1653.7632223134424,334,0.07499852825944692,0.041154884736671796,0.9903416915571785,0.02476700420033104,0.04662137446338523,1862.2936786086452,247343.68333976044,4.38545871906462,1.5262343642411036,4
334,32.004000316117164,5628.8743128610795,525,0.12317034547745234,0.0191777164089944,0.8829272832145683,0.04841927813896452,0.042693258359542546,7591.430977208864,163505.68081277172,4.888015657901765,1.3088502312365464,4
346,18.44093968926145,2455.740198281719,122,0.08009686037649093,0.06254871466988023,0.9806426170222473,0.04792053591597589,0.02408894848862968,5743.031944451678,115455.39341928394,4.616771613677343,1.4944016894666776,4
162,13.85389345907987,3091.8783776496757,354,0.061137460208208885,0.040235412703306835,0.7142257879868272,0.013571191334775502,0.04003048581781121,6274.762281713591,257352.2658631535,4.550970261393625,1.5642724822665717,4
289,26.25249061098774,3467.579776377953,452,0.13517208708337936,0.06307122557896057,0.8625274528370871,0.023051208980645346,0.023531856511027696,3910.9972149671676,132465.67229031498,4.335377161566324,1.1519190844781078,4
220,34.22895180130927,2101.5607812698045,122,0.04964293439739525,0.06493389966605898,0.9985346134070886,0.03610218425676975,0.029062232371838616,6781.829129776299,106866.3325273152,5.293137273622136,1.6169392213468332,4
238,34.13890284931316,3118.3174768699314,476,0.10712533337316012,0.0697139435201449,0.7192007451978426,0.034914708354110584,0.010439742822635129,4513.513660802326,114823.06028533836,4.783653798217922,0.8108799141138135,4
212,31.354249272357233,3592.7278381612005,523,0.0800830143045477,0.06436385401946382,0.8265796968015289,0.03941618899594238,0.017473632621438636,2655.5648046141687,255159.1111375332,5.27554489648479,1.1095895108162193,4
275,15.130372302388942,1574.795823367505,242,0.1775279335108688,0.015589221991210538,0.9825680102662517,0.023266698430561596,0.03286154360282629,4214.072689530862,115511.10218510934,4.039332793103946,1.0160728064760596,4
188,14.349176412162551,1079.1283970306088,481,0.0521911758662523,0.0672099075700513,0.7898527195482085,0.01240378918232677,0.010658991276099046,4967.946926605687,208541.1991087898,5.050954157489818,1.6135904509616485,4
321,13.550332921360443,3010.6674845686,452,0.057531681420845526,0.03684263349392372,0.9616614607147971,0.017607195831227974,0.009402650915673905,2250.9145688903727,237426.47337265883,4.1690760427207225,0.7764979363211014,4
348,28.066155637277166,3406.8679271422848,215,0.12479211243758652,0.05394430301012669,0.9274888414098612,0.002374303678486756,0.019754641285611847,2358.5346929463713,213329.98405427474,4.388449968775599,1.322582896513984,4
331,19.620570755100154,2946.8333700389844,238,0.09011869880267552,0.03934931154384149,0.9500142104099358,0.003995243654729919,0.0465046152579495,2989.780906774454,247993.16675375827,4.8848605936685905,0.8760205875231961,4
141,13.748609301278423,1773.914798839673,459,0.11896296784156407,0.058626503752993914,0.8298373846352093,0.002075181123365533,0.046266303701735595,7806.103972021171,194959.60652792422,4.507147259012845,1.6223424696531241,4
339,29.507136420411854,1795.5759021488575,376,0.18139542331229336,0.09941820988313195,0.9522095967813186,0.04950742359703722,0.02245037625857753,2059.2240926924173,93905.39325610042,4.315300579391533,1.3698488385991698,4
155,30.73329970381079,3656.0095767154385,355,0.045499043798102386,0.07602279400763814,0.9594621527960606,0.0104804090208531,0.007967103987173796,1920.7481793872496,250841.3657186178,5.228038787812932,1.222954288396826,4
220,14.915848360329155,3156.821219178169,503,0.11169013003016867,0.0450279063899559,0.8282427361862534,0.02707892719746509,0.03317011362977176,4233.053962441523,163663.6159694607,4.687939570856086,1.4387810005152153,4
84,28.614630308699766,1662.6704516417535,378,0.19897003222384033,0.05348054096397179,0.8683114392157569,0.04155809181505353,0.021881576243769102,2375.9536362248173,223543.52028366696,4.528709866379169,1.3658380816649196,4
186,30.949217633179405,2256.394924613882,444,0.08898298455964915,0.08830774246078212,0.9270237132429235,0.047797883166599525,0.03521164408634712,5258.43833198822,135267.08808508248,4.552867678743076,0.8928778212818489,4
136,31.751903045900605,5241.984292715905,351,0.11494998156677062,0.07424533567606889,0.710965201383683,0.012734476972591747,0.01064827678339812,5621.331883717034,215258.15344216282,4.610761140166381,0.7608956287914387,4
134,29.84683002257712,2025.1944348355137,445,0.14376298323449055,0.021390740985567674,0.865225256259123,0.040790735529537415,0.040505327823818556,8444.022376563535,64981.942390486154,4.921941524089739,1.488659343530042,4
91,29.555950199938415,5851.888969370754,289,0.088171103055907,0.036131839020116345,0.8231633756783774,0.03018155944587486,0.039487359561159424,6724.318772592457,275842.8779791772,5.034492932147001,1.592373062040677,4
304,26.932497433495392,2395.175579426676,173,0.10064673692759081,0.09739593885997372,0.8612311084281108,0.04771701733363812,0.017984255697099476,6003.2254504676575,200278.99811085511,5.123494953447103,1.0997309123683348,4
305,17.35547349703162,2893.9682684182026,522,0.1977040895710744,0.04089427243329754,0.8826166451204401,0.014850998656418025,0.04826741042678709,5507.274717335873,264035.0661986389,4.343923715278255,1.3711290659847433,4
325,29.160549225286204,1956.8683799788562,484,0.06031368736931639,0.0863326665487124,0.9894528247932723,0.008151740313851635,0.027218151316898934,4178.120292247792,177624.99021257373,5.193425719412515,1.1377032744065478,4
75,27.162415612692715,3058.527142144404,202,0.07065582681563745,0.06534641156762343,0.982005031360952,0.02913418741535591,0.029641231774348454,7861.449548670213,270955.1442796377,4.5482695516717655,0.731773749650938,4
281,12.552677256108382,3731.308693682128,285,0.06507592678112292,0.017662892874997973,0.983216402795339,0.002359923804323716,0.04297273157358736,3563.5611485438685,172563.48763678884,4.901951811108937,0.9413238787750948,4
328,23.472377956626566,5322.440260439773,312,0.0544427274356134,0.03014610828680992,0.8067561129278653,0.027486189314929518,0.0026670520456390347,8215.866166284908,180585.17344678452,5.29767506121401,0.7381909276607491,4
78,33.772852478103815,2766.4741268374646,231,0.06514002857875698,0.03521831680382391,0.942434929008172,0.016303869114704495,0.022919210054418382,2730.9629721819842,204306.14589875482,4.638302815820358,1.211493770531912,4
305,13.630188494575343,2525.727675278567,315,0.09218843529660997,0.04883440590951236,0.8862984784724359,0.023133997506215268,0.04582593946954833,6608.058298121485,125079.32646393558,5.2489286761211496,1.0406266016389873,4
245,26.06692443125676,2791.3531458298803,308,0.03432106846180178,0.040834297531686076,0.9689652785253635,0.01199952464115952,0.031459685186565924,2764.8269299763747,216216.19089647438,4.1078725023272895,0.8147329308119602,4
333,20.38464710960261,5439.467224337562,549,0.07865824708779903,0.016687600391533743,0.7672768465226865,0.01724870240019997,0.008022683743267806,4053.186900489527,222595.0797476834,4.8616454121913755,1.066973192568214,4
101,33.67529692070195,5460.52237756959,516,0.12003089666135916,0.09788652356755831,0.7492076652679787,0.03796537260499072,0.01971787946302866,4056.012605825222,252206.56674178122,4.793335916980341,1.4097657187653634,4
117,18.88549656526228,5529.155651545006,371,0.08021735638969041,0.03662663779236563,0.744681330904459,0.04019155100155975,0.002018009420295053,7609.198003907797,89811.37740752504,4.81987757534856,1.4650342183035696,4
204,22.654276301391924,1031.1752506773425,494,0.16168373326195246,0.02273468939227384,0.985321425773241,0.009427642383625468,0.03643909072964493,6719.054381395503,113233.92538656763,4.940544069695099,0.7915619193447672,4
156,28.970013699057535,2351.018178299605,266,0.031633177364270265,0.07320076037614438,0.874824864119906,0.04993341668430854,0.021825400081854903,3884.8429071657156,243809.2280532848,5.021783019070831,1.2758745167442744,4
116,16.048631074547686,4554.402419564054,541,0.12378514493406041,0.01349066795820569,0.9155290346528286,0.03300172953485175,0.017679095446391103,5916.053705530527,188258.80859047384,4.079469803866913,0.726909658926078,4
314,25.978989213714435,2189.691345032731,189,0.16608113262692448,0.06898670093193661,0.9712712686222715,0.016245874502691156,0.0203318148881797,2421.675997872313,258009.7665694025,4.11304851652127,1.6665358571836983,4
128,16.690766233191436,2443.2833401797247,493,0.19615700430905805,0.03357875080476716,0.8507018529848434,0.018344488171112363,0.0034328677513184415,3343.241336390014,228770.16537514344,4.810436570362202,1.3919045386903033,4
306,21.832936261429552,3021.6547641503776,215,0.11390669890244921,0.036131871817594696,0.7385266448169377,0.038400163917428724,0.007536865407943689,7367.559108071435,196234.08048591556,5.14770648706367,1.407749435334029,4
327,13.922409108731422,2041.3204386913087,167,0.07929985620566243,0.08733678651957501,0.8681450367742102,0.00813805781977961,0.026282125693108133,6136.861344913564,182332.76024392142,4.838142324140514,1.4114046966302074,4
264,27.580822985469382,2440.294727152619,304,0.056823158651616454,0.020531549410560304,0.8716837401114979,0.03380501925040583,0.04344298116493568,2059.9224961890723,93897.55335020124,4.871911492064935,0.8921932721207546,4
270,34.17718935695679,4608.00628486922,476,0.06517251257596188,0.04980417956649579,0.7454813403640044,0.038018766951202654,0.04405007655269563,6307.454202104994,167592.34273317154,5.289211573381056,1.6737992355657354,4
105,32.95952385021613,1333.8883061547608,455,0.067001357729978,0.0593070241151167,0.8689554551815428,0.030919032586794903,0.044392826224184646,7510.921173480497,165409.39378681543,4.046494124959239,1.5131404509157522,4
85,14.576333764948606,4583.102511989442,520,0.05701098996324436,0.07870982102946847,0.9958308285080241,0.013621541840093355,0.039950649910977715,6065.522756045571,154568.61232310167,5.245594519682381,0.7766131673462822,4
335,22.91923293254357,2893.286756122158,149,0.17048397765789106,0.05463383384675067,0.8040257321695891,0.035167786536178025,0.017905298138963518,7989.5759575198235,161030.66379908653,4.293921745552227,1.5255095808008634,4
176,14.706453927387301,1033.097161797919,220,0.14256329346126861,0.09637129215765057,0.8511485525848477,0.0038414661187015477,0.032616152231551634,7939.990282336122,223757.70013669634,4.999925011927868,1.0154572454880415,4
295,34.460736121821114,5852.326701268422,216,0.15914766613895392,0.061599800326560705,0.8137347099029577,0.03857430674350793,0.003021347680883685,4672.349141996008,161564.45208934083,4.0177635516895425,1.2938079774941165,4
213,21.259654618963147,3945.6993177501736,548,0.19453417113031005,0.045749180255664115,0.8813788151269355,0.043064841149640626,0.00684624090299566,7314.249081792636,108004.00891754622,4.599576280840075,0.7292781777169723,4
125,29.07035768529256,2523.2054693018363,539,0.03151342937968412,0.01237852098196595,0.8486432243883187,0.04565357493821583,0.013717413192974166,2149.604410141095,152588.36272014797,4.324541323165501,0.9162026412654257,4
180,31.420740661801982,4975.315320778223,327,0.087399690681874,0.05810650751030786,0.8472760363515152,0.014265708208711803,0.034792236440521235,6793.124638409583,181453.0709564204,4.8099665927727,1.3510906232230329,4
194,22.7667669408488,3958.871191995315,122,0.17292403301761203,0.05435987552095483,0.7426421914799487,0.04254590045263699,0.016251124781867195,5700.5227896345,212339.51040433435,4.891665764793634,1.2504096295353067,4
242,29.081973994597764,2715.9606822837986,177,0.06596740018900514,0.07923663720704258,0.9682496135892904,0.047740767680417955,0.039086150014373,8739.75793083275,262254.3398170105,4.6751943127849005,0.865093166964393,4
190,21.8524077564404,3667.570988536238,225,0.12312670209090334,0.054013515841891506,0.8189137783900673,0.02812961445793058,0.03174529492575993,2846.6650103069987,112914.53702014385,4.022092151211977,0.9580976165447902,4
190,21.45747430527755,3138.7761939828865,385,0.08290415890708705,0.04789824672693566,0.9398689805123285,0.025863032948496786,0.036902713581773654,8594.857087167507,118464.76869000704,4.510763277114591,1.1910937828326518,4
115,14.99619656717476,2941.6561421954875,174,0.10775263411250546,0.041068647206749985,0.7505970870891676,0.02211324851244162,0.0199817925830619,2677.1635791142753,138837.05521333835,4.392482551979513,1.212870997961153,4
126,29.233824631972723,2273.7092509166346,529,0.04351009825526288,0.04954711411925879,0.8632150384323444,0.035336680826397925,0.03556696370772119,6861.94233544589,256159.14296401464,4.09449915765444,1.2390149383336988,4
130,14.345481977306767,2872.223368129938,135,0.17615710171834642,0.0889705576282344,0.7228384019940927,0.02581985131188177,0.00831929609167152,7189.313261121994,64869.76125979947,4.432701809288589,1.0397851788198742,4
208,20.718928361989512,2688.2342006252047,252,0.059826490328149066,0.04584128852985695,0.9909329941424696,0.01898874249553575,0.03765297951381205,8459.27534487034,267478.76518477884,5.262243851269137,1.6916676523646272,4
325,22.397771560092355,5942.057033339732,533,0.034641435993677236,0.03610610253330805,0.9397887543067154,0.013634556767301015,0.034299280611709095,3821.8304331715067,134351.75319367577,4.736583222153961,1.3745671809484916,4
287,12.659230881958708,2077.423553627944,123,0.1747085597713263,0.01834442506795846,0.9865843156285488,0.03217644206412807,0.006883340758155193,5375.109839313785,92963.87978212137,4.286710438573929,1.2226593418151679,4
311,32.8632332022658,4403.643990614333,473,0.04682739280743611,0.08715165000714403,0.9897715987994209,0.022251037412786712,0.043614343480364054,3295.1474935722927,235525.35471828975,4.301280269739054,1.067650506333412,4
98,33.67292458833296,2556.7049396964435,467,0.13726675254603363,0.011932846741271206,0.9369980363223187,0.009683934695511221,0.0014688330817566988,6956.178971773587,186189.0812121884,4.528303795962472,1.6187216528272916,4
254,12.762365322580212,1478.8600292438957,216,0.10001675394624315,0.07238560595486211,0.7778865013781171,0.04457948012412227,0.038682216386195886,1938.6757443245212,120520.796623634,4.6859972105687415,0.9518775802997717,4
209,16.342847057036437,4702.076132611635,362,0.16820184133036192,0.013053352992263546,0.9073082061558345,0.008636026758876036,0.024350709068757498,5906.969815352417,216756.20157546265,4.74932211068272,1.5762728997306832,4
133,19.012261403053433,1824.336105055963,301,0.07336411705959028,0.0651751032277658,0.8161593878889384,0.028803885478266733,0.014684183947067025,7814.209346538136,275813.75094662106,4.977045037639953,1.175979133267473,4
251,31.429039515613272,1565.196123873579,295,0.05865453157635969,0.01069771697409912,0.7035942497378125,0.02074530123429133,0.046510920577677306,8200.754123714203,255345.1715766273,4.933984895226709,0.7668368983891678,4
298,16.707954401006912,2460.7681673085845,416,0.14258487919819735,0.03561095791116796,0.9253784894621169,0.029253780165361083,0.011711744708211909,6653.936851369662,239545.23004625624,4.925078440284104,1.2508028062280487,4
153,21.7189398289133,5538.17881297054,383,0.13302670197703145,0.07465887083261218,0.9060554682214924,0.03417580047705858,0.002309144680582287,2451.581496027733,62807.02831094805,4.723041399983633,1.645943088110088,4
134,27.71102594121072,4077.108708379687,445,0.1415392393427562,0.05036244412104199,0.9856116341238295,0.036883347384048984,0.011970382199046798,7966.331323595383,252270.49261179703,5.011641790944577,1.639909969018985,4
224,24.867056514936372,1358.2971585105317,267,0.059534137668738246,0.07350525461280662,0.8911299426432131,0.04447736620918493,0.012261171383179443,6938.157678576954,230251.04755867543,5.023328119482046,1.5869985477147464,4
347,16.645843645318262,1987.6639527477735,206,0.14466549903846368,0.08287100652209278,0.9138825394791366,0.04297226347229757,0.03292174655643951,5931.203770291316,182054.90609580843,4.857408178378301,0.7482778170578477,4
140,21.53478807479879,2561.1285308720267,260,0.138326326963146,0.09555269877603485,0.8417059304472572,0.041396936060036575,0.017082567705829638,5834.646935278486,254376.92210322,4.947632725387647,0.7647492992564426,4
338,31.902007264806713,5796.682959724913,139,0.14477308184890497,0.05695665256035068,0.878355266029228,0.0036492161200791465,0.03607664441168632,1814.6092676447106,220098.69595549032,4.157067590585289,1.688845500473096,4
131,13.749531469613503,5658.425969978993,251,0.07327836211703863,0.0741307590042593,0.7245177663143799,0.005153555422782331,0.02912617916474441,5434.828604281288,73277.14075755083,4.749531072338815,1.063240858914289,4
225,15.966623416717741,4813.976607025158,370,0.0661905689771122,0.07585022809505444,0.9308853425171528,0.025809014557766255,0.027331004611394802,6491.050302318029,134026.01937513798,4.92358277544485,0.9411754242855435,4
317,34.321231005527174,3753.7960800597216,549,0.19511901463390538,0.05460192897367633,0.7014195592474328,0.0234378094078293,0.02802547994530056,2671.197400645656,92346.95207282995,4.314925586613688,1.0343343133585265,4
118,15.60695493214251,4729.918138787055,492,0.1610520589674832,0.08454810904541225,0.8651804178258304,0.00817122562041569,0.008299855294145243,5278.11009970761,273749.6184469931,4.078523659697593,1.1090995540160256,4
277,21.474498992743314,999.5963473383558,397,0.1031642156936197,0.09195080790447593,0.9530762736572365,0.02746569029716805,0.010750388290339986,5911.854295845537,279441.02197454544,4.597186475859065,1.109867192115179,4
276,29.433554798225366,4310.04602239276,188,0.19576554029010945,0.07916823658760731,0.7003491539413673,0.0006935936171233282,0.0341432798627854,7164.170916387314,62117.77897948514,4.984116714254336,1.293727431019997,4
80,22.281413436478317,5034.787316280852,369,0.11843181090087483,0.015469366516885739,0.8894540954652039,0.037590712582012686,0.02084574621880386,6937.878855141631,228016.97101907126,4.9768981639285235,1.6392204625907583,4
185,15.777091487060803,3443.4234953135037,550,0.1650607833111162,0.07356710175544816,0.8711917041925396,0.04446509811659136,0.02574248210883825,3765.3294595567186,119690.37972875626,4.200915724591185,1.3952443844941596,4
292,23.30928162200999,2452.789016501659,345,0.17708941615814133,0.09404827320255581,0.7528007230513335,0.020492292325054548,0.002963259016134634,5218.358005201758,123007.35315757598,5.122526581210851,1.512074097546293,4
272,19.28322775779486,1579.481531516161,361,0.09717842855510565,0.07092835608762428,0.7269436764122861,0.029904137369182404,0.00800798442294639,2541.3326622291625,279545.84456172155,4.352880149691816,1.1766290379866569,4
249,12.080325177009435,5589.131383694508,140,0.06295126730387149,0.04004598855096308,0.7397130677583725,0.007458272599060134,0.009295130684026815,8819.773802852398,147384.4213375479,5.289204025042843,0.9257680897291569,4
180,14.875168766368947,4690.277705964401,459,0.19184599335256858,0.03301202253310527,0.751549149199643,0.046320256729132314,0.04762233884755575,3403.3000539165664,62224.00229121208,5.183676629740532,1.458936517186519,4
306,29.330172306532667,5082.089382524365,517,0.15930163537463402,0.07591967019661335,0.7681300878562287,0.004327068639055093,0.02574702253298073,2855.792336616904,92666.81626281027,4.604479600635362,1.4446316441791929,4
258,14.809948093282586,2647.2498581652344,405,0.06401796402016213,0.07840506961166056,0.8724267645036161,0.049172221133382314,0.0030924386233545376,7549.584926506568,244923.71860461176,5.143663154340714,1.0994404429445392,4
278,25.811020228312778,1965.2167222650717,189,0.11373637962237625,0.030749334391496644,0.9978728233081221,0.006475923638585407,0.0266395106701838,4355.657281126787,148054.3042350932,5.005329739528962,1.4707781234356423,4
188,22.703120501456375,5465.568587267905,546,0.17532645060366103,0.02972045127120853,0.9022508222834331,0.009311926862976916,0.03754576019187647,3296.8630726222036,67775.91087875572,5.052887020992161,1.4174607475961378,4
97,12.15882924567178,4433.924393197474,279,0.05423773744215521,0.028685467784021028,0.9806816933217237,0.0017014671878568645,0.037153179737095116,1880.2119577162287,103453.00929277556,4.303188037521809,1.4616632818926343,4
133,26.54188196670362,3640.771380997532,535,0.117488534866215,0.058003764489917224,0.8101403029232256,0.03173086671756341,0.04841330948564765,2720.7550599600445,202047.3345153813,5.158107572135722,1.3259368726754226,4
76,18.195790705748053,2017.5146553175869,171,0.13071510619699966,0.08208521130664473,0.8925152829877275,0.01858422597972343,0.04676238510276499,6678.227687019385,165054.07131377654,4.547256434282488,1.3587251006487189,4
346,12.380937975301181,5883.9417504369885,441,0.0956476400813811,0.04325761806945169,0.9118061565381488,0.015358159431238373,0.036395320978760255,6776.357968430013,81088.99832429586,4.636307884494917,1.396728278244878,4
183,22.662050957058767,4310.457830149263,342,0.07919216167271109,0.03908879495086726,0.91398653942079,0.031461949208344414,0.022515110372833536,6463.389335438597,277978.43913006876,4.783295225778814,1.2223947430351334,4
255,26.185027820587894,2241.6771777102445,187,0.11944941556936212,0.060048340627585524,0.8906977693798889,0.02860830539391046,0.011047420875441378,5089.062270656123,260239.25076113295,4.609373836873598,1.616289952970583,4
335,31.837694808892422,4356.3696665857515,161,0.1478755779809509,0.012057153220638824,0.7494942555455932,0.02969314512230799,0.01870654626099799,5987.909790387592,208322.3841528095,5.253137590356759,1.4978678149193911,4
111,27.661512723220923,4610.169554891083,185,0.08637570658315842,0.04565103135430865,0.8303204623094594,0.0455754744769786,0.03246752117723528,4714.4612594906575,207640.77148460515,4.047870607109771,1.346232355071177,4
184,34.780740811275535,3420.482705753376,361,0.045915452152800004,0.036805866022374005,0.8704723974548415,0.03392699157144587,0.02142810718961549,2824.74645993486,188386.51268811876,4.941406738015481,0.7890269196821563,4
70,17.3155520047095,2608.2403335311433,278,0.05492818344837255,0.05227324846611939,0.7506688978210925,0.00515816857116459,0.01762348322793078,7267.481879019552,113242.95818552189,4.880105991470039,0.9949563876233862,4
282,17.240599056490726,3978.958910044821,434,0.08725887027295047,0.06368270036587666,0.7021668028855232,0.027816572622538435,0.017393316820407317,7472.701678853572,122919.2578140407,4.470982014880506,1.478695223201234,4
258,16.562886548885608,3296.6437652473132,382,0.11340205175373012,0.012818024045391254,0.744885106544936,0.0426086217504143,0.0007850090645948716,2854.59376947112,237466.32522254996,4.6080656790883765,0.9040239004803404,4
262,17.093288620610643,4688.815718607346,205,0.08965708222308133,0.045146939822383644,0.9384188423928714,0.010244388028910912,0.0352238438378385,3138.390121043364,268356.19509620254,4.2658566241756475,1.618124180324317,4
301,18.161739453512773,1990.5180979653185,153,0.10243436897903978,0.04522932745857504,0.9390844831527133,0.02901301537597268,0.001669263691905193,1874.7109634952142,180717.41621395503,4.560028804952126,1.419997472838956,4
81,29.199167364644993,1960.1508258166125,501,0.05622282661698428,0.037858760784407045,0.9771924251812432,0.02236370249597335,0.03843968680412341,8183.290828103884,198148.9449142449,4.257012971966085,1.169028573588267,4
252,26.12286733352056,4113.51473175861,263,0.045532171296614805,0.09925477064227382,0.9384878256729534,0.03934460089210069,0.030818002920931314,1967.1040141298233,103522.05476941721,4.1257457367628385,1.114833644722668,4
257,26.685514158312245,3752.058411746888,127,0.07854590162271122,0.0776104429675327,0.9443828968262482,0.03578862148221588,0.020923344953108228,8721.835805009814,243786.1516031053,4.331424076023821,1.1937575593052436,4
179,27.839321613976615,5839.50448701104,396,0.10488159105613304,0.05941920816448688,0.7170878166203207,0.03854964516549525,0.04459301231233756,6923.083984436018,88768.94794596848,5.226400211784094,0.7299944405196673,4
239,20.94679474864224,2658.3296536191797,164,0.12403138728838431,0.0498251850069227,0.9396542800082169,0.015147145740743757,0.022467997089975558,2452.11043560943,176306.33401065972,4.979747061443847,1.202456853064816,4
297,18.289095101108895,5057.969873000065,301,0.03737733023657746,0.08374700387041943,0.8524333700215325,0.030948482161135167,0.025168195754504498,4644.513836024306,224319.4183047222,4.075085192879558,0.9397436502954274,4
331,31.793196604586495,4189.11443589354,544,0.1444212770930593,0.03523769077208126,0.9406645244544592,0.047615093603648274,0.008269978040910403,8498.440068963897,125597.45870825843,5.137325029088949,1.0583270777101466,4
340,21.33110862733339,2582.88083599285,177,0.061732997592107305,0.019191065741648018,0.8067007811118868,0.001609679990464652,0.011756725424678583,5053.488585778948,61123.988439476925,4.709672124374724,0.9095769519367625,4
228,21.650973411676652,2382.7607061488934,338,0.03011760103554094,0.036968944839138485,0.9407142916141411,0.01059687788670488,0.020118060059680427,4977.331939255249,161102.289219713,4.955051896633266,1.2828389162013356,4
111,21.798672593120237,1849.939723348904,179,0.16812324492234712,0.013985175852858762,0.9263676253804708,0.036351227229294514,0.04080739493689667,4716.435100369291,128862.13269373451,4.4564921849714505,1.4886513651071138,4
327,28.352011973429217,4479.738249314296,446,0.12571492585167243,0.06749474550781624,0.7127215470101584,0.04142738964509141,0.006131160376167283,5552.163305399421,108754.39753583525,4.2816775209058,0.8310221466801495,4
348,21.56762897548766,4547.1257178015185,325,0.03021580828034072,0.08334302216848885,0.8546874761144712,0.015782671328339038,1.6185554273467908e-05,8010.769452054553,96817.06032862223,4.440356775529874,1.554583579912188,4
168,30.16582411474839,958.9647460001172,135,0.04165858530507316,0.08700104502206518,0.9431940325062441,0.04280753115776842,0.004733844832743872,5702.235983811517,260468.5430411409,4.7266175461652775,1.084766912070465,4
116,25.74796063296261,3998.6859433192176,514,0.1283277267195961,0.027072348834583586,0.8203515647921091,0.039220514418193464,0.018683862327107056,8115.02773884639,133929.44713368348,4.7482628354680205,1.3718429536594372,4
183,31.166226479114172,3839.580456913259,392,0.10446377220639785,0.05514996930196102,0.9384860120570606,0.02462275664389242,0.024151358383814547,5661.129195113261,201242.28647695147,4.793415614458149,0.8476031437325897,4
174,28.26411238124618,4731.1892156410595,405,0.184219284293175,0.09587991960590479,0.9542417889887745,0.04946144274087262,0.0008636293897016701,8412.545259034665,214438.83465462102,4.780211339513464,0.7837293576724695,4
182,16.773321387871725,1616.5356098007517,510,0.06310125535358674,0.061883874250734563,0.7489580146112751,0.006738456726853271,0.02812687973362712,8582.489804842735,229767.1781319462,4.344742396874377,1.3657253135156788,4
179,22.994011119559318,4348.734617028482,361,0.11432453983833363,0.05699352674193993,0.80462696861928,0.007724976061414185,0.022448292097034535,5694.489330423745,145505.16760255274,4.138081835126737,1.3905059510330788,4
162,32.817654516799905,4923.865444059095,499,0.05232239583535876,0.012954248476549895,0.7688658012081311,0.0029772780815799983,0.019416484829749538,8975.81467313471,141531.62783013546,4.095461650625796,1.0180008939682441,4
117,15.864421691997727,1501.1862816458438,340,0.03817126878610704,0.06788981143916037,0.8626127237421322,0.044960869893967664,0.03336127129564614,2748.6696944911264,206998.4250985103,4.838590728595015,0.9300223400801538,4
183,16.500342349436934,1828.75917147983,302,0.1292318068349274,0.07709859703270465,0.9306958552345366,0.029040457949281964,0.04576376718866007,2228.8868538303327,233366.69991270863,4.287510250877803,1.4907128429747294,4
244,25.80075667724699,3730.35468128575,472,0.11583219296626268,0.0644770953780402,0.9538898046660238,0.005272774340889775,0.0010081935232405137,5995.270140975918,145118.67805807656,4.140058654114132,1.4628100172025065,4
350,13.113252425479814,2369.8570157027393,135,0.08844258686719195,0.01801483620598314,0.7422945285317325,0.002447659463639712,0.01085761777781193,4839.78620799167,174150.687954864,4.526432673795748,0.9740851996539089,4
122,33.65276902055623,5438.779674020909,513,0.03226594539761052,0.032959790134754856,0.9388739313347779,0.020353489682016824,0.0021250571595291703,5696.0305113388495,76582.87936593758,4.794540232788266,1.6070367150173102,4
201,12.877244275079471,4849.544341968263,550,0.07013458294004032,0.04823668830657802,0.7977049848369033,0.014024472447499305,0.04376407800331597,2014.8272298696186,148866.81633101456,4.767809333534061,1.5115550342920736,4
240,31.05859058275579,5549.782963526707,137,0.10037505448392244,0.021853264140397108,0.9833993646280472,0.013113785661935906,0.019918738094046113,6077.6712955088415,108496.48811322852,4.803708934254807,1.246382039148752,4
248,25.144467801144785,1107.1701078434958,252,0.05408212939967259,0.09845218118038897,0.7234522103631104,0.007153758654428861,0.03093313822817998,1915.7486534905606,196465.56674688365,4.590591153568674,1.5593946993113526,4
296,32.8771242865533,1813.6221134111277,217,0.14466209724088214,0.06643906793019819,0.7862964305001632,0.0203118192973544,0.019526720644839,2416.1421889259514,192125.44901231574,4.449015437467593,0.7448962308148012,4
270,33.57756230014304,5832.677319325689,373,0.053627270900861806,0.09823690262959398,0.8202562670189055,0.023470661040108087,0.014674655971041346,6927.838578092596,255830.1412621556,4.416219417431842,1.606636603283317,4
138,34.22000144417072,5805.843022469772,318,0.05201112526273392,0.08259742722018908,0.9871944644780855,0.0042401176396607175,0.037927748408254115,4586.0128714677685,229120.17001372037,4.702186269452592,1.1353862479916064,4
167,19.09415488485675,3562.676270679541,258,0.1673453273624848,0.046001856542018306,0.8645174911495208,0.04587447592292972,0.04989609449584056,6660.8833057736065,166285.7081227207,4.059764643478519,1.0958340314744244,4
263,15.620230237404286,3437.9469231118164,371,0.16965840858406336,0.03658171530092112,0.7474411250566814,0.04484229734686126,0.041092991804613455,5380.130514899549,89070.112596318,4.1127580287444445,1.6378115620279137,4
235,15.403059648654441,1814.4883014352781,223,0.08783447128335509,0.04074139821903658,0.9228314706465862,0.04155711607405785,3.43831334258915e-05,4111.409429944298,244121.8289356359,5.088991431184795,1.0088998019710438,4
269,32.207112017556526,3208.3426260705237,175,0.09153414124611237,0.08643023926832438,0.8018437596545696,0.007509938258027544,0.03129687136410941,8338.9872228465,257360.69597367645,4.429595334522303,1.467542057392423,4
166,28.536816758942763,3526.681149662994,310,0.18615215152748313,0.011499244419074368,0.8837858668580947,0.04146605157244067,0.011496776822267097,6579.947849182622,113284.08757502631,4.164937988991155,1.4178284653358744,4
133,12.152461222590698,1334.5067181011805,195,0.1866306566394174,0.062078700470760986,0.9749251550245503,0.04445529496080067,0.011311039598858909,2584.8205693690384,239164.81123101723,5.1814054266203495,1.3406752377657827,4
108,18.463860465800394,1057.9411776212764,395,0.1874604484014442,0.05369297665416772,0.7667336581615489,0.03473333936442948,0.0400179352082756,3217.2082551015924,245422.66875310635,4.605249177208067,1.5344732707866537,4
348,15.475999845944479,5356.741192557351,143,0.15857524115785862,0.01870019818482789,0.7344271751353534,0.046528004680165526,0.007363621602984522,2467.6526364868687,168258.96707919193,5.222419114676151,1.565493876348851,4
334,13.858638208744747,1456.1513299571893,127,0.19321940069830337,0.08236166187596299,0.8700586238120489,0.00753019037154144,0.01553661345043214,8808.653376553053,135636.80006968597,4.602113342844797,1.472356902186215,4
292,30.64767228060976,4364.341719416752,305,0.11566891417272489,0.05064926652249947,0.7846722307271552,0.047208004396760164,0.017341373066172668,2717.975489813706,106905.52628631749,4.912952902843505,1.202268638630796,4
342,15.30523994933589,4719.825732422594,372,0.17007405047490645,0.023418438794546192,0.7932449183510861,0.0373926010674534,0.006413075938595298,4117.894338508796,131925.82984034807,4.087890968983972,1.1659410936385188,4
339,27.629956653813046,4761.857991304156,403,0.03429118615605071,0.014145622243295897,0.7748583978081465,0.016820472242505612,0.011520064456022872,7100.76022592429,101071.3391927821,5.250838358053901,0.8588378325634847,4
204,22.15175724122176,3311.3570840601296,314,0.185563888582638,0.0737732174544295,0.8596830721091571,0.027016781846427154,0.0484934443589836,3954.4421368156436,215489.23457551954,5.07613432668686,1.1467461040543796,4
136,13.279157797937703,3310.453981894033,226,0.04228338514478832,0.085780351936367,0.764544440172872,0.045565287541607755,0.027772266551817856,6150.076167024611,82599.04967033784,5.010276262276508,1.409347919644893,4
272,14.953075559373803,4249.001694766304,137,0.11172999659953636,0.036598083258185615,0.9695433734519059,0.004109975791321913,0.03951761311095028,3695.962047450599,60834.38262213374,5.064750229256716,0.7152252599989577,4
268,13.877249258602767,5602.074875380062,302,0.054197225201500776,0.08096083140413342,0.8792507060958845,0.0465686832762849,0.017626361067528757,5121.797864478805,119668.60610951604,4.266164194625568,0.7691275342938242,4
315,14.223747764883964,1524.6575890926886,305,0.06855287975522781,0.08368190453852344,0.9661492018624263,0.03927455007308289,0.046641844306485214,2985.319159030862,155069.9294003849,4.7998433478744635,0.7284904173928117,4
82,29.250121333087133,4706.1896491848765,525,0.13764072195762828,0.030365795318069704,0.7904583787912625,0.029982516726976046,0.018214828796272325,6922.363179234507,214223.50450089475,5.057839825131095,1.4169411585729996,4
105,28.87421979163371,3569.813936081532,167,0.17243782169029526,0.052854636133135735,0.821041271210508,0.04740150560086768,0.04979876314490503,7624.785136841871,88783.43556398746,4.476262844685419,1.290763428460407,4
325,25.96110219410002,2008.486948366143,343,0.19619720828617357,0.02976314735671294,0.7382690731235836,0.04515111606138424,0.029168574835168368,2124.2607746911212,262361.5123804237,4.278702199852335,0.8601781187011236,4
165,17.26957082026977,3970.617942062127,255,0.12464712885739453,0.09364410533893601,0.8316915721009226,0.014491886440839225,0.010336975263715653,2647.1476067605254,128683.29034003528,5.224341149195225,1.4378049558243884,4
338,17.021895925281818,2921.3484483468183,357,0.082641172544445,0.05244387809243156,0.9575508002110634,0.012791915985337528,0.02295212969854429,3392.4965001595256,144699.1052511977,5.117516796271668,1.6820149895721688,4
250,21.25098416423797,919.0323302766087,350,0.09419627840519217,0.07453437613347531,0.7486162718865438,0.04962350709349822,0.042624995542561675,2665.052740508941,272751.8266425787,5.023676774603667,1.3450188349095438,4
135,14.781211565164138,5127.867071572315,228,0.17598195475032713,0.055310077722224814,0.9595635040664379,0.026859248118487385,0.02403806803956516,7488.980623211277,227762.6636391883,4.173762289841921,0.9614280038201429,4
180,25.770025191737567,1907.5629728845233,125,0.18407275729545905,0.0749730283776841,0.808045956441418,0.029311475529633466,0.04192636178094472,5903.425535529242,205696.64141020054,4.047689197735296,1.102296315140178,4
273,12.746615547025344,2293.1370874472777,300,0.19805130145977606,0.018505065637479275,0.7607153711893585,0.03267159160753557,0.01323119484096168,8989.065188529881,174631.24691323892,4.945105472655985,1.2782780414691675,4
116,14.586698287960091,3556.3592058040317,278,0.19684597906646364,0.08185037567443945,0.8054452473627284,0.007701012107309519,0.013069414042426493,2652.1323338854518,252041.99884485974,4.974169923406471,1.1676825445691517,4
115,22.89831340621613,4508.355233794325,277,0.12504889987971357,0.07532541106952008,0.7676574255286557,0.018813238014437357,0.031295953672263954,5608.995853982135,78295.95961902614,4.534000628028771,1.0380505709304226,4
249,33.2914755516714,4664.376608452376,539,0.12392242764758601,0.06628814215866859,0.811681715189031,0.046602541304383044,0.008345995498169768,6283.186907891603,169920.94253180787,4.981117175940675,1.6213960774570797,4
176,29.55043472068738,2991.577178138855,472,0.09695909796057016,0.06185805070913603,0.7531798284251864,0.019987454809701433,0.021383486509198975,5345.070477045586,167385.52302527122,4.738342841509578,1.0608800380551293,4
287,13.653759902702486,5150.590606446155,278,0.04518080288573701,0.03311547912551297,0.878684589429886,0.029241210723685476,0.011002940973054527,7660.984289424943,182187.52775465773,5.2479130380752945,1.3523572321565456,4
222,16.120592481971677,4911.77656431558,186,0.06263806390823631,0.06470250528025545,0.7038958184709627,0.040570561025294855,0.04247624367700603,2627.866728722304,250495.03703463858,4.043105241821482,0.7749958759695108,4
184,26.025159846574304,2604.9926144669657,389,0.19439295373885215,0.03770359162595344,0.7550286041558916,0.009940482457242212,0.04859100440558577,5395.617786444851,94382.44943910054,4.096961488127806,1.6928228675203476,4
76,14.001710758047722,5306.434492045815,388,0.19162936506377612,0.018752392545495312,0.9801307396243664,0.038866869665411384,0.04537153833482942,3600.642862496774,161259.2427051653,4.787280125350599,1.0118661704603258,4
115,19.880422112111308,5519.254602895369,234,0.12015364782848725,0.09299237692660474,0.814426099779135,0.03065484387375647,0.02861479236963766,5124.887520055536,110856.61683353026,4.587717779993708,1.6778082820517501,4
271,14.717943609030945,4984.913812013341,509,0.06292416481578177,0.026308383635516137,0.7916657944553814,0.033731337701324755,0.002856742353675296,5464.203919088529,145129.8617189753,4.73567524157823,1.6809157860147321,4
206,32.95694498233986,4064.294416601298,360,0.04760491343570812,0.08598251400711338,0.8936812610120387,0.018095594612883566,0.03410120548454352,6250.050036664147,94530.27582920021,5.139376803752485,1.166905102186747,4
130,14.659524922592055,2611.7783663578157,467,0.13515800205095663,0.08501831432324417,0.8399634391276405,0.024956874998510604,0.03126751959635856,3116.7884443486746,244072.46714093152,4.537821428522341,1.5171562847972795,4
287,23.683458066192486,2972.134621387491,402,0.14693619006221686,0.0880735392695411,0.9060001445195757,0.02100504962888536,0.003141826031704764,8480.860577855641,175224.00718528722,4.8756153478207835,1.174282743040223,4
247,23.52195273865425,5930.181443228985,365,0.17653871350804018,0.08360723564653787,0.949177697132144,0.014667149942099035,0.010626906882559007,6817.399831070014,102800.40993116095,5.112011949970861,0.9738066559399805,4
324,13.174388050056791,2851.661960213625,196,0.11330037956874271,0.0855691404964888,0.8973558740860903,0.044251040668011714,0.03826075452361431,4324.681248371315,146615.7805760544,5.1334408628794925,0.9638377751063695,4
241,23.91957964913805,4244.695503124776,318,0.09545184839690837,0.03333546574215464,0.8750102392576931,0.013253886614906396,0.022130935916521235,2363.8087221374167,137788.30904685738,4.816864283024468,1.4382767143742248,4
210,31.634381653346907,5526.334450311825,283,0.14012166169385176,0.07452110020419471,0.7389125322994315,0.0011758948768126943,0.018227242768309088,4987.321516611545,97323.67375577593,4.841689513677569,1.2591581964863465,4
209,27.622199595944892,4714.9895330780255,432,0.0977218424046002,0.08906454682669908,0.8925048290723788,0.012934912865149285,0.04387646318487285,3506.5683303376222,237040.4960158702,4.454216921057962,1.253965642056611,4
86,29.77560173168972,3358.4011091096922,123,0.09368157482912579,0.05788861721330953,0.7596164980442758,0.026683897663605755,0.04624564290155231,5978.490428307058,101036.53102185894,4.789311345347206,0.9476746544769534,4
264,18.967708844307147,4675.697893476445,141,0.1484266643687827,0.03490266437104358,0.9342409544345189,0.023735928617943436,0.022929902825143896,2198.6105365056565,236644.87296793002,4.357287348162901,1.0517481461264784,4
267,17.023738317665394,5035.069137410221,481,0.07378653096059913,0.012638267936411094,0.731007929993919,0.04010827978629415,0.043974976294171936,4734.801401190027,173635.56273804168,5.130154086596161,1.1519556360813954,4
291,16.737435397864076,5443.348538770466,322,0.10943744717383795,0.0682946924748548,0.7799433619342526,0.04917248487390742,0.03943413159024599,8285.799482744103,250029.17956571575,4.969237082813274,0.9476400302232094,4
139,32.778865919790604,1902.4866722032725,521,0.12696397673551957,0.05270833353550039,0.7334378063731066,0.029731763953952713,0.03912797907504653,6902.728090252543,226739.2974095384,4.368780297514872,1.5157164832190855,4
97,32.17389289321096,1007.8563452743009,441,0.11316961597022271,0.014042857091609278,0.9412582066654859,0.005508750558667464,0.0436926210657971,4160.865038841141,146182.83529420593,5.269779181279784,0.9623708143226735,4
306,22.942861162222727,4132.622596573803,223,0.1181228373451016,0.09962604657743357,0.9589126255389901,0.0010863972556278856,0.0043597527830249614,3611.600297300015,255678.22494145524,4.581343378282147,1.3553007540941593,4
208,28.23373373425788,3312.597987006121,422,0.06576349202805915,0.04072541305470034,0.9837511259508772,0.04556423848269073,0.033434072046503865,7333.4448681589565,210976.75279045975,4.532862690398213,0.8857294869462127,4
309,12.666846392322933,2957.7871746544447,390,0.10996310216784794,0.04894418409511118,0.8411335827271549,0.024044268237500055,0.03182544628014362,8382.978131153493,179185.3319827021,5.2250327434813615,1.6414396670454783,4
163,17.500574278161395,4565.775183108052,168,0.1766582125211629,0.0612986811241572,0.7382127974650335,0.0245992129525992,0.012677680464057445,6107.195984133901,189414.93283660564,5.255010330579241,1.6599534621251502,4
122,28.097302421462867,5826.762857706973,247,0.1146989971392483,0.094165668003629,0.8337682791255002,0.016723305700967608,0.03467117902078639,7405.210446196206,62575.711366842224,4.752413510426727,1.4584946382408597,4
277,31.43551194479419,2753.162464554893,135,0.1691738772589243,0.034059531567056676,0.8487873912658079,0.04828089641595956,0.026385514887044183,7281.733213904961,209760.67812746178,4.391807924015653,1.2309080684986045,4
207,23.782677384366544,1901.016226472006,125,0.06875966469371232,0.05657901567018222,0.9306310125096199,0.023122006734112924,0.021642975482976654,8035.697650653537,205185.51306906802,4.897129899128611,0.7072388713656118,4
219,32.18574098522487,4062.974448944707,365,0.061399472634437416,0.015198015535552205,0.7029672701414128,0.005884204382773983,0.022584311870515728,8057.77177436655,171331.01637563694,5.029418877230483,1.4858750625696802,4
201,17.651203326919777,5735.93799860631,339,0.11371614103402934,0.056733167240813245,0.9238337925616836,0.025128788809712824,0.013348999600174029,3679.865616229921,118773.27021603768,4.054139829546762,1.2619682346209067,4
231,34.91985674259058,3896.880652752679,132,0.06398350685309014,0.02675713231753258,0.8876849830903284,0.023058381910001226,0.04437323785265631,4937.139290843665,245843.16579188485,5.072303434796343,0.854515083307963,4
97,14.856552176877816,2744.1754923065278,225,0.17167885545681233,0.06840762461273948,0.9696798737279965,0.030352585370682552,0.029905830941496958,6281.644592403465,143841.42803462892,4.284628321437016,1.659394742551425,4
154,32.93585338931841,2726.903887341912,324,0.08994611818347367,0.09721478142059993,0.9935414513457383,0.0014675805122281893,0.029862106085817165,6070.813936329215,236714.09411511055,4.357732057173718,1.4948501545309103,4
100,30.49914291605363,4381.348395800942,226,0.18714654391832583,0.012318040881847965,0.7437908482545207,0.04873419390170108,0.030462898074568284,3348.013227228891,182853.76261775405,5.197801061900447,0.7043791534154984,4
219,14.944525402866244,1299.769011795046,392,0.05380535616698237,0.013508383543980986,0.9990131050933924,0.042716172108243945,0.04666401688649463,2709.4692603929607,259884.43771155647,4.391243380955228,1.5744862908456168,4
86,25.03215550231053,5541.242825502814,148,0.18462238344047324,0.04119311337738451,0.8592060013589672,0.035440828073131835,0.010875726087101124,5516.67814988041,157562.3032929538,5.071920984469633,1.3000030521085177,4
174,25.498994102038566,3579.7196410594725,503,0.055561357930691474,0.08479249294476292,0.7988524615125762,0.03399545562543621,0.01183510852093499,7775.043946175585,142444.50218055162,4.110039429340656,0.856814042374637,4
144,31.769945871869467,1857.748934625928,383,0.17795776295270135,0.04929317112164042,0.7823463444082852,0.006575206513286209,0.017751790533987205,8688.162254608866,170977.52061132292,4.240065673232596,1.0623364967489963,4
309,27.767906014863122,4847.426638693506,521,0.11941125253167134,0.07514357080410362,0.8009630454449289,0.01692238919129544,0.0020509340776795003,2186.1907805904275,172926.44312430447,4.747743769363973,1.427930826892851,4
238,31.434219121758805,2235.189102462533,376,0.10709204722870666,0.019298268934850704,0.9397621683893744,0.0007446482124019993,0.03543036981009209,3918.032554462485,181969.43403765172,4.760764700630951,0.8151286727545797,4
236,28.953166974338338,3503.147199882223,189,0.1412492033347659,0.03592961554713524,0.9135536155636925,0.002053553326922314,0.045872501780255204,1992.6877200161066,265210.8337517695,4.5368652952787105,1.6302808445774901,4
247,30.028648749759984,3966.8053549425485,529,0.16151030092542212,0.028929706462800915,0.9582828126832275,0.025415175225876135,0.003890150360317113,2246.4219067699096,226459.1002210768,4.174335621023635,0.8525434065359584,4
294,29.84717598247464,2430.1279029238476,513,0.17218192761275483,0.06648268732949165,0.9801315221782629,0.013575469841101718,0.028721195784911432,3095.4215725030645,122451.8055726921,4.920451195930791,0.8261910290779553,4
333,22.289679679370295,5242.782000982285,497,0.12975508807658975,0.08302783110997639,0.8447582496616284,0.023496858259921878,0.0019268740031968268,5352.9106590695255,216352.86571610722,5.1364155861006235,1.5927073058798022,4
215,24.59064100786253,2483.751884124221,472,0.15532597125119935,0.05156606093551917,0.7795454857990659,0.03598139056766475,0.04463057335671886,4941.913591845893,89165.8032197144,4.881067729985205,1.0409191354222007,4
285,27.156793694536752,3391.7526259929355,198,0.08608165980787819,0.06275110274471132,0.8030518224126947,0.0014936104156558273,0.008437800324158085,5042.902623881888,158285.32828369457,4.811284851688957,1.4912347914339719,4
262,18.925894326346164,4889.416119380367,517,0.19757410016668883,0.0541737161075866,0.903861994630118,0.019865039870309405,0.00986722029941875,2251.826688511516,122265.89396408114,4.478163832671689,0.8131757251428869,4
2,0.0,0.0,2,1.0,0.0,0.0,0.0,1.0,1.3333333333333333,130.66666666666666,1.0,1.0,0
2,0.0,0.0,0,2.0,0.0,0.0,0.0,1.0,3.3333333333333335,326.6666666666667,1.0,1.0,0
2,0.0,0.0,0,2.0,0.0,0.0,0.0,1.0,5.333333333333333,522.6666666666666,1.0,1.0,0
2,0.0,0.0,0,2.0,0.0,0.0,0.0,1.0,7.333333333333333,718.6666666666666,1.0,1.0,0
2,0.0,0.0,0,2.0,0.0,0.0,0.0,1.0,9.333333333333334,914.6666666666666,1.0,1.0,0
2,0.0,0.0,0,2.0,0.0,0.0,0.0,1.0,11.333333333333334,1110.6666666666667,1.0,1.0,0
2,118536.98979933436,5185995000.517984,2,2.0,0.0,0.0,0.0,0.5,152099.66666666666,3997533139.3333335,1.0,1.0,0
2,336253.81696012017,15027819205.686102,0,4.0,0.0,0.0,0.0,0.5,429432.6666666667,11583301053.333334,1.0,1.0,0
2,562787.2155465932,24973596188.157925,0,4.0,0.0,0.0,0.0,0.5,719598.3333333334,19249716842.0,1.0,1.0,0
2,789579.4934104165,34899305532.270836,0,4.0,0.0,0.0,0.0,0.5,1010507.3333333334,26900758590.666668,1.0,1.0,0
2,1019822.2342119238,44976619042.89367,0,4.0,0.0,0.0,0.0,0.5,1305821.3333333333,34668658290.666664,1.0,1.0,0
2,1266761.3742047078,55779410272.51699,0,4.0,0.0,0.0,0.0,0.5,1622638.6666666667,42995797421.333336,1.0,1.0,0
2,1505752.2379626404,66235954997.44994,0,4.0,0.0,0.0,0.0,0.5,1929226.6666666667,51056032464.0,1.0,1.0,0
2,1743748.4218184256,76677852108.65747,0,4.0,0.0,0.0,0.0,0.5,2234376.6666666665,59104922377.333336,1.0,1.0,0
2,1989664.5630027063,87435156742.29199,0,4.0,0.0,0.0,0.0,0.5,2549887.3333333335,67397001014.666664,1.0,1.0,0
2,2225408.1533060824,97750157328.53206,0,4.0,0.0,0.0,0.0,0.5,2852291.0,75348126190.0,1.0,1.0,0
2,2342842.3082292983,102891637455.4814,0,4.0,0.0,0.0,0.0,0.5,3002871.0,79311327376.66667,1.0,1.0,0
2,2342840.8663241914,102891637370.49808,0,4.0,0.0,0.0,0.0,0.5,3002873.0,79311327572.66667,1.0,1.0,0
2,2342839.424419157,102891637285.51476,0,4.0,0.0,0.0,0.0,0.5,3002875.0,79311327768.66667,1.0,1.0,0
2,2342837.982514196,102891637200.53143,0,4.0,0.0,0.0,0.0,0.5,3002877.0,79311327964.66667,1.0,1.0,0
2,2342836.5406093076,102891637115.54811,0,4.0,0.0,0.0,0.0,0.5,3002879.0,79311328160.66667,1.0,1.0,0
2,2342835.098704492,102891637030.56479,0,4.0,0.0,0.0,0.0,0.5,3002881.0,79311328356.66667,1.0,1.0,0
2,2342833.65679975,102891636945.58147,0,4.0,0.0,0.0,0.0,0.5,3002883.0,79311328552.66667,1.0,1.0,0
2,0.0,0.0,0,2.0,0.0,0.0,0.0,1.0,46.666666666666664,4573.333333333333,1.0,1.0,0
2,0.0,0.0,0,2.0,0.0,0.0,0.0,1.0,48.0,4704.0,1.0,1.0,0
2,0.0,0.0,0,2.0,0.0,0.0,0.0,1.0,50.0,4900.0,1.0,1.0,0
545,0.20904550999818147,11.288457539901799,545,0.0,0.0,0.0,0.0,0.0,3.3333333333333335,180.0,9.090112419664289,-0.0,1
545,0.2514899628494593,13.580457993870798,545,0.0,0.0,0.0,0.0,0.0,5.666666666666667,306.0,9.090112419664289,-0.0,1
545,0.33820251974956134,18.262936066476314,545,0.0,0.0,0.0,0.0,0.0,6.333333333333333,342.0,9.090112419664289,-0.0,1
545,0.13525811004757513,7.303937942569059,545,0.0,0.0,0.0,0.0,0.0,1.3333333333333333,72.0,9.090112419664289,-0.0,1
545,0.14177206438225215,7.655691476641617,545,0.0,0.0,0.0,0.0,0.0,1.6666666666666667,90.0,9.090112419664289,-0.0,1
545,0.12817797575466408,6.921610690751861,545,0.0,0.0,0.0,0.0,0.0,1.6666666666666667,90.0,9.090112419664289,-0.0,1
545,0.18598301267396053,10.043082684393866,545,0.0,0.0,0.0,0.0,0.0,3.0,162.0,9.090112419664289,-0.0,1
545,0.11295958878254228,6.099817794257283,545,0.0,0.0,0.0,0.0,0.0,1.6666666666666667,90.0,9.090112419664289,-0.0,1
545,0.16540243801448715,8.931731652782306,545,0.0,0.0,0.0,0.0,0.0,2.3333333333333335,126.0,9.090112419664289,-0.0,1
545,0.2890359656023203,15.607942142525294,545,0.0,0.0,0.0,0.0,0.0,5.333333333333333,288.0,9.090112419664289,-0.0,1
545,0.2526119759027618,13.641046698749138,545,0.0,0.0,0.0,0.0,0.0,3.6666666666666665,198.0,9.090112419664289,-0.0,1
545,0.17035588093115833,9.19921757028255,545,0.0,0.0,0.0,0.0,0.0,3.3333333333333335,180.0,9.090112419664289,-0.0,1
545,0.1912486491125928,10.327427052080012,545,0.0,0.0,0.0,0.0,0.0,2.0,108.0,9.090112419664289,-0.0,1
545,0.12065528236898053,6.515385247924948,545,0.0,0.0,0.0,0.0,0.0,2.0,108.0,9.090112419664289,-0.0,1
545,0.24161730967165537,13.04733472226939,545,0.0,0.0,0.0,0.0,0.0,3.3333333333333335,180.0,9.090112419664289,-0.0,1
545,0.3488844993779988,18.839762966411936,545,0.0,0.0,0.0,0.0,0.0,6.333333333333333,342.0,9.090112419664289,-0.0,1
545,0.34642473953215175,18.706935934736194,545,0.0,0.0,0.0,0.0,0.0,6.0,324.0,9.090112419664289,-0.0,1
545,0.21284403669724772,11.493577981651375,545,0.0,0.0,0.0,0.0,0.0,4.333333333333333,234.0,9.090112419664289,-0.0,1
545,0.3034687103199503,16.387310357277318,545,0.0,0.0,0.0,0.0,0.0,7.0,378.0,9.090112419664289,-0.0,1
545,0.14724699191001012,7.951337563140546,545,0.0,0.0,0.0,0.0,0.0,3.3333333333333335,180.0,9.090112419664289,-0.0,1
545,0.06046699836067552,3.265217911476478,545,0.0,0.0,0.0,0.0,0.0,0.6666666666666666,36.0,9.090112419664289,-0.0,1
545,0.23389997768774243,12.63059879513809,545,0.0,0.0,0.0,0.0,0.0,3.3333333333333335,180.0,9.090112419664289,-0.0,1
545,0.28564982980431375,15.425090809432941,545,0.0,0.0,0.0,0.0,0.0,5.666666666666667,306.0,9.090112419664289,-0.0,1
545,0.1902956647701163,10.27596589758628,545,0.0,0.0,0.0,0.0,0.0,4.0,216.0,9.090112419664289,-0.0,1
545,0.1758407126709863,9.49539848423326,545,0.0,0.0,0.0,0.0,0.0,3.0,162.0,9.090112419664289,-0.0,1
545,0.14177206438225215,7.655691476641617,545,0.0,0.0,0.0,0.0,0.0,1.6666666666666667,90.0,9.090112419664289,-0.0,1
545,0.17035588093115833,9.19921757028255,545,0.0,0.0,0.0,0.0,0.0,3.3333333333333335,180.0,9.090112419664289,-0.0,1
545,0.14177206438225218,7.655691476641617,545,0.0,0.0,0.0,0.0,0.0,1.6666666666666667,90.0,9.090112419664289,-0.0,1
545,0.30108520720019044,16.25860118881028,545,0.0,0.0,0.0,0.0,0.0,6.0,324.0,9.090112419664289,-0.0,1
545,0.2767298547453178,14.943412156247161,545,0.0,0.0,0.0,0.0,0.0,4.0,216.0,9.090112419664289,-0.0,1
545,0.42212204549692,22.79459045683368,545,0.0,0.0,0.0,0.0,0.0,7.333333333333333,396.0,9.090112419664289,-0.0,1
545,0.15390984936154692,8.311131865523533,545,0.0,0.0,0.0,0.0,0.0,2.3333333333333335,126.0,9.090112419664289,-0.0,1
545,0.25572479104857754,13.809138716623186,545,0.0,0.0,0.0,0.0,0.0,4.666666666666667,252.0,9.090112419664289,-0.0,1
545,0.23792441998907082,12.84791867940982,545,0.0,0.0,0.0,0.0,0.0,3.0,162.0,9.090112419664289,-0.0,1
545,0.266996121151047,14.417790542156537,545,0.0,0.0,0.0,0.0,0.0,3.0,162.0,9.090112419664289,-0.0,1
545,0.18598301267396056,10.043082684393866,545,0.0,0.0,0.0,0.0,0.0,3.0,162.0,9.090112419664289,-0.0,1
545,0.3988283488513418,21.536730837972453,545,0.0,0.0,0.0,0.0,0.0,4.333333333333333,234.0,9.090112419664289,-0.0,1
545,0.15390984936154692,8.311131865523532,545,0.0,0.0,0.0,0.0,0.0,2.3333333333333335,126.0,9.090112419664289,-0.0,1
545,0.1754573664276245,9.474697787091724,545,0.0,0.0,0.0,0.0,0.0,3.6666666666666665,198.0,9.090112419664289,-0.0,1
545,0.3922487766317789,21.18143393811606,545,0.0,0.0,0.0,0.0,0.0,8.333333333333334,450.0,9.090112419664289,-0.0,1
545,0.6315126135949578,34.10168113412772,545,0.0,0.0,0.0,0.0,0.0,12.666666666666666,684.0,9.090112419664289,-0.0,1
545,0.24844605850404722,13.416087159218549,545,0.0,0.0,0.0,0.0,0.0,4.666666666666667,252.0,9.090112419664289,-0.0,1
545,0.16540243801448717,8.931731652782306,545,0.0,0.0,0.0,0.0,0.0,2.3333333333333335,126.0,9.090112419664289,-0.0,1
545,0.18598301267396053,10.043082684393866,545,0.0,0.0,0.0,0.0,0.0,3.0,162.0,9.090112419664289,-0.0,1
545,0.14797684516444737,7.990749638880157,545,0.0,0.0,0.0,0.0,0.0,2.0,108.0,9.090112419664289,-0.0,1
545,0.042795977209873756,2.3109827693331835,545,0.0,0.0,0.0,0.0,0.0,0.3333333333333333,18.0,9.090112419664289,-0.0,1
545,0.20037839803428908,10.82043349385161,545,0.0,0.0,0.0,0.0,0.0,2.6666666666666665,144.0,9.090112419664289,-0.0,1
545,0.28938519763465725,15.626800672271491,545,0.0,0.0,0.0,0.0,0.0,4.666666666666667,252.0,9.090112419664289,-0.0,1
545,0.18562061362995194,10.023513136017405,545,0.0,0.0,0.0,0.0,0.0,3.6666666666666665,198.0,9.090112419664289,-0.0,1
545,0.07398842258222367,3.9953748194400776,545,0.0,0.0,0.0,0.0,0.0,1.0,54.0,9.090112419664289,-0.0,1
545,0.276047713032333,14.906576503745981,545,0.0,0.0,0.0,0.0,0.0,5.333333333333333,288.0,9.090112419664289,-0.0,1
545,0.17071124182918174,9.218407058775814,545,0.0,0.0,0.0,0.0,0.0,2.6666666666666665,144.0,9.090112419664289,-0.0,1
545,0.0,0.0,545,0.0,0.0,0.0,0.0,0.0,0.0,0.0,9.090112419664289,-0.0,1
545,0.0,0.0,545,0.0,0.0,0.0,0.0,0.0,0.0,0.0,9.090112419664289,-0.0,1
545,0.0,0.0,545,0.0,0.0,0.0,0.0,0.0,0.0,0.0,9.090112419664289,-0.0,1
545,0.0,0.0,545,0.0,0.0,0.0,0.0,0.0,0.0,0.0,9.090112419664289,-0.0,1
545,0.0,0.0,545,0.0,0.0,0.0,0.0,0.0,0.0,0.0,9.090112419664289,-0.0,1
545,0.0,0.0,545,0.0,0.0,0.0,0.0,0.0,0.0,0.0,9.090112419664289,-0.0,1
545,0.0,0.0,545,0.0,0.0,0.0,0.0,0.0,0.0,0.0,9.090112419664289,-0.0,1
545,0.0,0.0,545,0.0,0.0,0.0,0.0,0.0,0.0,0.0,9.090112419664289,-0.0,1
545,0.0,0.0,545,0.0,0.0,0.0,0.0,0.0,0.0,0.0,9.090112419664289,-0.0,1
545,0.0,0.0,545,0.0,0.0,0.0,0.0,0.0,0.0,0.0,9.090112419664289,-0.0,1
545,0.0,0.0,545,0.0,0.0,0.0,0.0,0.0,0.0,0.0,9.090112419664289,-0.0,1
545,0.0,0.0,545,0.0,0.0,0.0,0.0,0.0,0.0,0.0,9.090112419664289,-0.0,1
545,0.0,0.0,545,0.0,0.0,0.0,0.0,0.0,0.0,0.0,9.090112419664289,-0.0,1
545,0.0,0.0,545,0.0,0.0,0.0,0.0,0.0,0.0,0.0,9.090112419664289,-0.0,1
545,0.0,0.0,545,0.0,0.0,0.0,0.0,0.0,0.0,0.0,9.090112419664289,-0.0,1
545,0.0,0.0,545,0.0,0.0,0.0,0.0,0.0,0.0,0.0,9.090112419664289,-0.0,1
545,0.0,0.0,545,0.0,0.0,0.0,0.0,0.0,0.0,0.0,9.090112419664289,-0.0,1
545,0.0,0.0,545,0.0,0.0,0.0,0.0,0.0,0.0,0.0,9.090112419664289,-0.0,1
545,0.0,0.0,545,0.0,0.0,0.0,0.0,0.0,0.0,0.0,9.090112419664289,-0.0,1
545,0.0,0.0,545,0.0,0.0,0.0,0.0,0.0,0.0,0.0,9.090112419664289,-0.0,1
545,0.0,0.0,545,0.0,0.0,0.0,0.0,0.0,0.0,0.0,9.090112419664289,-0.0,1
545,0.0,0.0,545,0.0,0.0,0.0,0.0,0.0,0.0,0.0,9.090112419664289,-0.0,1
545,0.13420861319566782,8.03914838411736,545,0.0,0.0,0.0,0.0,0.001834862385321101,3.3333333333333335,194.66666666666666,9.090112419664289,0.019323822159362687,1
544,0.2577573509106757,13.918896949176483,545,0.0,0.0,0.0,0.0,0.0,13.0,702.0,9.086442694893647,-0.0,1
545,0.42307008952192965,22.8457848341842,545,0.0,0.0,0.0,0.0,0.0,26.333333333333332,1422.0,9.090112419664289,-0.0,1
545,0.4803205730284069,25.937310943533973,545,0.0,0.0,0.0,0.0,0.0,32.333333333333336,1746.0,9.090112419664289,-0.0,1
545,0.4501587222067978,24.30857099916708,545,0.0,0.0,0.0,0.0,0.0,31.666666666666668,1710.0,9.090112419664289,-0.0,1
545,0.5255719807126258,28.3808869584818,545,0.0,0.0,0.0,0.0,0.0,44.333333333333336,2394.0,9.090112419664289,-0.0,1
545,0.5430696729155502,29.32576233743971,545,0.0,0.0,0.0,0.0,0.0,38.333333333333336,2070.0,9.090112419664289,-0.0,1
129,0.6930076477093646,37.422412976305694,129,0.0,0.0,0.0,0.0,0.0,12.0,648.0,7.011227255423254,-0.0,1
545,0.3237167371046171,17.480703803649323,545,0.0,0.0,0.0,0.0,0.0,7.333333333333333,396.0,9.090112419664289,-0.0,1
545,0.1902956647701163,10.27596589758628,545,0.0,0.0,0.0,0.0,0.0,4.0,216.0,9.090112419664289,-0.0,1
545,0.17584071267098628,9.49539848423326,545,0.0,0.0,0.0,0.0,0.0,3.0,162.0,9.090112419664289,-0.0,1
545,0.1479768451644474,7.990749638880157,545,0.0,0.0,0.0,0.0,0.0,2.0,108.0,9.090112419664289,-0.0,1
545,0.20869089479798797,11.26930831909135,545,0.0,0.0,0.0,0.0,0.0,4.0,216.0,9.090112419664289,-0.0,1
545,0.1910020356649263,10.314109925906019,545,0.0,0.0,0.0,0.0,0.0,2.6666666666666665,144.0,9.090112419664289,-0.0,1
545,0.24131056473796106,13.030770495849895,545,0.0,0.0,0.0,0.0,0.0,4.0,216.0,9.090112419664289,-0.0,1
545,0.2767298547453178,14.94341215624716,545,0.0,0.0,0.0,0.0,0.0,4.0,216.0,9.090112419664289,-0.0,1
545,0.042795977209873756,2.3109827693331835,545,0.0,0.0,0.0,0.0,0.0,0.3333333333333333,18.0,9.090112419664289,-0.0,1
545,0.0,0.0,545,0.0,0.0,0.0,0.0,0.0,0.0,0.0,9.090112419664289,-0.0,1
545,0.0,0.0,545,0.0,0.0,0.0,0.0,0.0,0.0,0.0,9.090112419664289,-0.0,1
545,0.0,0.0,545,0.0,0.0,0.0,0.0,0.0,0.0,0.0,9.090112419664289,-0.0,1
545,0.0,0.0,545,0.0,0.0,0.0,0.0,0.0,0.0,0.0,9.090112419664289,-0.0,1
545,0.0,0.0,545,0.0,0.0,0.0,0.0,0.0,0.0,0.0,9.090112419664289,-0.0,1
251,0.0,0.0,251,0.0,0.0,0.0,0.0,0.0,0.0,0.0,7.97154355395077,-0.0,1
545,56.41299499711989,3069.7757052185652,545,0.003669724770642202,0.0,0.0,0.0,0.003669724770642202,747.0,42626.0,9.090112419664289,0.019323822159362687,1
545,1.126058499126905,60.80715895285289,545,0.0,0.0,0.0,0.0,0.0,13.333333333333334,720.0,9.090112419664289,-0.0,1
545,0.0,0.0,545,0.0,0.0,0.0,0.0,0.0,0.0,0.0,9.090112419664289,-0.0,1
545,0.0,0.0,545,0.0,0.0,0.0,0.0,0.0,0.0,0.0,9.090112419664289,-0.0,1
545,0.0,0.0,545,0.0,0.0,0.0,0.0,0.0,0.0,0.0,9.090112419664289,-0.0,1
545,0.0,0.0,545,0.0,0.0,0.0,0.0,0.0,0.0,0.0,9.090112419664289,-0.0,1
545,0.04279597720987376,2.3109827693331835,545,0.0,0.0,0.0,0.0,0.0,0.3333333333333333,18.0,9.090112419664289,-0.0,1
545,0.26364616546410374,14.236892935061608,545,0.0,0.0,0.0,0.0,0.0,2.6666666666666665,144.0,9.090112419664289,-0.0,1
545,0.24909566255479199,13.451165777958769,545,0.0,0.0,0.0,0.0,0.0,3.3333333333333335,180.0,9.090112419664289,-0.0,1
545,0.08559195441974753,4.621965538666367,545,0.0,0.0,0.0,0.0,0.0,0.6666666666666666,36.0,9.090112419664289,-0.0,1
137,0.0,0.0,137,0.0,0.0,0.0,0.0,0.0,0.0,0.0,7.0980320829605255,-0.0,1
545,56.42770422607351,3072.430116249585,545,0.003669724770642202,0.0,0.0,0.0,0.003669724770642202,749.0,42822.0,9.090112419664289,0.019323822159362687,1
545,1.126058499126905,60.80715895285289,545,0.0,0.0,0.0,0.0,0.0,13.333333333333334,720.0,9.090112419664289,-0.0,1
545,0.0,0.0,545,0.0,0.0,0.0,0.0,0.0,0.0,0.0,9.090112419664289,-0.0,1
545,0.0,0.0,545,0.0,0.0,0.0,0.0,0.0,0.0,0.0,9.090112419664289,-0.0,1
545,0.0,0.0,545,0.0,0.0,0.0,0.0,0.0,0.0,0.0,9.090112419664289,-0.0,1
545,0.0,0.0,545,0.0,0.0,0.0,0.0,0.0,0.0,0.0,9.090112419664289,-0.0,1
545,0.04279597720987376,2.3109827693331835,545,0.0,0.0,0.0,0.0,0.0,0.3333333333333333,18.0,9.090112419664289,-0.0,1
545,0.26364616546410374,14.236892935061608,545,0.0,0.0,0.0,0.0,0.0,2.6666666666666665,144.0,9.090112419664289,-0.0,1
545,0.24909566255479199,13.451165777958769,545,0.0,0.0,0.0,0.0,0.0,3.3333333333333335,180.0,9.090112419664289,-0.0,1
545,0.08559195441974753,4.621965538666367,545,0.0,0.0,0.0,0.0,0.0,0.6666666666666666,36.0,9.090112419664289,-0.0,1
545,0.11295958878254228,6.099817794257283,545,0.0,0.0,0.0,0.0,0.0,1.6666666666666667,90.0,9.090112419664289,-0.0,1
545,0.16540243801448715,8.931731652782306,545,0.0,0.0,0.0,0.0,0.0,2.3333333333333335,126.0,9.090112419664289,-0.0,1
545,0.24551528343013185,13.25782530522712,545,0.0,0.0,0.0,0.0,0.0,3.0,162.0,9.090112419664289,-0.0,1
545,0.10466760144551678,5.652050478057906,545,0.0,0.0,0.0,0.0,0.0,1.3333333333333333,72.0,9.090112419664289,-0.0,1
545,0.15989643984612364,8.634407751690675,545,0.0,0.0,0.0,0.0,0.0,2.0,108.0,9.090112419664289,-0.0,1
545,0.3464247395321518,18.706935934736194,545,0.0,0.0,0.0,0.0,0.0,6.0,324.0,9.090112419664289,-0.0,1
545,0.11295958878254227,6.099817794257283,545,0.0,0.0,0.0,0.0,0.0,1.6666666666666667,90.0,9.090112419664289,-0.0,1
545,0.17118390883949505,9.243931077332734,545,0.0,0.0,0.0,0.0,0.0,1.3333333333333333,72.0,9.090112419664289,-0.0,1
545,0.35770876323673645,19.31627321478377,545,0.0,0.0,0.0,0.0,0.0,4.0,216.0,9.090112419664289,-0.0,1
545,0.14177206438225218,7.655691476641617,545,0.0,0.0,0.0,0.0,0.0,1.6666666666666667,90.0,9.090112419664289,-0.0,1
545,0.15960138882923033,8.618474996778438,545,0.0,0.0,0.0,0.0,0.0,2.6666666666666665,144.0,9.090112419664289,-0.0,1
545,0.0956243245562964,5.163713526040007,545,0.0,0.0,0.0,0.0,0.0,1.0,54.0,9.090112419664289,-0.0,1
545,0.19525556835850316,10.543800691359172,545,0.0,0.0,0.0,0.0,0.0,3.6666666666666665,198.0,9.090112419664289,-0.0,1
545,0.2956577707091289,15.965519618292964,545,0.0,0.0,0.0,0.0,0.0,4.666666666666667,252.0,9.090112419664289,-0.0,1
545,0.16540243801448715,8.931731652782306,545,0.0,0.0,0.0,0.0,0.0,2.3333333333333335,126.0,9.090112419664289,-0.0,1
545,0.19068449257639017,10.296962599125068,545,0.0,0.0,0.0,0.0,0.0,3.3333333333333335,180.0,9.090112419664289,-0.0,1
545,0.27953813796129395,15.095059449909876,545,0.0,0.0,0.0,0.0,0.0,5.0,270.0,9.090112419664289,-0.0,1
545,0.060466998360675525,3.265217911476478,545,0.0,0.0,0.0,0.0,0.0,0.6666666666666666,36.0,9.090112419664289,-0.0,1
545,0.1414868084305101,7.640287655247546,545,0.0,0.0,0.0,0.0,0.0,2.3333333333333335,126.0,9.090112419664289,-0.0,1
545,0.15989643984612364,8.634407751690675,545,0.0,0.0,0.0,0.0,0.0,2.0,108.0,9.090112419664289,-0.0,1
545,0.27871795180528003,15.050769397485123,545,0.0,0.0,0.0,0.0,0.0,6.333333333333333,342.0,9.090112419664289,-0.0,1
545,0.2044369383101897,11.039594668750244,545,0.0,0.0,0.0,0.0,0.0,3.6666666666666665,198.0,9.090112419664289,-0.0,1
545,0.28016371901455467,15.128840826785952,545,0.0,0.0,0.0,0.0,0.0,3.6666666666666665,198.0,9.090112419664289,-0.0,1
353,0.16792918226944972,9.06817584255028,353,0.0,0.0,0.0,0.0,0.0,1.3333333333333333,72.0,8.463524373271182,-0.0,1
545,56.44299262572307,3075.1850062620338,545,0.003669724770642202,0.0,0.0,0.0,0.003669724770642202,751.0,43018.0,9.090112419664289,0.019323822159362687,1
545,1.126058499126905,60.80715895285289,545,0.0,0.0,0.0,0.0,0.0,13.333333333333334,720.0,9.090112419664289,-0.0,1
545,0.0,0.0,545,0.0,0.0,0.0,0.0,0.0,0.0,0.0,9.090112419664289,-0.0,1
545,0.0,0.0,545,0.0,0.0,0.0,0.0,0.0,0.0,0.0,9.090112419664289,-0.0,1
545,0.0,0.0,545,0.0,0.0,0.0,0.0,0.0,0.0,0.0,9.090112419664289,-0.0,1
545,0.0,0.0,545,0.0,0.0,0.0,0.0,0.0,0.0,0.0,9.090112419664289,-0.0,1
545,0.04279597720987376,2.3109827693331835,545,0.0,0.0,0.0,0.0,0.0,0.3333333333333333,18.0,9.090112419664289,-0.0,1
545,0.26364616546410374,14.236892935061608,545,0.0,0.0,0.0,0.0,0.0,2.6666666666666665,144.0,9.090112419664289,-0.0,1
545,0.24909566255479199,13.451165777958769,545,0.0,0.0,0.0,0.0,0.0,3.3333333333333335,180.0,9.090112419664289,-0.0,1
545,0.08559195441974753,4.621965538666367,545,0.0,0.0,0.0,0.0,0.0,0.6666666666666666,36.0,9.090112419664289,-0.0,1
545,0.11295958878254228,6.099817794257283,545,0.0,0.0,0.0,0.0,0.0,1.6666666666666667,90.0,9.090112419664289,-0.0,1
545,0.16540243801448715,8.931731652782306,545,0.0,0.0,0.0,0.0,0.0,2.3333333333333335,126.0,9.090112419664289,-0.0,1
545,0.24551528343013185,13.25782530522712,545,0.0,0.0,0.0,0.0,0.0,3.0,162.0,9.090112419664289,-0.0,1
545,0.10466760144551678,5.652050478057906,545,0.0,0.0,0.0,0.0,0.0,1.3333333333333333,72.0,9.090112419664289,-0.0,1
545,0.15989643984612364,8.634407751690675,545,0.0,0.0,0.0,0.0,0.0,2.0,108.0,9.090112419664289,-0.0,1
545,0.3464247395321518,18.706935934736194,545,0.0,0.0,0.0,0.0,0.0,6.0,324.0,9.090112419664289,-0.0,1
545,0.11295958878254227,6.099817794257283,545,0.0,0.0,0.0,0.0,0.0,1.6666666666666667,90.0,9.090112419664289,-0.0,1
545,0.17118390883949505,9.243931077332734,545,0.0,0.0,0.0,0.0,0.0,1.3333333333333333,72.0,9.090112419664289,-0.0,1
545,0.35770876323673645,19.31627321478377,545,0.0,0.0,0.0,0.0,0.0,4.0,216.0,9.090112419664289,-0.0,1
545,0.14177206438225218,7.655691476641617,545,0.0,0.0,0.0,0.0,0.0,1.6666666666666667,90.0,9.090112419664289,-0.0,1
545,0.15960138882923033,8.618474996778438,545,0.0,0.0,0.0,0.0,0.0,2.6666666666666665,144.0,9.090112419664289,-0.0,1
545,0.0956243245562964,5.163713526040007,545,0.0,0.0,0.0,0.0,0.0,1.0,54.0,9.090112419664289,-0.0,1
545,0.19525556835850316,10.543800691359172,545,0.0,0.0,0.0,0.0,0.0,3.6666666666666665,198.0,9.090112419664289,-0.0,1
545,0.2956577707091289,15.965519618292964,545,0.0,0.0,0.0,0.0,0.0,4.666666666666667,252.0,9.090112419664289,-0.0,1
545,0.16540243801448715,8.931731652782306,545,0.0,0.0,0.0,0.0,0.0,2.3333333333333335,126.0,9.090112419664289,-0.0,1
545,0.19068449257639017,10.296962599125068,545,0.0,0.0,0.0,0.0,0.0,3.3333333333333335,180.0,9.090112419664289,-0.0,1
545,0.27953813796129395,15.095059449909876,545,0.0,0.0,0.0,0.0,0.0,5.0,270.0,9.090112419664289,-0.0,1
545,0.060466998360675525,3.265217911476478,545,0.0,0.0,0.0,0.0,0.0,0.6666666666666666,36.0,9.090112419664289,-0.0,1
545,0.1414868084305101,7.640287655247546,545,0.0,0.0,0.0,0.0,0.0,2.3333333333333335,126.0,9.090112419664289,-0.0,1
545,0.15989643984612364,8.634407751690675,545,0.0,0.0,0.0,0.0,0.0,2.0,108.0,9.090112419664289,-0.0,1
545,0.27871795180528003,15.050769397485123,545,0.0,0.0,0.0,0.0,0.0,6.333333333333333,342.0,9.090112419664289,-0.0,1
545,0.2044369383101897,11.039594668750244,545,0.0,0.0,0.0,0.0,0.0,3.6666666666666665,198.0,9.090112419664289,-0.0,1
545,0.28016371901455467,15.128840826785952,545,0.0,0.0,0.0,0.0,0.0,3.6666666666666665,198.0,9.090112419664289,-0.0,1
545,0.13525811004757513,7.30393794256906,545,0.0,0.0,0.0,0.0,0.0,1.3333333333333333,72.0,9.090112419664289,-0.0,1
545,0.18598301267396053,10.043082684393866,545,0.0,0.0,0.0,0.0,0.0,3.0,162.0,9.090112419664289,-0.0,1
545,0.12093399672135104,6.530435822952956,545,0.0,0.0,0.0,0.0,0.0,1.3333333333333333,72.0,9.090112419664289,-0.0,1
545,0.1539098493615469,8.311131865523533,545,0.0,0.0,0.0,0.0,0.0,2.3333333333333335,126.0,9.090112419664289,-0.0,1
545,0.18598301267396053,10.043082684393868,545,0.0,0.0,0.0,0.0,0.0,3.0,162.0,9.090112419664289,-0.0,1
545,0.19068449257639017,10.296962599125068,545,0.0,0.0,0.0,0.0,0.0,3.3333333333333335,180.0,9.090112419664289,-0.0,1
545,0.3137239099791701,16.941091138875187,545,0.0,0.0,0.0,0.0,0.0,4.666666666666667,252.0,9.090112419664289,-0.0,1
545,0.17035588093115833,9.19921757028255,545,0.0,0.0,0.0,0.0,0.0,3.3333333333333335,180.0,9.090112419664289,-0.0,1
545,0.14797684516444734,7.990749638880155,545,0.0,0.0,0.0,0.0,0.0,2.0,108.0,9.090112419664289,-0.0,1
545,0.2090455099981815,11.288457539901803,545,0.0,0.0,0.0,0.0,0.0,3.3333333333333335,180.0,9.090112419664289,-0.0,1
545,0.21814036788113805,11.779579865581455,545,0.0,0.0,0.0,0.0,0.0,2.0,108.0,9.090112419664289,-0.0,1
545,0.22559108828335683,12.181918767301267,545,0.0,0.0,0.0,0.0,0.0,4.0,216.0,9.090112419664289,-0.0,1
545,0.36196584710694163,19.546155743774843,545,0.0,0.0,0.0,0.0,0.0,6.0,324.0,9.090112419664289,-0.0,1
545,0.8944347191829555,48.299474835879586,545,0.0,0.0,0.0,0.0,0.0,87.0,4698.0,9.090112419664289,-0.0,1
545,0.9372788856322681,50.61305982414248,545,0.0,0.0,0.0,0.0,0.0,76.33333333333333,4122.0,9.090112419664289,-0.0,1
545,1.1183392161927164,60.39031767440668,545,0.0,0.0,0.0,0.0,0.0,84.66666666666667,4572.0,9.090112419664289,-0.0,1
545,0.9838456141978692,53.12766316668493,545,0.0,0.0,0.0,0.0,0.0,70.66666666666667,3816.0,9.090112419664289,-0.0,1
545,0.8564032223506565,46.245774006935456,545,0.0,0.0,0.0,0.0,0.0,57.333333333333336,3096.0,9.090112419664289,-0.0,1
545,0.958599264264635,51.76436027029029,545,0.0,0.0,0.0,0.0,0.001834862385321101,58.333333333333336,3150.0,9.090112419664289,0.019323822159362687,1
74,0.9805448612795533,52.949422509095875,74,0.0,0.0,0.0,0.0,0.0,9.0,486.0,6.20945336562895,-0.0,1
545,0.8944347191829555,48.299474835879586,545,0.0,0.0,0.0,0.0,0.0,87.0,4698.0,9.090112419664289,-0.0,1
545,0.9372788856322681,50.61305982414248,545,0.0,0.0,0.0,0.0,0.0,76.33333333333333,4122.0,9.090112419664289,-0.0,1
545,1.1183392161927164,60.39031767440668,545,0.0,0.0,0.0,0.0,0.0,84.66666666666667,4572.0,9.090112419664289,-0.0,1
545,0.9838456141978692,53.12766316668493,545,0.0,0.0,0.0,0.0,0.0,70.66666666666667,3816.0,9.090112419664289,-0.0,1
545,0.8564032223506565,46.245774006935456,545,0.0,0.0,0.0,0.0,0.0,57.333333333333336,3096.0,9.090112419664289,-0.0,1
545,0.9653294538472926,53.09565554092059,545,0.0,0.0,0.0,0.0,0.001834862385321101,59.333333333333336,3248.0,9.090112419664289,0.019323822159362687,1
545,0.968383282227585,52.29269724028959,545,0.0,0.0,0.0,0.0,0.0,70.0,3780.0,9.090112419664289,-0.0,1
545,0.7881711124814779,42.561240073999805,545,0.0,0.0,0.0,0.0,0.0,45.666666666666664,2466.0,9.090112419664289,-0.0,1
545,0.9610265812616337,51.89543538812821,545,0.0,0.0,0.0,0.0,0.0,57.0,3078.0,9.090112419664289,-0.0,1
545,0.9815296160446699,53.00259926641217,545,0.0,0.0,0.0,0.0,0.0,44.666666666666664,2412.0,9.090112419664289,-0.0,1
545,0.8621002847315763,46.55341537550512,545,0.0,0.0,0.0,0.0,0.0,44.666666666666664,2412.0,9.090112419664289,-0.0,1
545,0.7959073835894799,42.97899871383191,545,0.0,0.0,0.0,0.0,0.0,41.0,2214.0,9.090112419664289,-0.0,1
545,0.9536095978150754,51.49491828201407,545,0.0,0.0,0.0,0.0,0.0,50.666666666666664,2736.0,9.090112419664289,-0.0,1
545,0.7547420437228309,40.75607036103287,545,0.0,0.0,0.0,0.0,0.0,39.333333333333336,2124.0,9.090112419664289,-0.0,1
41,0.7658691935662234,41.35693645257607,41,0.0,0.0,0.0,0.0,0.0,3.6666666666666665,198.0,5.357552004618084,-0.0,1
545,0.8944347191829555,48.299474835879586,545,0.0,0.0,0.0,0.0,0.0,87.0,4698.0,9.090112419664289,-0.0,1
545,0.9372788856322681,50.61305982414248,545,0.0,0.0,0.0,0.0,0.0,76.33333333333333,4122.0,9.090112419664289,-0.0,1
545,1.1183392161927164,60.39031767440668,545,0.0,0.0,0.0,0.0,0.0,84.66666666666667,4572.0,9.090112419664289,-0.0,1
545,0.9838456141978692,53.12766316668493,545,0.0,0.0,0.0,0.0,0.0,70.66666666666667,3816.0,9.090112419664289,-0.0,1
545,0.8564032223506565,46.245774006935456,545,0.0,0.0,0.0,0.0,0.0,57.333333333333336,3096.0,9.090112419664289,-0.0,1
545,0.9888257083317513,57.230783666727994,545,0.0,0.0,0.0,0.0,0.001834862385321101,60.333333333333336,3346.0,9.090112419664289,0.019323822159362687,1
545,0.968383282227585,52.29269724028959,545,0.0,0.0,0.0,0.0,0.0,70.0,3780.0,9.090112419664289,-0.0,1
545,0.7881711124814779,42.561240073999805,545,0.0,0.0,0.0,0.0,0.0,45.666666666666664,2466.0,9.090112419664289,-0.0,1
545,0.9610265812616337,51.89543538812821,545,0.0,0.0,0.0,0.0,0.0,57.0,3078.0,9.090112419664289,-0.0,1
545,0.9815296160446699,53.00259926641217,545,0.0,0.0,0.0,0.0,0.0,44.666666666666664,2412.0,9.090112419664289,-0.0,1
545,0.8621002847315763,46.55341537550512,545,0.0,0.0,0.0,0.0,0.0,44.666666666666664,2412.0,9.090112419664289,-0.0,1
545,0.7959073835894799,42.97899871383191,545,0.0,0.0,0.0,0.0,0.0,41.0,2214.0,9.090112419664289,-0.0,1
545,0.9536095978150754,51.49491828201407,545,0.0,0.0,0.0,0.0,0.0,50.666666666666664,2736.0,9.090112419664289,-0.0,1
545,0.7547420437228309,40.75607036103287,545,0.0,0.0,0.0,0.0,0.0,39.333333333333336,2124.0,9.090112419664289,-0.0,1
545,0.9421906683990317,50.8782960935477,545,0.0,0.0,0.0,0.0,0.0,49.333333333333336,2664.0,9.090112419664289,-0.0,1
545,1.0674894422352523,57.64442988070363,545,0.0,0.0,0.0,0.0,0.0,55.0,2970.0,9.090112419664289,-0.0,1
545,0.8652616487112891,46.724129030409614,545,0.0,0.0,0.0,0.0,0.0,44.0,2376.0,9.090112419664289,-0.0,1
545,0.8250843868562088,44.554556890235276,545,0.0,0.0,0.0,0.0,0.0,39.666666666666664,2142.0,9.090112419664289,-0.0,1
545,0.6946499167636112,37.511095505235005,545,0.0,0.0,0.0,0.0,0.0,37.333333333333336,2016.0,9.090112419664289,-0.0,1
545,0.6779214384007782,36.60775767364203,545,0.0,0.0,0.0,0.0,0.0,30.666666666666668,1656.0,9.090112419664289,-0.0,1
51,0.1386483884679505,7.487012977269327,51,0.0,0.0,0.0,0.0,0.0,0.3333333333333333,18.0,5.672425341971495,-0.0,1
213,4.395409370182289,184.60719354765607,213,0.0,0.0,0.0,0.0,1.0,28.333333333333332,1190.0,7.734709620225836,-0.0,3
545,4.322522215073787,181.54593303309915,545,0.0,0.0,0.0,0.0,1.0,60.333333333333336,2534.0,9.090112419664289,-0.0,3
56,0.25753937681885636,10.816653826391969,56,0.0,0.0,0.0,0.0,1.0,1.3333333333333333,56.0,5.807354922057605,-0.0,3
545,2.7734089108506206,116.48317425572604,545,0.0,0.0,0.0,0.0,1.0,44.0,1848.0,9.090112419664289,-0.0,3
545,0.2865911730373495,12.03682926756868,545,0.0,0.0,0.0,0.0,1.0,14.0,588.0,9.090112419664289,-0.0,3
545,0.2444295658099353,10.266041764017283,545,0.0,0.0,0.0,0.0,1.0,9.333333333333334,392.0,9.090112419664289,-0.0,3
199,0.1710020052982267,7.182084222525521,199,0.0,0.0,0.0,0.0,1.0,2.0,84.0,7.6366246205436505,-0.0,3
545,4.322522215073787,181.54593303309915,545,0.0,0.0,0.0,0.0,1.0,60.333333333333336,2534.0,9.090112419664289,-0.0,3
545,0.2510478000218285,10.5440076009168,545,0.0,0.0,0.0,0.0,1.0,10.0,420.0,9.090112419664289,-0.0,3
545,0.23680390172332738,9.945763872379752,545,0.0,0.0,0.0,0.0,1.0,9.333333333333334,392.0,9.090112419664289,-0.0,3
545,0.2010493471678863,8.444072581051225,545,0.0,0.0,0.0,0.0,1.0,7.666666666666667,322.0,9.090112419664289,-0.0,3
30,0.3,12.600000000000001,30,0.0,0.0,0.0,0.0,1.0,1.0,42.0,4.906890595608519,-0.0,3
545,2.7737475762099537,116.4973982008181,545,0.0,0.0,0.0,0.0,1.0,44.666666666666664,1876.0,9.090112419664289,-0.0,3
545,0.2892804722938181,12.14977983634036,545,0.0,0.0,0.0,0.0,1.0,14.333333333333334,602.0,9.090112419664289,-0.0,3
545,0.2510478000218285,10.5440076009168,545,0.0,0.0,0.0,0.0,1.0,10.0,420.0,9.090112419664289,-0.0,3
545,0.19247697676247133,8.084033024023794,545,0.0,0.0,0.0,0.0,1.0,7.0,294.0,9.090112419664289,-0.0,3
545,0.19681839347505142,8.26637252595216,545,0.0,0.0,0.0,0.0,1.0,7.333333333333333,308.0,9.090112419664289,-0.0,3
415,0.13749727824276728,5.774885686196226,415,0.0,0.0,0.0,0.0,1.0,2.6666666666666665,112.0,8.696967526234292,-0.0,3
545,4.322522215073787,181.54593303309915,545,0.0,0.0,0.0,0.0,1.0,60.333333333333336,2534.0,9.090112419664289,-0.0,3
545,0.2510478000218285,10.5440076009168,545,0.0,0.0,0.0,0.0,1.0,10.0,420.0,9.090112419664289,-0.0,3
545,0.24362937656439917,10.232433815704765,545,0.0,0.0,0.0,0.0,1.0,10.0,420.0,9.090112419664289,-0.0,3
545,0.21314436261969455,8.952063230027171,545,0.0,0.0,0.0,0.0,1.0,8.666666666666666,364.0,9.090112419664289,-0.0,3
545,0.10434544739899401,4.382508790757749,545,0.0,0.0,0.0,0.0,1.0,2.0,84.0,9.090112419664289,-0.0,3
545,0.12026399712421242,5.0510878792169205,545,0.0,0.0,0.0,0.0,1.0,2.6666666666666665,112.0,9.090112419664289,-0.0,3
282,0.14430489325798443,6.060805516835345,282,0.0,0.0,0.0,0.0,1.0,2.0,84.0,8.139551352398794,-0.0,3
545,2.7739150728245385,116.50443305863061,545,0.0,0.0,0.0,0.0,1.0,45.0,1890.0,9.090112419664289,-0.0,3
545,0.2981524344506364,12.522402246926728,545,0.0,0.0,0.0,0.0,1.0,14.666666666666666,616.0,9.090112419664289,-0.0,3
545,0.2542724726799267,10.679443852556922,545,0.0,0.0,0.0,0.0,1.0,10.333333333333334,434.0,9.090112419664289,-0.0,3
545,0.19681839347505142,8.26637252595216,545,0.0,0.0,0.0,0.0,1.0,7.333333333333333,308.0,9.090112419664289,-0.0,3
545,0.20517667153753194,8.61742020457634,545,0.0,0.0,0.0,0.0,1.0,8.0,336.0,9.090112419664289,-0.0,3
545,0.16360141743235787,6.871259532159031,545,0.0,0.0,0.0,0.0,1.0,5.0,210.0,9.090112419664289,-0.0,3
545,0.12744040626925018,5.352497063308508,545,0.0,0.0,0.0,0.0,1.0,3.0,126.0,9.090112419664289,-0.0,3
343,0.0,0.0,343,0.0,0.0,0.0,0.0,1.0,0.0,0.0,8.422064766172811,-0.0,3
545,4.323087643942382,181.56968104558013,545,0.0,0.0,0.0,0.0,1.0,61.0,2562.0,9.090112419664289,-0.0,3
545,0.2510478000218285,10.5440076009168,545,0.0,0.0,0.0,0.0,1.0,10.0,420.0,9.090112419664289,-0.0,3
545,0.24695093762146736,10.37193938010163,545,0.0,0.0,0.0,0.0,1.0,10.333333333333334,434.0,9.090112419664289,-0.0,3
545,0.21314436261969455,8.952063230027171,545,0.0,0.0,0.0,0.0,1.0,8.666666666666666,364.0,9.090112419664289,-0.0,3
545,0.11260136508305511,4.729257333488315,545,0.0,0.0,0.0,0.0,1.0,2.3333333333333335,98.0,9.090112419664289,-0.0,3
545,0.13420861319566782,5.636761754218049,545,0.0,0.0,0.0,0.0,1.0,3.3333333333333335,140.0,9.090112419664289,-0.0,3
545,0.13420861319566782,5.636761754218048,545,0.0,0.0,0.0,0.0,1.0,3.3333333333333335,140.0,9.090112419664289,-0.0,3
545,0.09534224628819507,4.0043743441041935,545,0.0,0.0,0.0,0.0,1.0,1.6666666666666667,70.0,9.090112419664289,-0.0,3
384,0.05096454633015867,2.140510945866664,384,0.0,0.0,0.0,0.0,1.0,0.3333333333333333,14.0,8.584962500721156,-0.0,3
545,2.774081345691899,116.51141651905981,545,0.0,0.0,0.0,0.0,1.0,45.333333333333336,1904.0,9.090112419664289,-0.0,3
545,0.3057455588756069,12.841313472775491,545,0.0,0.0,0.0,0.0,1.0,15.666666666666666,658.0,9.090112419664289,-0.0,3
545,0.25744368197682,10.812634643026438,545,0.0,0.0,0.0,0.0,1.0,10.666666666666666,448.0,9.090112419664289,-0.0,3
545,0.2010493471678863,8.444072581051225,545,0.0,0.0,0.0,0.0,1.0,7.666666666666667,322.0,9.090112419664289,-0.0,3
545,0.20920650001819044,8.786673000763997,545,0.0,0.0,0.0,0.0,1.0,8.333333333333334,350.0,9.090112419664289,-0.0,3
545,0.16360141743235787,6.871259532159031,545,0.0,0.0,0.0,0.0,1.0,5.0,210.0,9.090112419664289,-0.0,3
545,0.12744040626925018,5.352497063308508,545,0.0,0.0,0.0,0.0,1.0,3.0,126.0,9.090112419664289,-0.0,3
545,0.09534224628819507,4.0043743441041935,545,0.0,0.0,0.0,0.0,1.0,1.6666666666666667,70.0,9.090112419664289,-0.0,3
545,0.13420861319566782,5.636761754218049,545,0.0,0.0,0.0,0.0,1.0,3.3333333333333335,140.0,9.090112419664289,-0.0,3
233,0.0,0.0,233,0.0,0.0,0.0,0.0,1.0,0.0,0.0,7.864186144654282,-0.0,3
545,4.323156954513971,181.57259208958683,545,0.0,0.0,0.0,0.0,1.0,61.333333333333336,2576.0,9.090112419664289,-0.0,3
545,0.2613890111183067,10.978338466968884,545,0.0,0.0,0.0,0.0,1.0,10.333333333333334,434.0,9.090112419664289,-0.0,3
545,0.24695093762146736,10.37193938010163,545,0.0,0.0,0.0,0.0,1.0,10.333333333333334,434.0,9.090112419664289,-0.0,3
545,0.21314436261969455,8.952063230027171,545,0.0,0.0,0.0,0.0,1.0,8.666666666666666,364.0,9.090112419664289,-0.0,3
545,0.11260136508305511,4.729257333488315,545,0.0,0.0,0.0,0.0,1.0,2.3333333333333335,98.0,9.090112419664289,-0.0,3
545,0.14062756885401628,5.906357891868685,545,0.0,0.0,0.0,0.0,1.0,3.6666666666666665,154.0,9.090112419664289,-0.0,3
545,0.13420861319566782,5.636761754218048,545,0.0,0.0,0.0,0.0,1.0,3.3333333333333335,140.0,9.090112419664289,-0.0,3
545,0.12065528236898053,5.067521859497183,545,0.0,0.0,0.0,0.0,1.0,2.0,84.0,9.090112419664289,-0.0,3
545,0.104345447398994,4.382508790757748,545,0.0,0.0,0.0,0.0,1.0,2.0,84.0,9.090112419664289,-0.0,3
545,0.1202639971242124,5.0510878792169205,545,0.0,0.0,0.0,0.0,1.0,2.6666666666666665,112.0,9.090112419664289,-0.0,3
271,0.0,0.0,271,0.0,0.0,0.0,0.0,1.0,0.0,0.0,8.082149041353873,-0.0,3
545,2.774246395032073,116.51834859134706,545,0.0,0.0,0.0,0.0,1.0,45.666666666666664,1918.0,9.090112419664289,-0.0,3
545,0.3057455588756069,12.841313472775491,545,0.0,0.0,0.0,0.0,1.0,15.666666666666666,658.0,9.090112419664289,-0.0,3
545,0.26056337996129425,10.94366195837436,545,0.0,0.0,0.0,0.0,1.0,11.0,462.0,9.090112419664289,-0.0,3
545,0.2010493471678863,8.444072581051225,545,0.0,0.0,0.0,0.0,1.0,7.666666666666667,322.0,9.090112419664289,-0.0,3
545,0.22076376136066103,9.272077977147765,545,0.0,0.0,0.0,0.0,1.0,9.333333333333334,392.0,9.090112419664289,-0.0,3
545,0.1688073394495413,7.089908256880733,545,0.0,0.0,0.0,0.0,1.0,5.333333333333333,224.0,9.090112419664289,-0.0,3
545,0.12744040626925018,5.352497063308508,545,0.0,0.0,0.0,0.0,1.0,3.0,126.0,9.090112419664289,-0.0,3
545,0.09534224628819507,4.0043743441041935,545,0.0,0.0,0.0,0.0,1.0,1.6666666666666667,70.0,9.090112419664289,-0.0,3
545,0.14674311209638316,6.1632107080480925,545,0.0,0.0,0.0,0.0,1.0,4.0,168.0,9.090112419664289,-0.0,3
545,0.08535562091459087,3.5849360784128166,545,0.0,0.0,0.0,0.0,1.0,1.3333333333333333,56.0,9.090112419664289,-0.0,3
428,0.04828032317703698,2.0277735734355535,428,0.0,0.0,0.0,0.0,1.0,0.3333333333333333,14.0,8.741466986401146,-0.0,3
545,4.323225485222551,181.57547037934717,545,0.0,0.0,0.0,0.0,1.0,61.666666666666664,2590.0,9.090112419664289,-0.0,3
545,0.2613890111183067,10.978338466968884,545,0.0,0.0,0.0,0.0,1.0,10.333333333333334,434.0,9.090112419664289,-0.0,3
545,0.25021495682540607,10.509028186667054,545,0.0,0.0,0.0,0.0,1.0,10.666666666666666,448.0,9.090112419664289,-0.0,3
545,0.21314436261969455,8.952063230027171,545,0.0,0.0,0.0,0.0,1.0,8.666666666666666,364.0,9.090112419664289,-0.0,3
545,0.12026399712421242,5.0510878792169205,545,0.0,0.0,0.0,0.0,1.0,2.6666666666666665,112.0,9.090112419664289,-0.0,3
545,0.14674311209638316,6.1632107080480925,545,0.0,0.0,0.0,0.0,1.0,4.0,168.0,9.090112419664289,-0.0,3
545,0.13420861319566782,5.636761754218048,545,0.0,0.0,0.0,0.0,1.0,3.3333333333333335,140.0,9.090112419664289,-0.0,3
545,0.12065528236898053,5.067521859497183,545,0.0,0.0,0.0,0.0,1.0,2.0,84.0,9.090112419664289,-0.0,3
545,0.104345447398994,4.382508790757748,545,0.0,0.0,0.0,0.0,1.0,2.0,84.0,9.090112419664289,-0.0,3
545,0.1202639971242124,5.0510878792169205,545,0.0,0.0,0.0,0.0,1.0,2.6666666666666665,112.0,9.090112419664289,-0.0,3
545,0.04279597720987376,1.797431042814698,545,0.0,0.0,0.0,0.0,1.0,0.3333333333333333,14.0,9.090112419664289,-0.0,3
460,0.04657453322962726,1.9561303956443463,460,0.0,0.0,0.0,0.0,1.0,0.3333333333333333,14.0,8.845490050944377,-0.0,3
545,2.775071494486552,116.55300276843519,545,0.0,0.0,0.0,0.0,1.0,46.0,1932.0,9.090112419664289,-0.0,3
545,0.30821319043810735,12.944953998400509,545,0.0,0.0,0.0,0.0,1.0,16.0,672.0,9.090112419664289,-0.0,3
545,0.26056337996129425,10.94366195837436,545,0.0,0.0,0.0,0.0,1.0,11.0,462.0,9.090112419664289,-0.0,3
545,0.2010493471678863,8.444072581051225,545,0.0,0.0,0.0,0.0,1.0,7.666666666666667,322.0,9.090112419664289,-0.0,3
545,0.23161458514272684,9.727812575994529,545,0.0,0.0,0.0,0.0,1.0,10.333333333333334,434.0,9.090112419664289,-0.0,3
545,0.1688073394495413,7.089908256880733,545,0.0,0.0,0.0,0.0,1.0,5.333333333333333,224.0,9.090112419664289,-0.0,3
545,0.13420861319566782,5.636761754218049,545,0.0,0.0,0.0,0.0,1.0,3.3333333333333335,140.0,9.090112419664289,-0.0,3
545,0.104345447398994,4.382508790757748,545,0.0,0.0,0.0,0.0,1.0,2.0,84.0,9.090112419664289,-0.0,3
545,0.15259172760581133,6.408852559444075,545,0.0,0.0,0.0,0.0,1.0,4.333333333333333,182.0,9.090112419664289,-0.0,3
545,0.08535562091459087,3.5849360784128166,545,0.0,0.0,0.0,0.0,1.0,1.3333333333333333,56.0,9.090112419664289,-0.0,3
545,0.060466998360675525,2.5396139311483723,545,0.0,0.0,0.0,0.0,1.0,0.6666666666666666,28.0,9.090112419664289,-0.0,3
492,0.08979968306656308,3.771586688795649,492,0.0,0.0,0.0,0.0,1.0,1.3333333333333333,56.0,8.942514505339242,-0.0,3
545,4.323225485222551,181.57547037934717,545,0.0,0.0,0.0,0.0,1.0,61.666666666666664,2590.0,9.090112419664289,-0.0,3
545,0.2780043591415585,11.676183083945457,545,0.0,0.0,0.0,0.0,1.0,10.666666666666666,448.0,9.090112419664289,-0.0,3
545,0.2534236575503787,10.643793617115906,545,0.0,0.0,0.0,0.0,1.0,11.0,462.0,9.090112419664289,-0.0,3
545,0.21314436261969455,8.952063230027171,545,0.0,0.0,0.0,0.0,1.0,8.666666666666666,364.0,9.090112419664289,-0.0,3
545,0.12026399712421242,5.0510878792169205,545,0.0,0.0,0.0,0.0,1.0,2.6666666666666665,112.0,9.090112419664289,-0.0,3
545,0.14674311209638316,6.1632107080480925,545,0.0,0.0,0.0,0.0,1.0,4.0,168.0,9.090112419664289,-0.0,3
545,0.14062756885401628,5.906357891868685,545,0.0,0.0,0.0,0.0,1.0,3.6666666666666665,154.0,9.090112419664289,-0.0,3
545,0.12786239552428877,5.3702206120201295,545,0.0,0.0,0.0,0.0,1.0,2.3333333333333335,98.0,9.090112419664289,-0.0,3
545,0.1126013650830551,4.729257333488314,545,0.0,0.0,0.0,0.0,1.0,2.3333333333333335,98.0,9.090112419664289,-0.0,3
545,0.13420861319566782,5.636761754218049,545,0.0,0.0,0.0,0.0,1.0,3.3333333333333335,140.0,9.090112419664289,-0.0,3
545,0.06046699836067552,2.5396139311483723,545,0.0,0.0,0.0,0.0,1.0,0.6666666666666666,28.0,9.090112419664289,-0.0,3
545,0.04279597720987376,1.7974310428146978,545,0.0,0.0,0.0,0.0,1.0,0.3333333333333333,14.0,9.090112419664289,-0.0,3
526,0.12279661796163609,5.157457954388714,526,0.0,0.0,0.0,0.0,1.0,2.0,84.0,9.038918989292299,-0.0,3
545,0.33578482976154295,14.102962849984804,545,0.0,0.0,0.0,0.0,1.0,18.333333333333332,770.0,9.090112419664289,-0.0,3
545,0.2244539990219894,9.427067958923555,545,0.0,0.0,0.0,0.0,1.0,9.666666666666666,406.0,9.090112419664289,-0.0,3
545,0.21699526617717824,9.113801179441486,545,0.0,0.0,0.0,0.0,1.0,9.0,378.0,9.090112419664289,-0.0,3
545,0.22076376136066103,9.272077977147765,545,0.0,0.0,0.0,0.0,1.0,9.333333333333334,392.0,9.090112419664289,-0.0,3
545,0.1688073394495413,7.089908256880734,545,0.0,0.0,0.0,0.0,1.0,5.333333333333333,224.0,9.090112419664289,-0.0,3
545,0.08535562091459088,3.5849360784128166,545,0.0,0.0,0.0,0.0,1.0,1.3333333333333333,56.0,9.090112419664289,-0.0,3
545,0.15259172760581133,6.408852559444075,545,0.0,0.0,0.0,0.0,1.0,4.333333333333333,182.0,9.090112419664289,-0.0,3
545,0.12744040626925018,5.352497063308509,545,0.0,0.0,0.0,0.0,1.0,3.0,126.0,9.090112419664289,-0.0,3
545,0.08535562091459088,3.5849360784128166,545,0.0,0.0,0.0,0.0,1.0,1.3333333333333333,56.0,9.090112419664289,-0.0,3
545,0.1126013650830551,4.729257333488315,545,0.0,0.0,0.0,0.0,1.0,2.3333333333333335,98.0,9.090112419664289,-0.0,3
545,0.060466998360675525,2.5396139311483723,545,0.0,0.0,0.0,0.0,1.0,0.6666666666666666,28.0,9.090112419664289,-0.0,3
206,0.0,0.0,206,0.0,0.0,0.0,0.0,1.0,0.0,0.0,7.6865005271832185,-0.0,3
545,0.3160760169338503,13.275192711221711,545,0.0,0.0,0.0,0.0,1.0,14.666666666666666,616.0,9.090112419664289,-0.0,3
545,0.22806977788359728,9.578930671111086,545,0.0,0.0,0.0,0.0,1.0,10.0,420.0,9.090112419664289,-0.0,3
545,0.09534224628819507,4.0043743441041935,545,0.0,0.0,0.0,0.0,1.0,1.6666666666666667,70.0,9.090112419664289,-0.0,3
545,0.16940460752416572,7.114993516014961,545,0.0,0.0,0.0,0.0,1.0,4.666666666666667,196.0,9.090112419664289,-0.0,3
545,0.14674311209638316,6.163210708048092,545,0.0,0.0,0.0,0.0,1.0,4.0,168.0,9.090112419664289,-0.0,3
545,0.12065528236898052,5.067521859497183,545,0.0,0.0,0.0,0.0,1.0,2.0,84.0,9.090112419664289,-0.0,3
545,0.1126013650830551,4.729257333488314,545,0.0,0.0,0.0,0.0,1.0,2.3333333333333335,98.0,9.090112419664289,-0.0,3
545,0.12744040626925018,5.352497063308509,545,0.0,0.0,0.0,0.0,1.0,3.0,126.0,9.090112419664289,-0.0,3
545,0.07398842258222367,3.1075137484533952,545,0.0,0.0,0.0,0.0,1.0,1.0,42.0,9.090112419664289,-0.0,3
545,0.09562432455629638,4.0162216313644485,545,0.0,0.0,0.0,0.0,1.0,1.0,42.0,9.090112419664289,-0.0,3
545,0.07398842258222367,3.1075137484533952,545,0.0,0.0,0.0,0.0,1.0,1.0,42.0,9.090112419664289,-0.0,3
391,0.0,0.0,391,0.0,0.0,0.0,0.0,1.0,0.0,0.0,8.611024797307355,-0.0,3
545,0.3245165646889416,13.629695716935545,545,0.0,0.0,0.0,0.0,1.0,20.0,840.0,9.090112419664289,-0.0,3
545,0.19317537157066944,8.113365605968117,545,0.0,0.0,0.0,0.0,1.0,6.333333333333333,266.0,9.090112419664289,-0.0,3
545,0.15259172760581133,6.408852559444075,545,0.0,0.0,0.0,0.0,1.0,4.333333333333333,182.0,9.090112419664289,-0.0,3
545,0.1202639971242124,5.0510878792169205,545,0.0,0.0,0.0,0.0,1.0,2.6666666666666665,112.0,9.090112419664289,-0.0,3
545,0.15259172760581133,6.408852559444074,545,0.0,0.0,0.0,0.0,1.0,4.333333333333333,182.0,9.090112419664289,-0.0,3
545,0.08535562091459088,3.5849360784128166,545,0.0,0.0,0.0,0.0,1.0,1.3333333333333333,56.0,9.090112419664289,-0.0,3
545,0.104345447398994,4.382508790757748,545,0.0,0.0,0.0,0.0,1.0,2.0,84.0,9.090112419664289,-0.0,3
545,0.104345447398994,4.382508790757748,545,0.0,0.0,0.0,0.0,1.0,2.0,84.0,9.090112419664289,-0.0,3
545,0.04279597720987376,1.7974310428146978,545,0.0,0.0,0.0,0.0,1.0,0.3333333333333333,14.0,9.090112419664289,-0.0,3
431,0.0,0.0,431,0.0,0.0,0.0,0.0,1.0,0.0,0.0,8.751544059089097,-0.0,3
545,0.25900822802242773,10.878345576941964,545,0.0,0.0,0.0,0.0,1.0,9.333333333333334,392.0,9.090112419664289,-0.0,3
545,0.158203022347155,6.644526938580511,545,0.0,0.0,0.0,0.0,1.0,4.666666666666667,196.0,9.090112419664289,-0.0,3
545,0.14724699191001012,6.184373660220425,545,0.0,0.0,0.0,0.0,1.0,3.3333333333333335,140.0,9.090112419664289,-0.0,3
545,0.060466998360675525,2.5396139311483723,545,0.0,0.0,0.0,0.0,1.0,0.6666666666666666,28.0,9.090112419664289,-0.0,3
545,0.15259172760581133,6.408852559444075,545,0.0,0.0,0.0,0.0,1.0,4.333333333333333,182.0,9.090112419664289,-0.0,3
545,0.104345447398994,4.382508790757748,545,0.0,0.0,0.0,0.0,1.0,2.0,84.0,9.090112419664289,-0.0,3
545,0.04279597720987376,1.797431042814698,545,0.0,0.0,0.0,0.0,1.0,0.3333333333333333,14.0,9.090112419664289,-0.0,3
545,0.12065528236898053,5.067521859497183,545,0.0,0.0,0.0,0.0,1.0,2.0,84.0,9.090112419664289,-0.0,3
545,0.04279597720987376,1.797431042814698,545,0.0,0.0,0.0,0.0,1.0,0.3333333333333333,14.0,9.090112419664289,-0.0,3
545,0.06046699836067552,2.5396139311483723,545,0.0,0.0,0.0,0.0,1.0,0.6666666666666666,28.0,9.090112419664289,-0.0,3
62,0.0,0.0,62,0.0,0.0,0.0,0.0,1.0,0.0,0.0,5.954196310386872,-0.0,3
545,0.29193346741714765,12.261205631520202,545,0.0,0.0,0.0,0.0,1.0,14.666666666666666,616.0,9.090112419664289,-0.0,3
545,0.1688073394495413,7.089908256880733,545,0.0,0.0,0.0,0.0,1.0,5.333333333333333,224.0,9.090112419664289,-0.0,3
545,0.14062756885401628,5.906357891868685,545,0.0,0.0,0.0,0.0,1.0,3.6666666666666665,154.0,9.090112419664289,-0.0,3
545,0.09534224628819508,4.0043743441041935,545,0.0,0.0,0.0,0.0,1.0,1.6666666666666667,70.0,9.090112419664289,-0.0,3
545,0.1202639971242124,5.0510878792169205,545,0.0,0.0,0.0,0.0,1.0,2.6666666666666665,112.0,9.090112419664289,-0.0,3
545,0.08535562091459087,3.5849360784128166,545,0.0,0.0,0.0,0.0,1.0,1.3333333333333333,56.0,9.090112419664289,-0.0,3
545,0.060466998360675525,2.5396139311483723,545,0.0,0.0,0.0,0.0,1.0,0.6666666666666666,28.0,9.090112419664289,-0.0,3
545,0.04279597720987376,1.797431042814698,545,0.0,0.0,0.0,0.0,1.0,0.3333333333333333,14.0,9.090112419664289,-0.0,3
353,0.0,0.0,353,0.0,0.0,0.0,0.0,1.0,0.0,0.0,8.463524373271182,-0.0,3
545,0.27507029042535774,11.552952197865027,545,0.0,0.0,0.0,0.0,1.0,10.333333333333334,434.0,9.090112419664289,-0.0,3
545,0.1274404062692502,5.352497063308509,545,0.0,0.0,0.0,0.0,1.0,3.0,126.0,9.090112419664289,-0.0,3
545,0.14062756885401628,5.906357891868685,545,0.0,0.0,0.0,0.0,1.0,3.6666666666666665,154.0,9.090112419664289,-0.0,3
545,0.10434544739899401,4.382508790757748,545,0.0,0.0,0.0,0.0,1.0,2.0,84.0,9.090112419664289,-0.0,3
545,0.06046699836067552,2.5396139311483723,545,0.0,0.0,0.0,0.0,1.0,0.6666666666666666,28.0,9.090112419664289,-0.0,3
545,0.12065528236898053,5.067521859497183,545,0.0,0.0,0.0,0.0,1.0,2.0,84.0,9.090112419664289,-0.0,3
545,0.060466998360675525,2.539613931148372,545,0.0,0.0,0.0,0.0,1.0,0.6666666666666666,28.0,9.090112419664289,-0.0,3
545,0.04279597720987376,1.797431042814698,545,0.0,0.0,0.0,0.0,1.0,0.3333333333333333,14.0,9.090112419664289,-0.0,3
496,0.07753582468963473,3.2565046369646584,496,0.0,0.0,0.0,0.0,1.0,1.0,42.0,8.954196310386875,-0.0,3
545,0.30110757027128005,12.646517951393761,545,0.0,0.0,0.0,0.0,1.0,16.666666666666668,700.0,9.090112419664289,-0.0,3
545,0.09534224628819508,4.0043743441041935,545,0.0,0.0,0.0,0.0,1.0,1.6666666666666667,70.0,9.090112419664289,-0.0,3
545,0.12744040626925018,5.352497063308509,545,0.0,0.0,0.0,0.0,1.0,3.0,126.0,9.090112419664289,-0.0,3
545,0.1126013650830551,4.729257333488314,545,0.0,0.0,0.0,0.0,1.0,2.3333333333333335,98.0,9.090112419664289,-0.0,3
545,0.08535562091459087,3.5849360784128166,545,0.0,0.0,0.0,0.0,1.0,1.3333333333333333,56.0,9.090112419664289,-0.0,3
545,0.060466998360675525,2.539613931148372,545,0.0,0.0,0.0,0.0,1.0,0.6666666666666666,28.0,9.090112419664289,-0.0,3
545,0.04279597720987376,1.7974310428146978,545,0.0,0.0,0.0,0.0,1.0,0.3333333333333333,14.0,9.090112419664289,-0.0,3
545,0.13420861319566782,5.636761754218048,545,0.0,0.0,0.0,0.0,1.0,3.3333333333333335,140.0,9.090112419664289,-0.0,3
169,0.15201458672976484,6.384612642650123,169,0.0,0.0,0.0,0.0,1.0,1.3333333333333333,56.0,7.4008794362821835,-0.0,3
545,0.29741755256262603,12.49153720763029,545,0.0,0.0,0.0,0.0,1.0,13.0,546.0,9.090112419664289,-0.0,3
545,0.104345447398994,4.382508790757748,545,0.0,0.0,0.0,0.0,1.0,2.0,84.0,9.090112419664289,-0.0,3
545,0.09562432455629638,4.0162216313644485,545,0.0,0.0,0.0,0.0,1.0,1.0,42.0,9.090112419664289,-0.0,3
545,0.08535562091459088,3.5849360784128166,545,0.0,0.0,0.0,0.0,1.0,1.3333333333333333,56.0,9.090112419664289,-0.0,3
545,0.08535562091459088,3.5849360784128166,545,0.0,0.0,0.0,0.0,1.0,1.3333333333333333,56.0,9.090112419664289,-0.0,3
545,0.042795977209873756,1.7974310428146978,545,0.0,0.0,0.0,0.0,1.0,0.3333333333333333,14.0,9.090112419664289,-0.0,3
545,0.07398842258222368,3.1075137484533952,545,0.0,0.0,0.0,0.0,1.0,1.0,42.0,9.090112419664289,-0.0,3
545,0.1126013650830551,4.729257333488315,545,0.0,0.0,0.0,0.0,1.0,2.3333333333333335,98.0,9.090112419664289,-0.0,3
143,0.0,0.0,143,0.0,0.0,0.0,0.0,1.0,0.0,0.0,7.159871336778389,-0.0,3
545,0.28825448640962176,12.106688429204114,545,0.0,0.0,0.0,0.0,1.0,15.0,630.0,9.090112419664289,-0.0,3
545,0.12026399712421242,5.0510878792169205,545,0.0,0.0,0.0,0.0,1.0,2.6666666666666665,112.0,9.090112419664289,-0.0,3
545,0.08535562091459087,3.5849360784128166,545,0.0,0.0,0.0,0.0,1.0,1.3333333333333333,56.0,9.090112419664289,-0.0,3
545,0.06046699836067552,2.5396139311483723,545,0.0,0.0,0.0,0.0,1.0,0.6666666666666666,28.0,9.090112419664289,-0.0,3
545,0.08535562091459088,3.5849360784128166,545,0.0,0.0,0.0,0.0,1.0,1.3333333333333333,56.0,9.090112419664289,-0.0,3
545,0.13420861319566782,5.636761754218049,545,0.0,0.0,0.0,0.0,1.0,3.3333333333333335,140.0,9.090112419664289,-0.0,3
545,0.158203022347155,6.644526938580511,545,0.0,0.0,0.0,0.0,1.0,4.666666666666667,196.0,9.090112419664289,-0.0,3
425,0.0,0.0,425,0.0,0.0,0.0,0.0,1.0,0.0,0.0,8.731319031025066,-0.0,3
545,0.2652629778862561,11.141045071222758,545,0.0,0.0,0.0,0.0,1.0,10.0,420.0,9.090112419664289,-0.0,3
545,0.13465939913327538,5.655694763597566,545,0.0,0.0,0.0,0.0,1.0,2.6666666666666665,112.0,9.090112419664289,-0.0,3
545,0.09534224628819508,4.0043743441041935,545,0.0,0.0,0.0,0.0,1.0,1.6666666666666667,70.0,9.090112419664289,-0.0,3
545,0.04279597720987376,1.797431042814698,545,0.0,0.0,0.0,0.0,1.0,0.3333333333333333,14.0,9.090112419664289,-0.0,3
545,0.09534224628819508,4.0043743441041935,545,0.0,0.0,0.0,0.0,1.0,1.6666666666666667,70.0,9.090112419664289,-0.0,3
545,0.1202639971242124,5.0510878792169205,545,0.0,0.0,0.0,0.0,1.0,2.6666666666666665,112.0,9.090112419664289,-0.0,3
545,0.12744040626925018,5.352497063308509,545,0.0,0.0,0.0,0.0,1.0,3.0,126.0,9.090112419664289,-0.0,3
409,0.04938633221692947,2.074225953111037,409,0.0,0.0,0.0,0.0,1.0,0.3333333333333333,14.0,8.675957032941747,-0.0,3
545,0.23329465292755605,9.798375422957353,545,0.0,0.0,0.0,0.0,1.0,9.0,378.0,9.090112419664289,-0.0,3
545,0.08535562091459088,3.5849360784128166,545,0.0,0.0,0.0,0.0,1.0,1.3333333333333333,56.0,9.090112419664289,-0.0,3
545,0.11260136508305511,4.729257333488315,545,0.0,0.0,0.0,0.0,1.0,2.3333333333333335,98.0,9.090112419664289,-0.0,3
545,0.07398842258222367,3.107513748453395,545,0.0,0.0,0.0,0.0,1.0,1.0,42.0,9.090112419664289,-0.0,3
545,0.14674311209638316,6.1632107080480925,545,0.0,0.0,0.0,0.0,1.0,4.0,168.0,9.090112419664289,-0.0,3
545,0.09534224628819508,4.0043743441041935,545,0.0,0.0,0.0,0.0,1.0,1.6666666666666667,70.0,9.090112419664289,-0.0,3
545,0.06046699836067552,2.5396139311483723,545,0.0,0.0,0.0,0.0,1.0,0.6666666666666666,28.0,9.090112419664289,-0.0,3
109,0.09534224628819508,4.0043743441041935,109,0.0,0.0,0.0,0.0,1.0,0.3333333333333333,14.0,6.768184324776927,-0.0,3
545,0.29349769544388726,12.326903208643268,545,0.0,0.0,0.0,0.0,1.0,15.666666666666666,658.0,9.090112419664289,-0.0,3
545,0.09534224628819507,4.0043743441041935,545,0.0,0.0,0.0,0.0,1.0,1.6666666666666667,70.0,9.090112419664289,-0.0,3
545,0.07398842258222367,3.107513748453395,545,0.0,0.0,0.0,0.0,1.0,1.0,42.0,9.090112419664289,-0.0,3
545,0.1126013650830551,4.729257333488314,545,0.0,0.0,0.0,0.0,1.0,2.3333333333333335,98.0,9.090112419664289,-0.0,3
545,0.15259172760581133,6.408852559444075,545,0.0,0.0,0.0,0.0,1.0,4.333333333333333,182.0,9.090112419664289,-0.0,3
545,0.1202639971242124,5.0510878792169205,545,0.0,0.0,0.0,0.0,1.0,2.6666666666666665,112.0,9.090112419664289,-0.0,3
545,0.09534224628819508,4.0043743441041935,545,0.0,0.0,0.0,0.0,1.0,1.6666666666666667,70.0,9.090112419664289,-0.0,3
545,0.1406275688540163,5.906357891868685,545,0.0,0.0,0.0,0.0,1.0,3.6666666666666665,154.0,9.090112419664289,-0.0,3
163,0.11008808861918012,4.623699722005565,163,0.0,0.0,0.0,0.0,1.0,0.6666666666666666,28.0,7.348728154231078,-0.0,3
545,0.2734868386625572,11.486447223827401,545,0.0,0.0,0.0,0.0,1.0,14.0,588.0,9.090112419664289,-0.0,3
545,0.09534224628819508,4.0043743441041935,545,0.0,0.0,0.0,0.0,1.0,1.6666666666666667,70.0,9.090112419664289,-0.0,3
545,0.1126013650830551,4.729257333488315,545,0.0,0.0,0.0,0.0,1.0,2.3333333333333335,98.0,9.090112419664289,-0.0,3
545,0.1688073394495413,7.089908256880733,545,0.0,0.0,0.0,0.0,1.0,5.333333333333333,224.0,9.090112419664289,-0.0,3
545,0.104345447398994,4.382508790757748,545,0.0,0.0,0.0,0.0,1.0,2.0,84.0,9.090112419664289,-0.0,3
545,0.104345447398994,4.382508790757748,545,0.0,0.0,0.0,0.0,1.0,2.0,84.0,9.090112419664289,-0.0,3
545,0.14674311209638316,6.1632107080480925,545,0.0,0.0,0.0,0.0,1.0,4.0,168.0,9.090112419664289,-0.0,3
462,0.0,0.0,462,0.0,0.0,0.0,0.0,1.0,0.0,0.0,8.851749041416058,-0.0,3
545,0.22234413885799795,9.338453832035913,545,0.0,0.0,0.0,0.0,1.0,8.0,336.0,9.090112419664289,-0.0,3
545,0.1274404062692502,5.352497063308508,545,0.0,0.0,0.0,0.0,1.0,3.0,126.0,9.090112419664289,-0.0,3
545,0.1202639971242124,5.0510878792169205,545,0.0,0.0,0.0,0.0,1.0,2.6666666666666665,112.0,9.090112419664289,-0.0,3
545,0.14674311209638316,6.1632107080480925,545,0.0,0.0,0.0,0.0,1.0,4.0,168.0,9.090112419664289,-0.0,3
545,0.07398842258222367,3.1075137484533952,545,0.0,0.0,0.0,0.0,1.0,1.0,42.0,9.090112419664289,-0.0,3
545,0.07398842258222367,3.1075137484533952,545,0.0,0.0,0.0,0.0,1.0,1.0,42.0,9.090112419664289,-0.0,3
545,0.2236726599291123,9.394251717022717,545,0.0,0.0,0.0,0.0,1.0,6.666666666666667,280.0,9.090112419664289,-0.0,3
10,0.0,0.0,10,0.0,0.0,0.0,0.0,1.0,0.0,0.0,3.321928094887362,-0.0,3
545,0.2252924106887461,9.462281248927336,545,0.0,0.0,0.0,0.0,1.0,9.0,378.0,9.090112419664289,-0.0,3
545,0.09534224628819508,4.0043743441041935,545,0.0,0.0,0.0,0.0,1.0,1.6666666666666667,70.0,9.090112419664289,-0.0,3
545,0.15259172760581133,6.408852559444074,545,0.0,0.0,0.0,0.0,1.0,4.333333333333333,182.0,9.090112419664289,-0.0,3
545,0.09534224628819508,4.0043743441041935,545,0.0,0.0,0.0,0.0,1.0,1.6666666666666667,70.0,9.090112419664289,-0.0,3
545,0.07398842258222367,3.1075137484533952,545,0.0,0.0,0.0,0.0,1.0,1.0,42.0,9.090112419664289,-0.0,3
545,0.2236726599291123,9.394251717022717,545,0.0,0.0,0.0,0.0,1.0,6.666666666666667,280.0,9.090112419664289,-0.0,3
545,0.0,0.0,545,0.0,0.0,0.0,0.0,1.0,0.0,0.0,9.090112419664289,-0.0,3
31,0.0,0.0,31,0.0,0.0,0.0,0.0,1.0,0.0,0.0,4.954196310386877,-0.0,3
545,0.24932532479211786,10.47166364126895,545,0.0,0.0,0.0,0.0,1.0,11.333333333333334,476.0,9.090112419664289,-0.0,3
545,0.12026399712421242,5.0510878792169205,545,0.0,0.0,0.0,0.0,1.0,2.6666666666666665,112.0,9.090112419664289,-0.0,3
545,0.158203022347155,6.644526938580511,545,0.0,0.0,0.0,0.0,1.0,4.666666666666667,196.0,9.090112419664289,-0.0,3
545,0.14674311209638316,6.1632107080480925,545,0.0,0.0,0.0,0.0,1.0,4.0,168.0,9.090112419664289,-0.0,3
545,0.1126013650830551,4.729257333488314,545,0.0,0.0,0.0,0.0,1.0,2.3333333333333335,98.0,9.090112419664289,-0.0,3
545,0.1467431120963832,6.163210708048092,545,0.0,0.0,0.0,0.0,1.0,4.0,168.0,9.090112419664289,-0.0,3
545,0.0953422462881951,4.0043743441041935,545,0.0,0.0,0.0,0.0,1.0,1.6666666666666667,70.0,9.090112419664289,-0.0,3
218,0.1762924665190425,7.404283593799785,218,0.0,0.0,0.0,0.0,1.0,2.3333333333333335,98.0,7.768184324776927,-0.0,3
545,0.20593009683079927,8.64906406689357,545,0.0,0.0,0.0,0.0,1.0,7.333333333333333,308.0,9.090112419664289,-0.0,3
545,0.2350916312373867,9.873848511970241,545,0.0,0.0,0.0,0.0,1.0,10.666666666666666,448.0,9.090112419664289,-0.0,3
545,0.14062756885401628,5.906357891868685,545,0.0,0.0,0.0,0.0,1.0,3.6666666666666665,154.0,9.090112419664289,-0.0,3
545,0.16360141743235787,6.871259532159031,545,0.0,0.0,0.0,0.0,1.0,5.0,210.0,9.090112419664289,-0.0,3
545,0.12026399712421242,5.0510878792169205,545,0.0,0.0,0.0,0.0,1.0,2.6666666666666665,112.0,9.090112419664289,-0.0,3
545,0.15259172760581133,6.408852559444074,545,0.0,0.0,0.0,0.0,1.0,4.333333333333333,182.0,9.090112419664289,-0.0,3
545,0.060466998360675525,2.5396139311483723,545,0.0,0.0,0.0,0.0,1.0,0.6666666666666666,28.0,9.090112419664289,-0.0,3
545,0.10434544739899401,4.382508790757748,545,0.0,0.0,0.0,0.0,1.0,2.0,84.0,9.090112419664289,-0.0,3
545,0.22743413478673274,9.552233661042775,545,0.0,0.0,0.0,0.0,1.0,7.0,294.0,9.090112419664289,-0.0,3
545,0.158203022347155,6.644526938580511,545,0.0,0.0,0.0,0.0,1.0,4.666666666666667,196.0,9.090112419664289,-0.0,3
545,0.0,0.0,545,0.0,0.0,0.0,0.0,1.0,0.0,0.0,9.090112419664289,-0.0,3
545,0.07398842258222367,3.1075137484533952,545,0.0,0.0,0.0,0.0,1.0,1.0,42.0,9.090112419664289,-0.0,3
83,0.0,0.0,83,0.0,0.0,0.0,0.0,1.0,0.0,0.0,6.375039431346925,-0.0,3
545,0.1641766125377434,6.8954177265852215,545,0.0,0.0,0.0,0.0,1.0,4.333333333333333,182.0,9.090112419664289,-0.0,3
545,0.0,0.0,545,0.0,0.0,0.0,0.0,1.0,0.0,0.0,9.090112419664289,-0.0,3
152,0.0,0.0,152,0.0,0.0,0.0,0.0,1.0,0.0,0.0,7.247927513443583,-0.0,3
545,0.21699526617717824,9.113801179441488,545,0.0,0.0,0.0,0.0,1.0,9.0,378.0,9.090112419664289,-0.0,3
545,0.07398842258222367,3.1075137484533952,545,0.0,0.0,0.0,0.0,1.0,1.0,42.0,9.090112419664289,-0.0,3
545,0.08535562091459088,3.5849360784128166,545,0.0,0.0,0.0,0.0,1.0,1.3333333333333333,56.0,9.090112419664289,-0.0,3
545,0.2198315229747381,9.232923964939001,545,0.0,0.0,0.0,0.0,1.0,6.333333333333333,266.0,9.090112419664289,-0.0,3
473,0.0,0.0,473,0.0,0.0,0.0,0.0,1.0,0.0,0.0,8.885696373339396,-0.0,3
545,0.26376106900647933,11.077964898272135,545,0.0,0.0,0.0,0.0,1.0,13.666666666666666,574.0,9.090112419664289,-0.0,3
545,0.12744040626925018,5.352497063308509,545,0.0,0.0,0.0,0.0,1.0,3.0,126.0,9.090112419664289,-0.0,3
545,0.12026399712421242,5.0510878792169205,545,0.0,0.0,0.0,0.0,1.0,2.6666666666666665,112.0,9.090112419664289,-0.0,3
545,0.16360141743235787,6.871259532159031,545,0.0,0.0,0.0,0.0,1.0,5.0,210.0,9.090112419664289,-0.0,3
545,0.15312033794513807,6.4310541936957994,545,0.0,0.0,0.0,0.0,1.0,3.6666666666666665,154.0,9.090112419664289,-0.0,3
545,0.07398842258222367,3.107513748453395,545,0.0,0.0,0.0,0.0,1.0,1.0,42.0,9.090112419664289,-0.0,3
545,0.060466998360675525,2.5396139311483723,545,0.0,0.0,0.0,0.0,1.0,0.6666666666666666,28.0,9.090112419664289,-0.0,3
3,0.0,0.0,3,0.0,0.0,0.0,0.0,1.0,0.0,0.0,1.584962500721156,-0.0,3
545,0.23161458514272687,9.727812575994529,545,0.0,0.0,0.0,0.0,1.0,10.333333333333334,434.0,9.090112419664289,-0.0,3
545,0.15259172760581133,6.408852559444075,545,0.0,0.0,0.0,0.0,1.0,4.333333333333333,182.0,9.090112419664289,-0.0,3
545,0.14062756885401628,5.906357891868685,545,0.0,0.0,0.0,0.0,1.0,3.6666666666666665,154.0,9.090112419664289,-0.0,3
545,0.1744567240220875,7.327182408927676,545,0.0,0.0,0.0,0.0,1.0,5.0,210.0,9.090112419664289,-0.0,3
545,0.04279597720987376,1.797431042814698,545,0.0,0.0,0.0,0.0,1.0,0.3333333333333333,14.0,9.090112419664289,-0.0,3
335,0.054554229499991246,2.291277638999632,335,0.0,0.0,0.0,0.0,1.0,0.3333333333333333,14.0,8.388017285345136,-0.0,3
545,0.16360141743235784,6.871259532159031,545,0.0,0.0,0.0,0.0,1.0,5.0,210.0,9.090112419664289,-0.0,3
545,0.22743413478673274,9.552233661042775,545,0.0,0.0,0.0,0.0,1.0,7.0,294.0,9.090112419664289,-0.0,3
545,0.042795977209873756,1.7974310428146978,545,0.0,0.0,0.0,0.0,1.0,0.3333333333333333,14.0,9.090112419664289,-0.0,3
545,0.1411055701264615,5.926433945311383,545,0.0,0.0,0.0,0.0,1.0,3.0,126.0,9.090112419664289,-0.0,3
55,0.0,0.0,55,0.0,0.0,0.0,0.0,1.0,0.0,0.0,5.781359713524658,-0.0,3
545,0.25182441782455434,10.57662554863128,545,0.0,0.0,0.0,0.0,1.0,9.333333333333334,392.0,9.090112419664289,-0.0,0
545,0.04279597720987376,1.797431042814698,545,0.0,0.0,0.0,0.0,1.0,0.3333333333333333,14.0,9.090112419664289,-0.0,0
545,0.1346593991332754,5.655694763597566,545,0.0,0.0,0.0,0.0,1.0,2.6666666666666665,112.0,9.090112419664289,-0.0,0
545,0.0,0.0,545,0.0,0.0,0.0,0.0,1.0,0.0,0.0,9.090112419664289,-0.0,0
104,0.0,0.0,104,0.0,0.0,0.0,0.0,1.0,0.0,0.0,6.700439718141093,-0.0,0
545,0.270628206759907,11.366384683916097,545,0.0,0.0,0.0,0.0,1.0,13.666666666666666,574.0,9.090112419664289,-0.0,0
545,0.12744040626925018,5.352497063308509,545,0.0,0.0,0.0,0.0,1.0,3.0,126.0,9.090112419664289,-0.0,0
545,0.1411055701264615,5.926433945311383,545,0.0,0.0,0.0,0.0,1.0,3.0,126.0,9.090112419664289,-0.0,0
545,0.06046699836067552,2.5396139311483723,545,0.0,0.0,0.0,0.0,1.0,0.6666666666666666,28.0,9.090112419664289,-0.0,0
543,0.1697091128325344,7.127782738966444,543,0.0,0.0,0.0,0.0,1.0,4.666666666666667,196.0,9.084808387804362,-0.0,0
545,0.28011564699652497,11.764857173854049,545,0.0,0.0,0.0,0.0,1.0,14.0,588.0,9.090112419664289,-0.0,0
545,0.07398842258222367,3.1075137484533952,545,0.0,0.0,0.0,0.0,1.0,1.0,42.0,9.090112419664289,-0.0,0
545,0.16940460752416572,7.114993516014961,545,0.0,0.0,0.0,0.0,1.0,4.666666666666667,196.0,9.090112419664289,-0.0,0
545,0.0,0.0,545,0.0,0.0,0.0,0.0,1.0,0.0,0.0,9.090112419664289,-0.0,0
545,0.0,0.0,545,0.0,0.0,0.0,0.0,1.0,0.0,0.0,9.090112419664289,-0.0,0
41,0.0,0.0,41,0.0,0.0,0.0,0.0,1.0,0.0,0.0,5.357552004618084,-0.0,0
545,0.23827791678162097,10.00767250482808,545,0.0,0.0,0.0,0.0,1.0,8.0,336.0,9.090112419664289,-0.0,0
545,0.14110557012646152,5.926433945311383,545,0.0,0.0,0.0,0.0,1.0,3.0,126.0,9.090112419664289,-0.0,0
545,0.0,0.0,545,0.0,0.0,0.0,0.0,1.0,0.0,0.0,9.090112419664289,-0.0,0
545,0.0,0.0,545,0.0,0.0,0.0,0.0,1.0,0.0,0.0,9.090112419664289,-0.0,0
545,0.24094754453107473,10.11979687030514,545,0.0,0.0,0.0,0.0,1.0,4.666666666666667,196.0,9.090112419664289,-0.0,0
545,0.0,0.0,545,0.0,0.0,0.0,0.0,1.0,0.0,0.0,9.090112419664289,-0.0,0
4,0.0,0.0,4,0.0,0.0,0.0,0.0,1.0,0.0,0.0,2.0,-0.0,0
545,0.14110557012646152,5.926433945311383,545,0.0,0.0,0.0,0.0,1.0,3.0,126.0,9.090112419664289,-0.0,0
545,0.0,0.0,545,0.0,0.0,0.0,0.0,1.0,0.0,0.0,9.090112419664289,-0.0,0
545,0.24094754453107473,10.119796870305139,545,0.0,0.0,0.0,0.0,1.0,4.666666666666667,196.0,9.090112419664289,-0.0,0
545,0.0,0.0,545,0.0,0.0,0.0,0.0,1.0,0.0,0.0,9.090112419664289,-0.0,0
525,0.0,0.0,525,0.0,0.0,0.0,0.0,1.0,0.0,0.0,9.036173612553483,-0.0,0
545,0.2657448365538594,11.161283135262094,545,0.0,0.0,0.0,0.0,1.0,12.333333333333334,518.0,9.090112419664289,-0.0,0
545,0.060466998360675525,2.539613931148372,545,0.0,0.0,0.0,0.0,1.0,0.6666666666666666,28.0,9.090112419664289,-0.0,0
545,0.16940460752416572,7.114993516014961,545,0.0,0.0,0.0,0.0,1.0,4.666666666666667,196.0,9.090112419664289,-0.0,0
545,0.0,0.0,545,0.0,0.0,0.0,0.0,1.0,0.0,0.0,9.090112419664289,-0.0,0
545,0.04279597720987376,1.797431042814698,545,0.0,0.0,0.0,0.0,1.0,0.3333333333333333,14.0,9.090112419664289,-0.0,0
545,0.0,0.0,545,0.0,0.0,0.0,0.0,1.0,0.0,0.0,9.090112419664289,-0.0,0
54,0.0,0.0,54,0.0,0.0,0.0,0.0,1.0,0.0,0.0,5.7548875021634665,-0.0,0
271,1644.6835098517665,69076.70741377419,271,0.0,0.0,0.0,0.0,1.0,9041.666666666666,379750.0,8.082149041353873,-0.0,0
545,0.14110557012646152,5.926433945311383,545,0.0,0.0,0.0,0.0,1.0,3.0,126.0,9.090112419664289,-0.0,2
545,0.0,0.0,545,0.0,0.0,0.0,0.0,1.0,0.0,0.0,9.090112419664289,-0.0,2
545,0.24094754453107473,10.119796870305139,545,0.0,0.0,0.0,0.0,1.0,4.666666666666667,196.0,9.090112419664289,-0.0,2
545,0.0,0.0,545,0.0,0.0,0.0,0.0,1.0,0.0,0.0,9.090112419664289,-0.0,2
545,0.1206552823689805,5.067521859497182,545,0.0,0.0,0.0,0.0,1.0,2.0,84.0,9.090112419664289,-0.0,2
545,0.0,0.0,545,0.0,0.0,0.0,0.0,1.0,0.0,0.0,9.090112419664289,-0.0,2
535,0.0,0.0,535,0.0,0.0,0.0,0.0,1.0,0.0,0.0,9.063395081288508,-0.0,2
545,0.22971714968160356,9.648120286627348,545,0.0,0.0,0.0,0.0,1.0,8.666666666666666,364.0,9.090112419664289,-0.0,2
545,0.16940460752416572,7.114993516014961,545,0.0,0.0,0.0,0.0,1.0,4.666666666666667,196.0,9.090112419664289,-0.0,2
545,0.0,0.0,545,0.0,0.0,0.0,0.0,1.0,0.0,0.0,9.090112419664289,-0.0,2
545,0.04279597720987376,1.797431042814698,545,0.0,0.0,0.0,0.0,1.0,0.3333333333333333,14.0,9.090112419664289,-0.0,2
545,0.0,0.0,545,0.0,0.0,0.0,0.0,1.0,0.0,0.0,9.090112419664289,-0.0,2
545,0.0,0.0,545,0.0,0.0,0.0,0.0,1.0,0.0,0.0,9.090112419664289,-0.0,2
22,0.0,0.0,22,0.0,0.0,0.0,0.0,1.0,0.0,0.0,4.459431618637296,-0.0,2
545,1084.450062498201,45546.90262492446,545,0.0,0.0,0.0,0.0,1.0,8446.666666666666,354760.0,9.090112419664289,-0.0,2
359,0.0,0.0,359,0.0,0.0,0.0,0.0,1.0,0.0,0.0,8.48784003382305,-0.0,2
545,0.2402478870214005,10.090411254898822,545,0.0,0.0,0.0,0.0,1.0,9.666666666666666,406.0,9.090112419664289,-0.0,2
545,0.0,0.0,545,0.0,0.0,0.0,0.0,1.0,0.0,0.0,9.090112419664289,-0.0,2
545,0.04279597720987376,1.797431042814698,545,0.0,0.0,0.0,0.0,1.0,0.3333333333333333,14.0,9.090112419664289,-0.0,2
545,0.0,0.0,545,0.0,0.0,0.0,0.0,1.0,0.0,0.0,9.090112419664289,-0.0,2
435,0.0,0.0,435,0.0,0.0,0.0,0.0,1.0,0.0,0.0,8.76487159073609,-0.0,2
545,1041.4400276125089,43740.481159725365,545,0.0,0.0,0.0,0.0,1.0,8112.0,340704.0,9.090112419664289,-0.0,2
63,0.0,0.0,63,0.0,0.0,0.0,0.0,1.0,0.0,0.0,5.977279923499918,-0.0,2
545,0.14110557012646152,5.926433945311383,545,0.0,0.0,0.0,0.0,1.0,3.0,126.0,9.090112419664289,-0.0,2
545,0.0,0.0,545,0.0,0.0,0.0,0.0,1.0,0.0,0.0,9.090112419664289,-0.0,2
545,0.24094754453107473,10.119796870305139,545,0.0,0.0,0.0,0.0,1.0,4.666666666666667,196.0,9.090112419664289,-0.0,2
545,0.0,0.0,545,0.0,0.0,0.0,0.0,1.0,0.0,0.0,9.090112419664289,-0.0,2
545,0.1206552823689805,5.067521859497182,545,0.0,0.0,0.0,0.0,1.0,2.0,84.0,9.090112419664289,-0.0,2
545,0.0,0.0,545,0.0,0.0,0.0,0.0,1.0,0.0,0.0,9.090112419664289,-0.0,2
535,0.0,0.0,535,0.0,0.0,0.0,0.0,1.0,0.0,0.0,9.063395081288508,-0.0,2
545,1084.450062498201,45546.90262492446,545,0.0,0.0,0.0,0.0,1.0,8446.666666666666,354760.0,9.090112419664289,-0.0,2
545,0.042795977209873756,1.7974310428146978,545,0.0,0.0,0.0,0.0,1.0,0.3333333333333333,14.0,9.090112419664289,-0.0,2
545,0.04279597720987376,1.797431042814698,545,0.0,0.0,0.0,0.0,1.0,0.3333333333333333,14.0,9.090112419664289,-0.0,2
545,0.0,0.0,545,0.0,0.0,0.0,0.0,1.0,0.0,0.0,9.090112419664289,-0.0,2
343,0.0,0.0,343,0.0,0.0,0.0,0.0,1.0,0.0,0.0,8.422064766172811,-0.0,2
545,1041.4400276125089,43740.481159725365,545,0.0,0.0,0.0,0.0,1.0,8112.0,340704.0,9.090112419664289,-0.0,2
545,0.06046699836067552,2.5396139311483723,545,0.0,0.0,0.0,0.0,1.0,0.6666666666666666,28.0,9.090112419664289,-0.0,2
545,0.04279597720987376,1.7974310428146978,545,0.0,0.0,0.0,0.0,1.0,0.3333333333333333,14.0,9.090112419664289,-0.0,2
545,0.0,0.0,545,0.0,0.0,0.0,0.0,1.0,0.0,0.0,9.090112419664289,-0.0,2
48,0.0,0.0,48,0.0,0.0,0.0,0.0,1.0,0.0,0.0,5.584962500721155,-0.0,2
545,1084.450062498201,45546.90262492446,545,0.0,0.0,0.0,0.0,1.0,8446.666666666666,354760.0,9.090112419664289,-0.0,2
545,0.042795977209873756,1.7974310428146978,545,0.0,0.0,0.0,0.0,1.0,0.3333333333333333,14.0,9.090112419664289,-0.0,2
545,0.07398842258222367,3.1075137484533952,545,0.0,0.0,0.0,0.0,1.0,1.0,42.0,9.090112419664289,-0.0,2
545,0.04279597720987376,1.797431042814698,545,0.0,0.0,0.0,0.0,1.0,0.3333333333333333,14.0,9.090112419664289,-0.0,2
545,0.042795977209873756,1.7974310428146978,545,0.0,0.0,0.0,0.0,1.0,0.3333333333333333,14.0,9.090112419664289,-0.0,2
545,0.0,0.0,545,0.0,0.0,0.0,0.0,1.0,0.0,0.0,9.090112419664289,-0.0,2
545,0.0,0.0,545,0.0,0.0,0.0,0.0,1.0,0.0,0.0,9.090112419664289,-0.0,2
59,0.0,0.0,59,0.0,0.0,0.0,0.0,1.0,0.0,0.0,5.882643049361841,-0.0,2
545,1084.4499068458044,45546.89608752379,545,0.0,0.0,0.0,0.0,1.0,8447.333333333334,354788.0,9.090112419664289,-0.0,2
545,0.042795977209873756,1.7974310428146978,545,0.0,0.0,0.0,0.0,1.0,0.3333333333333333,14.0,9.090112419664289,-0.0,2
545,0.08535562091459088,3.5849360784128166,545,0.0,0.0,0.0,0.0,1.0,1.3333333333333333,56.0,9.090112419664289,-0.0,2
545,0.04279597720987376,1.797431042814698,545,0.0,0.0,0.0,0.0,1.0,0.3333333333333333,14.0,9.090112419664289,-0.0,2
545,0.042795977209873756,1.7974310428146978,545,0.0,0.0,0.0,0.0,1.0,0.3333333333333333,14.0,9.090112419664289,-0.0,2
545,0.06046699836067552,2.5396139311483723,545,0.0,0.0,0.0,0.0,1.0,0.6666666666666666,28.0,9.090112419664289,-0.0,2
545,0.04279597720987376,1.797431042814698,545,0.0,0.0,0.0,0.0,1.0,0.3333333333333333,14.0,9.090112419664289,-0.0,2
545,0.0,0.0,545,0.0,0.0,0.0,0.0,1.0,0.0,0.0,9.090112419664289,-0.0,2
545,0.0,0.0,545,0.0,0.0,0.0,0.0,1.0,0.0,0.0,9.090112419664289,-0.0,2
170,0.0,0.0,170,0.0,0.0,0.0,0.0,1.0,0.0,0.0,7.4093909361377035,-0.0,2
545,1084.4499068458044,45546.89608752379,545,0.0,0.0,0.0,0.0,1.0,8447.333333333334,354788.0,9.090112419664289,-0.0,2
545,0.042795977209873756,1.7974310428146978,545,0.0,0.0,0.0,0.0,1.0,0.3333333333333333,14.0,9.090112419664289,-0.0,2
545,0.08535562091459088,3.5849360784128166,545,0.0,0.0,0.0,0.0,1.0,1.3333333333333333,56.0,9.090112419664289,-0.0,2
545,0.04279597720987376,1.797431042814698,545,0.0,0.0,0.0,0.0,1.0,0.3333333333333333,14.0,9.090112419664289,-0.0,2
545,0.042795977209873756,1.7974310428146978,545,0.0,0.0,0.0,0.0,1.0,0.3333333333333333,14.0,9.090112419664289,-0.0,2
545,0.07398842258222367,3.1075137484533952,545,0.0,0.0,0.0,0.0,1.0,1.0,42.0,9.090112419664289,-0.0,2
545,0.04279597720987376,1.797431042814698,545,0.0,0.0,0.0,0.0,1.0,0.3333333333333333,14.0,9.090112419664289,-0.0,2
545,0.04279597720987376,1.7974310428146978,545,0.0,0.0,0.0,0.0,1.0,0.3333333333333333,14.0,9.090112419664289,-0.0,2
545,0.04279597720987376,1.7974310428146978,545,0.0,0.0,0.0,0.0,1.0,0.3333333333333333,14.0,9.090112419664289,-0.0,2
545,0.0,0.0,545,0.0,0.0,0.0,0.0,1.0,0.0,0.0,9.090112419664289,-0.0,2
545,0.0,0.0,545,0.0,0.0,0.0,0.0,1.0,0.0,0.0,9.090112419664289,-0.0,2
64,0.0,0.0,64,0.0,0.0,0.0,0.0,1.0,0.0,0.0,6.0,-0.0,2
545,1041.4399498195003,43740.47789241902,545,0.0,0.0,0.0,0.0,1.0,8112.333333333333,340718.0,9.090112419664289,-0.0,2
545,0.06046699836067552,2.5396139311483723,545,0.0,0.0,0.0,0.0,1.0,0.6666666666666666,28.0,9.090112419664289,-0.0,2
545,0.04279597720987376,1.7974310428146978,545,0.0,0.0,0.0,0.0,1.0,0.3333333333333333,14.0,9.090112419664289,-0.0,2
545,0.04279597720987376,1.797431042814698,545,0.0,0.0,0.0,0.0,1.0,0.3333333333333333,14.0,9.090112419664289,-0.0,2
545,0.042795977209873756,1.7974310428146978,545,0.0,0.0,0.0,0.0,1.0,0.3333333333333333,14.0,9.090112419664289,-0.0,2
545,0.0,0.0,545,0.0,0.0,0.0,0.0,1.0,0.0,0.0,9.090112419664289,-0.0,2
309,0.0,0.0,309,0.0,0.0,0.0,0.0,1.0,0.0,0.0,8.271463027904371,-0.0,2
545,1084.449751180967,45546.88954960063,545,0.0,0.0,0.0,0.0,1.0,8448.0,354816.0,9.090112419664289,-0.0,2
545,0.06046699836067552,2.5396139311483723,545,0.0,0.0,0.0,0.0,1.0,0.6666666666666666,28.0,9.090112419664289,-0.0,2
545,0.09534224628819508,4.0043743441041935,545,0.0,0.0,0.0,0.0,1.0,1.6666666666666667,70.0,9.090112419664289,-0.0,2
545,0.04279597720987376,1.797431042814698,545,0.0,0.0,0.0,0.0,1.0,0.3333333333333333,14.0,9.090112419664289,-0.0,2
545,0.06046699836067552,2.5396139311483727,545,0.0,0.0,0.0,0.0,1.0,0.6666666666666666,28.0,9.090112419664289,-0.0,2
545,0.08535562091459088,3.5849360784128166,545,0.0,0.0,0.0,0.0,1.0,1.3333333333333333,56.0,9.090112419664289,-0.0,2
545,0.04279597720987376,1.797431042814698,545,0.0,0.0,0.0,0.0,1.0,0.3333333333333333,14.0,9.090112419664289,-0.0,2
545,0.04279597720987376,1.7974310428146978,545,0.0,0.0,0.0,0.0,1.0,0.3333333333333333,14.0,9.090112419664289,-0.0,2
545,0.04279597720987376,1.7974310428146978,545,0.0,0.0,0.0,0.0,1.0,0.3333333333333333,14.0,9.090112419664289,-0.0,2
545,0.0,0.0,545,0.0,0.0,0.0,0.0,1.0,0.0,0.0,9.090112419664289,-0.0,2
545,0.04279597720987376,1.797431042814698,545,0.0,0.0,0.0,0.0,1.0,0.3333333333333333,14.0,9.090112419664289,-0.0,2
545,0.04279597720987376,1.797431042814698,545,0.0,0.0,0.0,0.0,1.0,0.3333333333333333,14.0,9.090112419664289,-0.0,2
270,0.0,0.0,270,0.0,0.0,0.0,0.0,1.0,0.0,0.0,8.07681559705083,-0.0,2
545,1084.449751180967,45546.88954960063,545,0.0,0.0,0.0,0.0,1.0,8448.0,354816.0,9.090112419664289,-0.0,2
545,0.09562432455629638,4.0162216313644485,545,0.0,0.0,0.0,0.0,1.0,1.0,42.0,9.090112419664289,-0.0,2
545,0.104345447398994,4.382508790757748,545,0.0,0.0,0.0,0.0,1.0,2.0,84.0,9.090112419664289,-0.0,2
545,0.04279597720987376,1.797431042814698,545,0.0,0.0,0.0,0.0,1.0,0.3333333333333333,14.0,9.090112419664289,-0.0,2
545,0.06046699836067552,2.5396139311483727,545,0.0,0.0,0.0,0.0,1.0,0.6666666666666666,28.0,9.090112419664289,-0.0,2
545,0.08535562091459088,3.5849360784128166,545,0.0,0.0,0.0,0.0,1.0,1.3333333333333333,56.0,9.090112419664289,-0.0,2
545,0.060466998360675525,2.5396139311483723,545,0.0,0.0,0.0,0.0,1.0,0.6666666666666666,28.0,9.090112419664289,-0.0,2
545,0.06046699836067552,2.5396139311483723,545,0.0,0.0,0.0,0.0,1.0,0.6666666666666666,28.0,9.090112419664289,-0.0,2
545,0.060466998360675525,2.5396139311483723,545,0.0,0.0,0.0,0.0,1.0,0.6666666666666666,28.0,9.090112419664289,-0.0,2
545,0.06046699836067552,2.5396139311483727,545,0.0,0.0,0.0,0.0,1.0,0.6666666666666666,28.0,9.090112419664289,-0.0,2
545,0.06046699836067552,2.5396139311483723,545,0.0,0.0,0.0,0.0,1.0,0.6666666666666666,28.0,9.090112419664289,-0.0,2
545,0.04279597720987376,1.797431042814698,545,0.0,0.0,0.0,0.0,1.0,0.3333333333333333,14.0,9.090112419664289,-0.0,2
545,0.042795977209873756,1.7974310428146978,545,0.0,0.0,0.0,0.0,1.0,0.3333333333333333,14.0,9.090112419664289,-0.0,2
349,0.0,0.0,349,0.0,0.0,0.0,0.0,1.0,0.0,0.0,8.447083226209653,-0.0,2
545,0.1744567240220875,7.327182408927676,545,0.0,0.0,0.0,0.0,1.0,5.0,210.0,9.090112419664289,-0.0,2
545,0.08535562091459088,3.5849360784128166,545,0.0,0.0,0.0,0.0,1.0,1.3333333333333333,56.0,9.090112419664289,-0.0,2
545,0.060466998360675525,2.5396139311483723,545,0.0,0.0,0.0,0.0,1.0,0.6666666666666666,28.0,9.090112419664289,-0.0,2
545,0.08535562091459088,3.5849360784128166,545,0.0,0.0,0.0,0.0,1.0,1.3333333333333333,56.0,9.090112419664289,-0.0,2
545,0.07398842258222367,3.107513748453395,545,0.0,0.0,0.0,0.0,1.0,1.0,42.0,9.090112419664289,-0.0,2
545,0.04279597720987376,1.797431042814698,545,0.0,0.0,0.0,0.0,1.0,0.3333333333333333,14.0,9.090112419664289,-0.0,2
545,0.06046699836067552,2.5396139311483723,545,0.0,0.0,0.0,0.0,1.0,0.6666666666666666,28.0,9.090112419664289,-0.0,2
545,0.06046699836067552,2.5396139311483727,545,0.0,0.0,0.0,0.0,1.0,0.6666666666666666,28.0,9.090112419664289,-0.0,2
545,0.06046699836067552,2.5396139311483723,545,0.0,0.0,0.0,0.0,1.0,0.6666666666666666,28.0,9.090112419664289,-0.0,2
545,0.04279597720987376,1.797431042814698,545,0.0,0.0,0.0,0.0,1.0,0.3333333333333333,14.0,9.090112419664289,-0.0,2
545,0.0,0.0,545,0.0,0.0,0.0,0.0,1.0,0.0,0.0,9.090112419664289,-0.0,2
545,0.0,0.0,545,0.0,0.0,0.0,0.0,1.0,0.0,0.0,9.090112419664289,-0.0,2
21,0.0,0.0,21,0.0,0.0,0.0,0.0,1.0,0.0,0.0,4.392317422778761,-0.0,2
545,0.20997753395845822,8.819056426255246,545,0.0,0.0,0.0,0.0,1.0,7.666666666666667,322.0,9.090112419664289,-0.0,2
545,0.07398842258222367,3.1075137484533952,545,0.0,0.0,0.0,0.0,1.0,1.0,42.0,9.090112419664289,-0.0,2
545,0.06046699836067552,2.5396139311483727,545,0.0,0.0,0.0,0.0,1.0,0.6666666666666666,28.0,9.090112419664289,-0.0,2
545,1041.4398720232539,43740.47462497666,545,0.0,0.0,0.0,0.0,1.0,8112.666666666667,340732.0,9.090112419664289,-0.0,2
545,0.04279597720987376,1.797431042814698,545,0.0,0.0,0.0,0.0,1.0,0.3333333333333333,14.0,9.090112419664289,-0.0,2
545,0.06046699836067552,2.5396139311483723,545,0.0,0.0,0.0,0.0,1.0,0.6666666666666666,28.0,9.090112419664289,-0.0,2
545,0.08535562091459088,3.5849360784128166,545,0.0,0.0,0.0,0.0,1.0,1.3333333333333333,56.0,9.090112419664289,-0.0,2
545,0.060466998360675525,2.5396139311483723,545,0.0,0.0,0.0,0.0,1.0,0.6666666666666666,28.0,9.090112419664289,-0.0,2
545,0.06046699836067552,2.5396139311483727,545,0.0,0.0,0.0,0.0,1.0,0.6666666666666666,28.0,9.090112419664289,-0.0,2
545,0.04279597720987376,1.797431042814698,545,0.0,0.0,0.0,0.0,1.0,0.3333333333333333,14.0,9.090112419664289,-0.0,2
545,0.060466998360675525,2.5396139311483723,545,0.0,0.0,0.0,0.0,1.0,0.6666666666666666,28.0,9.090112419664289,-0.0,2
545,0.042795977209873756,1.7974310428146978,545,0.0,0.0,0.0,0.0,1.0,0.3333333333333333,14.0,9.090112419664289,-0.0,2
545,0.0,0.0,545,0.0,0.0,0.0,0.0,1.0,0.0,0.0,9.090112419664289,-0.0,2
545,0.0,0.0,545,0.0,0.0,0.0,0.0,1.0,0.0,0.0,9.090112419664289,-0.0,2
545,0.06046699836067552,2.5396139311483723,545,0.0,0.0,0.0,0.0,1.0,0.6666666666666666,28.0,9.090112419664289,-0.0,2
545,0.0,0.0,545,0.0,0.0,0.0,0.0,1.0,0.0,0.0,9.090112419664289,-0.0,2
545,0.04279597720987376,1.7974310428146978,545,0.0,0.0,0.0,0.0,1.0,0.3333333333333333,14.0,9.090112419664289,-0.0,2
545,0.0,0.0,545,0.0,0.0,0.0,0.0,1.0,0.0,0.0,9.090112419664289,-0.0,2
144,0.0,0.0,144,0.0,0.0,0.0,0.0,1.0,0.0,0.0,7.16992500144231,-0.0,2
420,0.0,0.0,420,0.0,0.0,0.0,0.0,1.0,0.0,0.0,8.714245517666125,-0.0,2
545,0.22606815165154406,9.494862369364851,545,0.0,0.0,0.0,0.0,1.0,8.333333333333334,350.0,9.090112419664289,-0.0,2
545,1041.4398720232539,43740.47462497666,545,0.0,0.0,0.0,0.0,1.0,8112.666666666667,340732.0,9.090112419664289,-0.0,2
545,0.09534224628819508,4.0043743441041935,545,0.0,0.0,0.0,0.0,1.0,1.6666666666666667,70.0,9.090112419664289,-0.0,2
545,0.07398842258222367,3.107513748453395,545,0.0,0.0,0.0,0.0,1.0,1.0,42.0,9.090112419664289,-0.0,2
545,0.09534224628819507,4.0043743441041935,545,0.0,0.0,0.0,0.0,1.0,1.6666666666666667,70.0,9.090112419664289,-0.0,2
545,0.060466998360675525,2.5396139311483723,545,0.0,0.0,0.0,0.0,1.0,0.6666666666666666,28.0,9.090112419664289,-0.0,2
545,0.07398842258222367,3.107513748453395,545,0.0,0.0,0.0,0.0,1.0,1.0,42.0,9.090112419664289,-0.0,2
545,0.04279597720987376,1.797431042814698,545,0.0,0.0,0.0,0.0,1.0,0.3333333333333333,14.0,9.090112419664289,-0.0,2
545,0.04279597720987376,1.797431042814698,545,0.0,0.0,0.0,0.0,1.0,0.3333333333333333,14.0,9.090112419664289,-0.0,2
545,0.06046699836067552,2.5396139311483723,545,0.0,0.0,0.0,0.0,1.0,0.6666666666666666,28.0,9.090112419664289,-0.0,2
545,0.06046699836067552,2.5396139311483723,545,0.0,0.0,0.0,0.0,1.0,0.6666666666666666,28.0,9.090112419664289,-0.0,2
545,0.0,0.0,545,0.0,0.0,0.0,0.0,1.0,0.0,0.0,9.090112419664289,-0.0,2
545,0.06046699836067552,2.5396139311483727,545,0.0,0.0,0.0,0.0,1.0,0.6666666666666666,28.0,9.090112419664289,-0.0,2
545,0.042795977209873756,1.7974310428146978,545,0.0,0.0,0.0,0.0,1.0,0.3333333333333333,14.0,9.090112419664289,-0.0,2
545,0.04279597720987376,1.7974310428146978,545,0.0,0.0,0.0,0.0,1.0,0.3333333333333333,14.0,9.090112419664289,-0.0,2
545,0.0,0.0,545,0.0,0.0,0.0,0.0,1.0,0.0,0.0,9.090112419664289,-0.0,2
545,0.0,0.0,545,0.0,0.0,0.0,0.0,1.0,0.0,0.0,9.090112419664289,-0.0,2
545,0.0,0.0,545,0.0,0.0,0.0,0.0,1.0,0.0,0.0,9.090112419664289,-0.0,2
47,0.0,0.0,47,0.0,0.0,0.0,0.0,1.0,0.0,0.0,5.55458885167764,-0.0,2
545,0.0,0.0,545,0.0,0.0,0.0,0.0,1.0,0.0,0.0,9.090112419664289,-0.0,2
545,0.250214956825406,10.509028186667054,545,0.0,0.0,0.0,0.0,1.0,10.666666666666666,448.0,9.090112419664289,-0.0,2
321,0.0,0.0,321,0.0,0.0,0.0,0.0,1.0,0.0,0.0,8.3264294871223,-0.0,2
545,0.06046699836067552,2.5396139311483723,545,0.0,0.0,0.0,0.0,1.0,0.6666666666666666,28.0,9.090112419664289,-0.0,2
545,1041.4398720232539,43740.47462497666,545,0.0,0.0,0.0,0.0,1.0,8112.666666666667,340732.0,9.090112419664289,-0.0,2
545,0.04279597720987376,1.797431042814698,545,0.0,0.0,0.0,0.0,1.0,0.3333333333333333,14.0,9.090112419664289,-0.0,2
545,0.09534224628819508,4.0043743441041935,545,0.0,0.0,0.0,0.0,1.0,1.6666666666666667,70.0,9.090112419664289,-0.0,2
545,0.09534224628819508,4.0043743441041935,545,0.0,0.0,0.0,0.0,1.0,1.6666666666666667,70.0,9.090112419664289,-0.0,2
545,0.060466998360675525,2.5396139311483723,545,0.0,0.0,0.0,0.0,1.0,0.6666666666666666,28.0,9.090112419664289,-0.0,2
545,0.04279597720987376,1.7974310428146978,545,0.0,0.0,0.0,0.0,1.0,0.3333333333333333,14.0,9.090112419664289,-0.0,2
545,0.04279597720987376,1.797431042814698,545,0.0,0.0,0.0,0.0,1.0,0.3333333333333333,14.0,9.090112419664289,-0.0,2
545,0.04279597720987376,1.797431042814698,545,0.0,0.0,0.0,0.0,1.0,0.3333333333333333,14.0,9.090112419664289,-0.0,2
545,0.07398842258222367,3.1075137484533952,545,0.0,0.0,0.0,0.0,1.0,1.0,42.0,9.090112419664289,-0.0,2
545,0.0,0.0,545,0.0,0.0,0.0,0.0,1.0,0.0,0.0,9.090112419664289,-0.0,2
545,0.04279597720987376,1.797431042814698,545,0.0,0.0,0.0,0.0,1.0,0.3333333333333333,14.0,9.090112419664289,-0.0,2
545,0.17118390883949505,7.189724171258792,545,0.0,0.0,0.0,0.0,1.0,1.3333333333333333,56.0,9.090112419664289,-0.0,2
545,0.042795977209873756,1.7974310428146978,545,0.0,0.0,0.0,0.0,1.0,0.3333333333333333,14.0,9.090112419664289,-0.0,2
234,0.0,0.0,234,0.0,0.0,0.0,0.0,1.0,0.0,0.0,7.870364719583403,-0.0,2
545,0.06046699836067552,2.5396139311483723,545,0.0,0.0,0.0,0.0,1.0,0.6666666666666666,28.0,9.090112419664289,-0.0,2
545,0.250214956825406,10.509028186667054,545,0.0,0.0,0.0,0.0,1.0,10.666666666666666,448.0,9.090112419664289,-0.0,2
545,0.04279597720987376,1.797431042814698,545,0.0,0.0,0.0,0.0,1.0,0.3333333333333333,14.0,9.090112419664289,-0.0,2
545,0.09534224628819508,4.0043743441041935,545,0.0,0.0,0.0,0.0,1.0,1.6666666666666667,70.0,9.090112419664289,-0.0,2
545,0.0,0.0,545,0.0,0.0,0.0,0.0,1.0,0.0,0.0,9.090112419664289,-0.0,2
545,0.060466998360675525,2.5396139311483723,545,0.0,0.0,0.0,0.0,1.0,0.6666666666666666,28.0,9.090112419664289,-0.0,2
545,0.2567758632592426,10.784586256888188,545,0.0,0.0,0.0,0.0,1.0,2.0,84.0,9.090112419664289,-0.0,2
545,0.07398842258222367,3.1075137484533952,545,0.0,0.0,0.0,0.0,1.0,1.0,42.0,9.090112419664289,-0.0,2
523,0.0,0.0,523,0.0,0.0,0.0,0.0,1.0,0.0,0.0,9.03066713624694,-0.0,2
545,0.04279597720987377,1.797431042814698,545,0.0,0.0,0.0,0.0,1.0,0.3333333333333333,14.0,9.090112419664289,-0.0,2
545,1041.4398720232539,43740.47462497666,545,0.0,0.0,0.0,0.0,1.0,8112.666666666667,340732.0,9.090112419664289,-0.0,2
545,0.1763759976616208,7.407791901788073,545,0.0,0.0,0.0,0.0,1.0,1.6666666666666667,70.0,9.090112419664289,-0.0,2
545,0.104345447398994,4.382508790757748,545,0.0,0.0,0.0,0.0,1.0,2.0,84.0,9.090112419664289,-0.0,2
545,0.04279597720987376,1.7974310428146978,545,0.0,0.0,0.0,0.0,1.0,0.3333333333333333,14.0,9.090112419664289,-0.0,2
545,0.060466998360675525,2.5396139311483723,545,0.0,0.0,0.0,0.0,1.0,0.6666666666666666,28.0,9.090112419664289,-0.0,2
513,0.0,0.0,513,0.0,0.0,0.0,0.0,1.0,0.0,0.0,9.002815015607055,-0.0,2
545,0.07398842258222367,3.1075137484533952,545,0.0,0.0,0.0,0.0,1.0,1.0,42.0,9.090112419664289,-0.0,2
545,0.2178005611115438,9.14762356668484,545,0.0,0.0,0.0,0.0,1.0,8.333333333333334,350.0,9.090112419664289,-0.0,2
545,0.07398842258222367,3.1075137484533952,545,0.0,0.0,0.0,0.0,1.0,1.0,42.0,9.090112419664289,-0.0,2
545,0.1126013650830551,4.729257333488314,545,0.0,0.0,0.0,0.0,1.0,2.3333333333333335,98.0,9.090112419664289,-0.0,2
545,0.04279597720987376,1.797431042814698,545,0.0,0.0,0.0,0.0,1.0,0.3333333333333333,14.0,9.090112419664289,-0.0,2
545,0.08535562091459088,3.5849360784128166,545,0.0,0.0,0.0,0.0,1.0,1.3333333333333333,56.0,9.090112419664289,-0.0,2
545,0.06046699836067552,2.5396139311483723,545,0.0,0.0,0.0,0.0,1.0,0.6666666666666666,28.0,9.090112419664289,-0.0,2
545,0.1814009950820266,7.6188417934451165,545,0.0,0.0,0.0,0.0,1.0,2.0,84.0,9.090112419664289,-0.0,2
545,0.08535562091459088,3.5849360784128166,545,0.0,0.0,0.0,0.0,1.0,1.3333333333333333,56.0,9.090112419664289,-0.0,2
545,0.04279597720987376,1.797431042814698,545,0.0,0.0,0.0,0.0,1.0,0.3333333333333333,14.0,9.090112419664289,-0.0,2
545,0.04279597720987376,1.797431042814698,545,0.0,0.0,0.0,0.0,1.0,0.3333333333333333,14.0,9.090112419664289,-0.0,2
545,0.08535562091459088,3.5849360784128166,545,0.0,0.0,0.0,0.0,1.0,1.3333333333333333,56.0,9.090112419664289,-0.0,2
545,0.0,0.0,545,0.0,0.0,0.0,0.0,1.0,0.0,0.0,9.090112419664289,-0.0,2
545,0.33394495412844044,14.025688073394493,545,0.0,0.0,0.0,0.0,1.0,3.6666666666666665,154.0,9.090112419664289,-0.0,2
545,0.2602401563521673,10.930086566791028,545,0.0,0.0,0.0,0.0,1.0,2.3333333333333335,98.0,9.090112419664289,-0.0,2
291,0.0,0.0,291,0.0,0.0,0.0,0.0,1.0,0.0,0.0,8.184875342908283,-0.0,2
545,0.042795977209873756,1.7974310428146978,545,0.0,0.0,0.0,0.0,1.0,0.3333333333333333,14.0,9.090112419664289,-0.0,2
545,0.19247697676247127,8.084033024023794,545,0.0,0.0,0.0,0.0,1.0,7.0,294.0,9.090112419664289,-0.0,2
545,0.21814036788113808,9.161895451007798,545,0.0,0.0,0.0,0.0,1.0,2.0,84.0,9.090112419664289,-0.0,2
545,0.21397988604936882,8.987155214073491,545,0.0,0.0,0.0,0.0,1.0,1.6666666666666667,70.0,9.090112419664289,-0.0,2
56,0.0,0.0,56,0.0,0.0,0.0,0.0,1.0,0.0,0.0,5.807354922057605,-0.0,2
545,0.2567758632592426,10.784586256888188,545,0.0,0.0,0.0,0.0,1.0,2.0,84.0,9.090112419664289,-0.0,2
545,0.13420861319566782,5.636761754218048,545,0.0,0.0,0.0,0.0,1.0,3.3333333333333335,140.0,9.090112419664289,-0.0,2
545,0.0,0.0,545,0.0,0.0,0.0,0.0,1.0,0.0,0.0,9.090112419664289,-0.0,2
545,0.09534224628819508,4.0043743441041935,545,0.0,0.0,0.0,0.0,1.0,1.6666666666666667,70.0,9.090112419664289,-0.0,2
545,0.0,0.0,545,0.0,0.0,0.0,0.0,1.0,0.0,0.0,9.090112419664289,-0.0,2
545,0.07398842258222367,3.1075137484533952,545,0.0,0.0,0.0,0.0,1.0,1.0,42.0,9.090112419664289,-0.0,2
25,0.0,0.0,25,0.0,0.0,0.0,0.0,1.0,0.0,0.0,4.643856189774724,-0.0,2
545,0.04279597720987376,1.797431042814698,545,0.0,0.0,0.0,0.0,1.0,0.3333333333333333,14.0,9.090112419664289,-0.0,2
545,0.2376412439544388,9.980932246086429,545,0.0,0.0,0.0,0.0,1.0,3.6666666666666665,154.0,9.090112419664289,-0.0,2
545,0.060466998360675525,2.5396139311483723,545,0.0,0.0,0.0,0.0,1.0,0.6666666666666666,28.0,9.090112419664289,-0.0,2
545,0.2567758632592426,10.784586256888188,545,0.0,0.0,0.0,0.0,1.0,2.0,84.0,9.090112419664289,-0.0,2
545,0.08535562091459087,3.5849360784128166,545,0.0,0.0,0.0,0.0,1.0,1.3333333333333333,56.0,9.090112419664289,-0.0,2
545,0.0,0.0,545,0.0,0.0,0.0,0.0,1.0,0.0,0.0,9.090112419664289,-0.0,2
545,0.06046699836067552,2.5396139311483723,545,0.0,0.0,0.0,0.0,1.0,0.6666666666666666,28.0,9.090112419664289,-0.0,2
545,0.0,0.0,545,0.0,0.0,0.0,0.0,1.0,0.0,0.0,9.090112419664289,-0.0,2
545,0.0,0.0,545,0.0,0.0,0.0,0.0,1.0,0.0,0.0,9.090112419664289,-0.0,2
545,0.0,0.0,545,0.0,0.0,0.0,0.0,1.0,0.0,0.0,9.090112419664289,-0.0,2
545,0.04279597720987376,1.7974310428146978,545,0.0,0.0,0.0,0.0,1.0,0.3333333333333333,14.0,9.090112419664289,-0.0,2
545,0.0,0.0,545,0.0,0.0,0.0,0.0,1.0,0.0,0.0,9.090112419664289,-0.0,2
545,0.26364616546410374,11.073138949492359,545,0.0,0.0,0.0,0.0,1.0,2.6666666666666665,112.0,9.090112419664289,-0.0,2
358,0.0,0.0,358,0.0,0.0,0.0,0.0,1.0,0.0,0.0,8.483815777264256,-0.0,2
545,0.21814036788113805,9.161895451007798,545,0.0,0.0,0.0,0.0,1.0,2.0,84.0,9.090112419664289,-0.0,2
545,0.0,0.0,545,0.0,0.0,0.0,0.0,1.0,0.0,0.0,9.090112419664289,-0.0,2
545,0.8424076820653966,35.38112264674667,545,0.0,0.0,0.0,0.0,1.0,8.666666666666666,364.0,9.090112419664289,-0.0,2
545,0.0,0.0,545,0.0,0.0,0.0,0.0,1.0,0.0,0.0,9.090112419664289,-0.0,2
41,0.0,0.0,41,0.0,0.0,0.0,0.0,1.0,0.0,0.0,5.357552004618084,-0.0,2
545,0.0,0.0,545,0.0,0.0,0.0,0.0,1.0,0.0,0.0,9.090112419664289,-0.0,2
545,0.19247697676247127,8.084033024023794,545,0.0,0.0,0.0,0.0,1.0,7.0,294.0,9.090112419664289,-0.0,2
545,0.0,0.0,545,0.0,0.0,0.0,0.0,1.0,0.0,0.0,9.090112419664289,-0.0,2
545,0.09534224628819508,4.0043743441041935,545,0.0,0.0,0.0,0.0,1.0,1.6666666666666667,70.0,9.090112419664289,-0.0,2
545,0.0,0.0,545,0.0,0.0,0.0,0.0,1.0,0.0,0.0,9.090112419664289,-0.0,2
545,0.08535562091459087,3.5849360784128166,545,0.0,0.0,0.0,0.0,1.0,1.3333333333333333,56.0,9.090112419664289,-0.0,2
545,0.0,0.0,545,0.0,0.0,0.0,0.0,1.0,0.0,0.0,9.090112419664289,-0.0,2
545,0.06046699836067552,2.5396139311483723,545,0.0,0.0,0.0,0.0,1.0,0.6666666666666666,28.0,9.090112419664289,-0.0,2
535,0.0,0.0,535,0.0,0.0,0.0,0.0,1.0,0.0,0.0,9.063395081288508,-0.0,2
545,0.04279597720987376,1.797431042814698,545,0.0,0.0,0.0,0.0,1.0,0.3333333333333333,14.0,9.090112419664289,-0.0,2
545,0.04279597720987376,1.7974310428146978,545,0.0,0.0,0.0,0.0,1.0,0.3333333333333333,14.0,9.090112419664289,-0.0,2
545,0.26364616546410374,11.073138949492359,545,0.0,0.0,0.0,0.0,1.0,2.6666666666666665,112.0,9.090112419664289,-0.0,2
545,0.0,0.0,545,0.0,0.0,0.0,0.0,1.0,0.0,0.0,9.090112419664289,-0.0,2
545,0.04279597720987376,1.797431042814698,545,0.0,0.0,0.0,0.0,1.0,0.3333333333333333,14.0,9.090112419664289,-0.0,2
545,0.0,0.0,545,0.0,0.0,0.0,0.0,1.0,0.0,0.0,9.090112419664289,-0.0,2
545,0.8695892744684218,36.5227495276737,545,0.0,0.0,0.0,0.0,1.0,10.666666666666666,448.0,9.090112419664289,-0.0,2
545,0.0,0.0,545,0.0,0.0,0.0,0.0,1.0,0.0,0.0,9.090112419664289,-0.0,2
545,0.0,0.0,545,0.0,0.0,0.0,0.0,1.0,0.0,0.0,9.090112419664289,-0.0,2
545,0.0,0.0,545,0.0,0.0,0.0,0.0,1.0,0.0,0.0,9.090112419664289,-0.0,2
147,0.0,0.0,147,0.0,0.0,0.0,0.0,1.0,0.0,0.0,7.1996723448363635,-0.0,2
545,0.0,0.0,545,0.0,0.0,0.0,0.0,1.0,0.0,0.0,9.090112419664289,-0.0,2
545,0.2244539990219894,9.427067958923557,545,0.0,0.0,0.0,0.0,1.0,9.666666666666666,406.0,9.090112419664289,-0.0,2
545,0.0,0.0,545,0.0,0.0,0.0,0.0,1.0,0.0,0.0,9.090112419664289,-0.0,2
545,0.07398842258222367,3.1075137484533943,545,0.0,0.0,0.0,0.0,1.0,1.0,42.0,9.090112419664289,-0.0,2
545,0.0,0.0,545,0.0,0.0,0.0,0.0,1.0,0.0,0.0,9.090112419664289,-0.0,2
545,0.07398842258222367,3.1075137484533952,545,0.0,0.0,0.0,0.0,1.0,1.0,42.0,9.090112419664289,-0.0,2
545,0.0,0.0,545,0.0,0.0,0.0,0.0,1.0,0.0,0.0,9.090112419664289,-0.0,2
545,0.2567758632592426,10.78458625688819,545,0.0,0.0,0.0,0.0,1.0,2.0,84.0,9.090112419664289,-0.0,2
545,0.0,0.0,545,0.0,0.0,0.0,0.0,1.0,0.0,0.0,9.090112419664289,-0.0,2
545,0.07398842258222367,3.1075137484533952,545,0.0,0.0,0.0,0.0,1.0,1.0,42.0,9.090112419664289,-0.0,2
496,0.0,0.0,496,0.0,0.0,0.0,0.0,1.0,0.0,0.0,8.954196310386875,-0.0,2
545,0.8012069004099628,33.65068981721843,545,0.0,0.0,0.0,0.0,1.0,8.333333333333334,350.0,9.090112419664289,-0.0,2
545,0.3423678176789901,14.379448342517582,545,0.0,0.0,0.0,0.0,1.0,2.6666666666666665,112.0,9.090112419664289,-0.0,2
545,0.9750286760473011,40.95120439398664,545,0.0,0.0,0.0,0.0,1.0,10.666666666666666,448.0,9.090112419664289,-0.0,2
545,0.2567758632592426,10.784586256888188,545,0.0,0.0,0.0,0.0,1.0,2.0,84.0,9.090112419664289,-0.0,2
42,0.0,0.0,42,0.0,0.0,0.0,0.0,1.0,0.0,0.0,5.39231742277876,-0.0,2
545,0.0,0.0,545,0.0,0.0,0.0,0.0,1.0,0.0,0.0,9.090112419664289,-0.0,2
545,0.0,0.0,545,0.0,0.0,0.0,0.0,1.0,0.0,0.0,9.090112419664289,-0.0,2
545,0.0,0.0,545,0.0,0.0,0.0,0.0,1.0,0.0,0.0,9.090112419664289,-0.0,2
545,0.0,0.0,545,0.0,0.0,0.0,0.0,1.0,0.0,0.0,9.090112419664289,-0.0,2
545,0.0,0.0,545,0.0,0.0,0.0,0.0,1.0,0.0,0.0,9.090112419664289,-0.0,2
545,0.0,0.0,545,0.0,0.0,0.0,0.0,1.0,0.0,0.0,9.090112419664289,-0.0,2
545,0.0,0.0,545,0.0,0.0,0.0,0.0,1.0,0.0,0.0,9.090112419664289,-0.0,2
545,0.24514475625481444,10.296079762702206,545,0.0,0.0,0.0,0.0,1.0,11.666666666666666,490.0,9.090112419664289,-0.0,2
545,0.0,0.0,545,0.0,0.0,0.0,0.0,1.0,0.0,0.0,9.090112419664289,-0.0,2
545,0.2636461654641038,11.073138949492359,545,0.0,0.0,0.0,0.0,1.0,2.6666666666666665,112.0,9.090112419664289,-0.0,2
545,0.0,0.0,545,0.0,0.0,0.0,0.0,1.0,0.0,0.0,9.090112419664289,-0.0,2
545,0.08535562091459088,3.5849360784128166,545,0.0,0.0,0.0,0.0,1.0,1.3333333333333333,56.0,9.090112419664289,-0.0,2
545,0.0,0.0,545,0.0,0.0,0.0,0.0,1.0,0.0,0.0,9.090112419664289,-0.0,2
545,0.803275844998456,33.73758548993515,545,0.0,0.0,0.0,0.0,1.0,9.0,378.0,9.090112419664289,-0.0,2
545,0.0,0.0,545,0.0,0.0,0.0,0.0,1.0,0.0,0.0,9.090112419664289,-0.0,2
545,0.3475115040309975,14.595483169301897,545,0.0,0.0,0.0,0.0,1.0,3.3333333333333335,140.0,9.090112419664289,-0.0,2
545,0.0,0.0,545,0.0,0.0,0.0,0.0,1.0,0.0,0.0,9.090112419664289,-0.0,2
545,0.9766812360482563,41.02061191402677,545,0.0,0.0,0.0,0.0,1.0,11.333333333333334,476.0,9.090112419664289,-0.0,2
534,0.0,0.0,534,0.0,0.0,0.0,0.0,1.0,0.0,0.0,9.060695931687555,-0.0,2
545,0.2602401563521673,10.930086566791028,545,0.0,0.0,0.0,0.0,1.0,2.3333333333333335,98.0,9.090112419664289,-0.0,2
545,0.0,0.0,545,0.0,0.0,0.0,0.0,1.0,0.0,0.0,9.090112419664289,-0.0,2
545,0.0,0.0,545,0.0,0.0,0.0,0.0,1.0,0.0,0.0,9.090112419664289,-0.0,2
545,0.0,0.0,545,0.0,0.0,0.0,0.0,1.0,0.0,0.0,9.090112419664289,-0.0,2
250,0.063118935352238,2.6509952847939955,250,0.0,0.0,0.0,0.0,1.0,0.3333333333333333,14.0,7.965784284662088,-0.0,2
545,0.0,0.0,545,0.0,0.0,0.0,0.0,1.0,0.0,0.0,9.090112419664289,-0.0,2
545,0.26078294318443845,10.952883613746415,545,0.0,0.0,0.0,0.0,1.0,13.333333333333334,560.0,9.090112419664289,-0.0,2
545,0.0,0.0,545,0.0,0.0,0.0,0.0,1.0,0.0,0.0,9.090112419664289,-0.0,2
545,0.8032758449984558,33.73758548993515,545,0.0,0.0,0.0,0.0,1.0,9.0,378.0,9.090112419664289,-0.0,2
545,0.0,0.0,545,0.0,0.0,0.0,0.0,1.0,0.0,0.0,9.090112419664289,-0.0,2
545,0.3475115040309976,14.595483169301895,545,0.0,0.0,0.0,0.0,1.0,3.3333333333333335,140.0,9.090112419664289,-0.0,2
545,0.0,0.0,545,0.0,0.0,0.0,0.0,1.0,0.0,0.0,9.090112419664289,-0.0,2
545,0.977501302073777,41.05505468709864,545,0.0,0.0,0.0,0.0,1.0,11.666666666666666,490.0,9.090112419664289,-0.0,2
545,0.0,0.0,545,0.0,0.0,0.0,0.0,1.0,0.0,0.0,9.090112419664289,-0.0,2
545,0.26699612115104693,11.213837088343974,545,0.0,0.0,0.0,0.0,1.0,3.0,126.0,9.090112419664289,-0.0,2
545,0.0,0.0,545,0.0,0.0,0.0,0.0,1.0,0.0,0.0,9.090112419664289,-0.0,2
545,0.04279597720987376,1.7974310428146978,545,0.0,0.0,0.0,0.0,1.0,0.3333333333333333,14.0,9.090112419664289,-0.0,2
545,0.0,0.0,545,0.0,0.0,0.0,0.0,1.0,0.0,0.0,9.090112419664289,-0.0,2
545,0.30253536849065893,12.706485476607673,545,0.0,0.0,0.0,0.0,1.0,2.6666666666666665,112.0,9.090112419664289,-0.0,2
545,0.0,0.0,545,0.0,0.0,0.0,0.0,1.0,0.0,0.0,9.090112419664289,-0.0,2
515,0.0,0.0,515,0.0,0.0,0.0,0.0,1.0,0.0,0.0,9.00842862207058,-0.0,2
545,0.0,0.0,545,0.0,0.0,0.0,0.0,1.0,0.0,0.0,9.090112419664289,-0.0,2
545,0.899299730373628,37.770588675692366,545,0.0,0.0,0.0,0.0,1.0,22.333333333333332,938.0,9.090112419664289,-0.0,2
545,0.0,0.0,545,0.0,0.0,0.0,0.0,1.0,0.0,0.0,9.090112419664289,-0.0,2
545,0.04279597720987376,1.797431042814698,545,0.0,0.0,0.0,0.0,1.0,0.3333333333333333,14.0,9.090112419664289,-0.0,2
545,0.0,0.0,545,0.0,0.0,0.0,0.0,1.0,0.0,0.0,9.090112419664289,-0.0,2
545,1.0122621649961052,42.51501092983643,545,0.0,0.0,0.0,0.0,1.0,14.666666666666666,616.0,9.090112419664289,-0.0,2
545,0.0,0.0,545,0.0,0.0,0.0,0.0,1.0,0.0,0.0,9.090112419664289,-0.0,2
545,0.04279597720987376,1.797431042814698,545,0.0,0.0,0.0,0.0,1.0,0.3333333333333333,14.0,9.090112419664289,-0.0,2
545,0.0,0.0,545,0.0,0.0,0.0,0.0,1.0,0.0,0.0,9.090112419664289,-0.0,2
545,0.04279597720987376,1.7974310428146978,545,0.0,0.0,0.0,0.0,1.0,0.3333333333333333,14.0,9.090112419664289,-0.0,2
545,0.0,0.0,545,0.0,0.0,0.0,0.0,1.0,0.0,0.0,9.090112419664289,-0.0,2
545,0.3054591254710812,12.829283269785416,545,0.0,0.0,0.0,0.0,1.0,3.0,126.0,9.090112419664289,-0.0,2
416,0.0,0.0,416,0.0,0.0,0.0,0.0,1.0,0.0,0.0,8.700439718141096,-0.0,2
545,0.0,0.0,545,0.0,0.0,0.0,0.0,1.0,0.0,0.0,9.090112419664289,-0.0,2
545,0.0,0.0,545,0.0,0.0,0.0,0.0,1.0,0.0,0.0,9.090112419664289,-0.0,2
545,0.0,0.0,545,0.0,0.0,0.0,0.0,1.0,0.0,0.0,9.090112419664289,-0.0,2
545,0.0,0.0,545,0.0,0.0,0.0,0.0,1.0,0.0,0.0,9.090112419664289,-0.0,2
232,0.0,0.0,232,0.0,0.0,0.0,0.0,1.0,0.0,0.0,7.857980995127573,-0.0,2
545,0.0,0.0,545,0.0,0.0,0.0,0.0,1.0,0.0,0.0,9.090112419664289,-0.0,2
545,1.0266936365085748,43.121132733360135,545,0.0,0.0,0.0,0.0,1.0,21.333333333333332,896.0,9.090112419664289,-0.0,2
545,0.0,0.0,545,0.0,0.0,0.0,0.0,1.0,0.0,0.0,9.090112419664289,-0.0,2
545,0.04279597720987376,1.7974310428146978,545,0.0,0.0,0.0,0.0,1.0,0.3333333333333333,14.0,9.090112419664289,-0.0,2
545,0.0,0.0,545,0.0,0.0,0.0,0.0,1.0,0.0,0.0,9.090112419664289,-0.0,2
545,0.060466998360675525,2.5396139311483723,545,0.0,0.0,0.0,0.0,1.0,0.6666666666666666,28.0,9.090112419664289,-0.0,2
545,0.0,0.0,545,0.0,0.0,0.0,0.0,1.0,0.0,0.0,9.090112419664289,-0.0,2
545,0.302535368490659,12.706485476607675,545,0.0,0.0,0.0,0.0,1.0,2.6666666666666665,112.0,9.090112419664289,-0.0,2
545,0.0,0.0,545,0.0,0.0,0.0,0.0,1.0,0.0,0.0,9.090112419664289,-0.0,2
545,0.0,0.0,545,0.0,0.0,0.0,0.0,1.0,0.0,0.0,9.090112419664289,-0.0,2
545,0.0,0.0,545,0.0,0.0,0.0,0.0,1.0,0.0,0.0,9.090112419664289,-0.0,2
545,0.0,0.0,545,0.0,0.0,0.0,0.0,1.0,0.0,0.0,9.090112419664289,-0.0,2
545,0.0,0.0,545,0.0,0.0,0.0,0.0,1.0,0.0,0.0,9.090112419664289,-0.0,2
545,0.0,0.0,545,0.0,0.0,0.0,0.0,1.0,0.0,0.0,9.090112419664289,-0.0,2
545,0.0,0.0,545,0.0,0.0,0.0,0.0,1.0,0.0,0.0,9.090112419664289,-0.0,2
545,0.0,0.0,545,0.0,0.0,0.0,0.0,1.0,0.0,0.0,9.090112419664289,-0.0,2
545,0.0,0.0,545,0.0,0.0,0.0,0.0,1.0,0.0,0.0,9.090112419664289,-0.0,2
240,0.0,0.0,240,0.0,0.0,0.0,0.0,1.0,0.0,0.0,7.906890595608521,-0.0,2
545,0.0,0.0,545,0.0,0.0,0.0,0.0,1.0,0.0,0.0,9.090112419664289,-0.0,2
545,0.0,0.0,545,0.0,0.0,0.0,0.0,1.0,0.0,0.0,9.090112419664289,-0.0,2
545,0.0,0.0,545,0.0,0.0,0.0,0.0,1.0,0.0,0.0,9.090112419664289,-0.0,2
545,0.0,0.0,545,0.0,0.0,0.0,0.0,1.0,0.0,0.0,9.090112419664289,-0.0,2
545,0.0,0.0,545,0.0,0.0,0.0,0.0,1.0,0.0,0.0,9.090112419664289,-0.0,2
545,0.0,0.0,545,0.0,0.0,0.0,0.0,1.0,0.0,0.0,9.090112419664289,-0.0,2
545,0.0,0.0,545,0.0,0.0,0.0,0.0,1.0,0.0,0.0,9.090112419664289,-0.0,2
545,0.0,0.0,545,0.0,0.0,0.0,0.0,1.0,0.0,0.0,9.090112419664289,-0.0,2
545,0.0,0.0,545,0.0,0.0,0.0,0.0,1.0,0.0,0.0,9.090112419664289,-0.0,2
545,0.0,0.0,545,0.0,0.0,0.0,0.0,1.0,0.0,0.0,9.090112419664289,-0.0,2
545,0.0,0.0,545,0.0,0.0,0.0,0.0,1.0,0.0,0.0,9.090112419664289,-0.0,2
174,0.0,0.0,174,0.0,0.0,0.0,0.0,1.0,0.0,0.0,7.442943495848731,-0.0,2
545,0.0,0.0,545,0.0,0.0,0.0,0.0,1.0,0.0,0.0,9.090112419664289,-0.0,2
545,0.0,0.0,545,0.0,0.0,0.0,0.0,1.0,0.0,0.0,9.090112419664289,-0.0,2
545,0.0,0.0,545,0.0,0.0,0.0,0.0,1.0,0.0,0.0,9.090112419664289,-0.0,2
545,0.0,0.0,545,0.0,0.0,0.0,0.0,1.0,0.0,0.0,9.090112419664289,-0.0,2
260,0.0,0.0,260,0.0,0.0,0.0,0.0,1.0,0.0,0.0,8.022367813028454,-0.0,2
545,0.0,0.0,545,0.0,0.0,0.0,0.0,1.0,0.0,0.0,9.090112419664289,-0.0,2
545,0.0,0.0,545,0.0,0.0,0.0,0.0,1.0,0.0,0.0,9.090112419664289,-0.0,2
545,0.0,0.0,545,0.0,0.0,0.0,0.0,1.0,0.0,0.0,9.090112419664289,-0.0,2
545,0.0,0.0,545,0.0,0.0,0.0,0.0,1.0,0.0,0.0,9.090112419664289,-0.0,2
545,0.0,0.0,545,0.0,0.0,0.0,0.0,1.0,0.0,0.0,9.090112419664289,-0.0,2
545,0.0,0.0,545,0.0,0.0,0.0,0.0,1.0,0.0,0.0,9.090112419664289,-0.0,2
545,0.0,0.0,545,0.0,0.0,0.0,0.0,1.0,0.0,0.0,9.090112419664289,-0.0,2
545,0.0,0.0,545,0.0,0.0,0.0,0.0,1.0,0.0,0.0,9.090112419664289,-0.0,2
538,0.0,0.0,538,0.0,0.0,0.0,0.0,1.0,0.0,0.0,9.071462362556627,-0.0,2
545,0.0,0.0,545,0.0,0.0,0.0,0.0,1.0,0.0,0.0,9.090112419664289,-0.0,2
545,0.0,0.0,545,0.0,0.0,0.0,0.0,1.0,0.0,0.0,9.090112419664289,-0.0,2
545,0.0,0.0,545,0.0,0.0,0.0,0.0,1.0,0.0,0.0,9.090112419664289,-0.0,2
545,0.0,0.0,545,0.0,0.0,0.0,0.0,1.0,0.0,0.0,9.090112419664289,-0.0,2
545,0.0,0.0,545,0.0,0.0,0.0,0.0,1.0,0.0,0.0,9.090112419664289,-0.0,2
545,0.0,0.0,545,0.0,0.0,0.0,0.0,1.0,0.0,0.0,9.090112419664289,-0.0,2
545,0.0,0.0,545,0.0,0.0,0.0,0.0,1.0,0.0,0.0,9.090112419664289,-0.0,2
545,0.0,0.0,545,0.0,0.0,0.0,0.0,1.0,0.0,0.0,9.090112419664289,-0.0,2
545,0.0,0.0,545,0.0,0.0,0.0,0.0,1.0,0.0,0.0,9.090112419664289,-0.0,2
545,0.0,0.0,545,0.0,0.0,0.0,0.0,1.0,0.0,0.0,9.090112419664289,-0.0,2
545,0.0,0.0,545,0.0,0.0,0.0,0.0,1.0,0.0,0.0,9.090112419664289,-0.0,2
545,0.0,0.0,545,0.0,0.0,0.0,0.0,1.0,0.0,0.0,9.090112419664289,-0.0,2
545,0.0,0.0,545,0.0,0.0,0.0,0.0,1.0,0.0,0.0,9.090112419664289,-0.0,2
545,0.0,0.0,545,0.0,0.0,0.0,0.0,1.0,0.0,0.0,9.090112419664289,-0.0,2
545,0.0,0.0,545,0.0,0.0,0.0,0.0,1.0,0.0,0.0,9.090112419664289,-0.0,2
380,0.0,0.0,380,0.0,0.0,0.0,0.0,1.0,0.0,0.0,8.56985560833095,-0.0,2
545,0.0,0.0,545,0.0,0.0,0.0,0.0,1.0,0.0,0.0,9.090112419664289,-0.0,2
545,0.0,0.0,545,0.0,0.0,0.0,0.0,1.0,0.0,0.0,9.090112419664289,-0.0,2
545,0.0,0.0,545,0.0,0.0,0.0,0.0,1.0,0.0,0.0,9.090112419664289,-0.0,2
545,0.0,0.0,545,0.0,0.0,0.0,0.0,1.0,0.0,0.0,9.090112419664289,-0.0,2
545,0.0,0.0,545,0.0,0.0,0.0,0.0,1.0,0.0,0.0,9.090112419664289,-0.0,2
545,0.0,0.0,545,0.0,0.0,0.0,0.0,1.0,0.0,0.0,9.090112419664289,-0.0,2
545,0.0,0.0,545,0.0,0.0,0.0,0.0,1.0,0.0,0.0,9.090112419664289,-0.0,2
545,0.0,0.0,545,0.0,0.0,0.0,0.0,1.0,0.0,0.0,9.090112419664289,-0.0,2
545,0.0,0.0,545,0.0,0.0,0.0,0.0,1.0,0.0,0.0,9.090112419664289,-0.0,2
545,0.0,0.0,545,0.0,0.0,0.0,0.0,1.0,0.0,0.0,9.090112419664289,-0.0,2
545,0.0,0.0,545,0.0,0.0,0.0,0.0,1.0,0.0,0.0,9.090112419664289,-0.0,2
545,0.0,0.0,545,0.0,0.0,0.0,0.0,1.0,0.0,0.0,9.090112419664289,-0.0,2
545,0.0,0.0,545,0.0,0.0,0.0,0.0,1.0,0.0,0.0,9.090112419664289,-0.0,2
545,0.0,0.0,545,0.0,0.0,0.0,0.0,1.0,0.0,0.0,9.090112419664289,-0.0,2
545,0.0,0.0,545,0.0,0.0,0.0,0.0,1.0,0.0,0.0,9.090112419664289,-0.0,2
545,0.0,0.0,545,0.0,0.0,0.0,0.0,1.0,0.0,0.0,9.090112419664289,-0.0,2
545,0.0,0.0,545,0.0,0.0,0.0,0.0,1.0,0.0,0.0,9.090112419664289,-0.0,2
545,0.0,0.0,545,0.0,0.0,0.0,0.0,1.0,0.0,0.0,9.090112419664289,-0.0,2
545,0.0,0.0,545,0.0,0.0,0.0,0.0,1.0,0.0,0.0,9.090112419664289,-0.0,2
545,0.0,0.0,545,0.0,0.0,0.0,0.0,1.0,0.0,0.0,9.090112419664289,-0.0,2
545,0.0,0.0,545,0.0,0.0,0.0,0.0,1.0,0.0,0.0,9.090112419664289,-0.0,2
419,0.0,0.0,419,0.0,0.0,0.0,0.0,1.0,0.0,0.0,8.71080643369935,-0.0,2
545,0.0,0.0,545,0.0,0.0,0.0,0.0,1.0,0.0,0.0,9.090112419664289,-0.0,2
545,0.0,0.0,545,0.0,0.0,0.0,0.0,1.0,0.0,0.0,9.090112419664289,-0.0,2
319,0.0,0.0,319,0.0,0.0,0.0,0.0,1.0,0.0,0.0,8.31741261376487,-0.0,2
545,0.0,0.0,545,0.0,0.0,0.0,0.0,1.0,0.0,0.0,9.090112419664289,-0.0,2
545,0.0,0.0,545,0.0,0.0,0.0,0.0,1.0,0.0,0.0,9.090112419664289,-0.0,2
545,0.0,0.0,545,0.0,0.0,0.0,0.0,1.0,0.0,0.0,9.090112419664289,-0.0,2
545,0.0,0.0,545,0.0,0.0,0.0,0.0,1.0,0.0,0.0,9.090112419664289,-0.0,2
545,0.0,0.0,545,0.0,0.0,0.0,0.0,1.0,0.0,0.0,9.090112419664289,-0.0,2
545,0.0,0.0,545,0.0,0.0,0.0,0.0,1.0,0.0,0.0,9.090112419664289,-0.0,2
545,0.0,0.0,545,0.0,0.0,0.0,0.0,1.0,0.0,0.0,9.090112419664289,-0.0,2
545,0.0,0.0,545,0.0,0.0,0.0,0.0,1.0,0.0,0.0,9.090112419664289,-0.0,2
545,0.0,0.0,545,0.0,0.0,0.0,0.0,1.0,0.0,0.0,9.090112419664289,-0.0,2
545,0.0,0.0,545,0.0,0.0,0.0,0.0,1.0,0.0,0.0,9.090112419664289,-0.0,2
545,0.0,0.0,545,0.0,0.0,0.0,0.0,1.0,0.0,0.0,9.090112419664289,-0.0,2
545,0.0,0.0,545,0.0,0.0,0.0,0.0,1.0,0.0,0.0,9.090112419664289,-0.0,2
545,0.0,0.0,545,0.0,0.0,0.0,0.0,1.0,0.0,0.0,9.090112419664289,-0.0,2
545,0.0,0.0,545,0.0,0.0,0.0,0.0,1.0,0.0,0.0,9.090112419664289,-0.0,2
545,0.0,0.0,545,0.0,0.0,0.0,0.0,1.0,0.0,0.0,9.090112419664289,-0.0,2
545,0.0,0.0,545,0.0,0.0,0.0,0.0,1.0,0.0,0.0,9.090112419664289,-0.0,2
545,0.0,0.0,545,0.0,0.0,0.0,0.0,1.0,0.0,0.0,9.090112419664289,-0.0,2
545,0.0,0.0,545,0.0,0.0,0.0,0.0,1.0,0.0,0.0,9.090112419664289,-0.0,2
545,0.0,0.0,545,0.0,0.0,0.0,0.0,1.0,0.0,0.0,9.090112419664289,-0.0,2
545,0.0,0.0,545,0.0,0.0,0.0,0.0,1.0,0.0,0.0,9.090112419664289,-0.0,2
545,0.0,0.0,545,0.0,0.0,0.0,0.0,1.0,0.0,0.0,9.090112419664289,-0.0,2
545,0.0,0.0,545,0.0,0.0,0.0,0.0,1.0,0.0,0.0,9.090112419664289,-0.0,2
545,0.0,0.0,545,0.0,0.0,0.0,0.0,1.0,0.0,0.0,9.090112419664289,-0.0,2
545,0.0,0.0,545,0.0,0.0,0.0,0.0,1.0,0.0,0.0,9.090112419664289,-0.0,2
545,0.0,0.0,545,0.0,0.0,0.0,0.0,1.0,0.0,0.0,9.090112419664289,-0.0,2
545,0.0,0.0,545,0.0,0.0,0.0,0.0,1.0,0.0,0.0,9.090112419664289,-0.0,2
303,0.0,0.0,303,0.0,0.0,0.0,0.0,1.0,0.0,0.0,8.243173983472953,-0.0,2
545,0.0,0.0,545,0.0,0.0,0.0,0.0,1.0,0.0,0.0,9.090112419664289,-0.0,2
545,0.0,0.0,545,0.0,0.0,0.0,0.0,1.0,0.0,0.0,9.090112419664289,-0.0,2
545,0.0,0.0,545,0.0,0.0,0.0,0.0,1.0,0.0,0.0,9.090112419664289,-0.0,2
545,0.0,0.0,545,0.0,0.0,0.0,0.0,1.0,0.0,0.0,9.090112419664289,-0.0,2
545,0.0,0.0,545,0.0,0.0,0.0,0.0,1.0,0.0,0.0,9.090112419664289,-0.0,2
545,0.0,0.0,545,0.0,0.0,0.0,0.0,1.0,0.0,0.0,9.090112419664289,-0.0,2
545,0.0,0.0,545,0.0,0.0,0.0,0.0,1.0,0.0,0.0,9.090112419664289,-0.0,2
545,0.0,0.0,545,0.0,0.0,0.0,0.0,1.0,0.0,0.0,9.090112419664289,-0.0,2
545,0.0,0.0,545,0.0,0.0,0.0,0.0,1.0,0.0,0.0,9.090112419664289,-0.0,2
545,0.0,0.0,545,0.0,0.0,0.0,0.0,1.0,0.0,0.0,9.090112419664289,-0.0,2
545,0.0,0.0,545,0.0,0.0,0.0,0.0,1.0,0.0,0.0,9.090112419664289,-0.0,2
545,0.0,0.0,545,0.0,0.0,0.0,0.0,1.0,0.0,0.0,9.090112419664289,-0.0,2
545,0.0,0.0,545,0.0,0.0,0.0,0.0,1.0,0.0,0.0,9.090112419664289,-0.0,2
545,0.0,0.0,545,0.0,0.0,0.0,0.0,1.0,0.0,0.0,9.090112419664289,-0.0,2
545,0.0,0.0,545,0.0,0.0,0.0,0.0,1.0,0.0,0.0,9.090112419664289,-0.0,2
545,0.0,0.0,545,0.0,0.0,0.0,0.0,1.0,0.0,0.0,9.090112419664289,-0.0,2
545,0.0,0.0,545,0.0,0.0,0.0,0.0,1.0,0.0,0.0,9.090112419664289,-0.0,2
545,0.0,0.0,545,0.0,0.0,0.0,0.0,1.0,0.0,0.0,9.090112419664289,-0.0,2
545,0.0,0.0,545,0.0,0.0,0.0,0.0,1.0,0.0,0.0,9.090112419664289,-0.0,2
545,0.0,0.0,545,0.0,0.0,0.0,0.0,1.0,0.0,0.0,9.090112419664289,-0.0,2
545,0.0,0.0,545,0.0,0.0,0.0,0.0,1.0,0.0,0.0,9.090112419664289,-0.0,2
545,0.0,0.0,545,0.0,0.0,0.0,0.0,1.0,0.0,0.0,9.090112419664289,-0.0,2
545,0.0,0.0,545,0.0,0.0,0.0,0.0,1.0,0.0,0.0,9.090112419664289,-0.0,2
545,0.0,0.0,545,0.0,0.0,0.0,0.0,1.0,0.0,0.0,9.090112419664289,-0.0,2
545,0.0,0.0,545,0.0,0.0,0.0,0.0,1.0,0.0,0.0,9.090112419664289,-0.0,2
545,0.0,0.0,545,0.0,0.0,0.0,0.0,1.0,0.0,0.0,9.090112419664289,-0.0,2
545,0.0,0.0,545,0.0,0.0,0.0,0.0,1.0,0.0,0.0,9.090112419664289,-0.0,2
545,0.0,0.0,545,0.0,0.0,0.0,0.0,1.0,0.0,0.0,9.090112419664289,-0.0,2
545,0.0,0.0,545,0.0,0.0,0.0,0.0,1.0,0.0,0.0,9.090112419664289,-0.0,2
545,0.0,0.0,545,0.0,0.0,0.0,0.0,1.0,0.0,0.0,9.090112419664289,-0.0,2
545,0.0,0.0,545,0.0,0.0,0.0,0.0,1.0,0.0,0.0,9.090112419664289,-0.0,2
545,0.0,0.0,545,0.0,0.0,0.0,0.0,1.0,0.0,0.0,9.090112419664289,-0.0,2
251,0.0,0.0,251,0.0,0.0,0.0,0.0,1.0,0.0,0.0,7.97154355395077,-0.0,2
495,0.0,0.0,495,0.0,0.0,0.0,0.0,1.0,0.0,0.0,8.95128471496697,-0.0,2
545,0.0,0.0,545,0.0,0.0,0.0,0.0,1.0,0.0,0.0,9.090112419664289,-0.0,2
545,0.0,0.0,545,0.0,0.0,0.0,0.0,1.0,0.0,0.0,9.090112419664289,-0.0,2
545,0.0,0.0,545,0.0,0.0,0.0,0.0,1.0,0.0,0.0,9.090112419664289,-0.0,2
545,0.0,0.0,545,0.0,0.0,0.0,0.0,1.0,0.0,0.0,9.090112419664289,-0.0,2
545,0.0,0.0,545,0.0,0.0,0.0,0.0,1.0,0.0,0.0,9.090112419664289,-0.0,2
545,0.0,0.0,545,0.0,0.0,0.0,0.0,1.0,0.0,0.0,9.090112419664289,-0.0,2
545,0.0,0.0,545,0.0,0.0,0.0,0.0,1.0,0.0,0.0,9.090112419664289,-0.0,2
545,0.0,0.0,545,0.0,0.0,0.0,0.0,1.0,0.0,0.0,9.090112419664289,-0.0,2
545,0.0,0.0,545,0.0,0.0,0.0,0.0,1.0,0.0,0.0,9.090112419664289,-0.0,2
545,0.0,0.0,545,0.0,0.0,0.0,0.0,1.0,0.0,0.0,9.090112419664289,-0.0,2
545,0.0,0.0,545,0.0,0.0,0.0,0.0,1.0,0.0,0.0,9.090112419664289,-0.0,2
545,0.0,0.0,545,0.0,0.0,0.0,0.0,1.0,0.0,0.0,9.090112419664289,-0.0,2
545,0.0,0.0,545,0.0,0.0,0.0,0.0,1.0,0.0,0.0,9.090112419664289,-0.0,2
545,0.0,0.0,545,0.0,0.0,0.0,0.0,1.0,0.0,0.0,9.090112419664289,-0.0,2
545,0.0,0.0,545,0.0,0.0,0.0,0.0,1.0,0.0,0.0,9.090112419664289,-0.0,2
545,0.0,0.0,545,0.0,0.0,0.0,0.0,1.0,0.0,0.0,9.090112419664289,-0.0,2
545,0.0,0.0,545,0.0,0.0,0.0,0.0,1.0,0.0,0.0,9.090112419664289,-0.0,2
545,0.0,0.0,545,0.0,0.0,0.0,0.0,1.0,0.0,0.0,9.090112419664289,-0.0,2
545,0.0,0.0,545,0.0,0.0,0.0,0.0,1.0,0.0,0.0,9.090112419664289,-0.0,2
545,0.0,0.0,545,0.0,0.0,0.0,0.0,1.0,0.0,0.0,9.090112419664289,-0.0,2
545,0.0,0.0,545,0.0,0.0,0.0,0.0,1.0,0.0,0.0,9.090112419664289,-0.0,2
545,0.0,0.0,545,0.0,0.0,0.0,0.0,1.0,0.0,0.0,9.090112419664289,-0.0,2
545,0.0,0.0,545,0.0,0.0,0.0,0.0,1.0,0.0,0.0,9.090112419664289,-0.0,2
545,0.0,0.0,545,0.0,0.0,0.0,0.0,1.0,0.0,0.0,9.090112419664289,-0.0,2
545,0.0,0.0,545,0.0,0.0,0.0,0.0,1.0,0.0,0.0,9.090112419664289,-0.0,2
545,0.0,0.0,545,0.0,0.0,0.0,0.0,1.0,0.0,0.0,9.090112419664289,-0.0,2
545,0.0,0.0,545,0.0,0.0,0.0,0.0,1.0,0.0,0.0,9.090112419664289,-0.0,2
545,0.0,0.0,545,0.0,0.0,0.0,0.0,1.0,0.0,0.0,9.090112419664289,-0.0,2
545,0.0,0.0,545,0.0,0.0,0.0,0.0,1.0,0.0,0.0,9.090112419664289,-0.0,2
545,0.0,0.0,545,0.0,0.0,0.0,0.0,1.0,0.0,0.0,9.090112419664289,-0.0,2
545,0.0,0.0,545,0.0,0.0,0.0,0.0,1.0,0.0,0.0,9.090112419664289,-0.0,2
545,0.0,0.0,545,0.0,0.0,0.0,0.0,1.0,0.0,0.0,9.090112419664289,-0.0,2
545,0.0,0.0,545,0.0,0.0,0.0,0.0,1.0,0.0,0.0,9.090112419664289,-0.0,2
545,0.0,0.0,545,0.0,0.0,0.0,0.0,1.0,0.0,0.0,9.090112419664289,-0.0,2
545,0.0,0.0,545,0.0,0.0,0.0,0.0,1.0,0.0,0.0,9.090112419664289,-0.0,2
545,0.0,0.0,545,0.0,0.0,0.0,0.0,1.0,0.0,0.0,9.090112419664289,-0.0,2
545,0.0,0.0,545,0.0,0.0,0.0,0.0,1.0,0.0,0.0,9.090112419664289,-0.0,2
545,0.0,0.0,545,0.0,0.0,0.0,0.0,1.0,0.0,0.0,9.090112419664289,-0.0,2
545,0.0,0.0,545,0.0,0.0,0.0,0.0,1.0,0.0,0.0,9.090112419664289,-0.0,2
545,0.0,0.0,545,0.0,0.0,0.0,0.0,1.0,0.0,0.0,9.090112419664289,-0.0,2
545,0.0,0.0,545,0.0,0.0,0.0,0.0,1.0,0.0,0.0,9.090112419664289,-0.0,2
545,0.0,0.0,545,0.0,0.0,0.0,0.0,1.0,0.0,0.0,9.090112419664289,-0.0,2
545,0.0,0.0,545,0.0,0.0,0.0,0.0,1.0,0.0,0.0,9.090112419664289,-0.0,2
11,0.0,0.0,11,0.0,0.0,0.0,0.0,1.0,0.0,0.0,3.4594316186372978,-0.0,2
545,0.0,0.0,545,0.0,0.0,0.0,0.0,1.0,0.0,0.0,9.090112419664289,-0.0,2
545,0.0,0.0,545,0.0,0.0,0.0,0.0,1.0,0.0,0.0,9.090112419664289,-0.0,2
545,0.0,0.0,545,0.0,0.0,0.0,0.0,1.0,0.0,0.0,9.090112419664289,-0.0,2
545,0.0,0.0,545,0.0,0.0,0.0,0.0,1.0,0.0,0.0,9.090112419664289,-0.0,2
545,0.0,0.0,545,0.0,0.0,0.0,0.0,1.0,0.0,0.0,9.090112419664289,-0.0,2
545,0.0,0.0,545,0.0,0.0,0.0,0.0,1.0,0.0,0.0,9.090112419664289,-0.0,2
545,0.0,0.0,545,0.0,0.0,0.0,0.0,1.0,0.0,0.0,9.090112419664289,-0.0,2
545,0.0,0.0,545,0.0,0.0,0.0,0.0,1.0,0.0,0.0,9.090112419664289,-0.0,2
545,0.0,0.0,545,0.0,0.0,0.0,0.0,1.0,0.0,0.0,9.090112419664289,-0.0,2
545,0.0,0.0,545,0.0,0.0,0.0,0.0,1.0,0.0,0.0,9.090112419664289,-0.0,2
545,0.0,0.0,545,0.0,0.0,0.0,0.0,1.0,0.0,0.0,9.090112419664289,-0.0,2
545,0.0,0.0,545,0.0,0.0,0.0,0.0,1.0,0.0,0.0,9.090112419664289,-0.0,2
545,0.0,0.0,545,0.0,0.0,0.0,0.0,1.0,0.0,0.0,9.090112419664289,-0.0,2
545,0.0,0.0,545,0.0,0.0,0.0,0.0,1.0,0.0,0.0,9.090112419664289,-0.0,2
545,0.0,0.0,545,0.0,0.0,0.0,0.0,1.0,0.0,0.0,9.090112419664289,-0.0,2
545,0.0,0.0,545,0.0,0.0,0.0,0.0,1.0,0.0,0.0,9.090112419664289,-0.0,2
545,0.0,0.0,545,0.0,0.0,0.0,0.0,1.0,0.0,0.0,9.090112419664289,-0.0,2
545,0.0,0.0,545,0.0,0.0,0.0,0.0,1.0,0.0,0.0,9.090112419664289,-0.0,2
82,0.0,0.0,82,0.0,0.0,0.0,0.0,1.0,0.0,0.0,6.357552004618085,-0.0,2
545,0.0,0.0,545,0.0,0.0,0.0,0.0,1.0,0.0,0.0,9.090112419664289,-0.0,2
545,0.0,0.0,545,0.0,0.0,0.0,0.0,1.0,0.0,0.0,9.090112419664289,-0.0,2
545,0.0,0.0,545,0.0,0.0,0.0,0.0,1.0,0.0,0.0,9.090112419664289,-0.0,2
545,0.0,0.0,545,0.0,0.0,0.0,0.0,1.0,0.0,0.0,9.090112419664289,-0.0,2
545,0.0,0.0,545,0.0,0.0,0.0,0.0,1.0,0.0,0.0,9.090112419664289,-0.0,2
545,0.0,0.0,545,0.0,0.0,0.0,0.0,1.0,0.0,0.0,9.090112419664289,-0.0,2
545,0.0,0.0,545,0.0,0.0,0.0,0.0,1.0,0.0,0.0,9.090112419664289,-0.0,2
545,0.0,0.0,545,0.0,0.0,0.0,0.0,1.0,0.0,0.0,9.090112419664289,-0.0,2
545,0.0,0.0,545,0.0,0.0,0.0,0.0,1.0,0.0,0.0,9.090112419664289,-0.0,2
545,0.0,0.0,545,0.0,0.0,0.0,0.0,1.0,0.0,0.0,9.090112419664289,-0.0,2
545,0.0,0.0,545,0.0,0.0,0.0,0.0,1.0,0.0,0.0,9.090112419664289,-0.0,2
545,0.0,0.0,545,0.0,0.0,0.0,0.0,1.0,0.0,0.0,9.090112419664289,-0.0,2
545,0.0,0.0,545,0.0,0.0,0.0,0.0,1.0,0.0,0.0,9.090112419664289,-0.0,2
545,0.0,0.0,545,0.0,0.0,0.0,0.0,1.0,0.0,0.0,9.090112419664289,-0.0,2
545,0.0,0.0,545,0.0,0.0,0.0,0.0,1.0,0.0,0.0,9.090112419664289,-0.0,2
545,0.0,0.0,545,0.0,0.0,0.0,0.0,1.0,0.0,0.0,9.090112419664289,-0.0,2
382,0.0,0.0,382,0.0,0.0,0.0,0.0,1.0,0.0,0.0,8.57742882803575,-0.0,2
545,0.0,0.0,545,0.0,0.0,0.0,0.0,1.0,0.0,0.0,9.090112419664289,-0.0,2
545,0.0,0.0,545,0.0,0.0,0.0,0.0,1.0,0.0,0.0,9.090112419664289,-0.0,2
545,0.0,0.0,545,0.0,0.0,0.0,0.0,1.0,0.0,0.0,9.090112419664289,-0.0,2
545,0.0,0.0,545,0.0,0.0,0.0,0.0,1.0,0.0,0.0,9.090112419664289,-0.0,2
545,0.0,0.0,545,0.0,0.0,0.0,0.0,1.0,0.0,0.0,9.090112419664289,-0.0,2
545,0.0,0.0,545,0.0,0.0,0.0,0.0,1.0,0.0,0.0,9.090112419664289,-0.0,2
545,0.0,0.0,545,0.0,0.0,0.0,0.0,1.0,0.0,0.0,9.090112419664289,-0.0,2
545,0.0,0.0,545,0.0,0.0,0.0,0.0,1.0,0.0,0.0,9.090112419664289,-0.0,2
545,0.0,0.0,545,0.0,0.0,0.0,0.0,1.0,0.0,0.0,9.090112419664289,-0.0,2
545,0.0,0.0,545,0.0,0.0,0.0,0.0,1.0,0.0,0.0,9.090112419664289,-0.0,2
545,0.0,0.0,545,0.0,0.0,0.0,0.0,1.0,0.0,0.0,9.090112419664289,-0.0,2
545,0.0,0.0,545,0.0,0.0,0.0,0.0,1.0,0.0,0.0,9.090112419664289,-0.0,2
545,0.0,0.0,545,0.0,0.0,0.0,0.0,1.0,0.0,0.0,9.090112419664289,-0.0,2
545,0.0,0.0,545,0.0,0.0,0.0,0.0,1.0,0.0,0.0,9.090112419664289,-0.0,2
545,0.0,0.0,545,0.0,0.0,0.0,0.0,1.0,0.0,0.0,9.090112419664289,-0.0,2
545,0.0,0.0,545,0.0,0.0,0.0,0.0,1.0,0.0,0.0,9.090112419664289,-0.0,2
545,0.0,0.0,545,0.0,0.0,0.0,0.0,1.0,0.0,0.0,9.090112419664289,-0.0,2
545,0.0,0.0,545,0.0,0.0,0.0,0.0,1.0,0.0,0.0,9.090112419664289,-0.0,2
545,0.0,0.0,545,0.0,0.0,0.0,0.0,1.0,0.0,0.0,9.090112419664289,-0.0,2
545,0.0,0.0,545,0.0,0.0,0.0,0.0,1.0,0.0,0.0,9.090112419664289,-0.0,2
545,0.0,0.0,545,0.0,0.0,0.0,0.0,1.0,0.0,0.0,9.090112419664289,-0.0,2
545,0.0,0.0,545,0.0,0.0,0.0,0.0,1.0,0.0,0.0,9.090112419664289,-0.0,2
545,0.0,0.0,545,0.0,0.0,0.0,0.0,1.0,0.0,0.0,9.090112419664289,-0.0,2
545,0.0,0.0,545,0.0,0.0,0.0,0.0,1.0,0.0,0.0,9.090112419664289,-0.0,2
545,0.0,0.0,545,0.0,0.0,0.0,0.0,1.0,0.0,0.0,9.090112419664289,-0.0,2
545,0.0,0.0,545,0.0,0.0,0.0,0.0,1.0,0.0,0.0,9.090112419664289,-0.0,2
14,0.0,0.0,14,0.0,0.0,0.0,0.0,1.0,0.0,0.0,3.8073549220576055,-0.0,2
545,0.0,0.0,545,0.0,0.0,0.0,0.0,1.0,0.0,0.0,9.090112419664289,-0.0,2
545,0.0,0.0,545,0.0,0.0,0.0,0.0,1.0,0.0,0.0,9.090112419664289,-0.0,2
545,0.0,0.0,545,0.0,0.0,0.0,0.0,1.0,0.0,0.0,9.090112419664289,-0.0,2
545,0.0,0.0,545,0.0,0.0,0.0,0.0,1.0,0.0,0.0,9.090112419664289,-0.0,2
545,0.0,0.0,545,0.0,0.0,0.0,0.0,1.0,0.0,0.0,9.090112419664289,-0.0,2
545,0.0,0.0,545,0.0,0.0,0.0,0.0,1.0,0.0,0.0,9.090112419664289,-0.0,2
545,0.0,0.0,545,0.0,0.0,0.0,0.0,1.0,0.0,0.0,9.090112419664289,-0.0,2
545,0.0,0.0,545,0.0,0.0,0.0,0.0,1.0,0.0,0.0,9.090112419664289,-0.0,2
545,0.0,0.0,545,0.0,0.0,0.0,0.0,1.0,0.0,0.0,9.090112419664289,-0.0,2
545,0.0,0.0,545,0.0,0.0,0.0,0.0,1.0,0.0,0.0,9.090112419664289,-0.0,2
545,0.0,0.0,545,0.0,0.0,0.0,0.0,1.0,0.0,0.0,9.090112419664289,-0.0,2
545,0.0,0.0,545,0.0,0.0,0.0,0.0,1.0,0.0,0.0,9.090112419664289,-0.0,2
545,0.0,0.0,545,0.0,0.0,0.0,0.0,1.0,0.0,0.0,9.090112419664289,-0.0,2
545,0.0,0.0,545,0.0,0.0,0.0,0.0,1.0,0.0,0.0,9.090112419664289,-0.0,2
545,0.0,0.0,545,0.0,0.0,0.0,0.0,1.0,0.0,0.0,9.090112419664289,-0.0,2
545,0.0,0.0,545,0.0,0.0,0.0,0.0,1.0,0.0,0.0,9.090112419664289,-0.0,2
545,0.0,0.0,545,0.0,0.0,0.0,0.0,1.0,0.0,0.0,9.090112419664289,-0.0,2
545,0.0,0.0,545,0.0,0.0,0.0,0.0,1.0,0.0,0.0,9.090112419664289,-0.0,2
545,0.0,0.0,545,0.0,0.0,0.0,0.0,1.0,0.0,0.0,9.090112419664289,-0.0,2
545,0.0,0.0,545,0.0,0.0,0.0,0.0,1.0,0.0,0.0,9.090112419664289,-0.0,2
545,0.0,0.0,545,0.0,0.0,0.0,0.0,1.0,0.0,0.0,9.090112419664289,-0.0,2
545,0.0,0.0,545,0.0,0.0,0.0,0.0,1.0,0.0,0.0,9.090112419664289,-0.0,2
545,0.0,0.0,545,0.0,0.0,0.0,0.0,1.0,0.0,0.0,9.090112419664289,-0.0,2
545,0.0,0.0,545,0.0,0.0,0.0,0.0,1.0,0.0,0.0,9.090112419664289,-0.0,2
545,0.0,0.0,545,0.0,0.0,0.0,0.0,1.0,0.0,0.0,9.090112419664289,-0.0,2
545,0.0,0.0,545,0.0,0.0,0.0,0.0,1.0,0.0,0.0,9.090112419664289,-0.0,2
545,0.0,0.0,545,0.0,0.0,0.0,0.0,1.0,0.0,0.0,9.090112419664289,-0.0,2
397,0.0,0.0,397,0.0,0.0,0.0,0.0,1.0,0.0,0.0,8.632995197142957,-0.0,2
545,0.0,0.0,545,0.0,0.0,0.0,0.0,1.0,0.0,0.0,9.090112419664289,-0.0,2
545,0.0,0.0,545,0.0,0.0,0.0,0.0,1.0,0.0,0.0,9.090112419664289,-0.0,2
545,0.0,0.0,545,0.0,0.0,0.0,0.0,1.0,0.0,0.0,9.090112419664289,-0.0,2
545,0.0,0.0,545,0.0,0.0,0.0,0.0,1.0,0.0,0.0,9.090112419664289,-0.0,2
545,0.0,0.0,545,0.0,0.0,0.0,0.0,1.0,0.0,0.0,9.090112419664289,-0.0,2
545,0.0,0.0,545,0.0,0.0,0.0,0.0,1.0,0.0,0.0,9.090112419664289,-0.0,2
545,0.0,0.0,545,0.0,0.0,0.0,0.0,1.0,0.0,0.0,9.090112419664289,-0.0,2
545,0.0,0.0,545,0.0,0.0,0.0,0.0,1.0,0.0,0.0,9.090112419664289,-0.0,2
545,0.0,0.0,545,0.0,0.0,0.0,0.0,1.0,0.0,0.0,9.090112419664289,-0.0,2
545,0.0,0.0,545,0.0,0.0,0.0,0.0,1.0,0.0,0.0,9.090112419664289,-0.0,2
545,0.0,0.0,545,0.0,0.0,0.0,0.0,1.0,0.0,0.0,9.090112419664289,-0.0,2
545,0.0,0.0,545,0.0,0.0,0.0,0.0,1.0,0.0,0.0,9.090112419664289,-0.0,2
545,0.0,0.0,545,0.0,0.0,0.0,0.0,1.0,0.0,0.0,9.090112419664289,-0.0,2
545,0.0,0.0,545,0.0,0.0,0.0,0.0,1.0,0.0,0.0,9.090112419664289,-0.0,2
545,0.0,0.0,545,0.0,0.0,0.0,0.0,1.0,0.0,0.0,9.090112419664289,-0.0,2
545,0.0,0.0,545,0.0,0.0,0.0,0.0,1.0,0.0,0.0,9.090112419664289,-0.0,2
545,0.0,0.0,545,0.0,0.0,0.0,0.0,1.0,0.0,0.0,9.090112419664289,-0.0,2
545,0.0,0.0,545,0.0,0.0,0.0,0.0,1.0,0.0,0.0,9.090112419664289,-0.0,2
545,0.0,0.0,545,0.0,0.0,0.0,0.0,1.0,0.0,0.0,9.090112419664289,-0.0,2
545,0.0,0.0,545,0.0,0.0,0.0,0.0,1.0,0.0,0.0,9.090112419664289,-0.0,2
545,0.0,0.0,545,0.0,0.0,0.0,0.0,1.0,0.0,0.0,9.090112419664289,-0.0,2
545,0.0,0.0,545,0.0,0.0,0.0,0.0,1.0,0.0,0.0,9.090112419664289,-0.0,2
545,0.0,0.0,545,0.0,0.0,0.0,0.0,1.0,0.0,0.0,9.090112419664289,-0.0,2
545,0.0,0.0,545,0.0,0.0,0.0,0.0,1.0,0.0,0.0,9.090112419664289,-0.0,2
545,0.0,0.0,545,0.0,0.0,0.0,0.0,1.0,0.0,0.0,9.090112419664289,-0.0,2
545,0.0,0.0,545,0.0,0.0,0.0,0.0,1.0,0.0,0.0,9.090112419664289,-0.0,2
545,0.0,0.0,545,0.0,0.0,0.0,0.0,1.0,0.0,0.0,9.090112419664289,-0.0,2
545,0.0,0.0,545,0.0,0.0,0.0,0.0,1.0,0.0,0.0,9.090112419664289,-0.0,2
545,0.0,0.0,545,0.0,0.0,0.0,0.0,1.0,0.0,0.0,9.090112419664289,-0.0,2
545,0.0,0.0,545,0.0,0.0,0.0,0.0,1.0,0.0,0.0,9.090112419664289,-0.0,2
545,0.0,0.0,545,0.0,0.0,0.0,0.0,1.0,0.0,0.0,9.090112419664289,-0.0,2
545,0.0,0.0,545,0.0,0.0,0.0,0.0,1.0,0.0,0.0,9.090112419664289,-0.0,2
545,0.0,0.0,545,0.0,0.0,0.0,0.0,1.0,0.0,0.0,9.090112419664289,-0.0,2
495,0.0,0.0,495,0.0,0.0,0.0,0.0,1.0,0.0,0.0,8.95128471496697,-0.0,2
545,0.0,0.0,545,0.0,0.0,0.0,0.0,1.0,0.0,0.0,9.090112419664289,-0.0,2
545,0.0,0.0,545,0.0,0.0,0.0,0.0,1.0,0.0,0.0,9.090112419664289,-0.0,2
545,0.0,0.0,545,0.0,0.0,0.0,0.0,1.0,0.0,0.0,9.090112419664289,-0.0,2
545,0.0,0.0,545,0.0,0.0,0.0,0.0,1.0,0.0,0.0,9.090112419664289,-0.0,2
545,0.0,0.0,545,0.0,0.0,0.0,0.0,1.0,0.0,0.0,9.090112419664289,-0.0,2
545,0.0,0.0,545,0.0,0.0,0.0,0.0,1.0,0.0,0.0,9.090112419664289,-0.0,2
545,0.0,0.0,545,0.0,0.0,0.0,0.0,1.0,0.0,0.0,9.090112419664289,-0.0,2
545,0.0,0.0,545,0.0,0.0,0.0,0.0,1.0,0.0,0.0,9.090112419664289,-0.0,2
545,0.0,0.0,545,0.0,0.0,0.0,0.0,1.0,0.0,0.0,9.090112419664289,-0.0,2
545,0.0,0.0,545,0.0,0.0,0.0,0.0,1.0,0.0,0.0,9.090112419664289,-0.0,2
545,0.0,0.0,545,0.0,0.0,0.0,0.0,1.0,0.0,0.0,9.090112419664289,-0.0,2
545,0.0,0.0,545,0.0,0.0,0.0,0.0,1.0,0.0,0.0,9.090112419664289,-0.0,2
545,0.0,0.0,545,0.0,0.0,0.0,0.0,1.0,0.0,0.0,9.090112419664289,-0.0,2
545,0.0,0.0,545,0.0,0.0,0.0,0.0,1.0,0.0,0.0,9.090112419664289,-0.0,2
545,0.0,0.0,545,0.0,0.0,0.0,0.0,1.0,0.0,0.0,9.090112419664289,-0.0,2
545,0.0,0.0,545,0.0,0.0,0.0,0.0,1.0,0.0,0.0,9.090112419664289,-0.0,2
545,0.0,0.0,545,0.0,0.0,0.0,0.0,1.0,0.0,0.0,9.090112419664289,-0.0,2
545,0.0,0.0,545,0.0,0.0,0.0,0.0,1.0,0.0,0.0,9.090112419664289,-0.0,2
545,0.0,0.0,545,0.0,0.0,0.0,0.0,1.0,0.0,0.0,9.090112419664289,-0.0,2
545,0.0,0.0,545,0.0,0.0,0.0,0.0,1.0,0.0,0.0,9.090112419664289,-0.0,2
545,0.0,0.0,545,0.0,0.0,0.0,0.0,1.0,0.0,0.0,9.090112419664289,-0.0,2
545,0.0,0.0,545,0.0,0.0,0.0,0.0,1.0,0.0,0.0,9.090112419664289,-0.0,2
545,0.0,0.0,545,0.0,0.0,0.0,0.0,1.0,0.0,0.0,9.090112419664289,-0.0,2
545,0.0,0.0,545,0.0,0.0,0.0,0.0,1.0,0.0,0.0,9.090112419664289,-0.0,2
545,0.0,0.0,545,0.0,0.0,0.0,0.0,1.0,0.0,0.0,9.090112419664289,-0.0,2
545,0.0,0.0,545,0.0,0.0,0.0,0.0,1.0,0.0,0.0,9.090112419664289,-0.0,2
545,0.0,0.0,545,0.0,0.0,0.0,0.0,1.0,0.0,0.0,9.090112419664289,-0.0,2
545,0.0,0.0,545,0.0,0.0,0.0,0.0,1.0,0.0,0.0,9.090112419664289,-0.0,2
545,0.0,0.0,545,0.0,0.0,0.0,0.0,1.0,0.0,0.0,9.090112419664289,-0.0,2
545,0.0,0.0,545,0.0,0.0,0.0,0.0,1.0,0.0,0.0,9.090112419664289,-0.0,2
545,0.0,0.0,545,0.0,0.0,0.0,0.0,1.0,0.0,0.0,9.090112419664289,-0.0,2
545,0.0,0.0,545,0.0,0.0,0.0,0.0,1.0,0.0,0.0,9.090112419664289,-0.0,2
545,0.0,0.0,545,0.0,0.0,0.0,0.0,1.0,0.0,0.0,9.090112419664289,-0.0,2
545,0.0,0.0,545,0.0,0.0,0.0,0.0,1.0,0.0,0.0,9.090112419664289,-0.0,2
545,0.0,0.0,545,0.0,0.0,0.0,0.0,1.0,0.0,0.0,9.090112419664289,-0.0,2
545,0.0,0.0,545,0.0,0.0,0.0,0.0,1.0,0.0,0.0,9.090112419664289,-0.0,2
545,0.0,0.0,545,0.0,0.0,0.0,0.0,1.0,0.0,0.0,9.090112419664289,-0.0,2
545,0.0,0.0,545,0.0,0.0,0.0,0.0,1.0,0.0,0.0,9.090112419664289,-0.0,2
138,0.0,0.0,138,0.0,0.0,0.0,0.0,1.0,0.0,0.0,7.108524456778168,-0.0,2
545,0.0,0.0,545,0.0,0.0,0.0,0.0,1.0,0.0,0.0,9.090112419664289,-0.0,2
465,0.0,0.0,465,0.0,0.0,0.0,0.0,1.0,0.0,0.0,8.861086905995396,-0.0,2
545,0.0,0.0,545,0.0,0.0,0.0,0.0,1.0,0.0,0.0,9.090112419664289,-0.0,2
545,0.0,0.0,545,0.0,0.0,0.0,0.0,1.0,0.0,0.0,9.090112419664289,-0.0,2
545,0.0,0.0,545,0.0,0.0,0.0,0.0,1.0,0.0,0.0,9.090112419664289,-0.0,2
545,0.0,0.0,545,0.0,0.0,0.0,0.0,1.0,0.0,0.0,9.090112419664289,-0.0,2
545,0.0,0.0,545,0.0,0.0,0.0,0.0,1.0,0.0,0.0,9.090112419664289,-0.0,2
545,0.0,0.0,545,0.0,0.0,0.0,0.0,1.0,0.0,0.0,9.090112419664289,-0.0,2
545,0.0,0.0,545,0.0,0.0,0.0,0.0,1.0,0.0,0.0,9.090112419664289,-0.0,2
545,0.0,0.0,545,0.0,0.0,0.0,0.0,1.0,0.0,0.0,9.090112419664289,-0.0,2
545,0.0,0.0,545,0.0,0.0,0.0,0.0,1.0,0.0,0.0,9.090112419664289,-0.0,2
545,0.0,0.0,545,0.0,0.0,0.0,0.0,1.0,0.0,0.0,9.090112419664289,-0.0,2
545,0.0,0.0,545,0.0,0.0,0.0,0.0,1.0,0.0,0.0,9.090112419664289,-0.0,2
545,0.0,0.0,545,0.0,0.0,0.0,0.0,1.0,0.0,0.0,9.090112419664289,-0.0,2
545,0.0,0.0,545,0.0,0.0,0.0,0.0,1.0,0.0,0.0,9.090112419664289,-0.0,2
545,0.0,0.0,545,0.0,0.0,0.0,0.0,1.0,0.0,0.0,9.090112419664289,-0.0,2
545,0.0,0.0,545,0.0,0.0,0.0,0.0,1.0,0.0,0.0,9.090112419664289,-0.0,2
545,0.0,0.0,545,0.0,0.0,0.0,0.0,1.0,0.0,0.0,9.090112419664289,-0.0,2
545,0.0,0.0,545,0.0,0.0,0.0,0.0,1.0,0.0,0.0,9.090112419664289,-0.0,2
545,0.0,0.0,545,0.0,0.0,0.0,0.0,1.0,0.0,0.0,9.090112419664289,-0.0,2
545,0.0,0.0,545,0.0,0.0,0.0,0.0,1.0,0.0,0.0,9.090112419664289,-0.0,2
545,0.0,0.0,545,0.0,0.0,0.0,0.0,1.0,0.0,0.0,9.090112419664289,-0.0,2
545,0.0,0.0,545,0.0,0.0,0.0,0.0,1.0,0.0,0.0,9.090112419664289,-0.0,2
545,0.0,0.0,545,0.0,0.0,0.0,0.0,1.0,0.0,0.0,9.090112419664289,-0.0,2
545,0.0,0.0,545,0.0,0.0,0.0,0.0,1.0,0.0,0.0,9.090112419664289,-0.0,2
545,0.0,0.0,545,0.0,0.0,0.0,0.0,1.0,0.0,0.0,9.090112419664289,-0.0,2
77,0.0,0.0,77,0.0,0.0,0.0,0.0,1.0,0.0,0.0,6.266786540694903,-0.0,2
545,0.0,0.0,545,0.0,0.0,0.0,0.0,1.0,0.0,0.0,9.090112419664289,-0.0,2
545,0.0,0.0,545,0.0,0.0,0.0,0.0,1.0,0.0,0.0,9.090112419664289,-0.0,2
545,0.0,0.0,545,0.0,0.0,0.0,0.0,1.0,0.0,0.0,9.090112419664289,-0.0,2
545,0.0,0.0,545,0.0,0.0,0.0,0.0,1.0,0.0,0.0,9.090112419664289,-0.0,2
545,0.0,0.0,545,0.0,0.0,0.0,0.0,1.0,0.0,0.0,9.090112419664289,-0.0,2
545,0.0,0.0,545,0.0,0.0,0.0,0.0,1.0,0.0,0.0,9.090112419664289,-0.0,2
545,0.0,0.0,545,0.0,0.0,0.0,0.0,1.0,0.0,0.0,9.090112419664289,-0.0,2
545,0.0,0.0,545,0.0,0.0,0.0,0.0,1.0,0.0,0.0,9.090112419664289,-0.0,2
545,0.0,0.0,545,0.0,0.0,0.0,0.0,1.0,0.0,0.0,9.090112419664289,-0.0,2
545,0.0,0.0,545,0.0,0.0,0.0,0.0,1.0,0.0,0.0,9.090112419664289,-0.0,2
545,0.0,0.0,545,0.0,0.0,0.0,0.0,1.0,0.0,0.0,9.090112419664289,-0.0,2
545,0.0,0.0,545,0.0,0.0,0.0,0.0,1.0,0.0,0.0,9.090112419664289,-0.0,2
545,0.0,0.0,545,0.0,0.0,0.0,0.0,1.0,0.0,0.0,9.090112419664289,-0.0,2
545,0.0,0.0,545,0.0,0.0,0.0,0.0,1.0,0.0,0.0,9.090112419664289,-0.0,2
545,0.0,0.0,545,0.0,0.0,0.0,0.0,1.0,0.0,0.0,9.090112419664289,-0.0,2
545,0.0,0.0,545,0.0,0.0,0.0,0.0,1.0,0.0,0.0,9.090112419664289,-0.0,2
545,0.0,0.0,545,0.0,0.0,0.0,0.0,1.0,0.0,0.0,9.090112419664289,-0.0,2
545,0.0,0.0,545,0.0,0.0,0.0,0.0,1.0,0.0,0.0,9.090112419664289,-0.0,2
545,0.0,0.0,545,0.0,0.0,0.0,0.0,1.0,0.0,0.0,9.090112419664289,-0.0,2
545,0.0,0.0,545,0.0,0.0,0.0,0.0,1.0,0.0,0.0,9.090112419664289,-0.0,2
545,0.0,0.0,545,0.0,0.0,0.0,0.0,1.0,0.0,0.0,9.090112419664289,-0.0,2
545,0.0,0.0,545,0.0,0.0,0.0,0.0,1.0,0.0,0.0,9.090112419664289,-0.0,2
545,0.0,0.0,545,0.0,0.0,0.0,0.0,1.0,0.0,0.0,9.090112419664289,-0.0,2
545,0.0,0.0,545,0.0,0.0,0.0,0.0,1.0,0.0,0.0,9.090112419664289,-0.0,2
78,0.0,0.0,78,0.0,0.0,0.0,0.0,1.0,0.0,0.0,6.285402218862252,-0.0,2
545,0.0,0.0,545,0.0,0.0,0.0,0.0,1.0,0.0,0.0,9.090112419664289,-0.0,2
545,0.0,0.0,545,0.0,0.0,0.0,0.0,1.0,0.0,0.0,9.090112419664289,-0.0,2
545,0.0,0.0,545,0.0,0.0,0.0,0.0,1.0,0.0,0.0,9.090112419664289,-0.0,2
545,0.0,0.0,545,0.0,0.0,0.0,0.0,1.0,0.0,0.0,9.090112419664289,-0.0,2
545,0.0,0.0,545,0.0,0.0,0.0,0.0,1.0,0.0,0.0,9.090112419664289,-0.0,2
545,0.0,0.0,545,0.0,0.0,0.0,0.0,1.0,0.0,0.0,9.090112419664289,-0.0,2
449,0.0,0.0,449,0.0,0.0,0.0,0.0,1.0,0.0,0.0,8.810571634741144,-0.0,2
545,0.0,0.0,545,0.0,0.0,0.0,0.0,1.0,0.0,0.0,9.090112419664289,-0.0,2
545,0.0,0.0,545,0.0,0.0,0.0,0.0,1.0,0.0,0.0,9.090112419664289,-0.0,2
545,0.0,0.0,545,0.0,0.0,0.0,0.0,1.0,0.0,0.0,9.090112419664289,-0.0,2
545,0.0,0.0,545,0.0,0.0,0.0,0.0,1.0,0.0,0.0,9.090112419664289,-0.0,2
545,0.0,0.0,545,0.0,0.0,0.0,0.0,1.0,0.0,0.0,9.090112419664289,-0.0,2
545,0.0,0.0,545,0.0,0.0,0.0,0.0,1.0,0.0,0.0,9.090112419664289,-0.0,2
545,0.0,0.0,545,0.0,0.0,0.0,0.0,1.0,0.0,0.0,9.090112419664289,-0.0,2
545,0.0,0.0,545,0.0,0.0,0.0,0.0,1.0,0.0,0.0,9.090112419664289,-0.0,2
545,0.0,0.0,545,0.0,0.0,0.0,0.0,1.0,0.0,0.0,9.090112419664289,-0.0,2
545,0.0,0.0,545,0.0,0.0,0.0,0.0,1.0,0.0,0.0,9.090112419664289,-0.0,2
545,0.0,0.0,545,0.0,0.0,0.0,0.0,1.0,0.0,0.0,9.090112419664289,-0.0,2
545,0.0,0.0,545,0.0,0.0,0.0,0.0,1.0,0.0,0.0,9.090112419664289,-0.0,2
512,0.0,0.0,512,0.0,0.0,0.0,0.0,1.0,0.0,0.0,9.0,-0.0,2
545,0.0,0.0,545,0.0,0.0,0.0,0.0,1.0,0.0,0.0,9.090112419664289,-0.0,2
545,0.0,0.0,545,0.0,0.0,0.0,0.0,1.0,0.0,0.0,9.090112419664289,-0.0,2
545,0.0,0.0,545,0.0,0.0,0.0,0.0,1.0,0.0,0.0,9.090112419664289,-0.0,2
545,0.0,0.0,545,0.0,0.0,0.0,0.0,1.0,0.0,0.0,9.090112419664289,-0.0,2
545,0.0,0.0,545,0.0,0.0,0.0,0.0,1.0,0.0,0.0,9.090112419664289,-0.0,2
545,0.0,0.0,545,0.0,0.0,0.0,0.0,1.0,0.0,0.0,9.090112419664289,-0.0,2
545,0.0,0.0,545,0.0,0.0,0.0,0.0,1.0,0.0,0.0,9.090112419664289,-0.0,2
545,0.0,0.0,545,0.0,0.0,0.0,0.0,1.0,0.0,0.0,9.090112419664289,-0.0,2
545,0.0,0.0,545,0.0,0.0,0.0,0.0,1.0,0.0,0.0,9.090112419664289,-0.0,2
545,0.0,0.0,545,0.0,0.0,0.0,0.0,1.0,0.0,0.0,9.090112419664289,-0.0,2
545,0.0,0.0,545,0.0,0.0,0.0,0.0,1.0,0.0,0.0,9.090112419664289,-0.0,2
545,0.0,0.0,545,0.0,0.0,0.0,0.0,1.0,0.0,0.0,9.090112419664289,-0.0,2
545,0.0,0.0,545,0.0,0.0,0.0,0.0,1.0,0.0,0.0,9.090112419664289,-0.0,2
545,0.0,0.0,545,0.0,0.0,0.0,0.0,1.0,0.0,0.0,9.090112419664289,-0.0,2
236,0.0,0.0,236,0.0,0.0,0.0,0.0,1.0,0.0,0.0,7.882643049361841,-0.0,2
545,0.0,0.0,545,0.0,0.0,0.0,0.0,1.0,0.0,0.0,9.090112419664289,-0.0,2
545,0.0,0.0,545,0.0,0.0,0.0,0.0,1.0,0.0,0.0,9.090112419664289,-0.0,2
545,0.0,0.0,545,0.0,0.0,0.0,0.0,1.0,0.0,0.0,9.090112419664289,-0.0,2
545,0.0,0.0,545,0.0,0.0,0.0,0.0,1.0,0.0,0.0,9.090112419664289,-0.0,2
545,0.0,0.0,545,0.0,0.0,0.0,0.0,1.0,0.0,0.0,9.090112419664289,-0.0,2
545,0.0,0.0,545,0.0,0.0,0.0,0.0,1.0,0.0,0.0,9.090112419664289,-0.0,2
545,0.0,0.0,545,0.0,0.0,0.0,0.0,1.0,0.0,0.0,9.090112419664289,-0.0,2
545,0.0,0.0,545,0.0,0.0,0.0,0.0,1.0,0.0,0.0,9.090112419664289,-0.0,2
545,0.0,0.0,545,0.0,0.0,0.0,0.0,1.0,0.0,0.0,9.090112419664289,-0.0,2
545,0.0,0.0,545,0.0,0.0,0.0,0.0,1.0,0.0,0.0,9.090112419664289,-0.0,2
545,0.0,0.0,545,0.0,0.0,0.0,0.0,1.0,0.0,0.0,9.090112419664289,-0.0,2
545,0.0,0.0,545,0.0,0.0,0.0,0.0,1.0,0.0,0.0,9.090112419664289,-0.0,2
545,0.0,0.0,545,0.0,0.0,0.0,0.0,1.0,0.0,0.0,9.090112419664289,-0.0,2
545,0.0,0.0,545,0.0,0.0,0.0,0.0,1.0,0.0,0.0,9.090112419664289,-0.0,2
236,0.0,0.0,236,0.0,0.0,0.0,0.0,1.0,0.0,0.0,7.882643049361841,-0.0,2
545,0.0,0.0,545,0.0,0.0,0.0,0.0,1.0,0.0,0.0,9.090112419664289,-0.0,2
545,0.0,0.0,545,0.0,0.0,0.0,0.0,1.0,0.0,0.0,9.090112419664289,-0.0,2
545,0.0,0.0,545,0.0,0.0,0.0,0.0,1.0,0.0,0.0,9.090112419664289,-0.0,2
545,0.0,0.0,545,0.0,0.0,0.0,0.0,1.0,0.0,0.0,9.090112419664289,-0.0,2
545,0.0,0.0,545,0.0,0.0,0.0,0.0,1.0,0.0,0.0,9.090112419664289,-0.0,2
545,0.0,0.0,545,0.0,0.0,0.0,0.0,1.0,0.0,0.0,9.090112419664289,-0.0,2
545,0.0,0.0,545,0.0,0.0,0.0,0.0,1.0,0.0,0.0,9.090112419664289,-0.0,2
545,0.0,0.0,545,0.0,0.0,0.0,0.0,1.0,0.0,0.0,9.090112419664289,-0.0,2
545,0.0,0.0,545,0.0,0.0,0.0,0.0,1.0,0.0,0.0,9.090112419664289,-0.0,0
545,0.0,0.0,545,0.0,0.0,0.0,0.0,1.0,0.0,0.0,9.090112419664289,-0.0,0
488,0.0,0.0,488,0.0,0.0,0.0,0.0,1.0,0.0,0.0,8.930737337562887,-0.0,0
545,0.0,0.0,545,0.0,0.0,0.0,0.0,1.0,0.0,0.0,9.090112419664289,-0.0,0
236,0.0,0.0,236,0.0,0.0,0.0,0.0,1.0,0.0,0.0,7.882643049361841,-0.0,0
545,0.0,0.0,545,0.0,0.0,0.0,0.0,1.0,0.0,0.0,9.090112419664289,-0.0,0
545,0.0,0.0,545,0.0,0.0,0.0,0.0,1.0,0.0,0.0,9.090112419664289,-0.0,0
545,0.0,0.0,545,0.0,0.0,0.0,0.0,1.0,0.0,0.0,9.090112419664289,-0.0,0
545,0.0,0.0,545,0.0,0.0,0.0,0.0,1.0,0.0,0.0,9.090112419664289,-0.0,0
545,0.0,0.0,545,0.0,0.0,0.0,0.0,1.0,0.0,0.0,9.090112419664289,-0.0,0
545,0.0,0.0,545,0.0,0.0,0.0,0.0,1.0,0.0,0.0,9.090112419664289,-0.0,0
545,0.0,0.0,545,0.0,0.0,0.0,0.0,1.0,0.0,0.0,9.090112419664289,-0.0,0
545,0.0,0.0,545,0.0,0.0,0.0,0.0,1.0,0.0,0.0,9.090112419664289,-0.0,0
545,0.0,0.0,545,0.0,0.0,0.0,0.0,1.0,0.0,0.0,9.090112419664289,-0.0,0
545,0.0,0.0,545,0.0,0.0,0.0,0.0,1.0,0.0,0.0,9.090112419664289,-0.0,0
545,0.0,0.0,545,0.0,0.0,0.0,0.0,1.0,0.0,0.0,9.090112419664289,-0.0,0
545,0.0,0.0,545,0.0,0.0,0.0,0.0,1.0,0.0,0.0,9.090112419664289,-0.0,0
545,0.0,0.0,545,0.0,0.0,0.0,0.0,1.0,0.0,0.0,9.090112419664289,-0.0,0
545,0.0,0.0,545,0.0,0.0,0.0,0.0,1.0,0.0,0.0,9.090112419664289,-0.0,0
236,0.0,0.0,236,0.0,0.0,0.0,0.0,1.0,0.0,0.0,7.882643049361841,-0.0,0
545,0.0,0.0,545,0.0,0.0,0.0,0.0,1.0,0.0,0.0,9.090112419664289,-0.0,0
545,0.0,0.0,545,0.0,0.0,0.0,0.0,1.0,0.0,0.0,9.090112419664289,-0.0,0
545,0.0,0.0,545,0.0,0.0,0.0,0.0,1.0,0.0,0.0,9.090112419664289,-0.0,0
5,0.0,0.0,5,0.0,0.0,0.0,0.0,1.0,0.0,0.0,2.321928094887362,-0.0,0
545,0.0,0.0,545,0.0,0.0,0.0,0.0,1.0,0.0,0.0,9.090112419664289,-0.0,0
266,0.0,0.0,266,0.0,0.0,0.0,0.0,1.0,0.0,0.0,8.055282435501187,-0.0,0
545,0.0,0.0,545,0.0,0.0,0.0,0.0,1.0,0.0,0.0,9.090112419664289,-0.0,0
545,0.0,0.0,545,0.0,0.0,0.0,0.0,1.0,0.0,0.0,9.090112419664289,-0.0,0
545,0.0,0.0,545,0.0,0.0,0.0,0.0,1.0,0.0,0.0,9.090112419664289,-0.0,0
545,0.0,0.0,545,0.0,0.0,0.0,0.0,1.0,0.0,0.0,9.090112419664289,-0.0,0
545,0.0,0.0,545,0.0,0.0,0.0,0.0,1.0,0.0,0.0,9.090112419664289,-0.0,0
545,0.0,0.0,545,0.0,0.0,0.0,0.0,1.0,0.0,0.0,9.090112419664289,-0.0,0
545,0.0,0.0,545,0.0,0.0,0.0,0.0,1.0,0.0,0.0,9.090112419664289,-0.0,0
129,0.0,0.0,129,0.0,0.0,0.0,0.0,1.0,0.0,0.0,7.011227255423254,-0.0,0
545,0.0,0.0,545,0.0,0.0,0.0,0.0,1.0,0.0,0.0,9.090112419664289,-0.0,0
545,0.0,0.0,545,0.0,0.0,0.0,0.0,1.0,0.0,0.0,9.090112419664289,-0.0,0
545,0.0,0.0,545,0.0,0.0,0.0,0.0,1.0,0.0,0.0,9.090112419664289,-0.0,0
11,0.0,0.0,11,0.0,0.0,0.0,0.0,1.0,0.0,0.0,3.4594316186372978,-0.0,0
100,0.0,0.0,100,0.0,0.0,0.0,0.0,1.0,0.0,0.0,6.643856189774724,-0.0,0
545,0.0,0.0,545,0.0,0.0,0.0,0.0,1.0,0.0,0.0,9.090112419664289,-0.0,0
545,0.0,0.0,545,0.0,0.0,0.0,0.0,1.0,0.0,0.0,9.090112419664289,-0.0,0
545,0.0,0.0,545,0.0,0.0,0.0,0.0,1.0,0.0,0.0,9.090112419664289,-0.0,0
545,0.0,0.0,545,0.0,0.0,0.0,0.0,1.0,0.0,0.0,9.090112419664289,-0.0,0
545,0.0,0.0,545,0.0,0.0,0.0,0.0,1.0,0.0,0.0,9.090112419664289,-0.0,0
545,0.0,0.0,545,0.0,0.0,0.0,0.0,1.0,0.0,0.0,9.090112419664289,-0.0,0
171,0.0,0.0,171,0.0,0.0,0.0,0.0,1.0,0.0,0.0,7.417852514885897,-0.0,0
99,0.0,0.0,99,0.0,0.0,0.0,0.0,1.0,0.0,0.0,6.62935662007961,-0.0,0
545,0.0,0.0,545,0.0,0.0,0.0,0.0,1.0,0.0,0.0,9.090112419664289,-0.0,0
545,0.0,0.0,545,0.0,0.0,0.0,0.0,1.0,0.0,0.0,9.090112419664289,-0.0,0
545,0.0,0.0,545,0.0,0.0,0.0,0.0,1.0,0.0,0.0,9.090112419664289,-0.0,0
545,0.0,0.0,545,0.0,0.0,0.0,0.0,1.0,0.0,0.0,9.090112419664289,-0.0,0
545,0.0,0.0,545,0.0,0.0,0.0,0.0,1.0,0.0,0.0,9.090112419664289,-0.0,0
545,0.0,0.0,545,0.0,0.0,0.0,0.0,1.0,0.0,0.0,9.090112419664289,-0.0,0
171,0.0,0.0,171,0.0,0.0,0.0,0.0,1.0,0.0,0.0,7.417852514885897,-0.0,0
198,0.0,0.0,27,0.0,0.0,0.0,0.0,1.0,0.0,0.0,7.629356620079611,-0.0,0
200,0.0,0.0,2,0.0,0.0,0.0,0.0,1.0,0.0,0.0,7.6438561897747235,-0.0,0
128,0.0,0.0,28,0.0,0.0,0.0,0.0,1.0,0.0,0.0,7.0,-0.0,0
183,0.0,0.0,55,0.0,0.0,0.0,0.0,1.0,0.0,0.0,7.5156998382840445,-0.0,0
192,0.0,0.0,15,0.0,0.0,0.0,0.0,1.0,0.0,0.0,7.584962500721157,-0.0,0
100,0.0,0.0,0,0.0,0.0,0.0,0.0,1.0,0.0,0.0,6.643856189774724,-0.0,0
100,0.0,0.0,0,0.0,0.0,0.0,0.0,1.0,0.0,0.0,6.643856189774724,-0.0,0
545,0.2024511026201349,8.502946310045667,545,0.0,0.0,0.0,0.0,1.0,6.333333333333333,266.0,9.090112419664289,-0.0,0
545,0.0,0.0,545,0.0,0.0,0.0,0.0,1.0,0.0,0.0,9.090112419664289,-0.0,0
545,0.04279597720987376,1.797431042814698,545,0.0,0.0,0.0,0.0,1.0,0.3333333333333333,14.0,9.090112419664289,-0.0,0
545,0.0,0.0,545,0.0,0.0,0.0,0.0,1.0,0.0,0.0,9.090112419664289,-0.0,0
545,0.0,0.0,545,0.0,0.0,0.0,0.0,1.0,0.0,0.0,9.090112419664289,-0.0,0
545,0.0,0.0,545,0.0,0.0,0.0,0.0,1.0,0.0,0.0,9.090112419664289,-0.0,0
37,0.0,0.0,37,0.0,0.0,0.0,0.0,1.0,0.0,0.0,5.209453365628953,-0.0,0
545,0.0,0.0,545,0.0,0.0,0.0,0.0,1.0,0.0,0.0,9.090112419664289,-0.0,0
545,0.04279597720987376,1.797431042814698,545,0.0,0.0,0.0,0.0,1.0,0.3333333333333333,14.0,9.090112419664289,-0.0,0
545,0.0,0.0,545,0.0,0.0,0.0,0.0,1.0,0.0,0.0,9.090112419664289,-0.0,0
545,0.0,0.0,545,0.0,0.0,0.0,0.0,1.0,0.0,0.0,9.090112419664289,-0.0,0
545,0.0,0.0,545,0.0,0.0,0.0,0.0,1.0,0.0,0.0,9.090112419664289,-0.0,0
362,0.0,0.0,362,0.0,0.0,0.0,0.0,1.0,0.0,0.0,8.499845887083207,-0.0,0
545,0.042795977209873756,1.7974310428146978,545,0.0,0.0,0.0,0.0,1.0,0.3333333333333333,14.0,9.090112419664289,-0.0,0
545,0.0,0.0,545,0.0,0.0,0.0,0.0,1.0,0.0,0.0,9.090112419664289,-0.0,0
545,0.0,0.0,545,0.0,0.0,0.0,0.0,1.0,0.0,0.0,9.090112419664289,-0.0,0
450,0.0,0.0,450,0.0,0.0,0.0,0.0,1.0,0.0,0.0,8.813781191217036,-0.0,0
195,0.0,0.0,195,0.0,0.0,0.0,0.0,1.0,0.0,0.0,7.607330313749609,-0.0,0
545,0.0,0.0,545,0.0,0.0,0.0,0.0,1.0,0.0,0.0,9.090112419664289,-0.0,0
371,0.0,0.0,371,0.0,0.0,0.0,0.0,1.0,0.0,0.0,8.535275376620802,-0.0,0
545,0.0,0.0,545,0.0,0.0,0.0,0.0,1.0,0.0,0.0,9.090112419664289,-0.0,0
411,0.0,0.0,411,0.0,0.0,0.0,0.0,1.0,0.0,0.0,8.682994583681683,-0.0,0
310,0.0,0.0,111,0.0,0.0,0.0,0.0,1.0,0.0,0.0,8.276124405274237,-0.0,0
231,0.0,0.0,32,0.0,0.0,0.0,0.0,1.0,0.0,0.0,7.851749041416056,-0.0,0
238,0.0,0.0,31,0.0,0.0,0.0,0.0,1.0,0.0,0.0,7.894817763307943,-0.0,0
239,0.0,0.0,32,0.0,0.0,0.0,0.0,1.0,0.0,0.0,7.900866807980751,-0.0,0
182,0.0,0.0,55,0.0,0.0,0.0,0.0,1.0,0.0,0.0,7.507794640198698,-0.0,0
200,0.0,0.0,50,0.0,0.0,0.0,0.0,1.0,0.0,0.0,7.6438561897747235,-0.0,0
200,0.0,0.0,31,0.0,0.0,0.0,0.0,1.0,0.0,0.0,7.6438561897747235,-0.0,0
200,0.0,0.0,32,0.0,0.0,0.0,0.0,1.0,0.0,0.0,7.6438561897747235,-0.0,0
208,0.0,0.0,31,0.0,0.0,0.0,0.0,1.0,0.0,0.0,7.700439718141091,-0.0,0
384,0.0,0.0,216,0.0,0.0,0.0,0.0,1.0,0.0,0.0,8.584962500721156,-0.0,0
545,0.14110557012646152,5.926433945311383,545,0.0,0.0,0.0,0.0,1.0,3.0,126.0,9.090112419664289,-0.0,0
545,0.0,0.0,545,0.0,0.0,0.0,0.0,1.0,0.0,0.0,9.090112419664289,-0.0,0
545,0.24094754453107473,10.119796870305139,545,0.0,0.0,0.0,0.0,1.0,4.666666666666667,196.0,9.090112419664289,-0.0,0
545,0.0,0.0,545,0.0,0.0,0.0,0.0,1.0,0.0,0.0,9.090112419664289,-0.0,0
545,0.1206552823689805,5.067521859497182,545,0.0,0.0,0.0,0.0,1.0,2.0,84.0,9.090112419664289,-0.0,0
545,0.0,0.0,545,0.0,0.0,0.0,0.0,1.0,0.0,0.0,9.090112419664289,-0.0,0
545,0.0,0.0,545,0.0,0.0,0.0,0.0,1.0,0.0,0.0,9.090112419664289,-0.0,0
545,0.0,0.0,545,0.0,0.0,0.0,0.0,1.0,0.0,0.0,9.090112419664289,-0.0,0
333,0.0,0.0,333,0.0,0.0,0.0,0.0,1.0,0.0,0.0,8.379378367071261,-0.0,0
352,0.0,0.0,352,0.0,0.0,0.0,0.0,1.0,0.0,0.0,8.459431618637298,-0.0,0
139,0.0,0.0,139,0.0,0.0,0.0,0.0,1.0,0.0,0.0,7.1189410727235085,-0.0,0
545,0.24094754453107475,10.119796870305139,545,0.0,0.0,0.0,0.0,1.0,4.666666666666667,196.0,9.090112419664289,-0.0,0
545,0.0,0.0,545,0.0,0.0,0.0,0.0,1.0,0.0,0.0,9.090112419664289,-0.0,0
545,0.12065528236898054,5.067521859497183,545,0.0,0.0,0.0,0.0,1.0,2.0,84.0,9.090112419664289,-0.0,0
545,0.0,0.0,545,0.0,0.0,0.0,0.0,1.0,0.0,0.0,9.090112419664289,-0.0,0
545,0.0,0.0,545,0.0,0.0,0.0,0.0,1.0,0.0,0.0,9.090112419664289,-0.0,0
545,0.0,0.0,545,0.0,0.0,0.0,0.0,1.0,0.0,0.0,9.090112419664289,-0.0,0
362,0.0,0.0,362,0.0,0.0,0.0,0.0,1.0,0.0,0.0,8.499845887083207,-0.0,0
100,0.0,0.0,100,0.0,0.0,0.0,0.0,1.0,0.0,0.0,6.643856189774724,-0.0,0
312,0.0,0.0,312,0.0,0.0,0.0,0.0,1.0,0.0,0.0,8.285402218862252,-0.0,0
545,0.12065528236898052,5.067521859497182,545,0.0,0.0,0.0,0.0,1.0,2.0,84.0,9.090112419664289,-0.0,1
545,0.0,0.0,545,0.0,0.0,0.0,0.0,1.0,0.0,0.0,9.090112419664289,-0.0,1
545,0.0,0.0,545,0.0,0.0,0.0,0.0,1.0,0.0,0.0,9.090112419664289,-0.0,1
545,0.0,0.0,545,0.0,0.0,0.0,0.0,1.0,0.0,0.0,9.090112419664289,-0.0,1
97,0.0,0.0,97,0.0,0.0,0.0,0.0,1.0,0.0,0.0,6.599912842187128,-0.0,1
296,0.0,0.0,296,0.0,0.0,0.0,0.0,1.0,0.0,0.0,8.209453365628951,-0.0,1
100,0.0,0.0,100,0.0,0.0,0.0,0.0,1.0,0.0,0.0,6.643856189774724,-0.0,1
545,0.0,0.0,545,0.0,0.0,0.0,0.0,1.0,0.0,0.0,9.090112419664289,-0.0,1
545,0.0,0.0,545,0.0,0.0,0.0,0.0,1.0,0.0,0.0,9.090112419664289,-0.0,1
12,0.0,0.0,12,0.0,0.0,0.0,0.0,1.0,0.0,0.0,3.584962500721156,-0.0,1
545,0.0,0.0,545,0.0,0.0,0.0,0.0,1.0,0.0,0.0,9.090112419664289,-0.0,1
545,0.0,0.0,545,0.0,0.0,0.0,0.0,1.0,0.0,0.0,9.090112419664289,-0.0,1
15,0.0,0.0,15,0.0,0.0,0.0,0.0,1.0,0.0,0.0,3.906890595608518,-0.0,1
254,0.0,0.0,239,0.0,0.0,0.0,0.0,1.0,0.0,0.0,7.9886846867721655,-0.0,1
230,0.0,0.0,32,0.0,0.0,0.0,0.0,1.0,0.0,0.0,7.845490050944374,-0.0,1
238,0.0,0.0,31,0.0,0.0,0.0,0.0,1.0,0.0,0.0,7.894817763307943,-0.0,1
246,0.0,0.0,32,0.0,0.0,0.0,0.0,1.0,0.0,0.0,7.942514505339242,-0.0,1
182,0.0,0.0,55,0.0,0.0,0.0,0.0,1.0,0.0,0.0,7.507794640198698,-0.0,1
205,0.0,0.0,55,0.0,0.0,0.0,0.0,1.0,0.0,0.0,7.6794800995054455,-0.0,1
204,0.0,0.0,31,0.0,0.0,0.0,0.0,1.0,0.0,0.0,7.672425341971495,-0.0,1
213,0.0,0.0,32,0.0,0.0,0.0,0.0,1.0,0.0,0.0,7.734709620225836,-0.0,1
212,0.0,0.0,31,0.0,0.0,0.0,0.0,1.0,0.0,0.0,7.727920454563202,-0.0,1
389,0.0,0.0,216,0.0,0.0,0.0,0.0,1.0,0.0,0.0,8.603626344986193,-0.0,1
545,0.0,0.0,203,0.0,0.0,0.0,0.0,1.0,0.0,0.0,9.090112419664289,-0.0,1
545,0.0,0.0,545,0.0,0.0,0.0,0.0,1.0,0.0,0.0,9.090112419664289,-0.0,1
545,0.0,0.0,545,0.0,0.0,0.0,0.0,1.0,0.0,0.0,9.090112419664289,-0.0,1
545,0.0,0.0,545,0.0,0.0,0.0,0.0,1.0,0.0,0.0,9.090112419664289,-0.0,1
545,0.0,0.0,545,0.0,0.0,0.0,0.0,1.0,0.0,0.0,9.090112419664289,-0.0,1
545,0.0,0.0,545,0.0,0.0,0.0,0.0,1.0,0.0,0.0,9.090112419664289,-0.0,1
545,0.0,0.0,545,0.0,0.0,0.0,0.0,1.0,0.0,0.0,9.090112419664289,-0.0,1
95,0.0,0.0,95,0.0,0.0,0.0,0.0,1.0,0.0,0.0,6.569855608330948,-0.0,1
545,0.0,0.0,545,0.0,0.0,0.0,0.0,1.0,0.0,0.0,9.090112419664289,-0.0,1
545,0.0,0.0,545,0.0,0.0,0.0,0.0,1.0,0.0,0.0,9.090112419664289,-0.0,1
545,0.0,0.0,545,0.0,0.0,0.0,0.0,1.0,0.0,0.0,9.090112419664289,-0.0,1
545,0.0,0.0,545,0.0,0.0,0.0,0.0,1.0,0.0,0.0,9.090112419664289,-0.0,1
545,0.0,0.0,545,0.0,0.0,0.0,0.0,1.0,0.0,0.0,9.090112419664289,-0.0,1
545,0.0,0.0,545,0.0,0.0,0.0,0.0,1.0,0.0,0.0,9.090112419664289,-0.0,1
545,0.0,0.0,545,0.0,0.0,0.0,0.0,1.0,0.0,0.0,9.090112419664289,-0.0,1
545,0.0,0.0,545,0.0,0.0,0.0,0.0,1.0,0.0,0.0,9.090112419664289,-0.0,1
545,0.0,0.0,545,0.0,0.0,0.0,0.0,1.0,0.0,0.0,9.090112419664289,-0.0,1
545,0.0,0.0,545,0.0,0.0,0.0,0.0,1.0,0.0,0.0,9.090112419664289,-0.0,1
545,0.0,0.0,545,0.0,0.0,0.0,0.0,1.0,0.0,0.0,9.090112419664289,-0.0,1
545,0.0,0.0,545,0.0,0.0,0.0,0.0,1.0,0.0,0.0,9.090112419664289,-0.0,1
545,0.0,0.0,545,0.0,0.0,0.0,0.0,1.0,0.0,0.0,9.090112419664289,-0.0,1
545,0.0,0.0,545,0.0,0.0,0.0,0.0,1.0,0.0,0.0,9.090112419664289,-0.0,1
545,0.0,0.0,545,0.0,0.0,0.0,0.0,1.0,0.0,0.0,9.090112419664289,-0.0,1
545,0.0,0.0,545,0.0,0.0,0.0,0.0,1.0,0.0,0.0,9.090112419664289,-0.0,1
545,0.0,0.0,545,0.0,0.0,0.0,0.0,1.0,0.0,0.0,9.090112419664289,-0.0,1
26,0.0,0.0,26,0.0,0.0,0.0,0.0,1.0,0.0,0.0,4.700439718141092,-0.0,1
545,0.0,0.0,545,0.0,0.0,0.0,0.0,1.0,0.0,0.0,9.090112419664289,-0.0,1
545,0.0,0.0,545,0.0,0.0,0.0,0.0,1.0,0.0,0.0,9.090112419664289,-0.0,1
545,0.0,0.0,545,0.0,0.0,0.0,0.0,1.0,0.0,0.0,9.090112419664289,-0.0,1
545,0.0,0.0,545,0.0,0.0,0.0,0.0,1.0,0.0,0.0,9.090112419664289,-0.0,1
545,0.0,0.0,545,0.0,0.0,0.0,0.0,1.0,0.0,0.0,9.090112419664289,-0.0,1
545,0.0,0.0,545,0.0,0.0,0.0,0.0,1.0,0.0,0.0,9.090112419664289,-0.0,1
545,0.0,0.0,545,0.0,0.0,0.0,0.0,1.0,0.0,0.0,9.090112419664289,-0.0,1
545,0.0,0.0,545,0.0,0.0,0.0,0.0,1.0,0.0,0.0,9.090112419664289,-0.0,1
545,0.0,0.0,545,0.0,0.0,0.0,0.0,1.0,0.0,0.0,9.090112419664289,-0.0,1
545,0.0,0.0,545,0.0,0.0,0.0,0.0,1.0,0.0,0.0,9.090112419664289,-0.0,1
545,0.0,0.0,545,0.0,0.0,0.0,0.0,1.0,0.0,0.0,9.090112419664289,-0.0,1
545,0.0,0.0,545,0.0,0.0,0.0,0.0,1.0,0.0,0.0,9.090112419664289,-0.0,1
545,0.0,0.0,545,0.0,0.0,0.0,0.0,1.0,0.0,0.0,9.090112419664289,-0.0,1
545,0.0,0.0,545,0.0,0.0,0.0,0.0,1.0,0.0,0.0,9.090112419664289,-0.0,1
545,0.0,0.0,545,0.0,0.0,0.0,0.0,1.0,0.0,0.0,9.090112419664289,-0.0,1
273,0.0,0.0,273,0.0,0.0,0.0,0.0,1.0,0.0,0.0,8.09275714091985,-0.0,1
100,0.0,0.0,100,0.0,0.0,0.0,0.0,1.0,0.0,0.0,6.643856189774724,-0.0,1
545,0.0,0.0,545,0.0,0.0,0.0,0.0,1.0,0.0,0.0,9.090112419664289,-0.0,1
545,0.0,0.0,545,0.0,0.0,0.0,0.0,1.0,0.0,0.0,9.090112419664289,-0.0,1
545,0.0,0.0,545,0.0,0.0,0.0,0.0,1.0,0.0,0.0,9.090112419664289,-0.0,1
545,0.0,0.0,545,0.0,0.0,0.0,0.0,1.0,0.0,0.0,9.090112419664289,-0.0,1
545,0.0,0.0,545,0.0,0.0,0.0,0.0,1.0,0.0,0.0,9.090112419664289,-0.0,1
545,0.0,0.0,545,0.0,0.0,0.0,0.0,1.0,0.0,0.0,9.090112419664289,-0.0,1
545,0.0,0.0,545,0.0,0.0,0.0,0.0,1.0,0.0,0.0,9.090112419664289,-0.0,1
545,0.0,0.0,545,0.0,0.0,0.0,0.0,1.0,0.0,0.0,9.090112419664289,-0.0,1
545,0.0,0.0,545,0.0,0.0,0.0,0.0,1.0,0.0,0.0,9.090112419664289,-0.0,1
545,0.0,0.0,545,0.0,0.0,0.0,0.0,1.0,0.0,0.0,9.090112419664289,-0.0,1
545,0.0,0.0,545,0.0,0.0,0.0,0.0,1.0,0.0,0.0,9.090112419664289,-0.0,1
65,0.0,0.0,65,0.0,0.0,0.0,0.0,1.0,0.0,0.0,6.0223678130284535,-0.0,1
545,0.0,0.0,545,0.0,0.0,0.0,0.0,1.0,0.0,0.0,9.090112419664289,-0.0,1
545,0.0,0.0,545,0.0,0.0,0.0,0.0,1.0,0.0,0.0,9.090112419664289,-0.0,1
545,0.0,0.0,545,0.0,0.0,0.0,0.0,1.0,0.0,0.0,9.090112419664289,-0.0,1
545,0.0,0.0,545,0.0,0.0,0.0,0.0,1.0,0.0,0.0,9.090112419664289,-0.0,1
545,0.0,0.0,545,0.0,0.0,0.0,0.0,1.0,0.0,0.0,9.090112419664289,-0.0,1
545,0.0,0.0,545,0.0,0.0,0.0,0.0,1.0,0.0,0.0,9.090112419664289,-0.0,1
545,0.0,0.0,545,0.0,0.0,0.0,0.0,1.0,0.0,0.0,9.090112419664289,-0.0,1
545,0.0,0.0,545,0.0,0.0,0.0,0.0,1.0,0.0,0.0,9.090112419664289,-0.0,1
545,0.0,0.0,545,0.0,0.0,0.0,0.0,1.0,0.0,0.0,9.090112419664289,-0.0,1
545,0.0,0.0,545,0.0,0.0,0.0,0.0,1.0,0.0,0.0,9.090112419664289,-0.0,1
545,0.0,0.0,545,0.0,0.0,0.0,0.0,1.0,0.0,0.0,9.090112419664289,-0.0,1
545,0.0,0.0,545,0.0,0.0,0.0,0.0,1.0,0.0,0.0,9.090112419664289,-0.0,1
545,0.0,0.0,545,0.0,0.0,0.0,0.0,1.0,0.0,0.0,9.090112419664289,-0.0,1
545,0.0,0.0,545,0.0,0.0,0.0,0.0,1.0,0.0,0.0,9.090112419664289,-0.0,1
545,0.0,0.0,545,0.0,0.0,0.0,0.0,1.0,0.0,0.0,9.090112419664289,-0.0,1
545,0.0,0.0,545,0.0,0.0,0.0,0.0,1.0,0.0,0.0,9.090112419664289,-0.0,1
545,0.0,0.0,545,0.0,0.0,0.0,0.0,1.0,0.0,0.0,9.090112419664289,-0.0,1
545,0.0,0.0,545,0.0,0.0,0.0,0.0,1.0,0.0,0.0,9.090112419664289,-0.0,1
545,0.0,0.0,545,0.0,0.0,0.0,0.0,1.0,0.0,0.0,9.090112419664289,-0.0,1
545,0.0,0.0,545,0.0,0.0,0.0,0.0,1.0,0.0,0.0,9.090112419664289,-0.0,1
545,0.0,0.0,545,0.0,0.0,0.0,0.0,1.0,0.0,0.0,9.090112419664289,-0.0,1
545,0.0,0.0,545,0.0,0.0,0.0,0.0,1.0,0.0,0.0,9.090112419664289,-0.0,1
545,0.0,0.0,545,0.0,0.0,0.0,0.0,1.0,0.0,0.0,9.090112419664289,-0.0,1
545,0.0,0.0,545,0.0,0.0,0.0,0.0,1.0,0.0,0.0,9.090112419664289,-0.0,1
545,0.0,0.0,545,0.0,0.0,0.0,0.0,1.0,0.0,0.0,9.090112419664289,-0.0,1
545,0.0,0.0,545,0.0,0.0,0.0,0.0,1.0,0.0,0.0,9.090112419664289,-0.0,1
545,0.0,0.0,545,0.0,0.0,0.0,0.0,1.0,0.0,0.0,9.090112419664289,-0.0,1
545,0.0,0.0,545,0.0,0.0,0.0,0.0,1.0,0.0,0.0,9.090112419664289,-0.0,1
324,0.0,0.0,324,0.0,0.0,0.0,0.0,1.0,0.0,0.0,8.339850002884626,-0.0,1
545,0.0,0.0,545,0.0,0.0,0.0,0.0,1.0,0.0,0.0,9.090112419664289,-0.0,1
100,0.0,0.0,100,0.0,0.0,0.0,0.0,1.0,0.0,0.0,6.643856189774724,-0.0,1
249,0.0,0.0,249,0.0,0.0,0.0,0.0,1.0,0.0,0.0,7.960001932068083,-0.0,1
545,0.0,0.0,545,0.0,0.0,0.0,0.0,1.0,0.0,0.0,9.090112419664289,-0.0,1
545,0.0,0.0,545,0.0,0.0,0.0,0.0,1.0,0.0,0.0,9.090112419664289,-0.0,1
545,0.0,0.0,545,0.0,0.0,0.0,0.0,1.0,0.0,0.0,9.090112419664289,-0.0,1
545,0.0,0.0,545,0.0,0.0,0.0,0.0,1.0,0.0,0.0,9.090112419664289,-0.0,1
545,0.0,0.0,545,0.0,0.0,0.0,0.0,1.0,0.0,0.0,9.090112419664289,-0.0,1
545,0.0,0.0,545,0.0,0.0,0.0,0.0,1.0,0.0,0.0,9.090112419664289,-0.0,1
545,0.0,0.0,545,0.0,0.0,0.0,0.0,1.0,0.0,0.0,9.090112419664289,-0.0,1
545,0.0,0.0,545,0.0,0.0,0.0,0.0,1.0,0.0,0.0,9.090112419664289,-0.0,1
545,0.0,0.0,545,0.0,0.0,0.0,0.0,1.0,0.0,0.0,9.090112419664289,-0.0,1
545,0.0,0.0,545,0.0,0.0,0.0,0.0,1.0,0.0,0.0,9.090112419664289,-0.0,1
545,0.0,0.0,545,0.0,0.0,0.0,0.0,1.0,0.0,0.0,9.090112419664289,-0.0,1
545,0.0,0.0,545,0.0,0.0,0.0,0.0,1.0,0.0,0.0,9.090112419664289,-0.0,1
545,0.0,0.0,545,0.0,0.0,0.0,0.0,1.0,0.0,0.0,9.090112419664289,-0.0,1
545,0.0,0.0,545,0.0,0.0,0.0,0.0,1.0,0.0,0.0,9.090112419664289,-0.0,1
545,0.0,0.0,545,0.0,0.0,0.0,0.0,1.0,0.0,0.0,9.090112419664289,-0.0,1
545,0.0,0.0,545,0.0,0.0,0.0,0.0,1.0,0.0,0.0,9.090112419664289,-0.0,1
545,0.0,0.0,545,0.0,0.0,0.0,0.0,1.0,0.0,0.0,9.090112419664289,-0.0,1
545,0.0,0.0,545,0.0,0.0,0.0,0.0,1.0,0.0,0.0,9.090112419664289,-0.0,1
545,0.0,0.0,545,0.0,0.0,0.0,0.0,1.0,0.0,0.0,9.090112419664289,-0.0,1
545,0.0,0.0,545,0.0,0.0,0.0,0.0,1.0,0.0,0.0,9.090112419664289,-0.0,1
545,0.0,0.0,545,0.0,0.0,0.0,0.0,1.0,0.0,0.0,9.090112419664289,-0.0,1
545,0.0,0.0,545,0.0,0.0,0.0,0.0,1.0,0.0,0.0,9.090112419664289,-0.0,1
545,0.0,0.0,545,0.0,0.0,0.0,0.0,1.0,0.0,0.0,9.090112419664289,-0.0,1
545,0.0,0.0,545,0.0,0.0,0.0,0.0,1.0,0.0,0.0,9.090112419664289,-0.0,1
545,0.0,0.0,545,0.0,0.0,0.0,0.0,1.0,0.0,0.0,9.090112419664289,-0.0,1
545,0.0,0.0,545,0.0,0.0,0.0,0.0,1.0,0.0,0.0,9.090112419664289,-0.0,1
545,0.0,0.0,545,0.0,0.0,0.0,0.0,1.0,0.0,0.0,9.090112419664289,-0.0,1
301,0.0,0.0,301,0.0,0.0,0.0,0.0,1.0,0.0,0.0,8.2336196767597,-0.0,1
545,0.0,0.0,545,0.0,0.0,0.0,0.0,1.0,0.0,0.0,9.090112419664289,-0.0,1
210,0.0,0.0,210,0.0,0.0,0.0,0.0,1.0,0.0,0.0,7.7142455176661215,-0.0,1
545,0.0,0.0,545,0.0,0.0,0.0,0.0,1.0,0.0,0.0,9.090112419664289,-0.0,1
98,0.0,0.0,98,0.0,0.0,0.0,0.0,1.0,0.0,0.0,6.61470984411521,-0.0,1
545,0.0,0.0,545,0.0,0.0,0.0,0.0,1.0,0.0,0.0,9.090112419664289,-0.0,1
545,0.0,0.0,545,0.0,0.0,0.0,0.0,1.0,0.0,0.0,9.090112419664289,-0.0,1
545,0.0,0.0,545,0.0,0.0,0.0,0.0,1.0,0.0,0.0,9.090112419664289,-0.0,1
545,0.0,0.0,545,0.0,0.0,0.0,0.0,1.0,0.0,0.0,9.090112419664289,-0.0,1
545,0.0,0.0,545,0.0,0.0,0.0,0.0,1.0,0.0,0.0,9.090112419664289,-0.0,1
545,0.0,0.0,545,0.0,0.0,0.0,0.0,1.0,0.0,0.0,9.090112419664289,-0.0,1
545,0.0,0.0,545,0.0,0.0,0.0,0.0,1.0,0.0,0.0,9.090112419664289,-0.0,1
545,0.0,0.0,545,0.0,0.0,0.0,0.0,1.0,0.0,0.0,9.090112419664289,-0.0,1
545,0.0,0.0,545,0.0,0.0,0.0,0.0,1.0,0.0,0.0,9.090112419664289,-0.0,1
545,0.0,0.0,545,0.0,0.0,0.0,0.0,1.0,0.0,0.0,9.090112419664289,-0.0,1
545,0.0,0.0,545,0.0,0.0,0.0,0.0,1.0,0.0,0.0,9.090112419664289,-0.0,1
545,0.0,0.0,545,0.0,0.0,0.0,0.0,1.0,0.0,0.0,9.090112419664289,-0.0,1
545,0.0,0.0,545,0.0,0.0,0.0,0.0,1.0,0.0,0.0,9.090112419664289,-0.0,1
545,0.0,0.0,545,0.0,0.0,0.0,0.0,1.0,0.0,0.0,9.090112419664289,-0.0,1
545,0.0,0.0,545,0.0,0.0,0.0,0.0,1.0,0.0,0.0,9.090112419664289,-0.0,1
545,0.0,0.0,545,0.0,0.0,0.0,0.0,1.0,0.0,0.0,9.090112419664289,-0.0,1
545,0.0,0.0,545,0.0,0.0,0.0,0.0,1.0,0.0,0.0,9.090112419664289,-0.0,1
545,0.0,0.0,545,0.0,0.0,0.0,0.0,1.0,0.0,0.0,9.090112419664289,-0.0,1
545,0.0,0.0,545,0.0,0.0,0.0,0.0,1.0,0.0,0.0,9.090112419664289,-0.0,1
545,0.0,0.0,545,0.0,0.0,0.0,0.0,1.0,0.0,0.0,9.090112419664289,-0.0,1
545,0.0,0.0,545,0.0,0.0,0.0,0.0,1.0,0.0,0.0,9.090112419664289,-0.0,1
545,0.0,0.0,545,0.0,0.0,0.0,0.0,1.0,0.0,0.0,9.090112419664289,-0.0,1
545,0.0,0.0,545,0.0,0.0,0.0,0.0,1.0,0.0,0.0,9.090112419664289,-0.0,1
545,0.0,0.0,545,0.0,0.0,0.0,0.0,1.0,0.0,0.0,9.090112419664289,-0.0,1
545,0.0,0.0,545,0.0,0.0,0.0,0.0,1.0,0.0,0.0,9.090112419664289,-0.0,1
545,0.0,0.0,545,0.0,0.0,0.0,0.0,1.0,0.0,0.0,9.090112419664289,-0.0,1
261,0.0,0.0,261,0.0,0.0,0.0,0.0,1.0,0.0,0.0,8.027905996569883,-0.0,1
545,0.0,0.0,545,0.0,0.0,0.0,0.0,1.0,0.0,0.0,9.090112419664289,-0.0,1
545,0.0,0.0,545,0.0,0.0,0.0,0.0,1.0,0.0,0.0,9.090112419664289,-0.0,1
545,0.0,0.0,545,0.0,0.0,0.0,0.0,1.0,0.0,0.0,9.090112419664289,-0.0,1
545,0.0,0.0,545,0.0,0.0,0.0,0.0,1.0,0.0,0.0,9.090112419664289,-0.0,1
545,0.0,0.0,545,0.0,0.0,0.0,0.0,1.0,0.0,0.0,9.090112419664289,-0.0,1
545,0.0,0.0,545,0.0,0.0,0.0,0.0,1.0,0.0,0.0,9.090112419664289,-0.0,1
545,0.0,0.0,545,0.0,0.0,0.0,0.0,1.0,0.0,0.0,9.090112419664289,-0.0,1
545,0.0,0.0,545,0.0,0.0,0.0,0.0,1.0,0.0,0.0,9.090112419664289,-0.0,1
545,0.0,0.0,545,0.0,0.0,0.0,0.0,1.0,0.0,0.0,9.090112419664289,-0.0,1
545,0.0,0.0,545,0.0,0.0,0.0,0.0,1.0,0.0,0.0,9.090112419664289,-0.0,1
545,0.0,0.0,545,0.0,0.0,0.0,0.0,1.0,0.0,0.0,9.090112419664289,-0.0,1
545,0.0,0.0,545,0.0,0.0,0.0,0.0,1.0,0.0,0.0,9.090112419664289,-0.0,1
545,0.0,0.0,545,0.0,0.0,0.0,0.0,1.0,0.0,0.0,9.090112419664289,-0.0,1
545,0.0,0.0,545,0.0,0.0,0.0,0.0,1.0,0.0,0.0,9.090112419664289,-0.0,1
545,0.0,0.0,545,0.0,0.0,0.0,0.0,1.0,0.0,0.0,9.090112419664289,-0.0,1
545,0.0,0.0,545,0.0,0.0,0.0,0.0,1.0,0.0,0.0,9.090112419664289,-0.0,1
545,0.0,0.0,545,0.0,0.0,0.0,0.0,1.0,0.0,0.0,9.090112419664289,-0.0,1
545,0.0,0.0,545,0.0,0.0,0.0,0.0,1.0,0.0,0.0,9.090112419664289,-0.0,1
545,0.0,0.0,545,0.0,0.0,0.0,0.0,1.0,0.0,0.0,9.090112419664289,-0.0,1
545,0.0,0.0,545,0.0,0.0,0.0,0.0,1.0,0.0,0.0,9.090112419664289,-0.0,1
545,0.0,0.0,545,0.0,0.0,0.0,0.0,1.0,0.0,0.0,9.090112419664289,-0.0,1
545,0.0,0.0,545,0.0,0.0,0.0,0.0,1.0,0.0,0.0,9.090112419664289,-0.0,1
545,0.0,0.0,545,0.0,0.0,0.0,0.0,1.0,0.0,0.0,9.090112419664289,-0.0,1
545,0.0,0.0,545,0.0,0.0,0.0,0.0,1.0,0.0,0.0,9.090112419664289,-0.0,1
545,0.0,0.0,545,0.0,0.0,0.0,0.0,1.0,0.0,0.0,9.090112419664289,-0.0,1
545,0.0,0.0,545,0.0,0.0,0.0,0.0,1.0,0.0,0.0,9.090112419664289,-0.0,1
191,0.0,0.0,191,0.0,0.0,0.0,0.0,1.0,0.0,0.0,7.577428828035749,-0.0,1
545,0.0,0.0,545,0.0,0.0,0.0,0.0,1.0,0.0,0.0,9.090112419664289,-0.0,1
545,0.0,0.0,545,0.0,0.0,0.0,0.0,1.0,0.0,0.0,9.090112419664289,-0.0,1
545,0.0,0.0,545,0.0,0.0,0.0,0.0,1.0,0.0,0.0,9.090112419664289,-0.0,1
545,0.0,0.0,545,0.0,0.0,0.0,0.0,1.0,0.0,0.0,9.090112419664289,-0.0,1
545,0.0,0.0,545,0.0,0.0,0.0,0.0,1.0,0.0,0.0,9.090112419664289,-0.0,1
545,0.0,0.0,545,0.0,0.0,0.0,0.0,1.0,0.0,0.0,9.090112419664289,-0.0,1
545,0.0,0.0,545,0.0,0.0,0.0,0.0,1.0,0.0,0.0,9.090112419664289,-0.0,1
545,0.0,0.0,545,0.0,0.0,0.0,0.0,1.0,0.0,0.0,9.090112419664289,-0.0,1
545,0.0,0.0,545,0.0,0.0,0.0,0.0,1.0,0.0,0.0,9.090112419664289,-0.0,1
545,0.0,0.0,545,0.0,0.0,0.0,0.0,1.0,0.0,0.0,9.090112419664289,-0.0,1
545,0.0,0.0,545,0.0,0.0,0.0,0.0,1.0,0.0,0.0,9.090112419664289,-0.0,1
545,0.0,0.0,545,0.0,0.0,0.0,0.0,1.0,0.0,0.0,9.090112419664289,-0.0,1
545,0.0,0.0,545,0.0,0.0,0.0,0.0,1.0,0.0,0.0,9.090112419664289,-0.0,1
545,0.0,0.0,545,0.0,0.0,0.0,0.0,1.0,0.0,0.0,9.090112419664289,-0.0,1
545,0.0,0.0,545,0.0,0.0,0.0,0.0,1.0,0.0,0.0,9.090112419664289,-0.0,1
545,0.0,0.0,545,0.0,0.0,0.0,0.0,1.0,0.0,0.0,9.090112419664289,-0.0,1
521,0.0,0.0,521,0.0,0.0,0.0,0.0,1.0,0.0,0.0,9.025139562278508,-0.0,1
545,0.0,0.0,545,0.0,0.0,0.0,0.0,1.0,0.0,0.0,9.090112419664289,-0.0,1
545,0.0,0.0,545,0.0,0.0,0.0,0.0,1.0,0.0,0.0,9.090112419664289,-0.0,1
545,0.0,0.0,545,0.0,0.0,0.0,0.0,1.0,0.0,0.0,9.090112419664289,-0.0,1
545,0.0,0.0,545,0.0,0.0,0.0,0.0,1.0,0.0,0.0,9.090112419664289,-0.0,1
545,0.0,0.0,545,0.0,0.0,0.0,0.0,1.0,0.0,0.0,9.090112419664289,-0.0,1
545,0.0,0.0,545,0.0,0.0,0.0,0.0,1.0,0.0,0.0,9.090112419664289,-0.0,1
545,0.0,0.0,545,0.0,0.0,0.0,0.0,1.0,0.0,0.0,9.090112419664289,-0.0,1
437,0.0,0.0,437,0.0,0.0,0.0,0.0,1.0,0.0,0.0,8.771489469500601,-0.0,1
274,0.0,0.0,0,0.0,0.0,0.0,0.0,1.0,0.0,0.0,8.098032082960525,-0.0,1
346,0.0,0.0,346,0.0,0.0,0.0,0.0,0.0,0.0,0.0,8.434628227636725,-0.0,4
388,0.0,0.0,388,0.0,0.0,0.0,0.0,0.0,0.0,0.0,8.599912842187129,-0.0,4
436,0.0,0.0,436,0.0,0.0,0.0,0.0,0.0,0.0,0.0,8.768184324776929,-0.0,4
545,0.0,0.0,545,0.0,0.0,0.0,0.0,0.0,0.0,0.0,9.090112419664289,-0.0,4
545,0.0,0.0,545,0.0,0.0,0.0,0.0,0.0,0.0,0.0,9.090112419664289,-0.0,4
545,0.0,0.0,545,0.0,0.0,0.0,0.0,0.0,0.0,0.0,9.090112419664289,-0.0,4
545,0.0,0.0,545,0.0,0.0,0.0,0.0,0.0,0.0,0.0,9.090112419664289,-0.0,4
137,0.0,0.0,137,0.0,0.0,0.0,0.0,0.0,0.0,0.0,7.0980320829605255,-0.0,4
545,0.0,0.0,545,0.0,0.0,0.0,0.0,0.0,0.0,0.0,9.090112419664289,-0.0,4
545,0.0,0.0,545,0.0,0.0,0.0,0.0,0.0,0.0,0.0,9.090112419664289,-0.0,4
545,0.0,0.0,545,0.0,0.0,0.0,0.0,0.0,0.0,0.0,9.090112419664289,-0.0,4
545,0.0,0.0,545,0.0,0.0,0.0,0.0,0.0,0.0,0.0,9.090112419664289,-0.0,4
545,0.0,0.0,545,0.0,0.0,0.0,0.0,0.0,0.0,0.0,9.090112419664289,-0.0,4
545,0.0,0.0,545,0.0,0.0,0.0,0.0,0.0,0.0,0.0,9.090112419664289,-0.0,4
545,0.0,0.0,545,0.0,0.0,0.0,0.0,0.0,0.0,0.0,9.090112419664289,-0.0,4
375,0.0,0.0,375,0.0,0.0,0.0,0.0,0.0,0.0,0.0,8.550746785383245,-0.0,4
545,0.0,0.0,545,0.0,0.0,0.0,0.0,0.0,0.0,0.0,9.090112419664289,-0.0,4
545,0.0,0.0,545,0.0,0.0,0.0,0.0,0.0,0.0,0.0,9.090112419664289,-0.0,4
545,0.0,0.0,545,0.0,0.0,0.0,0.0,0.0,0.0,0.0,9.090112419664289,-0.0,4
545,0.0,0.0,545,0.0,0.0,0.0,0.0,0.0,0.0,0.0,9.090112419664289,-0.0,4
545,0.0,0.0,545,0.0,0.0,0.0,0.0,0.0,0.0,0.0,9.090112419664289,-0.0,4
545,0.0,0.0,545,0.0,0.0,0.0,0.0,0.0,0.0,0.0,9.090112419664289,-0.0,4
545,0.0,0.0,545,0.0,0.0,0.0,0.0,0.0,0.0,0.0,9.090112419664289,-0.0,4
545,0.0,0.0,545,0.0,0.0,0.0,0.0,0.0,0.0,0.0,9.090112419664289,-0.0,4
545,0.0,0.0,545,0.0,0.0,0.0,0.0,0.0,0.0,0.0,9.090112419664289,-0.0,4
545,0.5165259828756025,27.89240307528254,545,0.0,0.0,0.0,0.0,0.0,6.0,324.0,9.090112419664289,-0.0,4
545,0.0,0.0,545,0.0,0.0,0.0,0.0,0.0,0.0,0.0,9.090112419664289,-0.0,4
122,0.0,0.0,122,0.0,0.0,0.0,0.0,0.0,0.0,0.0,6.930737337562884,-0.0,4
545,0.0,0.0,545,0.0,0.0,0.0,0.0,0.0,0.0,0.0,9.090112419664289,-0.0,4
545,0.0,0.0,545,0.0,0.0,0.0,0.0,0.0,0.0,0.0,9.090112419664289,-0.0,4
545,0.0,0.0,545,0.0,0.0,0.0,0.0,0.0,0.0,0.0,9.090112419664289,-0.0,4
545,0.0,0.0,545,0.0,0.0,0.0,0.0,0.0,0.0,0.0,9.090112419664289,-0.0,4
545,0.0,0.0,545,0.0,0.0,0.0,0.0,0.0,0.0,0.0,9.090112419664289,-0.0,4
545,0.0,0.0,545,0.0,0.0,0.0,0.0,0.0,0.0,0.0,9.090112419664289,-0.0,4
545,0.0,0.0,545,0.0,0.0,0.0,0.0,0.0,0.0,0.0,9.090112419664289,-0.0,4
545,0.0,0.0,545,0.0,0.0,0.0,0.0,0.0,0.0,0.0,9.090112419664289,-0.0,4
545,0.0,0.0,545,0.0,0.0,0.0,0.0,0.0,0.0,0.0,9.090112419664289,-0.0,4
545,0.5165259828756025,27.89240307528254,545,0.0,0.0,0.0,0.0,0.0,6.0,324.0,9.090112419664289,-0.0,4
545,0.0,0.0,545,0.0,0.0,0.0,0.0,0.0,0.0,0.0,9.090112419664289,-0.0,4
545,0.30834424275376154,16.650589108703123,545,0.0,0.0,0.0,0.0,0.0,3.3333333333333335,180.0,9.090112419664289,-0.0,4
545,0.3423678176789901,18.487862154665468,545,0.0,0.0,0.0,0.0,0.0,2.6666666666666665,144.0,9.090112419664289,-0.0,4
545,0.0,0.0,545,0.0,0.0,0.0,0.0,0.0,0.0,0.0,9.090112419664289,-0.0,4
545,0.0,0.0,545,0.0,0.0,0.0,0.0,0.0,0.0,0.0,9.090112419664289,-0.0,4
208,0.0,0.0,208,0.0,0.0,0.0,0.0,0.0,0.0,0.0,7.700439718141091,-0.0,4
545,0.0,0.0,545,0.0,0.0,0.0,0.0,0.0,0.0,0.0,9.090112419664289,-0.0,4
545,0.0,0.0,545,0.0,0.0,0.0,0.0,0.0,0.0,0.0,9.090112419664289,-0.0,4
545,0.0,0.0,545,0.0,0.0,0.0,0.0,0.0,0.0,0.0,9.090112419664289,-0.0,4
545,0.0,0.0,545,0.0,0.0,0.0,0.0,0.0,0.0,0.0,9.090112419664289,-0.0,4
545,0.0,0.0,545,0.0,0.0,0.0,0.0,0.0,0.0,0.0,9.090112419664289,-0.0,4
545,0.0,0.0,545,0.0,0.0,0.0,0.0,0.0,0.0,0.0,9.090112419664289,-0.0,4
545,0.0,0.0,545,0.0,0.0,0.0,0.0,0.0,0.0,0.0,9.090112419664289,-0.0,4
545,0.0,0.0,545,0.0,0.0,0.0,0.0,0.0,0.0,0.0,9.090112419664289,-0.0,4
545,0.0,0.0,545,0.0,0.0,0.0,0.0,0.0,0.0,0.0,9.090112419664289,-0.0,4
545,0.5165259828756025,27.89240307528254,545,0.0,0.0,0.0,0.0,0.0,6.0,324.0,9.090112419664289,-0.0,4
545,0.0,0.0,545,0.0,0.0,0.0,0.0,0.0,0.0,0.0,9.090112419664289,-0.0,4
545,0.30834424275376154,16.650589108703123,545,0.0,0.0,0.0,0.0,0.0,3.3333333333333335,180.0,9.090112419664289,-0.0,4
545,0.3423678176789901,18.487862154665468,545,0.0,0.0,0.0,0.0,0.0,2.6666666666666665,144.0,9.090112419664289,-0.0,4
545,0.0,0.0,545,0.0,0.0,0.0,0.0,0.0,0.0,0.0,9.090112419664289,-0.0,4
545,0.0,0.0,545,0.0,0.0,0.0,0.0,0.0,0.0,0.0,9.090112419664289,-0.0,4
545,0.0,0.0,545,0.0,0.0,0.0,0.0,0.0,0.0,0.0,9.090112419664289,-0.0,4
545,0.0,0.0,545,0.0,0.0,0.0,0.0,0.0,0.0,0.0,9.090112419664289,-0.0,4
545,0.0,0.0,545,0.0,0.0,0.0,0.0,0.0,0.0,0.0,9.090112419664289,-0.0,4
545,0.0,0.0,545,0.0,0.0,0.0,0.0,0.0,0.0,0.0,9.090112419664289,-0.0,4
545,0.0,0.0,545,0.0,0.0,0.0,0.0,0.0,0.0,0.0,9.090112419664289,-0.0,4
93,0.0,0.0,93,0.0,0.0,0.0,0.0,0.0,0.0,0.0,6.539158811108034,-0.0,4
545,0.0,0.0,545,0.0,0.0,0.0,0.0,0.0,0.0,0.0,9.090112419664289,-0.0,4
545,0.0,0.0,545,0.0,0.0,0.0,0.0,0.0,0.0,0.0,9.090112419664289,-0.0,4
545,0.0,0.0,545,0.0,0.0,0.0,0.0,0.0,0.0,0.0,9.090112419664289,-0.0,4
545,0.0,0.0,545,0.0,0.0,0.0,0.0,0.0,0.0,0.0,9.090112419664289,-0.0,4
545,0.0,0.0,545,0.0,0.0,0.0,0.0,0.0,0.0,0.0,9.090112419664289,-0.0,4
545,0.0,0.0,545,0.0,0.0,0.0,0.0,0.0,0.0,0.0,9.090112419664289,-0.0,4
545,0.0,0.0,545,0.0,0.0,0.0,0.0,0.0,0.0,0.0,9.090112419664289,-0.0,4
545,0.0,0.0,545,0.0,0.0,0.0,0.0,0.0,0.0,0.0,9.090112419664289,-0.0,4
545,0.0,0.0,545,0.0,0.0,0.0,0.0,0.0,0.0,0.0,9.090112419664289,-0.0,4
545,0.5165259828756025,27.89240307528254,545,0.0,0.0,0.0,0.0,0.0,6.0,324.0,9.090112419664289,-0.0,4
545,0.0,0.0,545,0.0,0.0,0.0,0.0,0.0,0.0,0.0,9.090112419664289,-0.0,4
545,0.30834424275376154,16.650589108703123,545,0.0,0.0,0.0,0.0,0.0,3.3333333333333335,180.0,9.090112419664289,-0.0,4
545,0.3423678176789901,18.487862154665468,545,0.0,0.0,0.0,0.0,0.0,2.6666666666666665,144.0,9.090112419664289,-0.0,4
545,0.0,0.0,545,0.0,0.0,0.0,0.0,0.0,0.0,0.0,9.090112419664289,-0.0,4
545,0.0,0.0,545,0.0,0.0,0.0,0.0,0.0,0.0,0.0,9.090112419664289,-0.0,4
545,0.0,0.0,545,0.0,0.0,0.0,0.0,0.0,0.0,0.0,9.090112419664289,-0.0,4
545,0.0,0.0,545,0.0,0.0,0.0,0.0,0.0,0.0,0.0,9.090112419664289,-0.0,4
545,0.0,0.0,545,0.0,0.0,0.0,0.0,0.0,0.0,0.0,9.090112419664289,-0.0,4
545,0.0,0.0,545,0.0,0.0,0.0,0.0,0.0,0.0,0.0,9.090112419664289,-0.0,4
545,0.0,0.0,545,0.0,0.0,0.0,0.0,0.0,0.0,0.0,9.090112419664289,-0.0,4
545,0.0,0.0,545,0.0,0.0,0.0,0.0,0.0,0.0,0.0,9.090112419664289,-0.0,4
545,0.0,0.0,545,0.0,0.0,0.0,0.0,0.0,0.0,0.0,9.090112419664289,-0.0,4
545,0.0,0.0,545,0.0,0.0,0.0,0.0,0.0,0.0,0.0,9.090112419664289,-0.0,4
545,0.0,0.0,545,0.0,0.0,0.0,0.0,0.0,0.0,0.0,9.090112419664289,-0.0,4
545,0.0,0.0,545,0.0,0.0,0.0,0.0,0.0,0.0,0.0,9.090112419664289,-0.0,4
105,0.0,0.0,105,0.0,0.0,0.0,0.0,0.0,0.0,0.0,6.714245517666122,-0.0,4
545,0.0,0.0,545,0.0,0.0,0.0,0.0,0.0,0.0,0.0,9.090112419664289,-0.0,4
545,0.0,0.0,545,0.0,0.0,0.0,0.0,0.0,0.0,0.0,9.090112419664289,-0.0,4
545,0.0,0.0,545,0.0,0.0,0.0,0.0,0.0,0.0,0.0,9.090112419664289,-0.0,4
545,0.0,0.0,545,0.0,0.0,0.0,0.0,0.0,0.0,0.0,9.090112419664289,-0.0,4
545,0.0,0.0,545,0.0,0.0,0.0,0.0,0.0,0.0,0.0,9.090112419664289,-0.0,4
545,0.0,0.0,545,0.0,0.0,0.0,0.0,0.0,0.0,0.0,9.090112419664289,-0.0,4
545,0.0,0.0,545,0.0,0.0,0.0,0.0,0.0,0.0,0.0,9.090112419664289,-0.0,4
545,0.5165259828756026,27.89240307528254,545,0.0,0.0,0.0,0.0,0.0,6.0,324.0,9.090112419664289,-0.0,4
545,0.0,0.0,545,0.0,0.0,0.0,0.0,0.0,0.0,0.0,9.090112419664289,-0.0,4
545,0.3083442427537615,16.650589108703123,545,0.0,0.0,0.0,0.0,0.0,3.3333333333333335,180.0,9.090112419664289,-0.0,4
545,0.3423678176789901,18.487862154665468,545,0.0,0.0,0.0,0.0,0.0,2.6666666666666665,144.0,9.090112419664289,-0.0,4
545,0.0,0.0,545,0.0,0.0,0.0,0.0,0.0,0.0,0.0,9.090112419664289,-0.0,4
545,0.0,0.0,545,0.0,0.0,0.0,0.0,0.0,0.0,0.0,9.090112419664289,-0.0,4
545,0.0,0.0,545,0.0,0.0,0.0,0.0,0.0,0.0,0.0,9.090112419664289,-0.0,4
545,0.0,0.0,545,0.0,0.0,0.0,0.0,0.0,0.0,0.0,9.090112419664289,-0.0,4
545,0.0,0.0,545,0.0,0.0,0.0,0.0,0.0,0.0,0.0,9.090112419664289,-0.0,4
545,0.0,0.0,545,0.0,0.0,0.0,0.0,0.0,0.0,0.0,9.090112419664289,-0.0,4
545,0.0,0.0,545,0.0,0.0,0.0,0.0,0.0,0.0,0.0,9.090112419664289,-0.0,4
545,0.0,0.0,545,0.0,0.0,0.0,0.0,0.0,0.0,0.0,9.090112419664289,-0.0,4
545,0.0,0.0,545,0.0,0.0,0.0,0.0,0.0,0.0,0.0,9.090112419664289,-0.0,4
545,0.0,0.0,545,0.0,0.0,0.0,0.0,0.0,0.0,0.0,9.090112419664289,-0.0,4
545,0.0,0.0,545,0.0,0.0,0.0,0.0,0.0,0.0,0.0,9.090112419664289,-0.0,4
545,0.0,0.0,545,0.0,0.0,0.0,0.0,0.0,0.0,0.0,9.090112419664289,-0.0,4
545,0.0,0.0,545,0.0,0.0,0.0,0.0,0.0,0.0,0.0,9.090112419664289,-0.0,4
545,0.0,0.0,545,0.0,0.0,0.0,0.0,0.0,0.0,0.0,9.090112419664289,-0.0,4
545,0.0,0.0,545,0.0,0.0,0.0,0.0,0.0,0.0,0.0,9.090112419664289,-0.0,4
545,0.0,0.0,545,0.0,0.0,0.0,0.0,0.0,0.0,0.0,9.090112419664289,-0.0,4
511,0.0,0.0,511,0.0,0.0,0.0,0.0,0.0,0.0,0.0,8.997179480937621,-0.0,4
545,0.0,0.0,545,0.0,0.0,0.0,0.0,0.0,0.0,0.0,9.090112419664289,-0.0,4
545,0.0,0.0,545,0.0,0.0,0.0,0.0,0.0,0.0,0.0,9.090112419664289,-0.0,4
545,0.0,0.0,545,0.0,0.0,0.0,0.0,0.0,0.0,0.0,9.090112419664289,-0.0,4
545,0.38516379488886393,20.79884492399865,545,0.0,0.0,0.0,0.0,0.0,3.0,162.0,9.090112419664289,-0.0,4
545,0.3449541284403669,18.627522935779815,545,0.0,0.0,0.0,0.0,0.0,3.0,162.0,9.090112419664289,-0.0,4
545,0.30834424275376154,16.650589108703123,545,0.0,0.0,0.0,0.0,0.0,3.3333333333333335,180.0,9.090112419664289,-0.0,4
545,0.0,0.0,545,0.0,0.0,0.0,0.0,0.0,0.0,0.0,9.090112419664289,-0.0,4
545,0.3423678176789901,18.48786215466547,545,0.0,0.0,0.0,0.0,0.0,2.6666666666666665,144.0,9.090112419664289,-0.0,4
545,0.0,0.0,545,0.0,0.0,0.0,0.0,0.0,0.0,0.0,9.090112419664289,-0.0,4
545,0.0,0.0,545,0.0,0.0,0.0,0.0,0.0,0.0,0.0,9.090112419664289,-0.0,4
545,0.0,0.0,545,0.0,0.0,0.0,0.0,0.0,0.0,0.0,9.090112419664289,-0.0,4
545,0.0,0.0,545,0.0,0.0,0.0,0.0,0.0,0.0,0.0,9.090112419664289,-0.0,4
545,0.0,0.0,545,0.0,0.0,0.0,0.0,0.0,0.0,0.0,9.090112419664289,-0.0,4
545,0.0,0.0,545,0.0,0.0,0.0,0.0,0.0,0.0,0.0,9.090112419664289,-0.0,4
545,0.0,0.0,545,0.0,0.0,0.0,0.0,0.0,0.0,0.0,9.090112419664289,-0.0,4
545,0.0,0.0,545,0.0,0.0,0.0,0.0,0.0,0.0,0.0,9.090112419664289,-0.0,4
545,0.0,0.0,545,0.0,0.0,0.0,0.0,0.0,0.0,0.0,9.090112419664289,-0.0,4
545,0.0,0.0,545,0.0,0.0,0.0,0.0,0.0,0.0,0.0,9.090112419664289,-0.0,4
545,0.0,0.0,545,0.0,0.0,0.0,0.0,0.0,0.0,0.0,9.090112419664289,-0.0,4
545,0.0,0.0,545,0.0,0.0,0.0,0.0,0.0,0.0,0.0,9.090112419664289,-0.0,4
545,0.0,0.0,545,0.0,0.0,0.0,0.0,0.0,0.0,0.0,9.090112419664289,-0.0,4
545,0.0,0.0,545,0.0,0.0,0.0,0.0,0.0,0.0,0.0,9.090112419664289,-0.0,4
545,0.0,0.0,545,0.0,0.0,0.0,0.0,0.0,0.0,0.0,9.090112419664289,-0.0,4
545,0.0,0.0,545,0.0,0.0,0.0,0.0,0.0,0.0,0.0,9.090112419664289,-0.0,4
545,0.0,0.0,545,0.0,0.0,0.0,0.0,0.0,0.0,0.0,9.090112419664289,-0.0,4
545,0.0,0.0,545,0.0,0.0,0.0,0.0,0.0,0.0,0.0,9.090112419664289,-0.0,4
545,0.0,0.0,545,0.0,0.0,0.0,0.0,0.0,0.0,0.0,9.090112419664289,-0.0,4
534,0.0,0.0,534,0.0,0.0,0.0,0.0,0.0,0.0,0.0,9.060695931687555,-0.0,4
545,0.0,0.0,515,0.0,0.0,0.0,0.0,0.0,0.0,0.0,9.090112419664289,-0.0,4
545,0.0,0.0,545,0.0,0.0,0.0,0.0,0.0,0.0,0.0,9.090112419664289,-0.0,4
545,0.0,0.0,545,0.0,0.0,0.0,0.0,0.0,0.0,0.0,9.090112419664289,-0.0,4
545,0.0,0.0,545,0.0,0.0,0.0,0.0,0.0,0.0,0.0,9.090112419664289,-0.0,4
545,0.0,0.0,545,0.0,0.0,0.0,0.0,0.0,0.0,0.0,9.090112419664289,-0.0,4
229,0.0,0.0,229,0.0,0.0,0.0,0.0,0.0,0.0,0.0,7.839203788096945,-0.0,4
545,0.0,0.0,545,0.0,0.0,0.0,0.0,0.0,0.0,0.0,9.090112419664289,-0.0,4
545,0.0,0.0,545,0.0,0.0,0.0,0.0,0.0,0.0,0.0,9.090112419664289,-0.0,4
545,0.0,0.0,545,0.0,0.0,0.0,0.0,0.0,0.0,0.0,9.090112419664289,-0.0,4
545,0.0,0.0,545,0.0,0.0,0.0,0.0,0.0,0.0,0.0,9.090112419664289,-0.0,4
545,0.0,0.0,545,0.0,0.0,0.0,0.0,0.0,0.0,0.0,9.090112419664289,-0.0,4
545,0.0,0.0,545,0.0,0.0,0.0,0.0,0.0,0.0,0.0,9.090112419664289,-0.0,4
545,0.0,0.0,545,0.0,0.0,0.0,0.0,0.0,0.0,0.0,9.090112419664289,-0.0,4
83,0.0,0.0,83,0.0,0.0,0.0,0.0,0.0,0.0,0.0,6.375039431346925,-0.0,4
545,0.0,0.0,545,0.0,0.0,0.0,0.0,0.0,0.0,0.0,9.090112419664289,-0.0,4
545,0.0,0.0,545,0.0,0.0,0.0,0.0,0.0,0.0,0.0,9.090112419664289,-0.0,4
545,0.0,0.0,545,0.0,0.0,0.0,0.0,0.0,0.0,0.0,9.090112419664289,-0.0,4
545,0.0,0.0,545,0.0,0.0,0.0,0.0,0.0,0.0,0.0,9.090112419664289,-0.0,4
545,0.0,0.0,545,0.0,0.0,0.0,0.0,0.0,0.0,0.0,9.090112419664289,-0.0,4
545,0.0,0.0,545,0.0,0.0,0.0,0.0,0.0,0.0,0.0,9.090112419664289,-0.0,4
545,0.0,0.0,545,0.0,0.0,0.0,0.0,0.0,0.0,0.0,9.090112419664289,-0.0,4
545,0.0,0.0,545,0.0,0.0,0.0,0.0,0.0,0.0,0.0,9.090112419664289,-0.0,4
545,0.0,0.0,545,0.0,0.0,0.0,0.0,0.0,0.0,0.0,9.090112419664289,-0.0,4
545,0.0,0.0,545,0.0,0.0,0.0,0.0,0.0,0.0,0.0,9.090112419664289,-0.0,4
424,0.0,0.0,424,0.0,0.0,0.0,0.0,0.0,0.0,0.0,8.7279204545632,-0.0,4
545,0.0,0.0,545,0.0,0.0,0.0,0.0,0.0,0.0,0.0,9.090112419664289,-0.0,4
545,0.0,0.0,545,0.0,0.0,0.0,0.0,0.0,0.0,0.0,9.090112419664289,-0.0,4
545,0.0,0.0,545,0.0,0.0,0.0,0.0,0.0,0.0,0.0,9.090112419664289,-0.0,4
545,0.0,0.0,545,0.0,0.0,0.0,0.0,0.0,0.0,0.0,9.090112419664289,-0.0,4
545,0.0,0.0,545,0.0,0.0,0.0,0.0,0.0,0.0,0.0,9.090112419664289,-0.0,4
545,0.0,0.0,545,0.0,0.0,0.0,0.0,0.0,0.0,0.0,9.090112419664289,-0.0,4
545,0.0,0.0,545,0.0,0.0,0.0,0.0,0.0,0.0,0.0,9.090112419664289,-0.0,4
545,0.0,0.0,545,0.0,0.0,0.0,0.0,0.0,0.0,0.0,9.090112419664289,-0.0,4
545,0.0,0.0,545,0.0,0.0,0.0,0.0,0.0,0.0,0.0,9.090112419664289,-0.0,4
545,0.0,0.0,545,0.0,0.0,0.0,0.0,0.0,0.0,0.0,9.090112419664289,-0.0,4
545,0.0,0.0,545,0.0,0.0,0.0,0.0,0.0,0.0,0.0,9.090112419664289,-0.0,4
545,0.0,0.0,545,0.0,0.0,0.0,0.0,0.0,0.0,0.0,9.090112419664289,-0.0,4
545,0.0,0.0,545,0.0,0.0,0.0,0.0,0.0,0.0,0.0,9.090112419664289,-0.0,4
545,0.0,0.0,545,0.0,0.0,0.0,0.0,0.0,0.0,0.0,9.090112419664289,-0.0,4
133,0.0,0.0,133,0.0,0.0,0.0,0.0,0.0,0.0,0.0,7.05528243550119,-0.0,4
545,0.0,0.0,545,0.0,0.0,0.0,0.0,0.0,0.0,0.0,9.090112419664289,-0.0,4
545,0.0,0.0,545,0.0,0.0,0.0,0.0,0.0,0.0,0.0,9.090112419664289,-0.0,4
545,0.0,0.0,545,0.0,0.0,0.0,0.0,0.0,0.0,0.0,9.090112419664289,-0.0,4
545,0.0,0.0,545,0.0,0.0,0.0,0.0,0.0,0.0,0.0,9.090112419664289,-0.0,4
545,0.0,0.0,545,0.0,0.0,0.0,0.0,0.0,0.0,0.0,9.090112419664289,-0.0,4
545,0.0,0.0,545,0.0,0.0,0.0,0.0,0.0,0.0,0.0,9.090112419664289,-0.0,4
545,0.0,0.0,545,0.0,0.0,0.0,0.0,0.0,0.0,0.0,9.090112419664289,-0.0,4
545,0.0,0.0,545,0.0,0.0,0.0,0.0,0.0,0.0,0.0,9.090112419664289,-0.0,4
545,0.0,0.0,545,0.0,0.0,0.0,0.0,0.0,0.0,0.0,9.090112419664289,-0.0,4
545,0.0,0.0,545,0.0,0.0,0.0,0.0,0.0,0.0,0.0,9.090112419664289,-0.0,4
545,0.0,0.0,545,0.0,0.0,0.0,0.0,0.0,0.0,0.0,9.090112419664289,-0.0,4
545,0.0,0.0,545,0.0,0.0,0.0,0.0,0.0,0.0,0.0,9.090112419664289,-0.0,4
545,0.0,0.0,545,0.0,0.0,0.0,0.0,0.0,0.0,0.0,9.090112419664289,-0.0,4
545,0.0,0.0,545,0.0,0.0,0.0,0.0,0.0,0.0,0.0,9.090112419664289,-0.0,4
545,0.0,0.0,545,0.0,0.0,0.0,0.0,0.0,0.0,0.0,9.090112419664289,-0.0,4
545,0.0,0.0,545,0.0,0.0,0.0,0.0,0.0,0.0,0.0,9.090112419664289,-0.0,4
545,0.0,0.0,545,0.0,0.0,0.0,0.0,0.0,0.0,0.0,9.090112419664289,-0.0,4
434,0.0,0.0,434,0.0,0.0,0.0,0.0,0.0,0.0,0.0,8.761551232444479,-0.0,4
545,0.0,0.0,545,0.0,0.0,0.0,0.0,0.0,0.0,0.0,9.090112419664289,-0.0,4
545,0.0,0.0,545,0.0,0.0,0.0,0.0,0.0,0.0,0.0,9.090112419664289,-0.0,4
545,0.0,0.0,545,0.0,0.0,0.0,0.0,0.0,0.0,0.0,9.090112419664289,-0.0,4
545,0.0,0.0,545,0.0,0.0,0.0,0.0,0.0,0.0,0.0,9.090112419664289,-0.0,4
545,0.0,0.0,545,0.0,0.0,0.0,0.0,0.0,0.0,0.0,9.090112419664289,-0.0,4
545,0.0,0.0,545,0.0,0.0,0.0,0.0,0.0,0.0,0.0,9.090112419664289,-0.0,4
545,0.0,0.0,545,0.0,0.0,0.0,0.0,0.0,0.0,0.0,9.090112419664289,-0.0,4
545,0.0,0.0,545,0.0,0.0,0.0,0.0,0.0,0.0,0.0,9.090112419664289,-0.0,4
545,0.0,0.0,545,0.0,0.0,0.0,0.0,0.0,0.0,0.0,9.090112419664289,-0.0,4
545,0.0,0.0,545,0.0,0.0,0.0,0.0,0.0,0.0,0.0,9.090112419664289,-0.0,4
545,0.0,0.0,545,0.0,0.0,0.0,0.0,0.0,0.0,0.0,9.090112419664289,-0.0,4
545,0.0,0.0,545,0.0,0.0,0.0,0.0,0.0,0.0,0.0,9.090112419664289,-0.0,4
545,0.0,0.0,545,0.0,0.0,0.0,0.0,0.0,0.0,0.0,9.090112419664289,-0.0,4
545,0.0,0.0,545,0.0,0.0,0.0,0.0,0.0,0.0,0.0,9.090112419664289,-0.0,4
545,0.0,0.0,545,0.0,0.0,0.0,0.0,0.0,0.0,0.0,9.090112419664289,-0.0,4
290,0.0,0.0,290,0.0,0.0,0.0,0.0,0.0,0.0,0.0,8.179909090014934,-0.0,4
545,0.0,0.0,545,0.0,0.0,0.0,0.0,0.0,0.0,0.0,9.090112419664289,-0.0,4
545,0.0,0.0,545,0.0,0.0,0.0,0.0,0.0,0.0,0.0,9.090112419664289,-0.0,4
545,0.0,0.0,545,0.0,0.0,0.0,0.0,0.0,0.0,0.0,9.090112419664289,-0.0,4
545,0.0,0.0,545,0.0,0.0,0.0,0.0,0.0,0.0,0.0,9.090112419664289,-0.0,4
545,0.0,0.0,545,0.0,0.0,0.0,0.0,0.0,0.0,0.0,9.090112419664289,-0.0,4
545,0.0,0.0,545,0.0,0.0,0.0,0.0,0.0,0.0,0.0,9.090112419664289,-0.0,4
545,0.0,0.0,545,0.0,0.0,0.0,0.0,0.0,0.0,0.0,9.090112419664289,-0.0,4
545,0.0,0.0,545,0.0,0.0,0.0,0.0,0.0,0.0,0.0,9.090112419664289,-0.0,4
545,0.0,0.0,545,0.0,0.0,0.0,0.0,0.0,0.0,0.0,9.090112419664289,-0.0,4
545,0.0,0.0,545,0.0,0.0,0.0,0.0,0.0,0.0,0.0,9.090112419664289,-0.0,4
545,0.0,0.0,545,0.0,0.0,0.0,0.0,0.0,0.0,0.0,9.090112419664289,-0.0,4
480,0.0,0.0,480,0.0,0.0,0.0,0.0,0.0,0.0,0.0,8.906890595608516,-0.0,4
545,0.0,0.0,545,0.0,0.0,0.0,0.0,0.0,0.0,0.0,9.090112419664289,-0.0,4
545,0.0,0.0,545,0.0,0.0,0.0,0.0,0.0,0.0,0.0,9.090112419664289,-0.0,4
545,0.0,0.0,545,0.0,0.0,0.0,0.0,0.0,0.0,0.0,9.090112419664289,-0.0,4
545,0.0,0.0,545,0.0,0.0,0.0,0.0,0.0,0.0,0.0,9.090112419664289,-0.0,4
545,0.0,0.0,545,0.0,0.0,0.0,0.0,0.0,0.0,0.0,9.090112419664289,-0.0,4
545,0.0,0.0,545,0.0,0.0,0.0,0.0,0.0,0.0,0.0,9.090112419664289,-0.0,4
545,0.0,0.0,545,0.0,0.0,0.0,0.0,0.0,0.0,0.0,9.090112419664289,-0.0,4
545,0.0,0.0,545,0.0,0.0,0.0,0.0,0.0,0.0,0.0,9.090112419664289,-0.0,4
545,0.0,0.0,545,0.0,0.0,0.0,0.0,0.0,0.0,0.0,9.090112419664289,-0.0,4
545,0.0,0.0,545,0.0,0.0,0.0,0.0,0.0,0.0,0.0,9.090112419664289,-0.0,4
545,0.0,0.0,545,0.0,0.0,0.0,0.0,0.0,0.0,0.0,9.090112419664289,-0.0,4
545,0.0,0.0,545,0.0,0.0,0.0,0.0,0.0,0.0,0.0,9.090112419664289,-0.0,4
545,0.0,0.0,545,0.0,0.0,0.0,0.0,0.0,0.0,0.0,9.090112419664289,-0.0,4
545,0.0,0.0,545,0.0,0.0,0.0,0.0,0.0,0.0,0.0,9.090112419664289,-0.0,4
545,0.0,0.0,545,0.0,0.0,0.0,0.0,0.0,0.0,0.0,9.090112419664289,-0.0,4
545,0.0,0.0,545,0.0,0.0,0.0,0.0,0.0,0.0,0.0,9.090112419664289,-0.0,4
545,0.0,0.0,545,0.0,0.0,0.0,0.0,0.0,0.0,0.0,9.090112419664289,-0.0,4
48,0.0,0.0,48,0.0,0.0,0.0,0.0,0.0,0.0,0.0,5.584962500721155,-0.0,4
545,0.0,0.0,545,0.0,0.0,0.0,0.0,0.0,0.0,0.0,9.090112419664289,-0.0,4
545,0.0,0.0,545,0.0,0.0,0.0,0.0,0.0,0.0,0.0,9.090112419664289,-0.0,4
545,0.0,0.0,545,0.0,0.0,0.0,0.0,0.0,0.0,0.0,9.090112419664289,-0.0,4
545,0.0,0.0,545,0.0,0.0,0.0,0.0,0.0,0.0,0.0,9.090112419664289,-0.0,4
545,0.0,0.0,545,0.0,0.0,0.0,0.0,0.0,0.0,0.0,9.090112419664289,-0.0,4
545,0.0,0.0,545,0.0,0.0,0.0,0.0,0.0,0.0,0.0,9.090112419664289,-0.0,4
545,0.0,0.0,545,0.0,0.0,0.0,0.0,0.0,0.0,0.0,9.090112419664289,-0.0,4
545,0.0,0.0,545,0.0,0.0,0.0,0.0,0.0,0.0,0.0,9.090112419664289,-0.0,4
545,0.0,0.0,545,0.0,0.0,0.0,0.0,0.0,0.0,0.0,9.090112419664289,-0.0,4
545,0.0,0.0,545,0.0,0.0,0.0,0.0,0.0,0.0,0.0,9.090112419664289,-0.0,4
50,0.0,0.0,50,0.0,0.0,0.0,0.0,0.0,0.0,0.0,5.643856189774725,-0.0,4
545,0.0,0.0,545,0.0,0.0,0.0,0.0,0.0,0.0,0.0,9.090112419664289,-0.0,4
545,0.0,0.0,545,0.0,0.0,0.0,0.0,0.0,0.0,0.0,9.090112419664289,-0.0,4
545,0.0,0.0,545,0.0,0.0,0.0,0.0,0.0,0.0,0.0,9.090112419664289,-0.0,4
545,0.0,0.0,545,0.0,0.0,0.0,0.0,0.0,0.0,0.0,9.090112419664289,-0.0,4
545,0.0,0.0,545,0.0,0.0,0.0,0.0,0.0,0.0,0.0,9.090112419664289,-0.0,4
545,0.0,0.0,545,0.0,0.0,0.0,0.0,0.0,0.0,0.0,9.090112419664289,-0.0,4
545,0.0,0.0,545,0.0,0.0,0.0,0.0,0.0,0.0,0.0,9.090112419664289,-0.0,4
545,0.0,0.0,545,0.0,0.0,0.0,0.0,0.0,0.0,0.0,9.090112419664289,-0.0,4
545,0.0,0.0,545,0.0,0.0,0.0,0.0,0.0,0.0,0.0,9.090112419664289,-0.0,4
545,0.0,0.0,545,0.0,0.0,0.0,0.0,0.0,0.0,0.0,9.090112419664289,-0.0,4
545,0.0,0.0,545,0.0,0.0,0.0,0.0,0.0,0.0,0.0,9.090112419664289,-0.0,4
545,0.0,0.0,545,0.0,0.0,0.0,0.0,0.0,0.0,0.0,9.090112419664289,-0.0,4
545,0.0,0.0,545,0.0,0.0,0.0,0.0,0.0,0.0,0.0,9.090112419664289,-0.0,4
545,0.0,0.0,545,0.0,0.0,0.0,0.0,0.0,0.0,0.0,9.090112419664289,-0.0,4
545,0.0,0.0,545,0.0,0.0,0.0,0.0,0.0,0.0,0.0,9.090112419664289,-0.0,4
545,0.0,0.0,545,0.0,0.0,0.0,0.0,0.0,0.0,0.0,9.090112419664289,-0.0,4
545,0.0,0.0,545,0.0,0.0,0.0,0.0,0.0,0.0,0.0,9.090112419664289,-0.0,4
545,0.0,0.0,545,0.0,0.0,0.0,0.0,0.0,0.0,0.0,9.090112419664289,-0.0,4
545,0.0,0.0,545,0.0,0.0,0.0,0.0,0.0,0.0,0.0,9.090112419664289,-0.0,4
545,0.0,0.0,545,0.0,0.0,0.0,0.0,0.0,0.0,0.0,9.090112419664289,-0.0,4
545,0.0,0.0,545,0.0,0.0,0.0,0.0,0.0,0.0,0.0,9.090112419664289,-0.0,4
545,0.0,0.0,545,0.0,0.0,0.0,0.0,0.0,0.0,0.0,9.090112419664289,-0.0,4
545,0.0,0.0,545,0.0,0.0,0.0,0.0,0.0,0.0,0.0,9.090112419664289,-0.0,4
545,0.0,0.0,545,0.0,0.0,0.0,0.0,0.0,0.0,0.0,9.090112419664289,-0.0,4
545,0.0,0.0,545,0.0,0.0,0.0,0.0,0.0,0.0,0.0,9.090112419664289,-0.0,4
545,0.0,0.0,545,0.0,0.0,0.0,0.0,0.0,0.0,0.0,9.090112419664289,-0.0,4
491,0.0,0.0,491,0.0,0.0,0.0,0.0,0.0,0.0,0.0,8.93957921431469,-0.0,4
545,0.0,0.0,545,0.0,0.0,0.0,0.0,0.0,0.0,0.0,9.090112419664289,-0.0,4
545,0.0,0.0,545,0.0,0.0,0.0,0.0,0.0,0.0,0.0,9.090112419664289,-0.0,4
545,0.0,0.0,545,0.0,0.0,0.0,0.0,0.0,0.0,0.0,9.090112419664289,-0.0,4
545,0.0,0.0,545,0.0,0.0,0.0,0.0,0.0,0.0,0.0,9.090112419664289,-0.0,4
545,0.0,0.0,545,0.0,0.0,0.0,0.0,0.0,0.0,0.0,9.090112419664289,-0.0,4
545,0.0,0.0,545,0.0,0.0,0.0,0.0,0.0,0.0,0.0,9.090112419664289,-0.0,4
545,0.0,0.0,545,0.0,0.0,0.0,0.0,0.0,0.0,0.0,9.090112419664289,-0.0,4
545,0.0,0.0,545,0.0,0.0,0.0,0.0,0.0,0.0,0.0,9.090112419664289,-0.0,4
545,0.0,0.0,545,0.0,0.0,0.0,0.0,0.0,0.0,0.0,9.090112419664289,-0.0,4
545,0.0,0.0,545,0.0,0.0,0.0,0.0,0.0,0.0,0.0,9.090112419664289,-0.0,4
545,0.0,0.0,545,0.0,0.0,0.0,0.0,0.0,0.0,0.0,9.090112419664289,-0.0,4
545,0.0,0.0,545,0.0,0.0,0.0,0.0,0.0,0.0,0.0,9.090112419664289,-0.0,4
545,0.0,0.0,545,0.0,0.0,0.0,0.0,0.0,0.0,0.0,9.090112419664289,-0.0,4
545,0.0,0.0,545,0.0,0.0,0.0,0.0,0.0,0.0,0.0,9.090112419664289,-0.0,4
545,0.0,0.0,545,0.0,0.0,0.0,0.0,0.0,0.0,0.0,9.090112419664289,-0.0,4
545,0.0,0.0,545,0.0,0.0,0.0,0.0,0.0,0.0,0.0,9.090112419664289,-0.0,4
545,0.0,0.0,545,0.0,0.0,0.0,0.0,0.0,0.0,0.0,9.090112419664289,-0.0,4
545,0.0,0.0,545,0.0,0.0,0.0,0.0,0.0,0.0,0.0,9.090112419664289,-0.0,4
545,0.0,0.0,545,0.0,0.0,0.0,0.0,0.0,0.0,0.0,9.090112419664289,-0.0,4
545,0.0,0.0,545,0.0,0.0,0.0,0.0,0.0,0.0,0.0,9.090112419664289,-0.0,4
545,0.0,0.0,545,0.0,0.0,0.0,0.0,0.0,0.0,0.0,9.090112419664289,-0.0,4
545,0.0,0.0,545,0.0,0.0,0.0,0.0,0.0,0.0,0.0,9.090112419664289,-0.0,4
545,0.0,0.0,545,0.0,0.0,0.0,0.0,0.0,0.0,0.0,9.090112419664289,-0.0,4
545,0.0,0.0,545,0.0,0.0,0.0,0.0,0.0,0.0,0.0,9.090112419664289,-0.0,4
545,0.0,0.0,545,0.0,0.0,0.0,0.0,0.0,0.0,0.0,9.090112419664289,-0.0,4
545,0.0,0.0,545,0.0,0.0,0.0,0.0,0.0,0.0,0.0,9.090112419664289,-0.0,4
545,0.0,0.0,545,0.0,0.0,0.0,0.0,0.0,0.0,0.0,9.090112419664289,-0.0,4
171,0.0,0.0,171,0.0,0.0,0.0,0.0,0.0,0.0,0.0,7.417852514885897,-0.0,4
545,0.0,0.0,545,0.0,0.0,0.0,0.0,0.0,0.0,0.0,9.090112419664289,-0.0,4
545,0.0,0.0,545,0.0,0.0,0.0,0.0,0.0,0.0,0.0,9.090112419664289,-0.0,4
545,0.0,0.0,545,0.0,0.0,0.0,0.0,0.0,0.0,0.0,9.090112419664289,-0.0,4
545,0.0,0.0,545,0.0,0.0,0.0,0.0,0.0,0.0,0.0,9.090112419664289,-0.0,4
545,0.0,0.0,545,0.0,0.0,0.0,0.0,0.0,0.0,0.0,9.090112419664289,-0.0,4
545,0.0,0.0,545,0.0,0.0,0.0,0.0,0.0,0.0,0.0,9.090112419664289,-0.0,4
545,0.0,0.0,545,0.0,0.0,0.0,0.0,0.0,0.0,0.0,9.090112419664289,-0.0,4
545,0.0,0.0,545,0.0,0.0,0.0,0.0,0.0,0.0,0.0,9.090112419664289,-0.0,4
545,0.0,0.0,545,0.0,0.0,0.0,0.0,0.0,0.0,0.0,9.090112419664289,-0.0,4
545,0.0,0.0,545,0.0,0.0,0.0,0.0,0.0,0.0,0.0,9.090112419664289,-0.0,4
545,0.0,0.0,545,0.0,0.0,0.0,0.0,0.0,0.0,0.0,9.090112419664289,-0.0,4
545,0.0,0.0,545,0.0,0.0,0.0,0.0,0.0,0.0,0.0,9.090112419664289,-0.0,4
545,0.0,0.0,545,0.0,0.0,0.0,0.0,0.0,0.0,0.0,9.090112419664289,-0.0,4
545,0.0,0.0,545,0.0,0.0,0.0,0.0,0.0,0.0,0.0,9.090112419664289,-0.0,4
545,0.0,0.0,545,0.0,0.0,0.0,0.0,0.0,0.0,0.0,9.090112419664289,-0.0,4
545,0.0,0.0,545,0.0,0.0,0.0,0.0,0.0,0.0,0.0,9.090112419664289,-0.0,4
545,0.0,0.0,545,0.0,0.0,0.0,0.0,0.0,0.0,0.0,9.090112419664289,-0.0,4
545,0.0,0.0,545,0.0,0.0,0.0,0.0,0.0,0.0,0.0,9.090112419664289,-0.0,4
545,0.0,0.0,545,0.0,0.0,0.0,0.0,0.0,0.0,0.0,9.090112419664289,-0.0,4
545,0.0,0.0,545,0.0,0.0,0.0,0.0,0.0,0.0,0.0,9.090112419664289,-0.0,4
545,0.0,0.0,545,0.0,0.0,0.0,0.0,0.0,0.0,0.0,9.090112419664289,-0.0,4
545,0.0,0.0,545,0.0,0.0,0.0,0.0,0.0,0.0,0.0,9.090112419664289,-0.0,4
545,0.0,0.0,545,0.0,0.0,0.0,0.0,0.0,0.0,0.0,9.090112419664289,-0.0,4
545,0.0,0.0,545,0.0,0.0,0.0,0.0,0.0,0.0,0.0,9.090112419664289,-0.0,4
545,0.0,0.0,545,0.0,0.0,0.0,0.0,0.0,0.0,0.0,9.090112419664289,-0.0,4
545,0.0,0.0,545,0.0,0.0,0.0,0.0,0.0,0.0,0.0,9.090112419664289,-0.0,4
545,0.0,0.0,545,0.0,0.0,0.0,0.0,0.0,0.0,0.0,9.090112419664289,-0.0,4
171,0.0,0.0,171,0.0,0.0,0.0,0.0,0.0,0.0,0.0,7.417852514885897,-0.0,4
545,0.0,0.0,545,0.0,0.0,0.0,0.0,0.0,0.0,0.0,9.090112419664289,-0.0,4
545,0.0,0.0,545,0.0,0.0,0.0,0.0,0.0,0.0,0.0,9.090112419664289,-0.0,4
545,0.0,0.0,545,0.0,0.0,0.0,0.0,0.0,0.0,0.0,9.090112419664289,-0.0,4
545,0.0,0.0,545,0.0,0.0,0.0,0.0,0.0,0.0,0.0,9.090112419664289,-0.0,4
545,0.0,0.0,545,0.0,0.0,0.0,0.0,0.0,0.0,0.0,9.090112419664289,-0.0,4
545,0.0,0.0,545,0.0,0.0,0.0,0.0,0.0,0.0,0.0,9.090112419664289,-0.0,4
545,0.0,0.0,545,0.0,0.0,0.0,0.0,0.0,0.0,0.0,9.090112419664289,-0.0,4
545,0.0,0.0,545,0.0,0.0,0.0,0.0,0.0,0.0,0.0,9.090112419664289,-0.0,4
545,0.0,0.0,545,0.0,0.0,0.0,0.0,0.0,0.0,0.0,9.090112419664289,-0.0,4
545,0.0,0.0,545,0.0,0.0,0.0,0.0,0.0,0.0,0.0,9.090112419664289,-0.0,4
545,0.0,0.0,545,0.0,0.0,0.0,0.0,0.0,0.0,0.0,9.090112419664289,-0.0,4
545,0.0,0.0,545,0.0,0.0,0.0,0.0,0.0,0.0,0.0,9.090112419664289,-0.0,4
545,0.0,0.0,545,0.0,0.0,0.0,0.0,0.0,0.0,0.0,9.090112419664289,-0.0,4
545,0.0,0.0,545,0.0,0.0,0.0,0.0,0.0,0.0,0.0,9.090112419664289,-0.0,4
545,0.0,0.0,545,0.0,0.0,0.0,0.0,0.0,0.0,0.0,9.090112419664289,-0.0,4
545,0.0,0.0,545,0.0,0.0,0.0,0.0,0.0,0.0,0.0,9.090112419664289,-0.0,4
545,0.0,0.0,545,0.0,0.0,0.0,0.0,0.0,0.0,0.0,9.090112419664289,-0.0,4
545,0.0,0.0,545,0.0,0.0,0.0,0.0,0.0,0.0,0.0,9.090112419664289,-0.0,4
545,0.0,0.0,545,0.0,0.0,0.0,0.0,0.0,0.0,0.0,9.090112419664289,-0.0,4
545,0.0,0.0,545,0.0,0.0,0.0,0.0,0.0,0.0,0.0,9.090112419664289,-0.0,4
545,0.0,0.0,545,0.0,0.0,0.0,0.0,0.0,0.0,0.0,9.090112419664289,-0.0,4
545,0.0,0.0,545,0.0,0.0,0.0,0.0,0.0,0.0,0.0,9.090112419664289,-0.0,4
545,0.0,0.0,545,0.0,0.0,0.0,0.0,0.0,0.0,0.0,9.090112419664289,-0.0,4
545,0.0,0.0,545,0.0,0.0,0.0,0.0,0.0,0.0,0.0,9.090112419664289,-0.0,4
545,0.0,0.0,545,0.0,0.0,0.0,0.0,0.0,0.0,0.0,9.090112419664289,-0.0,4
545,0.0,0.0,545,0.0,0.0,0.0,0.0,0.0,0.0,0.0,9.090112419664289,-0.0,4
545,0.0,0.0,545,0.0,0.0,0.0,0.0,0.0,0.0,0.0,9.090112419664289,-0.0,4
171,0.0,0.0,171,0.0,0.0,0.0,0.0,0.0,0.0,0.0,7.417852514885897,-0.0,4
545,0.0,0.0,545,0.0,0.0,0.0,0.0,0.0,0.0,0.0,9.090112419664289,-0.0,4
545,0.0,0.0,545,0.0,0.0,0.0,0.0,0.0,0.0,0.0,9.090112419664289,-0.0,4
545,0.0,0.0,545,0.0,0.0,0.0,0.0,0.0,0.0,0.0,9.090112419664289,-0.0,4
545,0.0,0.0,545,0.0,0.0,0.0,0.0,0.0,0.0,0.0,9.090112419664289,-0.0,4
545,0.0,0.0,545,0.0,0.0,0.0,0.0,0.0,0.0,0.0,9.090112419664289,-0.0,4
545,0.0,0.0,545,0.0,0.0,0.0,0.0,0.0,0.0,0.0,9.090112419664289,-0.0,4
545,0.0,0.0,545,0.0,0.0,0.0,0.0,0.0,0.0,0.0,9.090112419664289,-0.0,4
545,0.0,0.0,545,0.0,0.0,0.0,0.0,0.0,0.0,0.0,9.090112419664289,-0.0,4
545,0.0,0.0,545,0.0,0.0,0.0,0.0,0.0,0.0,0.0,9.090112419664289,-0.0,4
545,0.0,0.0,545,0.0,0.0,0.0,0.0,0.0,0.0,0.0,9.090112419664289,-0.0,4
545,0.0,0.0,545,0.0,0.0,0.0,0.0,0.0,0.0,0.0,9.090112419664289,-0.0,4
545,0.0,0.0,545,0.0,0.0,0.0,0.0,0.0,0.0,0.0,9.090112419664289,-0.0,4
545,0.0,0.0,545,0.0,0.0,0.0,0.0,0.0,0.0,0.0,9.090112419664289,-0.0,4
545,0.0,0.0,545,0.0,0.0,0.0,0.0,0.0,0.0,0.0,9.090112419664289,-0.0,4
545,0.0,0.0,545,0.0,0.0,0.0,0.0,0.0,0.0,0.0,9.090112419664289,-0.0,4
545,0.0,0.0,545,0.0,0.0,0.0,0.0,0.0,0.0,0.0,9.090112419664289,-0.0,4
545,0.0,0.0,545,0.0,0.0,0.0,0.0,0.0,0.0,0.0,9.090112419664289,-0.0,4
545,0.0,0.0,545,0.0,0.0,0.0,0.0,0.0,0.0,0.0,9.090112419664289,-0.0,4
545,0.0,0.0,545,0.0,0.0,0.0,0.0,0.0,0.0,0.0,9.090112419664289,-0.0,4
545,0.0,0.0,545,0.0,0.0,0.0,0.0,0.0,0.0,0.0,9.090112419664289,-0.0,4
545,0.0,0.0,545,0.0,0.0,0.0,0.0,0.0,0.0,0.0,9.090112419664289,-0.0,4
545,0.0,0.0,545,0.0,0.0,0.0,0.0,0.0,0.0,0.0,9.090112419664289,-0.0,4
545,0.0,0.0,545,0.0,0.0,0.0,0.0,0.0,0.0,0.0,9.090112419664289,-0.0,4
446,0.0,0.0,446,0.0,0.0,0.0,0.0,0.0,0.0,0.0,8.800899899920307,-0.0,4
545,0.0,0.0,545,0.0,0.0,0.0,0.0,0.0,0.0,0.0,9.090112419664289,-0.0,4
545,0.0,0.0,545,0.0,0.0,0.0,0.0,0.0,0.0,0.0,9.090112419664289,-0.0,4
545,0.0,0.0,545,0.0,0.0,0.0,0.0,0.0,0.0,0.0,9.090112419664289,-0.0,4
545,0.0,0.0,545,0.0,0.0,0.0,0.0,0.0,0.0,0.0,9.090112419664289,-0.0,4
545,0.0,0.0,545,0.0,0.0,0.0,0.0,0.0,0.0,0.0,9.090112419664289,-0.0,4
545,0.0,0.0,545,0.0,0.0,0.0,0.0,0.0,0.0,0.0,9.090112419664289,-0.0,4
545,0.0,0.0,545,0.0,0.0,0.0,0.0,0.0,0.0,0.0,9.090112419664289,-0.0,4
545,0.0,0.0,545,0.0,0.0,0.0,0.0,0.0,0.0,0.0,9.090112419664289,-0.0,4
545,0.0,0.0,545,0.0,0.0,0.0,0.0,0.0,0.0,0.0,9.090112419664289,-0.0,4
545,0.0,0.0,545,0.0,0.0,0.0,0.0,0.0,0.0,0.0,9.090112419664289,-0.0,4
545,0.0,0.0,545,0.0,0.0,0.0,0.0,0.0,0.0,0.0,9.090112419664289,-0.0,4
545,0.0,0.0,545,0.0,0.0,0.0,0.0,0.0,0.0,0.0,9.090112419664289,-0.0,4
545,0.0,0.0,545,0.0,0.0,0.0,0.0,0.0,0.0,0.0,9.090112419664289,-0.0,4
545,0.0,0.0,545,0.0,0.0,0.0,0.0,0.0,0.0,0.0,9.090112419664289,-0.0,4
545,0.0,0.0,545,0.0,0.0,0.0,0.0,0.0,0.0,0.0,9.090112419664289,-0.0,4
545,0.0,0.0,545,0.0,0.0,0.0,0.0,0.0,0.0,0.0,9.090112419664289,-0.0,4
545,0.0,0.0,545,0.0,0.0,0.0,0.0,0.0,0.0,0.0,9.090112419664289,-0.0,4
545,0.0,0.0,545,0.0,0.0,0.0,0.0,0.0,0.0,0.0,9.090112419664289,-0.0,4
545,0.0,0.0,545,0.0,0.0,0.0,0.0,0.0,0.0,0.0,9.090112419664289,-0.0,4
545,0.0,0.0,545,0.0,0.0,0.0,0.0,0.0,0.0,0.0,9.090112419664289,-0.0,4
88,0.0,0.0,88,0.0,0.0,0.0,0.0,0.0,0.0,0.0,6.459431618637298,-0.0,4
545,0.0,0.0,545,0.0,0.0,0.0,0.0,0.0,0.0,0.0,9.090112419664289,-0.0,4
545,0.0,0.0,545,0.0,0.0,0.0,0.0,0.0,0.0,0.0,9.090112419664289,-0.0,4
545,0.0,0.0,545,0.0,0.0,0.0,0.0,0.0,0.0,0.0,9.090112419664289,-0.0,4
545,0.0,0.0,545,0.0,0.0,0.0,0.0,0.0,0.0,0.0,9.090112419664289,-0.0,4
545,0.0,0.0,545,0.0,0.0,0.0,0.0,0.0,0.0,0.0,9.090112419664289,-0.0,4
545,0.0,0.0,545,0.0,0.0,0.0,0.0,0.0,0.0,0.0,9.090112419664289,-0.0,4
545,0.0,0.0,545,0.0,0.0,0.0,0.0,0.0,0.0,0.0,9.090112419664289,-0.0,4
545,0.0,0.0,545,0.0,0.0,0.0,0.0,0.0,0.0,0.0,9.090112419664289,-0.0,4
545,0.0,0.0,545,0.0,0.0,0.0,0.0,0.0,0.0,0.0,9.090112419664289,-0.0,4
545,0.0,0.0,545,0.0,0.0,0.0,0.0,0.0,0.0,0.0,9.090112419664289,-0.0,4
545,0.0,0.0,545,0.0,0.0,0.0,0.0,0.0,0.0,0.0,9.090112419664289,-0.0,4
545,0.0,0.0,545,0.0,0.0,0.0,0.0,0.0,0.0,0.0,9.090112419664289,-0.0,0
545,0.0,0.0,545,0.0,0.0,0.0,0.0,0.0,0.0,0.0,9.090112419664289,-0.0,0
38,0.0,0.0,38,0.0,0.0,0.0,0.0,0.0,0.0,0.0,5.247927513443588,-0.0,0
545,0.0,0.0,545,0.0,0.0,0.0,0.0,0.0,0.0,0.0,9.090112419664289,-0.0,0
545,0.0,0.0,545,0.0,0.0,0.0,0.0,0.0,0.0,0.0,9.090112419664289,-0.0,0
545,0.0,0.0,545,0.0,0.0,0.0,0.0,0.0,0.0,0.0,9.090112419664289,-0.0,0
545,0.0,0.0,545,0.0,0.0,0.0,0.0,0.0,0.0,0.0,9.090112419664289,-0.0,0
545,0.0,0.0,545,0.0,0.0,0.0,0.0,0.0,0.0,0.0,9.090112419664289,-0.0,0
545,0.0,0.0,545,0.0,0.0,0.0,0.0,0.0,0.0,0.0,9.090112419664289,-0.0,0
236,0.0,0.0,236,0.0,0.0,0.0,0.0,0.0,0.0,0.0,7.882643049361841,-0.0,0
545,0.0,0.0,545,0.0,0.0,0.0,0.0,0.0,0.0,0.0,9.090112419664289,-0.0,0
545,0.0,0.0,545,0.0,0.0,0.0,0.0,0.0,0.0,0.0,9.090112419664289,-0.0,0
545,0.0,0.0,545,0.0,0.0,0.0,0.0,0.0,0.0,0.0,9.090112419664289,-0.0,0
121,0.0,0.0,121,0.0,0.0,0.0,0.0,0.0,0.0,0.0,6.918863237274596,-0.0,0
545,0.0,0.0,545,0.0,0.0,0.0,0.0,0.0,0.0,0.0,9.090112419664289,-0.0,0
545,0.0,0.0,545,0.0,0.0,0.0,0.0,0.0,0.0,0.0,9.090112419664289,-0.0,0
545,0.0,0.0,545,0.0,0.0,0.0,0.0,0.0,0.0,0.0,9.090112419664289,-0.0,0
545,0.0,0.0,545,0.0,0.0,0.0,0.0,0.0,0.0,0.0,9.090112419664289,-0.0,0
545,0.0,0.0,545,0.0,0.0,0.0,0.0,0.0,0.0,0.0,9.090112419664289,-0.0,0
545,0.0,0.0,545,0.0,0.0,0.0,0.0,0.0,0.0,0.0,9.090112419664289,-0.0,0
171,0.0,0.0,171,0.0,0.0,0.0,0.0,0.0,0.0,0.0,7.417852514885897,-0.0,0
545,0.0,0.0,545,0.0,0.0,0.0,0.0,0.0,0.0,0.0,9.090112419664289,-0.0,0
545,0.0,0.0,545,0.0,0.0,0.0,0.0,0.0,0.0,0.0,9.090112419664289,-0.0,0
545,0.0,0.0,545,0.0,0.0,0.0,0.0,0.0,0.0,0.0,9.090112419664289,-0.0,0
545,0.0,0.0,545,0.0,0.0,0.0,0.0,0.0,0.0,0.0,9.090112419664289,-0.0,0
545,0.0,0.0,545,0.0,0.0,0.0,0.0,0.0,0.0,0.0,9.090112419664289,-0.0,0
545,0.0,0.0,545,0.0,0.0,0.0,0.0,0.0,0.0,0.0,9.090112419664289,-0.0,0
402,0.0,0.0,402,0.0,0.0,0.0,0.0,0.0,0.0,0.0,8.651051691178928,-0.0,0
545,0.0,0.0,545,0.0,0.0,0.0,0.0,0.0,0.0,0.0,9.090112419664289,-0.0,0
545,0.0,0.0,545,0.0,0.0,0.0,0.0,0.0,0.0,0.0,9.090112419664289,-0.0,0
545,0.0,0.0,545,0.0,0.0,0.0,0.0,0.0,0.0,0.0,9.090112419664289,-0.0,0
545,0.0,0.0,545,0.0,0.0,0.0,0.0,0.0,0.0,0.0,9.090112419664289,-0.0,0
545,0.0,0.0,545,0.0,0.0,0.0,0.0,0.0,0.0,0.0,9.090112419664289,-0.0,0
545,0.0,0.0,545,0.0,0.0,0.0,0.0,0.0,0.0,0.0,9.090112419664289,-0.0,0
545,0.0,0.0,545,0.0,0.0,0.0,0.0,0.0,0.0,0.0,9.090112419664289,-0.0,0
104,0.0,0.0,104,0.0,0.0,0.0,0.0,0.0,0.0,0.0,6.700439718141093,-0.0,0
545,0.0,0.0,545,0.0,0.0,0.0,0.0,0.0,0.0,0.0,9.090112419664289,-0.0,0
545,0.0,0.0,545,0.0,0.0,0.0,0.0,0.0,0.0,0.0,9.090112419664289,-0.0,0
545,0.0,0.0,545,0.0,0.0,0.0,0.0,0.0,0.0,0.0,9.090112419664289,-0.0,0
545,0.0,0.0,545,0.0,0.0,0.0,0.0,0.0,0.0,0.0,9.090112419664289,-0.0,0
545,0.0,0.0,545,0.0,0.0,0.0,0.0,0.0,0.0,0.0,9.090112419664289,-0.0,0
545,0.0,0.0,545,0.0,0.0,0.0,0.0,0.0,0.0,0.0,9.090112419664289,-0.0,0
545,0.0,0.0,545,0.0,0.0,0.0,0.0,0.0,0.0,0.0,9.090112419664289,-0.0,0
143,0.0,0.0,143,0.0,0.0,0.0,0.0,0.0,0.0,0.0,7.159871336778389,-0.0,0
545,0.0,0.0,545,0.0,0.0,0.0,0.0,0.0,0.0,0.0,9.090112419664289,-0.0,0
545,0.0,0.0,545,0.0,0.0,0.0,0.0,0.0,0.0,0.0,9.090112419664289,-0.0,0
545,0.0,0.0,545,0.0,0.0,0.0,0.0,0.0,0.0,0.0,9.090112419664289,-0.0,0
545,0.0,0.0,545,0.0,0.0,0.0,0.0,0.0,0.0,0.0,9.090112419664289,-0.0,0
545,0.0,0.0,545,0.0,0.0,0.0,0.0,0.0,0.0,0.0,9.090112419664289,-0.0,0
545,0.0,0.0,545,0.0,0.0,0.0,0.0,0.0,0.0,0.0,9.090112419664289,-0.0,0
545,0.0,0.0,545,0.0,0.0,0.0,0.0,0.0,0.0,0.0,9.090112419664289,-0.0,0
190,0.0,0.0,190,0.0,0.0,0.0,0.0,0.0,0.0,0.0,7.569855608330949,-0.0,0
545,0.0,0.0,545,0.0,0.0,0.0,0.0,0.0,0.0,0.0,9.090112419664289,-0.0,0
545,0.0,0.0,545,0.0,0.0,0.0,0.0,0.0,0.0,0.0,9.090112419664289,-0.0,0
545,0.0,0.0,545,0.0,0.0,0.0,0.0,0.0,0.0,0.0,9.090112419664289,-0.0,0
545,0.0,0.0,545,0.0,0.0,0.0,0.0,0.0,0.0,0.0,9.090112419664289,-0.0,0
545,0.0,0.0,545,0.0,0.0,0.0,0.0,0.0,0.0,0.0,9.090112419664289,-0.0,0
532,0.0,0.0,532,0.0,0.0,0.0,0.0,0.0,0.0,0.0,9.055282435501189,-0.0,0
545,0.0,0.0,545,0.0,0.0,0.0,0.0,0.0,0.0,0.0,9.090112419664289,-0.0,0
545,0.0,0.0,545,0.0,0.0,0.0,0.0,0.0,0.0,0.0,9.090112419664289,-0.0,0
105,0.0,0.0,105,0.0,0.0,0.0,0.0,0.0,0.0,0.0,6.714245517666122,-0.0,0
229,0.0,0.0,124,0.0,0.0,0.0,0.0,0.0,0.0,0.0,7.839203788096945,-0.0,0
254,0.0,0.0,48,0.0,0.0,0.0,0.0,0.0,0.0,0.0,7.9886846867721655,-0.0,0
263,0.0,0.0,56,0.0,0.0,0.0,0.0,0.0,0.0,0.0,8.0389189892923,-0.0,0
286,0.0,0.0,63,0.0,0.0,0.0,0.0,0.0,0.0,0.0,8.159871336778387,-0.0,0
545,0.0,0.0,306,0.0,0.0,0.0,0.0,0.0,0.0,0.0,9.090112419664289,-0.0,0
545,0.0,0.0,545,0.0,0.0,0.0,0.0,0.0,0.0,0.0,9.090112419664289,-0.0,0
545,0.0,0.0,545,0.0,0.0,0.0,0.0,0.0,0.0,0.0,9.090112419664289,-0.0,0
306,0.0,0.0,306,0.0,0.0,0.0,0.0,0.0,0.0,0.0,8.257387842692651,-0.0,0
545,0.0,0.0,545,0.0,0.0,0.0,0.0,0.0,0.0,0.0,9.090112419664289,-0.0,0
545,0.0,0.0,545,0.0,0.0,0.0,0.0,0.0,0.0,0.0,9.090112419664289,-0.0,0
545,0.0,0.0,545,0.0,0.0,0.0,0.0,0.0,0.0,0.0,9.090112419664289,-0.0,0
270,0.0,0.0,270,0.0,0.0,0.0,0.0,0.0,0.0,0.0,8.07681559705083,-0.0,0
545,0.0,0.0,545,0.0,0.0,0.0,0.0,0.0,0.0,0.0,9.090112419664289,-0.0,0
545,0.0,0.0,545,0.0,0.0,0.0,0.0,0.0,0.0,0.0,9.090112419664289,-0.0,0
545,0.0,0.0,545,0.0,0.0,0.0,0.0,0.0,0.0,0.0,9.090112419664289,-0.0,0
234,0.0,0.0,234,0.0,0.0,0.0,0.0,0.0,0.0,0.0,7.870364719583403,-0.0,0
468,464.52657866846494,25084.435248097096,468,0.0,0.0,0.0,0.0,0.0,3353.3333333333335,181080.0,8.870364719583407,-0.0,0
545,0.0,0.0,545,0.0,0.0,0.0,0.0,0.0,0.0,0.0,9.090112419664289,-0.0,1
545,0.0,0.0,545,0.0,0.0,0.0,0.0,0.0,0.0,0.0,9.090112419664289,-0.0,1
545,0.0,0.0,545,0.0,0.0,0.0,0.0,0.0,0.0,0.0,9.090112419664289,-0.0,1
545,0.12065528236898053,6.515385247924948,545,0.0,0.0,0.0,0.0,0.0,2.0,108.0,9.090112419664289,-0.0,1
545,0.06046699836067552,3.265217911476478,545,0.0,0.0,0.0,0.0,0.0,0.6666666666666666,36.0,9.090112419664289,-0.0,1
345,0.09284415871331575,5.01358457051905,345,0.0,0.0,0.0,0.0,0.0,1.0,54.0,8.430452551665532,-0.0,1
545,0.0,0.0,545,0.0,0.0,0.0,0.0,0.0,0.0,0.0,9.090112419664289,-0.0,1
545,0.0,0.0,545,0.0,0.0,0.0,0.0,0.0,0.0,0.0,9.090112419664289,-0.0,1
545,0.0,0.0,545,0.0,0.0,0.0,0.0,0.0,0.0,0.0,9.090112419664289,-0.0,1
545,0.12065528236898053,6.515385247924948,545,0.0,0.0,0.0,0.0,0.0,2.0,108.0,9.090112419664289,-0.0,1
545,0.07398842258222367,3.9953748194400776,545,0.0,0.0,0.0,0.0,0.0,1.0,54.0,9.090112419664289,-0.0,1
545,0.060466998360675525,3.265217911476478,545,0.0,0.0,0.0,0.0,0.0,0.6666666666666666,36.0,9.090112419664289,-0.0,1
545,0.0,0.0,545,0.0,0.0,0.0,0.0,0.0,0.0,0.0,9.090112419664289,-0.0,1
545,0.060466998360675525,3.265217911476478,545,0.0,0.0,0.0,0.0,0.0,0.6666666666666666,36.0,9.090112419664289,-0.0,1
365,0.07382023882360263,3.986292896474542,365,0.0,0.0,0.0,0.0,0.0,0.6666666666666666,36.0,8.511752653767381,-0.0,1
545,0.0,0.0,545,0.0,0.0,0.0,0.0,0.0,0.0,0.0,9.090112419664289,-0.0,1
545,0.0,0.0,545,0.0,0.0,0.0,0.0,0.0,0.0,0.0,9.090112419664289,-0.0,1
545,0.0,0.0,545,0.0,0.0,0.0,0.0,0.0,0.0,0.0,9.090112419664289,-0.0,1
545,0.12065528236898053,6.515385247924948,545,0.0,0.0,0.0,0.0,0.0,2.0,108.0,9.090112419664289,-0.0,1
545,0.07398842258222367,3.9953748194400776,545,0.0,0.0,0.0,0.0,0.0,1.0,54.0,9.090112419664289,-0.0,1
545,0.06046699836067552,3.265217911476478,545,0.0,0.0,0.0,0.0,0.0,0.6666666666666666,36.0,9.090112419664289,-0.0,1
545,0.0,0.0,545,0.0,0.0,0.0,0.0,0.0,0.0,0.0,9.090112419664289,-0.0,1
545,0.07398842258222367,3.9953748194400776,545,0.0,0.0,0.0,0.0,0.0,1.0,54.0,9.090112419664289,-0.0,1
545,0.04279597720987376,2.3109827693331835,545,0.0,0.0,0.0,0.0,0.0,0.3333333333333333,18.0,9.090112419664289,-0.0,1
545,0.04279597720987376,2.3109827693331835,545,0.0,0.0,0.0,0.0,0.0,0.3333333333333333,18.0,9.090112419664289,-0.0,1
545,0.1126013650830551,6.0804737144849765,545,0.0,0.0,0.0,0.0,0.0,2.3333333333333335,126.0,9.090112419664289,-0.0,1
273,0.08527799799870195,4.605011891929904,273,0.0,0.0,0.0,0.0,0.0,0.6666666666666666,36.0,8.09275714091985,-0.0,1
545,0.0,0.0,545,0.0,0.0,0.0,0.0,0.0,0.0,0.0,9.090112419664289,-0.0,1
545,0.0,0.0,545,0.0,0.0,0.0,0.0,0.0,0.0,0.0,9.090112419664289,-0.0,1
545,0.12065528236898054,6.515385247924948,545,0.0,0.0,0.0,0.0,0.0,2.0,108.0,9.090112419664289,-0.0,1
545,0.07398842258222367,3.9953748194400776,545,0.0,0.0,0.0,0.0,0.0,1.0,54.0,9.090112419664289,-0.0,1
545,0.06046699836067552,3.265217911476478,545,0.0,0.0,0.0,0.0,0.0,0.6666666666666666,36.0,9.090112419664289,-0.0,1
545,0.0,0.0,545,0.0,0.0,0.0,0.0,0.0,0.0,0.0,9.090112419664289,-0.0,1
545,0.07398842258222367,3.9953748194400776,545,0.0,0.0,0.0,0.0,0.0,1.0,54.0,9.090112419664289,-0.0,1
545,0.04279597720987376,2.3109827693331835,545,0.0,0.0,0.0,0.0,0.0,0.3333333333333333,18.0,9.090112419664289,-0.0,1
545,0.060466998360675525,3.265217911476478,545,0.0,0.0,0.0,0.0,0.0,0.6666666666666666,36.0,9.090112419664289,-0.0,1
545,0.1126013650830551,6.080473714484976,545,0.0,0.0,0.0,0.0,0.0,2.3333333333333335,126.0,9.090112419664289,-0.0,1
545,0.07398842258222367,3.9953748194400776,545,0.0,0.0,0.0,0.0,0.0,1.0,54.0,9.090112419664289,-0.0,1
545,0.06046699836067552,3.265217911476478,545,0.0,0.0,0.0,0.0,0.0,0.6666666666666666,36.0,9.090112419664289,-0.0,1
545,0.09534224628819508,5.148481299562534,545,0.0,0.0,0.0,0.0,0.0,1.6666666666666667,90.0,9.090112419664289,-0.0,1
135,0.0,0.0,135,0.0,0.0,0.0,0.0,0.0,0.0,0.0,7.07681559705083,-0.0,1
545,0.12065528236898053,6.515385247924948,545,0.0,0.0,0.0,0.0,0.0,2.0,108.0,9.090112419664289,-0.0,1
545,0.08535562091459088,4.609203529387908,545,0.0,0.0,0.0,0.0,0.0,1.3333333333333333,72.0,9.090112419664289,-0.0,1
545,0.04279597720987376,2.3109827693331835,545,0.0,0.0,0.0,0.0,0.0,0.3333333333333333,18.0,9.090112419664289,-0.0,1
545,0.0,0.0,545,0.0,0.0,0.0,0.0,0.0,0.0,0.0,9.090112419664289,-0.0,1
545,0.07398842258222367,3.995374819440078,545,0.0,0.0,0.0,0.0,0.0,1.0,54.0,9.090112419664289,-0.0,1
545,0.04279597720987376,2.3109827693331835,545,0.0,0.0,0.0,0.0,0.0,0.3333333333333333,18.0,9.090112419664289,-0.0,1
545,0.06046699836067552,3.265217911476478,545,0.0,0.0,0.0,0.0,0.0,0.6666666666666666,36.0,9.090112419664289,-0.0,1
545,0.1126013650830551,6.0804737144849765,545,0.0,0.0,0.0,0.0,0.0,2.3333333333333335,126.0,9.090112419664289,-0.0,1
545,0.08535562091459088,4.609203529387907,545,0.0,0.0,0.0,0.0,0.0,1.3333333333333333,72.0,9.090112419664289,-0.0,1
545,0.04279597720987376,2.3109827693331835,545,0.0,0.0,0.0,0.0,0.0,0.3333333333333333,18.0,9.090112419664289,-0.0,1
545,0.09534224628819507,5.148481299562534,545,0.0,0.0,0.0,0.0,0.0,1.6666666666666667,90.0,9.090112419664289,-0.0,1
545,0.0,0.0,545,0.0,0.0,0.0,0.0,0.0,0.0,0.0,9.090112419664289,-0.0,1
545,0.07398842258222367,3.9953748194400776,545,0.0,0.0,0.0,0.0,0.0,1.0,54.0,9.090112419664289,-0.0,1
257,0.0,0.0,257,0.0,0.0,0.0,0.0,0.0,0.0,0.0,8.005624549193877,-0.0,1
545,0.12065528236898053,6.515385247924948,545,0.0,0.0,0.0,0.0,0.0,2.0,108.0,9.090112419664289,-0.0,1
545,0.08535562091459088,4.609203529387908,545,0.0,0.0,0.0,0.0,0.0,1.3333333333333333,72.0,9.090112419664289,-0.0,1
545,0.04279597720987376,2.3109827693331835,545,0.0,0.0,0.0,0.0,0.0,0.3333333333333333,18.0,9.090112419664289,-0.0,1
545,0.0,0.0,545,0.0,0.0,0.0,0.0,0.0,0.0,0.0,9.090112419664289,-0.0,1
545,0.07398842258222367,3.995374819440078,545,0.0,0.0,0.0,0.0,0.0,1.0,54.0,9.090112419664289,-0.0,1
545,0.04279597720987376,2.3109827693331835,545,0.0,0.0,0.0,0.0,0.0,0.3333333333333333,18.0,9.090112419664289,-0.0,1
545,0.06046699836067552,3.265217911476478,545,0.0,0.0,0.0,0.0,0.0,0.6666666666666666,36.0,9.090112419664289,-0.0,1
545,0.1126013650830551,6.0804737144849765,545,0.0,0.0,0.0,0.0,0.0,2.3333333333333335,126.0,9.090112419664289,-0.0,1
545,0.08535562091459088,4.609203529387907,545,0.0,0.0,0.0,0.0,0.0,1.3333333333333333,72.0,9.090112419664289,-0.0,1
545,0.04279597720987376,2.3109827693331835,545,0.0,0.0,0.0,0.0,0.0,0.3333333333333333,18.0,9.090112419664289,-0.0,1
545,0.09534224628819507,5.148481299562534,545,0.0,0.0,0.0,0.0,0.0,1.6666666666666667,90.0,9.090112419664289,-0.0,1
545,0.0,0.0,545,0.0,0.0,0.0,0.0,0.0,0.0,0.0,9.090112419664289,-0.0,1
545,0.07398842258222367,3.9953748194400776,545,0.0,0.0,0.0,0.0,0.0,1.0,54.0,9.090112419664289,-0.0,1
545,0.06046699836067552,3.265217911476478,545,0.0,0.0,0.0,0.0,0.0,0.6666666666666666,36.0,9.090112419664289,-0.0,1
544,0.0,0.0,545,0.0,0.0,0.0,0.0,0.0,0.0,0.0,9.086442694893647,-0.0,1
545,0.06046699836067552,3.265217911476478,545,0.0,0.0,0.0,0.0,0.0,0.6666666666666666,36.0,9.090112419664289,-0.0,1
70,0.0,0.0,70,0.0,0.0,0.0,0.0,0.0,0.0,0.0,6.129283016944968,-0.0,1
545,0.12065528236898053,6.515385247924948,545,0.0,0.0,0.0,0.0,0.0,2.0,108.0,9.090112419664289,-0.0,1
545,0.08535562091459088,4.609203529387908,545,0.0,0.0,0.0,0.0,0.0,1.3333333333333333,72.0,9.090112419664289,-0.0,1
545,0.04279597720987376,2.3109827693331835,545,0.0,0.0,0.0,0.0,0.0,0.3333333333333333,18.0,9.090112419664289,-0.0,1
545,0.0,0.0,545,0.0,0.0,0.0,0.0,0.0,0.0,0.0,9.090112419664289,-0.0,1
545,0.07398842258222367,3.995374819440078,545,0.0,0.0,0.0,0.0,0.0,1.0,54.0,9.090112419664289,-0.0,1
545,0.04279597720987376,2.3109827693331835,545,0.0,0.0,0.0,0.0,0.0,0.3333333333333333,18.0,9.090112419664289,-0.0,1
545,0.06046699836067552,3.265217911476478,545,0.0,0.0,0.0,0.0,0.0,0.6666666666666666,36.0,9.090112419664289,-0.0,1
545,0.1126013650830551,6.0804737144849765,545,0.0,0.0,0.0,0.0,0.0,2.3333333333333335,126.0,9.090112419664289,-0.0,1
545,0.08535562091459088,4.609203529387907,545,0.0,0.0,0.0,0.0,0.0,1.3333333333333333,72.0,9.090112419664289,-0.0,1
545,0.04279597720987376,2.3109827693331835,545,0.0,0.0,0.0,0.0,0.0,0.3333333333333333,18.0,9.090112419664289,-0.0,1
545,0.09534224628819507,5.148481299562534,545,0.0,0.0,0.0,0.0,0.0,1.6666666666666667,90.0,9.090112419664289,-0.0,1
545,0.0,0.0,545,0.0,0.0,0.0,0.0,0.0,0.0,0.0,9.090112419664289,-0.0,1
545,0.07398842258222367,3.9953748194400776,545,0.0,0.0,0.0,0.0,0.0,1.0,54.0,9.090112419664289,-0.0,1
545,0.06046699836067552,3.265217911476478,545,0.0,0.0,0.0,0.0,0.0,0.6666666666666666,36.0,9.090112419664289,-0.0,1
544,0.0,0.0,545,0.0,0.0,0.0,0.0,0.0,0.0,0.0,9.086442694893647,-0.0,1
545,0.06046699836067552,3.265217911476478,545,0.0,0.0,0.0,0.0,0.0,0.6666666666666666,36.0,9.090112419664289,-0.0,1
545,0.04279597720987376,2.3109827693331835,545,0.0,0.0,0.0,0.0,0.0,0.3333333333333333,18.0,9.090112419664289,-0.0,1
545,0.0,0.0,545,0.0,0.0,0.0,0.0,0.0,0.0,0.0,9.090112419664289,-0.0,1
231,0.06565260124719959,3.5452404673487763,231,0.0,0.0,0.0,0.0,0.0,0.3333333333333333,18.0,7.851749041416056,-0.0,1
545,0.0,0.0,545,0.0,0.0,0.0,0.0,0.0,0.0,0.0,9.090112419664289,-0.0,1
545,0.08535562091459087,4.609203529387907,545,0.0,0.0,0.0,0.0,0.0,1.3333333333333333,72.0,9.090112419664289,-0.0,1
545,0.04279597720987376,2.3109827693331835,545,0.0,0.0,0.0,0.0,0.0,0.3333333333333333,18.0,9.090112419664289,-0.0,1
545,0.06046699836067552,3.265217911476478,545,0.0,0.0,0.0,0.0,0.0,0.6666666666666666,36.0,9.090112419664289,-0.0,1
545,0.104345447398994,5.634654159545676,545,0.0,0.0,0.0,0.0,0.0,2.0,108.0,9.090112419664289,-0.0,1
545,0.08535562091459088,4.609203529387908,545,0.0,0.0,0.0,0.0,0.0,1.3333333333333333,72.0,9.090112419664289,-0.0,1
545,0.060466998360675525,3.265217911476478,545,0.0,0.0,0.0,0.0,0.0,0.6666666666666666,36.0,9.090112419664289,-0.0,1
545,0.08535562091459088,4.609203529387908,545,0.0,0.0,0.0,0.0,0.0,1.3333333333333333,72.0,9.090112419664289,-0.0,1
545,0.0,0.0,545,0.0,0.0,0.0,0.0,0.0,0.0,0.0,9.090112419664289,-0.0,1
545,0.07398842258222367,3.995374819440078,545,0.0,0.0,0.0,0.0,0.0,1.0,54.0,9.090112419664289,-0.0,1
545,0.060466998360675525,3.265217911476478,545,0.0,0.0,0.0,0.0,0.0,0.6666666666666666,36.0,9.090112419664289,-0.0,1
544,0.0,0.0,545,0.0,0.0,0.0,0.0,0.0,0.0,0.0,9.086442694893647,-0.0,1
545,0.06046699836067552,3.265217911476478,545,0.0,0.0,0.0,0.0,0.0,0.6666666666666666,36.0,9.090112419664289,-0.0,1
545,0.04279597720987376,2.3109827693331835,545,0.0,0.0,0.0,0.0,0.0,0.3333333333333333,18.0,9.090112419664289,-0.0,1
545,0.04279597720987377,2.3109827693331835,545,0.0,0.0,0.0,0.0,0.0,0.3333333333333333,18.0,9.090112419664289,-0.0,1
545,0.0,0.0,545,0.0,0.0,0.0,0.0,0.0,0.0,0.0,9.090112419664289,-0.0,1
545,0.042795977209873756,2.3109827693331835,545,0.0,0.0,0.0,0.0,0.0,0.3333333333333333,18.0,9.090112419664289,-0.0,1
410,0.04932621564916264,2.663615645054783,410,0.0,0.0,0.0,0.0,0.0,0.3333333333333333,18.0,8.679480099505446,-0.0,1
545,0.060466998360675525,3.265217911476478,545,0.0,0.0,0.0,0.0,0.0,0.6666666666666666,36.0,9.090112419664289,-0.0,1
545,0.1126013650830551,6.0804737144849765,545,0.0,0.0,0.0,0.0,0.0,2.3333333333333335,126.0,9.090112419664289,-0.0,1
545,0.060466998360675525,3.265217911476478,545,0.0,0.0,0.0,0.0,0.0,0.6666666666666666,36.0,9.090112419664289,-0.0,1
545,0.07398842258222367,3.995374819440078,545,0.0,0.0,0.0,0.0,0.0,1.0,54.0,9.090112419664289,-0.0,1
545,0.09534224628819508,5.148481299562534,545,0.0,0.0,0.0,0.0,0.0,1.6666666666666667,90.0,9.090112419664289,-0.0,1
545,0.0,0.0,545,0.0,0.0,0.0,0.0,0.0,0.0,0.0,9.090112419664289,-0.0,1
545,0.06046699836067552,3.265217911476478,545,0.0,0.0,0.0,0.0,0.0,0.6666666666666666,36.0,9.090112419664289,-0.0,1
545,0.07398842258222367,3.9953748194400776,545,0.0,0.0,0.0,0.0,0.0,1.0,54.0,9.090112419664289,-0.0,1
544,0.0,0.0,545,0.0,0.0,0.0,0.0,0.0,0.0,0.0,9.086442694893647,-0.0,1
545,0.060466998360675525,3.2652179114764786,545,0.0,0.0,0.0,0.0,0.0,0.6666666666666666,36.0,9.090112419664289,-0.0,1
545,0.04279597720987376,2.310982769333184,545,0.0,0.0,0.0,0.0,0.0,0.3333333333333333,18.0,9.090112419664289,-0.0,1
545,0.0,0.0,545,0.0,0.0,0.0,0.0,0.0,0.0,0.0,9.090112419664289,-0.0,1
545,0.04279597720987376,2.3109827693331835,545,0.0,0.0,0.0,0.0,0.0,0.3333333333333333,18.0,9.090112419664289,-0.0,1
545,0.042795977209873756,2.3109827693331835,545,0.0,0.0,0.0,0.0,0.0,0.3333333333333333,18.0,9.090112419664289,-0.0,1
545,0.04279597720987376,2.3109827693331835,545,0.0,0.0,0.0,0.0,0.0,0.3333333333333333,18.0,9.090112419664289,-0.0,1
545,0.0,0.0,545,0.0,0.0,0.0,0.0,0.0,0.0,0.0,9.090112419664289,-0.0,1
545,0.0,0.0,545,0.0,0.0,0.0,0.0,0.0,0.0,0.0,9.090112419664289,-0.0,1
303,0.0,0.0,303,0.0,0.0,0.0,0.0,0.0,0.0,0.0,8.243173983472953,-0.0,1
545,0.07398842258222367,3.995374819440078,545,0.0,0.0,0.0,0.0,0.0,1.0,54.0,9.090112419664289,-0.0,1
545,0.08535562091459087,4.609203529387908,545,0.0,0.0,0.0,0.0,0.0,1.3333333333333333,72.0,9.090112419664289,-0.0,1
545,0.060466998360675525,3.265217911476478,545,0.0,0.0,0.0,0.0,0.0,0.6666666666666666,36.0,9.090112419664289,-0.0,1
545,0.060466998360675525,3.265217911476478,545,0.0,0.0,0.0,0.0,0.0,0.6666666666666666,36.0,9.090112419664289,-0.0,1
545,0.06046699836067552,3.265217911476478,545,0.0,0.0,0.0,0.0,0.0,0.6666666666666666,36.0,9.090112419664289,-0.0,1
545,0.04279597720987376,2.3109827693331835,545,0.0,0.0,0.0,0.0,0.0,0.3333333333333333,18.0,9.090112419664289,-0.0,1
545,0.0,0.0,545,0.0,0.0,0.0,0.0,0.0,0.0,0.0,9.090112419664289,-0.0,1
545,0.07398842258222367,3.995374819440078,545,0.0,0.0,0.0,0.0,0.0,1.0,54.0,9.090112419664289,-0.0,1
545,0.0,0.0,545,0.0,0.0,0.0,0.0,0.0,0.0,0.0,9.090112419664289,-0.0,1
545,0.042795977209873756,2.3109827693331835,545,0.0,0.0,0.0,0.0,0.0,0.3333333333333333,18.0,9.090112419664289,-0.0,1
545,0.04279597720987376,2.3109827693331835,545,0.0,0.0,0.0,0.0,0.0,0.3333333333333333,18.0,9.090112419664289,-0.0,1
545,0.04279597720987376,2.3109827693331835,545,0.0,0.0,0.0,0.0,0.0,0.3333333333333333,18.0,9.090112419664289,-0.0,1
545,0.0,0.0,545,0.0,0.0,0.0,0.0,0.0,0.0,0.0,9.090112419664289,-0.0,1
545,0.0,0.0,545,0.0,0.0,0.0,0.0,0.0,0.0,0.0,9.090112419664289,-0.0,1
545,0.0,0.0,545,0.0,0.0,0.0,0.0,0.0,0.0,0.0,9.090112419664289,-0.0,1
545,0.0,0.0,545,0.0,0.0,0.0,0.0,0.0,0.0,0.0,9.090112419664289,-0.0,1
545,0.0,0.0,545,0.0,0.0,0.0,0.0,0.0,0.0,0.0,9.090112419664289,-0.0,1
9,0.0,0.0,9,0.0,0.0,0.0,0.0,0.0,0.0,0.0,3.169925001442312,-0.0,1
545,0.0,0.0,545,0.0,0.0,0.0,0.0,0.0,0.0,0.0,9.090112419664289,-0.0,1
545,0.07398842258222367,3.9953748194400776,545,0.0,0.0,0.0,0.0,0.0,1.0,54.0,9.090112419664289,-0.0,1
545,0.06046699836067552,3.265217911476478,545,0.0,0.0,0.0,0.0,0.0,0.6666666666666666,36.0,9.090112419664289,-0.0,1
544,0.0,0.0,545,0.0,0.0,0.0,0.0,0.0,0.0,0.0,9.086442694893647,-0.0,1
545,0.07398842258222367,3.995374819440078,545,0.0,0.0,0.0,0.0,0.0,1.0,54.0,9.090112419664289,-0.0,1
545,0.0,0.0,545,0.0,0.0,0.0,0.0,0.0,0.0,0.0,9.090112419664289,-0.0,1
545,0.04279597720987376,2.3109827693331835,545,0.0,0.0,0.0,0.0,0.0,0.3333333333333333,18.0,9.090112419664289,-0.0,1
545,0.04279597720987376,2.3109827693331835,545,0.0,0.0,0.0,0.0,0.0,0.3333333333333333,18.0,9.090112419664289,-0.0,1
545,0.04279597720987376,2.310982769333184,545,0.0,0.0,0.0,0.0,0.0,0.3333333333333333,18.0,9.090112419664289,-0.0,1
545,0.0,0.0,545,0.0,0.0,0.0,0.0,0.0,0.0,0.0,9.090112419664289,-0.0,1
545,0.0,0.0,545,0.0,0.0,0.0,0.0,0.0,0.0,0.0,9.090112419664289,-0.0,1
545,0.0,0.0,545,0.0,0.0,0.0,0.0,0.0,0.0,0.0,9.090112419664289,-0.0,1
545,0.0,0.0,545,0.0,0.0,0.0,0.0,0.0,0.0,0.0,9.090112419664289,-0.0,1
545,0.0,0.0,545,0.0,0.0,0.0,0.0,0.0,0.0,0.0,9.090112419664289,-0.0,1
545,0.0,0.0,545,0.0,0.0,0.0,0.0,0.0,0.0,0.0,9.090112419664289,-0.0,1
327,0.0,0.0,327,0.0,0.0,0.0,0.0,0.0,0.0,0.0,8.35314682549808,-0.0,1
545,430.52753073133016,23248.486659491817,545,0.0,0.0,0.0,0.0,0.0,3353.3333333333335,181080.0,9.090112419664289,-0.0,1
545,0.0,0.0,545,0.0,0.0,0.0,0.0,0.0,0.0,0.0,9.090112419664289,-0.0,1
545,0.0,0.0,545,0.0,0.0,0.0,0.0,0.0,0.0,0.0,9.090112419664289,-0.0,1
545,0.0,0.0,545,0.0,0.0,0.0,0.0,0.0,0.0,0.0,9.090112419664289,-0.0,1
255,0.0,0.0,255,0.0,0.0,0.0,0.0,0.0,0.0,0.0,7.994353436858859,-0.0,1
545,430.52753073133016,23248.486659491817,545,0.0,0.0,0.0,0.0,0.0,3353.3333333333335,181080.0,9.090112419664289,-0.0,1
545,0.0,0.0,545,0.0,0.0,0.0,0.0,0.0,0.0,0.0,9.090112419664289,-0.0,1
545,0.0,0.0,545,0.0,0.0,0.0,0.0,0.0,0.0,0.0,9.090112419664289,-0.0,1
545,0.0,0.0,545,0.0,0.0,0.0,0.0,0.0,0.0,0.0,9.090112419664289,-0.0,1
545,0.0,0.0,545,0.0,0.0,0.0,0.0,0.0,0.0,0.0,9.090112419664289,-0.0,1
545,0.0,0.0,545,0.0,0.0,0.0,0.0,0.0,0.0,0.0,9.090112419664289,-0.0,1
545,0.0,0.0,545,0.0,0.0,0.0,0.0,0.0,0.0,0.0,9.090112419664289,-0.0,1
493,0.0,0.0,493,0.0,0.0,0.0,0.0,0.0,0.0,0.0,8.945443836377912,-0.0,1
545,430.52753073133016,23248.486659491817,545,0.0,0.0,0.0,0.0,0.0,3353.3333333333335,181080.0,9.090112419664289,-0.0,1
545,0.0,0.0,545,0.0,0.0,0.0,0.0,0.0,0.0,0.0,9.090112419664289,-0.0,1
545,0.0,0.0,545,0.0,0.0,0.0,0.0,0.0,0.0,0.0,9.090112419664289,-0.0,1
545,0.0,0.0,545,0.0,0.0,0.0,0.0,0.0,0.0,0.0,9.090112419664289,-0.0,1
545,0.0,0.0,545,0.0,0.0,0.0,0.0,0.0,0.0,0.0,9.090112419664289,-0.0,1
545,0.0,0.0,545,0.0,0.0,0.0,0.0,0.0,0.0,0.0,9.090112419664289,-0.0,1
545,0.0,0.0,545,0.0,0.0,0.0,0.0,0.0,0.0,0.0,9.090112419664289,-0.0,1
545,0.0,0.0,545,0.0,0.0,0.0,0.0,0.0,0.0,0.0,9.090112419664289,-0.0,1
545,0.0,0.0,545,0.0,0.0,0.0,0.0,0.0,0.0,0.0,9.090112419664289,-0.0,1
545,0.0,0.0,545,0.0,0.0,0.0,0.0,0.0,0.0,0.0,9.090112419664289,-0.0,1
545,0.0,0.0,545,0.0,0.0,0.0,0.0,0.0,0.0,0.0,9.090112419664289,-0.0,1
230,0.0,0.0,230,0.0,0.0,0.0,0.0,0.0,0.0,0.0,7.845490050944374,-0.0,1
545,0.04279597720987376,2.310982769333184,545,0.0,0.0,0.0,0.0,0.0,0.3333333333333333,18.0,9.090112419664289,-0.0,1
545,0.0,0.0,545,0.0,0.0,0.0,0.0,0.0,0.0,0.0,9.090112419664289,-0.0,1
545,0.07398842258222367,3.9953748194400776,545,0.0,0.0,0.0,0.0,0.0,1.0,54.0,9.090112419664289,-0.0,1
545,0.0,0.0,545,0.0,0.0,0.0,0.0,0.0,0.0,0.0,9.090112419664289,-0.0,1
545,0.04279597720987376,2.3109827693331835,545,0.0,0.0,0.0,0.0,0.0,0.3333333333333333,18.0,9.090112419664289,-0.0,1
545,0.04279597720987376,2.3109827693331835,545,0.0,0.0,0.0,0.0,0.0,0.3333333333333333,18.0,9.090112419664289,-0.0,1
545,0.04279597720987376,2.3109827693331835,545,0.0,0.0,0.0,0.0,0.0,0.3333333333333333,18.0,9.090112419664289,-0.0,1
545,0.0,0.0,545,0.0,0.0,0.0,0.0,0.0,0.0,0.0,9.090112419664289,-0.0,1
545,0.0,0.0,545,0.0,0.0,0.0,0.0,0.0,0.0,0.0,9.090112419664289,-0.0,1
545,0.0,0.0,545,0.0,0.0,0.0,0.0,0.0,0.0,0.0,9.090112419664289,-0.0,1
545,0.0,0.0,545,0.0,0.0,0.0,0.0,0.0,0.0,0.0,9.090112419664289,-0.0,1
545,0.0,0.0,545,0.0,0.0,0.0,0.0,0.0,0.0,0.0,9.090112419664289,-0.0,1
545,0.0,0.0,545,0.0,0.0,0.0,0.0,0.0,0.0,0.0,9.090112419664289,-0.0,1
545,0.04279597720987376,2.3109827693331835,545,0.0,0.0,0.0,0.0,0.0,0.3333333333333333,18.0,9.090112419664289,-0.0,1
300,0.0,0.0,300,0.0,0.0,0.0,0.0,0.0,0.0,0.0,8.228818690495883,-0.0,1
545,0.0,0.0,545,0.0,0.0,0.0,0.0,0.0,0.0,0.0,9.090112419664289,-0.0,1
545,0.04279597720987376,2.3109827693331835,545,0.0,0.0,0.0,0.0,0.0,0.3333333333333333,18.0,9.090112419664289,-0.0,1
545,0.04279597720987376,2.3109827693331835,545,0.0,0.0,0.0,0.0,0.0,0.3333333333333333,18.0,9.090112419664289,-0.0,1
545,0.04279597720987376,2.3109827693331835,545,0.0,0.0,0.0,0.0,0.0,0.3333333333333333,18.0,9.090112419664289,-0.0,1
545,0.0,0.0,545,0.0,0.0,0.0,0.0,0.0,0.0,0.0,9.090112419664289,-0.0,1
545,0.0,0.0,545,0.0,0.0,0.0,0.0,0.0,0.0,0.0,9.090112419664289,-0.0,1
545,0.0,0.0,545,0.0,0.0,0.0,0.0,0.0,0.0,0.0,9.090112419664289,-0.0,1
545,0.0,0.0,545,0.0,0.0,0.0,0.0,0.0,0.0,0.0,9.090112419664289,-0.0,1
545,0.0,0.0,545,0.0,0.0,0.0,0.0,0.0,0.0,0.0,9.090112419664289,-0.0,1
545,0.0,0.0,545,0.0,0.0,0.0,0.0,0.0,0.0,0.0,9.090112419664289,-0.0,1
545,0.0,0.0,545,0.0,0.0,0.0,0.0,0.0,0.0,0.0,9.090112419664289,-0.0,1
545,0.04279597720987376,2.3109827693331835,545,0.0,0.0,0.0,0.0,0.0,0.3333333333333333,18.0,9.090112419664289,-0.0,1
545,0.0,0.0,545,0.0,0.0,0.0,0.0,0.0,0.0,0.0,9.090112419664289,-0.0,1
525,0.0,0.0,525,0.0,0.0,0.0,0.0,0.0,0.0,0.0,9.036173612553483,-0.0,1
545,0.04279597720987376,2.3109827693331835,545,0.0,0.0,0.0,0.0,0.0,0.3333333333333333,18.0,9.090112419664289,-0.0,1
545,0.04279597720987376,2.3109827693331835,545,0.0,0.0,0.0,0.0,0.0,0.3333333333333333,18.0,9.090112419664289,-0.0,1
545,0.0,0.0,545,0.0,0.0,0.0,0.0,0.0,0.0,0.0,9.090112419664289,-0.0,1
545,0.0,0.0,545,0.0,0.0,0.0,0.0,0.0,0.0,0.0,9.090112419664289,-0.0,1
545,0.0,0.0,545,0.0,0.0,0.0,0.0,0.0,0.0,0.0,9.090112419664289,-0.0,1
545,0.0,0.0,545,0.0,0.0,0.0,0.0,0.0,0.0,0.0,9.090112419664289,-0.0,1
545,0.0,0.0,545,0.0,0.0,0.0,0.0,0.0,0.0,0.0,9.090112419664289,-0.0,1
545,0.0,0.0,545,0.0,0.0,0.0,0.0,0.0,0.0,0.0,9.090112419664289,-0.0,1
545,0.04279597720987376,2.3109827693331835,545,0.0,0.0,0.0,0.0,0.0,0.3333333333333333,18.0,9.090112419664289,-0.0,1
545,0.0,0.0,545,0.0,0.0,0.0,0.0,0.0,0.0,0.0,9.090112419664289,-0.0,1
545,0.0,0.0,545,0.0,0.0,0.0,0.0,0.0,0.0,0.0,9.090112419664289,-0.0,1
545,0.04279597720987376,2.310982769333184,545,0.0,0.0,0.0,0.0,0.0,0.3333333333333333,18.0,9.090112419664289,-0.0,1
112,0.0,0.0,112,0.0,0.0,0.0,0.0,0.0,0.0,0.0,6.8073549220576055,-0.0,1
545,0.0,0.0,545,0.0,0.0,0.0,0.0,0.0,0.0,0.0,9.090112419664289,-0.0,1
545,0.0,0.0,545,0.0,0.0,0.0,0.0,0.0,0.0,0.0,9.090112419664289,-0.0,1
545,0.0,0.0,545,0.0,0.0,0.0,0.0,0.0,0.0,0.0,9.090112419664289,-0.0,1
545,0.0,0.0,545,0.0,0.0,0.0,0.0,0.0,0.0,0.0,9.090112419664289,-0.0,1
545,0.0,0.0,545,0.0,0.0,0.0,0.0,0.0,0.0,0.0,9.090112419664289,-0.0,1
545,0.0,0.0,545,0.0,0.0,0.0,0.0,0.0,0.0,0.0,9.090112419664289,-0.0,1
545,0.04279597720987376,2.3109827693331835,545,0.0,0.0,0.0,0.0,0.0,0.3333333333333333,18.0,9.090112419664289,-0.0,1
545,0.0,0.0,545,0.0,0.0,0.0,0.0,0.0,0.0,0.0,9.090112419664289,-0.0,1
545,0.0,0.0,545,0.0,0.0,0.0,0.0,0.0,0.0,0.0,9.090112419664289,-0.0,1
545,0.04279597720987376,2.3109827693331835,545,0.0,0.0,0.0,0.0,0.0,0.3333333333333333,18.0,9.090112419664289,-0.0,1
545,0.0,0.0,545,0.0,0.0,0.0,0.0,0.0,0.0,0.0,9.090112419664289,-0.0,1
200,0.0,0.0,200,0.0,0.0,0.0,0.0,0.0,0.0,0.0,7.6438561897747235,-0.0,1
545,0.0,0.0,545,0.0,0.0,0.0,0.0,0.0,0.0,0.0,9.090112419664289,-0.0,0
545,0.0,0.0,545,0.0,0.0,0.0,0.0,0.0,0.0,0.0,9.090112419664289,-0.0,0
545,0.0,0.0,545,0.0,0.0,0.0,0.0,0.0,0.0,0.0,9.090112419664289,-0.0,0
545,0.04279597720987376,2.310982769333184,545,0.0,0.0,0.0,0.0,0.0,0.3333333333333333,18.0,9.090112419664289,-0.0,0
545,0.0,0.0,545,0.0,0.0,0.0,0.0,0.0,0.0,0.0,9.090112419664289,-0.0,0
545,0.0,0.0,545,0.0,0.0,0.0,0.0,0.0,0.0,0.0,9.090112419664289,-0.0,0
545,0.04279597720987376,2.3109827693331835,545,0.0,0.0,0.0,0.0,0.0,0.3333333333333333,18.0,9.090112419664289,-0.0,0
545,0.0,0.0,545,0.0,0.0,0.0,0.0,0.0,0.0,0.0,9.090112419664289,-0.0,0
545,0.0,0.0,545,0.0,0.0,0.0,0.0,0.0,0.0,0.0,9.090112419664289,-0.0,0
545,0.0,0.0,545,0.0,0.0,0.0,0.0,0.0,0.0,0.0,9.090112419664289,-0.0,0
365,0.0,0.0,365,0.0,0.0,0.0,0.0,0.0,0.0,0.0,8.511752653767381,-0.0,0
545,0.0,0.0,545,0.0,0.0,0.0,0.0,0.0,0.0,0.0,9.090112419664289,-0.0,0
545,0.04279597720987376,2.3109827693331835,545,0.0,0.0,0.0,0.0,0.0,0.3333333333333333,18.0,9.090112419664289,-0.0,0
545,0.0,0.0,545,0.0,0.0,0.0,0.0,0.0,0.0,0.0,9.090112419664289,-0.0,0
545,0.0,0.0,545,0.0,0.0,0.0,0.0,0.0,0.0,0.0,9.090112419664289,-0.0,0
545,0.04279597720987376,2.3109827693331835,545,0.0,0.0,0.0,0.0,0.0,0.3333333333333333,18.0,9.090112419664289,-0.0,0
545,0.0,0.0,545,0.0,0.0,0.0,0.0,0.0,0.0,0.0,9.090112419664289,-0.0,0
545,0.0,0.0,545,0.0,0.0,0.0,0.0,0.0,0.0,0.0,9.090112419664289,-0.0,0
545,0.0,0.0,545,0.0,0.0,0.0,0.0,0.0,0.0,0.0,9.090112419664289,-0.0,0
545,0.0,0.0,545,0.0,0.0,0.0,0.0,0.0,0.0,0.0,9.090112419664289,-0.0,0
370,0.0,0.0,370,0.0,0.0,0.0,0.0,0.0,0.0,0.0,8.531381460516313,-0.0,0
545,0.0,0.0,545,0.0,0.0,0.0,0.0,0.0,0.0,0.0,9.090112419664289,-0.0,2
545,0.0,0.0,545,0.0,0.0,0.0,0.0,0.0,0.0,0.0,9.090112419664289,-0.0,2
545,0.04279597720987376,2.3109827693331835,545,0.0,0.0,0.0,0.0,0.0,0.3333333333333333,18.0,9.090112419664289,-0.0,2
545,0.0,0.0,545,0.0,0.0,0.0,0.0,0.0,0.0,0.0,9.090112419664289,-0.0,2
545,0.0,0.0,545,0.0,0.0,0.0,0.0,0.0,0.0,0.0,9.090112419664289,-0.0,2
545,0.0,0.0,545,0.0,0.0,0.0,0.0,0.0,0.0,0.0,9.090112419664289,-0.0,2
545,0.0,0.0,545,0.0,0.0,0.0,0.0,0.0,0.0,0.0,9.090112419664289,-0.0,2
545,0.0,0.0,545,0.0,0.0,0.0,0.0,0.0,0.0,0.0,9.090112419664289,-0.0,2
545,0.0,0.0,545,0.0,0.0,0.0,0.0,0.0,0.0,0.0,9.090112419664289,-0.0,2
139,0.0,0.0,139,0.0,0.0,0.0,0.0,0.0,0.0,0.0,7.1189410727235085,-0.0,2
545,430.52753073133016,23248.486659491817,545,0.0,0.0,0.0,0.0,0.0,3353.3333333333335,181080.0,9.090112419664289,-0.0,2
545,0.0,0.0,545,0.0,0.0,0.0,0.0,0.0,0.0,0.0,9.090112419664289,-0.0,2
545,0.0,0.0,545,0.0,0.0,0.0,0.0,0.0,0.0,0.0,9.090112419664289,-0.0,2
545,0.0,0.0,545,0.0,0.0,0.0,0.0,0.0,0.0,0.0,9.090112419664289,-0.0,2
545,0.0,0.0,545,0.0,0.0,0.0,0.0,0.0,0.0,0.0,9.090112419664289,-0.0,2
545,0.0,0.0,545,0.0,0.0,0.0,0.0,0.0,0.0,0.0,9.090112419664289,-0.0,2
545,0.0,0.0,545,0.0,0.0,0.0,0.0,0.0,0.0,0.0,9.090112419664289,-0.0,2
545,0.0,0.0,545,0.0,0.0,0.0,0.0,0.0,0.0,0.0,9.090112419664289,-0.0,2
545,0.0,0.0,545,0.0,0.0,0.0,0.0,0.0,0.0,0.0,9.090112419664289,-0.0,2
545,0.0,0.0,545,0.0,0.0,0.0,0.0,0.0,0.0,0.0,9.090112419664289,-0.0,2
545,0.0,0.0,545,0.0,0.0,0.0,0.0,0.0,0.0,0.0,9.090112419664289,-0.0,2
545,0.0,0.0,545,0.0,0.0,0.0,0.0,0.0,0.0,0.0,9.090112419664289,-0.0,2
545,0.0,0.0,545,0.0,0.0,0.0,0.0,0.0,0.0,0.0,9.090112419664289,-0.0,2
545,0.0,0.0,545,0.0,0.0,0.0,0.0,0.0,0.0,0.0,9.090112419664289,-0.0,2
545,0.0,0.0,545,0.0,0.0,0.0,0.0,0.0,0.0,0.0,9.090112419664289,-0.0,2
320,0.0,0.0,320,0.0,0.0,0.0,0.0,0.0,0.0,0.0,8.321928094887364,-0.0,2
545,430.52753073133016,23248.486659491817,545,0.0,0.0,0.0,0.0,0.0,3353.3333333333335,181080.0,9.090112419664289,-0.0,2
545,0.0,0.0,545,0.0,0.0,0.0,0.0,0.0,0.0,0.0,9.090112419664289,-0.0,2
545,0.0,0.0,545,0.0,0.0,0.0,0.0,0.0,0.0,0.0,9.090112419664289,-0.0,2
545,0.0,0.0,545,0.0,0.0,0.0,0.0,0.0,0.0,0.0,9.090112419664289,-0.0,2
545,0.0,0.0,545,0.0,0.0,0.0,0.0,0.0,0.0,0.0,9.090112419664289,-0.0,2
545,0.0,0.0,545,0.0,0.0,0.0,0.0,0.0,0.0,0.0,9.090112419664289,-0.0,2
545,0.0,0.0,545,0.0,0.0,0.0,0.0,0.0,0.0,0.0,9.090112419664289,-0.0,2
545,0.0,0.0,545,0.0,0.0,0.0,0.0,0.0,0.0,0.0,9.090112419664289,-0.0,2
545,0.0,0.0,545,0.0,0.0,0.0,0.0,0.0,0.0,0.0,9.090112419664289,-0.0,2
545,0.0,0.0,545,0.0,0.0,0.0,0.0,0.0,0.0,0.0,9.090112419664289,-0.0,2
545,0.0,0.0,545,0.0,0.0,0.0,0.0,0.0,0.0,0.0,9.090112419664289,-0.0,2
545,0.0,0.0,545,0.0,0.0,0.0,0.0,0.0,0.0,0.0,9.090112419664289,-0.0,2
545,0.0,0.0,545,0.0,0.0,0.0,0.0,0.0,0.0,0.0,9.090112419664289,-0.0,2
545,0.0,0.0,545,0.0,0.0,0.0,0.0,0.0,0.0,0.0,9.090112419664289,-0.0,2
545,0.0,0.0,545,0.0,0.0,0.0,0.0,0.0,0.0,0.0,9.090112419664289,-0.0,2
545,0.0,0.0,545,0.0,0.0,0.0,0.0,0.0,0.0,0.0,9.090112419664289,-0.0,2
545,0.0,0.0,545,0.0,0.0,0.0,0.0,0.0,0.0,0.0,9.090112419664289,-0.0,2
545,0.0,0.0,545,0.0,0.0,0.0,0.0,0.0,0.0,0.0,9.090112419664289,-0.0,2
545,0.0,0.0,545,0.0,0.0,0.0,0.0,0.0,0.0,0.0,9.090112419664289,-0.0,2
545,0.0,0.0,545,0.0,0.0,0.0,0.0,0.0,0.0,0.0,9.090112419664289,-0.0,2
203,0.0,0.0,203,0.0,0.0,0.0,0.0,0.0,0.0,0.0,7.665335917185179,-0.0,2
545,430.52753073133016,23248.486659491817,545,0.0,0.0,0.0,0.0,0.0,3353.3333333333335,181080.0,9.090112419664289,-0.0,2
545,0.0,0.0,545,0.0,0.0,0.0,0.0,0.0,0.0,0.0,9.090112419664289,-0.0,2
545,0.0,0.0,545,0.0,0.0,0.0,0.0,0.0,0.0,0.0,9.090112419664289,-0.0,2
545,0.0,0.0,545,0.0,0.0,0.0,0.0,0.0,0.0,0.0,9.090112419664289,-0.0,2
545,0.0,0.0,545,0.0,0.0,0.0,0.0,0.0,0.0,0.0,9.090112419664289,-0.0,2
545,0.0,0.0,545,0.0,0.0,0.0,0.0,0.0,0.0,0.0,9.090112419664289,-0.0,2
545,0.0,0.0,545,0.0,0.0,0.0,0.0,0.0,0.0,0.0,9.090112419664289,-0.0,2
545,0.0,0.0,545,0.0,0.0,0.0,0.0,0.0,0.0,0.0,9.090112419664289,-0.0,2
545,0.0,0.0,545,0.0,0.0,0.0,0.0,0.0,0.0,0.0,9.090112419664289,-0.0,2
545,0.0,0.0,545,0.0,0.0,0.0,0.0,0.0,0.0,0.0,9.090112419664289,-0.0,2
545,0.0,0.0,545,0.0,0.0,0.0,0.0,0.0,0.0,0.0,9.090112419664289,-0.0,2
545,0.0,0.0,545,0.0,0.0,0.0,0.0,0.0,0.0,0.0,9.090112419664289,-0.0,2
545,0.0,0.0,545,0.0,0.0,0.0,0.0,0.0,0.0,0.0,9.090112419664289,-0.0,2
545,0.0,0.0,545,0.0,0.0,0.0,0.0,0.0,0.0,0.0,9.090112419664289,-0.0,2
545,0.0,0.0,545,0.0,0.0,0.0,0.0,0.0,0.0,0.0,9.090112419664289,-0.0,2
545,0.0,0.0,545,0.0,0.0,0.0,0.0,0.0,0.0,0.0,9.090112419664289,-0.0,2
545,0.0,0.0,545,0.0,0.0,0.0,0.0,0.0,0.0,0.0,9.090112419664289,-0.0,2
545,0.0,0.0,545,0.0,0.0,0.0,0.0,0.0,0.0,0.0,9.090112419664289,-0.0,2
545,0.0,0.0,545,0.0,0.0,0.0,0.0,0.0,0.0,0.0,9.090112419664289,-0.0,2
545,0.0,0.0,545,0.0,0.0,0.0,0.0,0.0,0.0,0.0,9.090112419664289,-0.0,2
545,0.0,0.0,545,0.0,0.0,0.0,0.0,0.0,0.0,0.0,9.090112419664289,-0.0,2
545,0.0,0.0,545,0.0,0.0,0.0,0.0,0.0,0.0,0.0,9.090112419664289,-0.0,2
545,0.0,0.0,545,0.0,0.0,0.0,0.0,0.0,0.0,0.0,9.090112419664289,-0.0,2
545,0.0,0.0,545,0.0,0.0,0.0,0.0,0.0,0.0,0.0,9.090112419664289,-0.0,2
545,0.0,0.0,545,0.0,0.0,0.0,0.0,0.0,0.0,0.0,9.090112419664289,-0.0,2
204,0.0,0.0,204,0.0,0.0,0.0,0.0,0.0,0.0,0.0,7.672425341971495,-0.0,2
545,0.0,0.0,545,0.0,0.0,0.0,0.0,0.0,0.0,0.0,9.090112419664289,-0.0,2
545,0.0,0.0,545,0.0,0.0,0.0,0.0,0.0,0.0,0.0,9.090112419664289,-0.0,2
545,0.0,0.0,545,0.0,0.0,0.0,0.0,0.0,0.0,0.0,9.090112419664289,-0.0,2
545,0.0,0.0,545,0.0,0.0,0.0,0.0,0.0,0.0,0.0,9.090112419664289,-0.0,2
545,0.0,0.0,545,0.0,0.0,0.0,0.0,0.0,0.0,0.0,9.090112419664289,-0.0,2
545,0.0,0.0,545,0.0,0.0,0.0,0.0,0.0,0.0,0.0,9.090112419664289,-0.0,2
545,0.0,0.0,545,0.0,0.0,0.0,0.0,0.0,0.0,0.0,9.090112419664289,-0.0,2
545,0.0,0.0,545,0.0,0.0,0.0,0.0,0.0,0.0,0.0,9.090112419664289,-0.0,2
545,0.0,0.0,545,0.0,0.0,0.0,0.0,0.0,0.0,0.0,9.090112419664289,-0.0,2
545,0.0,0.0,545,0.0,0.0,0.0,0.0,0.0,0.0,0.0,9.090112419664289,-0.0,2
545,0.0,0.0,545,0.0,0.0,0.0,0.0,0.0,0.0,0.0,9.090112419664289,-0.0,2
545,0.0,0.0,545,0.0,0.0,0.0,0.0,0.0,0.0,0.0,9.090112419664289,-0.0,2
545,0.0,0.0,545,0.0,0.0,0.0,0.0,0.0,0.0,0.0,9.090112419664289,-0.0,2
545,0.0,0.0,545,0.0,0.0,0.0,0.0,0.0,0.0,0.0,9.090112419664289,-0.0,2
545,0.0,0.0,545,0.0,0.0,0.0,0.0,0.0,0.0,0.0,9.090112419664289,-0.0,2
545,0.0,0.0,545,0.0,0.0,0.0,0.0,0.0,0.0,0.0,9.090112419664289,-0.0,2
545,0.0,0.0,545,0.0,0.0,0.0,0.0,0.0,0.0,0.0,9.090112419664289,-0.0,2
545,0.0,0.0,545,0.0,0.0,0.0,0.0,0.0,0.0,0.0,9.090112419664289,-0.0,2
545,0.0,0.0,545,0.0,0.0,0.0,0.0,0.0,0.0,0.0,9.090112419664289,-0.0,2
545,0.0,0.0,545,0.0,0.0,0.0,0.0,0.0,0.0,0.0,9.090112419664289,-0.0,2
545,0.04279597720987376,2.310982769333184,545,0.0,0.0,0.0,0.0,0.0,0.3333333333333333,18.0,9.090112419664289,-0.0,2
545,0.0,0.0,545,0.0,0.0,0.0,0.0,0.0,0.0,0.0,9.090112419664289,-0.0,2
545,0.0,0.0,545,0.0,0.0,0.0,0.0,0.0,0.0,0.0,9.090112419664289,-0.0,2
545,0.0,0.0,545,0.0,0.0,0.0,0.0,0.0,0.0,0.0,9.090112419664289,-0.0,2
545,0.0,0.0,545,0.0,0.0,0.0,0.0,0.0,0.0,0.0,9.090112419664289,-0.0,2
545,0.0,0.0,545,0.0,0.0,0.0,0.0,0.0,0.0,0.0,9.090112419664289,-0.0,2
545,0.0,0.0,545,0.0,0.0,0.0,0.0,0.0,0.0,0.0,9.090112419664289,-0.0,2
545,0.0,0.0,545,0.0,0.0,0.0,0.0,0.0,0.0,0.0,9.090112419664289,-0.0,2
451,0.0,0.0,451,0.0,0.0,0.0,0.0,0.0,0.0,0.0,8.816983623255382,-0.0,2
545,0.0,0.0,545,0.0,0.0,0.0,0.0,0.0,0.0,0.0,9.090112419664289,-0.0,2
545,0.0,0.0,545,0.0,0.0,0.0,0.0,0.0,0.0,0.0,9.090112419664289,-0.0,2
545,0.0,0.0,545,0.0,0.0,0.0,0.0,0.0,0.0,0.0,9.090112419664289,-0.0,2
545,0.0,0.0,545,0.0,0.0,0.0,0.0,0.0,0.0,0.0,9.090112419664289,-0.0,2
545,0.0,0.0,545,0.0,0.0,0.0,0.0,0.0,0.0,0.0,9.090112419664289,-0.0,2
545,0.0,0.0,545,0.0,0.0,0.0,0.0,0.0,0.0,0.0,9.090112419664289,-0.0,2
545,0.0,0.0,545,0.0,0.0,0.0,0.0,0.0,0.0,0.0,9.090112419664289,-0.0,2
545,0.0,0.0,545,0.0,0.0,0.0,0.0,0.0,0.0,0.0,9.090112419664289,-0.0,2
545,0.0,0.0,545,0.0,0.0,0.0,0.0,0.0,0.0,0.0,9.090112419664289,-0.0,2
424,0.0,0.0,424,0.0,0.0,0.0,0.0,0.0,0.0,0.0,8.7279204545632,-0.0,2
545,0.0,0.0,545,0.0,0.0,0.0,0.0,0.0,0.0,0.0,9.090112419664289,-0.0,2
545,0.0,0.0,545,0.0,0.0,0.0,0.0,0.0,0.0,0.0,9.090112419664289,-0.0,2
545,0.0,0.0,545,0.0,0.0,0.0,0.0,0.0,0.0,0.0,9.090112419664289,-0.0,2
545,0.0,0.0,545,0.0,0.0,0.0,0.0,0.0,0.0,0.0,9.090112419664289,-0.0,2
545,0.0,0.0,545,0.0,0.0,0.0,0.0,0.0,0.0,0.0,9.090112419664289,-0.0,2
545,0.0,0.0,545,0.0,0.0,0.0,0.0,0.0,0.0,0.0,9.090112419664289,-0.0,2
545,0.0,0.0,545,0.0,0.0,0.0,0.0,0.0,0.0,0.0,9.090112419664289,-0.0,2
545,0.0,0.0,545,0.0,0.0,0.0,0.0,0.0,0.0,0.0,9.090112419664289,-0.0,2
545,0.0,0.0,545,0.0,0.0,0.0,0.0,0.0,0.0,0.0,9.090112419664289,-0.0,2
545,0.0,0.0,545,0.0,0.0,0.0,0.0,0.0,0.0,0.0,9.090112419664289,-0.0,2
545,0.0,0.0,545,0.0,0.0,0.0,0.0,0.0,0.0,0.0,9.090112419664289,-0.0,2
159,0.0,0.0,159,0.0,0.0,0.0,0.0,0.0,0.0,0.0,7.312882955284357,-0.0,2
545,0.0,0.0,545,0.0,0.0,0.0,0.0,0.0,0.0,0.0,9.090112419664289,-0.0,2
545,0.0,0.0,545,0.0,0.0,0.0,0.0,0.0,0.0,0.0,9.090112419664289,-0.0,2
545,0.0,0.0,545,0.0,0.0,0.0,0.0,0.0,0.0,0.0,9.090112419664289,-0.0,2
545,0.0,0.0,545,0.0,0.0,0.0,0.0,0.0,0.0,0.0,9.090112419664289,-0.0,2
545,0.0,0.0,545,0.0,0.0,0.0,0.0,0.0,0.0,0.0,9.090112419664289,-0.0,2
545,0.0,0.0,545,0.0,0.0,0.0,0.0,0.0,0.0,0.0,9.090112419664289,-0.0,2
545,0.0,0.0,545,0.0,0.0,0.0,0.0,0.0,0.0,0.0,9.090112419664289,-0.0,2
545,0.0,0.0,545,0.0,0.0,0.0,0.0,0.0,0.0,0.0,9.090112419664289,-0.0,2
545,0.0,0.0,545,0.0,0.0,0.0,0.0,0.0,0.0,0.0,9.090112419664289,-0.0,2
545,0.0,0.0,545,0.0,0.0,0.0,0.0,0.0,0.0,0.0,9.090112419664289,-0.0,2
545,0.0,0.0,545,0.0,0.0,0.0,0.0,0.0,0.0,0.0,9.090112419664289,-0.0,2
22,0.0,0.0,22,0.0,0.0,0.0,0.0,0.0,0.0,0.0,4.459431618637296,-0.0,2
545,0.0,0.0,545,0.0,0.0,0.0,0.0,0.0,0.0,0.0,9.090112419664289,-0.0,2
545,0.0,0.0,545,0.0,0.0,0.0,0.0,0.0,0.0,0.0,9.090112419664289,-0.0,2
545,0.0,0.0,545,0.0,0.0,0.0,0.0,0.0,0.0,0.0,9.090112419664289,-0.0,2
545,0.0,0.0,545,0.0,0.0,0.0,0.0,0.0,0.0,0.0,9.090112419664289,-0.0,2
545,0.0,0.0,545,0.0,0.0,0.0,0.0,0.0,0.0,0.0,9.090112419664289,-0.0,2
545,0.0,0.0,545,0.0,0.0,0.0,0.0,0.0,0.0,0.0,9.090112419664289,-0.0,2
545,0.0,0.0,545,0.0,0.0,0.0,0.0,0.0,0.0,0.0,9.090112419664289,-0.0,2
545,0.0,0.0,545,0.0,0.0,0.0,0.0,0.0,0.0,0.0,9.090112419664289,-0.0,2
545,0.0,0.0,545,0.0,0.0,0.0,0.0,0.0,0.0,0.0,9.090112419664289,-0.0,2
545,0.0,0.0,545,0.0,0.0,0.0,0.0,0.0,0.0,0.0,9.090112419664289,-0.0,2
545,0.0,0.0,545,0.0,0.0,0.0,0.0,0.0,0.0,0.0,9.090112419664289,-0.0,2
153,0.0,0.0,153,0.0,0.0,0.0,0.0,0.0,0.0,0.0,7.257387842692654,-0.0,2
545,0.0,0.0,545,0.0,0.0,0.0,0.0,0.0,0.0,0.0,9.090112419664289,-0.0,2
545,0.0,0.0,545,0.0,0.0,0.0,0.0,0.0,0.0,0.0,9.090112419664289,-0.0,2
545,0.0,0.0,545,0.0,0.0,0.0,0.0,0.0,0.0,0.0,9.090112419664289,-0.0,2
545,0.0,0.0,545,0.0,0.0,0.0,0.0,0.0,0.0,0.0,9.090112419664289,-0.0,2
545,0.0,0.0,545,0.0,0.0,0.0,0.0,0.0,0.0,0.0,9.090112419664289,-0.0,2
545,0.0,0.0,545,0.0,0.0,0.0,0.0,0.0,0.0,0.0,9.090112419664289,-0.0,2
545,0.0,0.0,545,0.0,0.0,0.0,0.0,0.0,0.0,0.0,9.090112419664289,-0.0,2
545,0.0,0.0,545,0.0,0.0,0.0,0.0,0.0,0.0,0.0,9.090112419664289,-0.0,2
545,0.0,0.0,545,0.0,0.0,0.0,0.0,0.0,0.0,0.0,9.090112419664289,-0.0,2
545,0.0,0.0,545,0.0,0.0,0.0,0.0,0.0,0.0,0.0,9.090112419664289,-0.0,2
545,0.0,0.0,545,0.0,0.0,0.0,0.0,0.0,0.0,0.0,9.090112419664289,-0.0,2
545,0.0,0.0,545,0.0,0.0,0.0,0.0,0.0,0.0,0.0,9.090112419664289,-0.0,2
101,0.0,0.0,101,0.0,0.0,0.0,0.0,0.0,0.0,0.0,6.658211482751794,-0.0,2
545,0.0,0.0,545,0.0,0.0,0.0,0.0,0.0,0.0,0.0,9.090112419664289,-0.0,2
545,0.0,0.0,545,0.0,0.0,0.0,0.0,0.0,0.0,0.0,9.090112419664289,-0.0,2
545,0.0,0.0,545,0.0,0.0,0.0,0.0,0.0,0.0,0.0,9.090112419664289,-0.0,2
545,0.0,0.0,545,0.0,0.0,0.0,0.0,0.0,0.0,0.0,9.090112419664289,-0.0,2
545,0.0,0.0,545,0.0,0.0,0.0,0.0,0.0,0.0,0.0,9.090112419664289,-0.0,2
545,0.0,0.0,545,0.0,0.0,0.0,0.0,0.0,0.0,0.0,9.090112419664289,-0.0,2
545,0.0,0.0,545,0.0,0.0,0.0,0.0,0.0,0.0,0.0,9.090112419664289,-0.0,2
545,0.0,0.0,545,0.0,0.0,0.0,0.0,0.0,0.0,0.0,9.090112419664289,-0.0,2
545,0.0,0.0,545,0.0,0.0,0.0,0.0,0.0,0.0,0.0,9.090112419664289,-0.0,2
545,0.0,0.0,545,0.0,0.0,0.0,0.0,0.0,0.0,0.0,9.090112419664289,-0.0,2
212,0.0,0.0,212,0.0,0.0,0.0,0.0,0.0,0.0,0.0,7.727920454563202,-0.0,2
545,0.0,0.0,545,0.0,0.0,0.0,0.0,0.0,0.0,0.0,9.090112419664289,-0.0,2
545,0.0,0.0,545,0.0,0.0,0.0,0.0,0.0,0.0,0.0,9.090112419664289,-0.0,2
545,0.0,0.0,545,0.0,0.0,0.0,0.0,0.0,0.0,0.0,9.090112419664289,-0.0,2
545,0.0,0.0,545,0.0,0.0,0.0,0.0,0.0,0.0,0.0,9.090112419664289,-0.0,2
545,0.0,0.0,545,0.0,0.0,0.0,0.0,0.0,0.0,0.0,9.090112419664289,-0.0,2
545,0.0,0.0,545,0.0,0.0,0.0,0.0,0.0,0.0,0.0,9.090112419664289,-0.0,2
545,0.0,0.0,545,0.0,0.0,0.0,0.0,0.0,0.0,0.0,9.090112419664289,-0.0,2
545,0.0,0.0,545,0.0,0.0,0.0,0.0,0.0,0.0,0.0,9.090112419664289,-0.0,2
545,0.0,0.0,545,0.0,0.0,0.0,0.0,0.0,0.0,0.0,9.090112419664289,-0.0,2
316,0.0,0.0,316,0.0,0.0,0.0,0.0,0.0,0.0,0.0,8.3037807481771,-0.0,2
545,0.0,0.0,545,0.0,0.0,0.0,0.0,0.0,0.0,0.0,9.090112419664289,-0.0,2
545,0.0,0.0,545,0.0,0.0,0.0,0.0,0.0,0.0,0.0,9.090112419664289,-0.0,2
545,0.0,0.0,545,0.0,0.0,0.0,0.0,0.0,0.0,0.0,9.090112419664289,-0.0,2
545,0.0,0.0,545,0.0,0.0,0.0,0.0,0.0,0.0,0.0,9.090112419664289,-0.0,2
545,0.0,0.0,545,0.0,0.0,0.0,0.0,0.0,0.0,0.0,9.090112419664289,-0.0,2
545,0.0,0.0,545,0.0,0.0,0.0,0.0,0.0,0.0,0.0,9.090112419664289,-0.0,2
545,0.0,0.0,545,0.0,0.0,0.0,0.0,0.0,0.0,0.0,9.090112419664289,-0.0,2
545,0.0,0.0,545,0.0,0.0,0.0,0.0,0.0,0.0,0.0,9.090112419664289,-0.0,2
545,0.0,0.0,545,0.0,0.0,0.0,0.0,0.0,0.0,0.0,9.090112419664289,-0.0,2
545,0.0,0.0,545,0.0,0.0,0.0,0.0,0.0,0.0,0.0,9.090112419664289,-0.0,2
151,0.0,0.0,151,0.0,0.0,0.0,0.0,0.0,0.0,0.0,7.2384047393250786,-0.0,2
545,0.0,0.0,545,0.0,0.0,0.0,0.0,0.0,0.0,0.0,9.090112419664289,-0.0,2
545,0.0,0.0,545,0.0,0.0,0.0,0.0,0.0,0.0,0.0,9.090112419664289,-0.0,2
545,0.0,0.0,545,0.0,0.0,0.0,0.0,0.0,0.0,0.0,9.090112419664289,-0.0,2
545,0.0,0.0,545,0.0,0.0,0.0,0.0,0.0,0.0,0.0,9.090112419664289,-0.0,2
545,0.0,0.0,545,0.0,0.0,0.0,0.0,0.0,0.0,0.0,9.090112419664289,-0.0,2
545,0.0,0.0,545,0.0,0.0,0.0,0.0,0.0,0.0,0.0,9.090112419664289,-0.0,2
545,0.0,0.0,545,0.0,0.0,0.0,0.0,0.0,0.0,0.0,9.090112419664289,-0.0,2
545,0.0,0.0,545,0.0,0.0,0.0,0.0,0.0,0.0,0.0,9.090112419664289,-0.0,2
545,0.0,0.0,545,0.0,0.0,0.0,0.0,0.0,0.0,0.0,9.090112419664289,-0.0,2
545,0.0,0.0,545,0.0,0.0,0.0,0.0,0.0,0.0,0.0,9.090112419664289,-0.0,2
390,0.0,0.0,390,0.0,0.0,0.0,0.0,0.0,0.0,0.0,8.607330313749614,-0.0,2
545,0.0,0.0,545,0.0,0.0,0.0,0.0,0.0,0.0,0.0,9.090112419664289,-0.0,2
545,0.0,0.0,545,0.0,0.0,0.0,0.0,0.0,0.0,0.0,9.090112419664289,-0.0,2
545,0.0,0.0,545,0.0,0.0,0.0,0.0,0.0,0.0,0.0,9.090112419664289,-0.0,2
545,0.0,0.0,545,0.0,0.0,0.0,0.0,0.0,0.0,0.0,9.090112419664289,-0.0,2
545,0.0,0.0,545,0.0,0.0,0.0,0.0,0.0,0.0,0.0,9.090112419664289,-0.0,2
545,0.0,0.0,545,0.0,0.0,0.0,0.0,0.0,0.0,0.0,9.090112419664289,-0.0,2
545,0.0,0.0,545,0.0,0.0,0.0,0.0,0.0,0.0,0.0,9.090112419664289,-0.0,2
545,0.0,0.0,545,0.0,0.0,0.0,0.0,0.0,0.0,0.0,9.090112419664289,-0.0,2
545,0.0,0.0,545,0.0,0.0,0.0,0.0,0.0,0.0,0.0,9.090112419664289,-0.0,2
545,0.0,0.0,545,0.0,0.0,0.0,0.0,0.0,0.0,0.0,9.090112419664289,-0.0,2
301,0.0,0.0,301,0.0,0.0,0.0,0.0,0.0,0.0,0.0,8.2336196767597,-0.0,2
545,0.0,0.0,545,0.0,0.0,0.0,0.0,0.0,0.0,0.0,9.090112419664289,-0.0,2
545,0.0,0.0,545,0.0,0.0,0.0,0.0,0.0,0.0,0.0,9.090112419664289,-0.0,2
545,0.0,0.0,545,0.0,0.0,0.0,0.0,0.0,0.0,0.0,9.090112419664289,-0.0,2
545,0.0,0.0,545,0.0,0.0,0.0,0.0,0.0,0.0,0.0,9.090112419664289,-0.0,2
545,0.0,0.0,545,0.0,0.0,0.0,0.0,0.0,0.0,0.0,9.090112419664289,-0.0,2
545,0.0,0.0,545,0.0,0.0,0.0,0.0,0.0,0.0,0.0,9.090112419664289,-0.0,2
545,0.0,0.0,545,0.0,0.0,0.0,0.0,0.0,0.0,0.0,9.090112419664289,-0.0,2
545,0.0,0.0,545,0.0,0.0,0.0,0.0,0.0,0.0,0.0,9.090112419664289,-0.0,2
545,0.0,0.0,545,0.0,0.0,0.0,0.0,0.0,0.0,0.0,9.090112419664289,-0.0,2
545,0.0,0.0,545,0.0,0.0,0.0,0.0,0.0,0.0,0.0,9.090112419664289,-0.0,2
545,0.0,0.0,545,0.0,0.0,0.0,0.0,0.0,0.0,0.0,9.090112419664289,-0.0,2
153,0.0,0.0,153,0.0,0.0,0.0,0.0,0.0,0.0,0.0,7.257387842692654,-0.0,2
545,0.0,0.0,545,0.0,0.0,0.0,0.0,0.0,0.0,0.0,9.090112419664289,-0.0,0
545,0.0,0.0,545,0.0,0.0,0.0,0.0,0.0,0.0,0.0,9.090112419664289,-0.0,0
545,0.0,0.0,545,0.0,0.0,0.0,0.0,0.0,0.0,0.0,9.090112419664289,-0.0,0
545,0.0,0.0,545,0.0,0.0,0.0,0.0,0.0,0.0,0.0,9.090112419664289,-0.0,0
545,0.0,0.0,545,0.0,0.0,0.0,0.0,0.0,0.0,0.0,9.090112419664289,-0.0,0
545,0.0,0.0,545,0.0,0.0,0.0,0.0,0.0,0.0,0.0,9.090112419664289,-0.0,0
545,0.0,0.0,545,0.0,0.0,0.0,0.0,0.0,0.0,0.0,9.090112419664289,-0.0,0
545,0.0,0.0,545,0.0,0.0,0.0,0.0,0.0,0.0,0.0,9.090112419664289,-0.0,0
545,0.0,0.0,545,0.0,0.0,0.0,0.0,0.0,0.0,0.0,9.090112419664289,-0.0,0
545,0.0,0.0,545,0.0,0.0,0.0,0.0,0.0,0.0,0.0,9.090112419664289,-0.0,0
545,0.0,0.0,545,0.0,0.0,0.0,0.0,0.0,0.0,0.0,9.090112419664289,-0.0,0
545,0.0,0.0,545,0.0,0.0,0.0,0.0,0.0,0.0,0.0,9.090112419664289,-0.0,0
233,0.0,0.0,233,0.0,0.0,0.0,0.0,0.0,0.0,0.0,7.864186144654282,-0.0,0
545,0.0,0.0,545,0.0,0.0,0.0,0.0,0.0,0.0,0.0,9.090112419664289,-0.0,0
545,0.0,0.0,545,0.0,0.0,0.0,0.0,0.0,0.0,0.0,9.090112419664289,-0.0,0
545,0.0,0.0,545,0.0,0.0,0.0,0.0,0.0,0.0,0.0,9.090112419664289,-0.0,0
545,0.0,0.0,545,0.0,0.0,0.0,0.0,0.0,0.0,0.0,9.090112419664289,-0.0,0
545,0.0,0.0,545,0.0,0.0,0.0,0.0,0.0,0.0,0.0,9.090112419664289,-0.0,0
545,0.0,0.0,545,0.0,0.0,0.0,0.0,0.0,0.0,0.0,9.090112419664289,-0.0,0
545,0.0,0.0,545,0.0,0.0,0.0,0.0,0.0,0.0,0.0,9.090112419664289,-0.0,0
545,0.0,0.0,545,0.0,0.0,0.0,0.0,0.0,0.0,0.0,9.090112419664289,-0.0,0
545,0.0,0.0,545,0.0,0.0,0.0,0.0,0.0,0.0,0.0,9.090112419664289,-0.0,0
545,0.0,0.0,545,0.0,0.0,0.0,0.0,0.0,0.0,0.0,9.090112419664289,-0.0,0
545,0.0,0.0,545,0.0,0.0,0.0,0.0,0.0,0.0,0.0,9.090112419664289,-0.0,0
545,0.0,0.0,545,0.0,0.0,0.0,0.0,0.0,0.0,0.0,9.090112419664289,-0.0,0
545,0.0,0.0,545,0.0,0.0,0.0,0.0,0.0,0.0,0.0,9.090112419664289,-0.0,0
545,0.0,0.0,545,0.0,0.0,0.0,0.0,0.0,0.0,0.0,9.090112419664289,-0.0,0
285,0.0,0.0,285,0.0,0.0,0.0,0.0,0.0,0.0,0.0,8.154818109052107,-0.0,0
545,0.0,0.0,545,0.0,0.0,0.0,0.0,0.0,0.0,0.0,9.090112419664289,-0.0,0
545,0.0,0.0,545,0.0,0.0,0.0,0.0,0.0,0.0,0.0,9.090112419664289,-0.0,0
545,0.0,0.0,545,0.0,0.0,0.0,0.0,0.0,0.0,0.0,9.090112419664289,-0.0,0
545,0.0,0.0,545,0.0,0.0,0.0,0.0,0.0,0.0,0.0,9.090112419664289,-0.0,0
545,0.0,0.0,545,0.0,0.0,0.0,0.0,0.0,0.0,0.0,9.090112419664289,-0.0,0
545,0.0,0.0,545,0.0,0.0,0.0,0.0,0.0,0.0,0.0,9.090112419664289,-0.0,0
545,0.0,0.0,545,0.0,0.0,0.0,0.0,0.0,0.0,0.0,9.090112419664289,-0.0,0
545,0.0,0.0,545,0.0,0.0,0.0,0.0,0.0,0.0,0.0,9.090112419664289,-0.0,0
545,0.0,0.0,545,0.0,0.0,0.0,0.0,0.0,0.0,0.0,9.090112419664289,-0.0,0
545,0.0,0.0,545,0.0,0.0,0.0,0.0,0.0,0.0,0.0,9.090112419664289,-0.0,0
545,0.0,0.0,545,0.0,0.0,0.0,0.0,0.0,0.0,0.0,9.090112419664289,-0.0,0
545,0.0,0.0,545,0.0,0.0,0.0,0.0,0.0,0.0,0.0,9.090112419664289,-0.0,0
545,0.0,0.0,545,0.0,0.0,0.0,0.0,0.0,0.0,0.0,9.090112419664289,-0.0,0
545,0.0,0.0,545,0.0,0.0,0.0,0.0,0.0,0.0,0.0,9.090112419664289,-0.0,0
545,0.0,0.0,545,0.0,0.0,0.0,0.0,0.0,0.0,0.0,9.090112419664289,-0.0,0
307,0.0,0.0,307,0.0,0.0,0.0,0.0,0.0,0.0,0.0,8.262094845370179,-0.0,0
545,0.0,0.0,545,0.0,0.0,0.0,0.0,0.0,0.0,0.0,9.090112419664289,-0.0,0
545,0.0,0.0,545,0.0,0.0,0.0,0.0,0.0,0.0,0.0,9.090112419664289,-0.0,0
545,0.0,0.0,545,0.0,0.0,0.0,0.0,0.0,0.0,0.0,9.090112419664289,-0.0,0
545,0.0,0.0,545,0.0,0.0,0.0,0.0,0.0,0.0,0.0,9.090112419664289,-0.0,0
545,0.0,0.0,545,0.0,0.0,0.0,0.0,0.0,0.0,0.0,9.090112419664289,-0.0,0
545,0.0,0.0,545,0.0,0.0,0.0,0.0,0.0,0.0,0.0,9.090112419664289,-0.0,0
545,0.0,0.0,545,0.0,0.0,0.0,0.0,0.0,0.0,0.0,9.090112419664289,-0.0,0
545,0.0,0.0,545,0.0,0.0,0.0,0.0,0.0,0.0,0.0,9.090112419664289,-0.0,0
545,0.0,0.0,545,0.0,0.0,0.0,0.0,0.0,0.0,0.0,9.090112419664289,-0.0,0
545,0.0,0.0,545,0.0,0.0,0.0,0.0,0.0,0.0,0.0,9.090112419664289,-0.0,0
545,0.0,0.0,545,0.0,0.0,0.0,0.0,0.0,0.0,0.0,9.090112419664289,-0.0,0
545,0.0,0.0,545,0.0,0.0,0.0,0.0,0.0,0.0,0.0,9.090112419664289,-0.0,0
545,0.0,0.0,545,0.0,0.0,0.0,0.0,0.0,0.0,0.0,9.090112419664289,-0.0,0
545,0.0,0.0,545,0.0,0.0,0.0,0.0,0.0,0.0,0.0,9.090112419664289,-0.0,0
545,0.0,0.0,545,0.0,0.0,0.0,0.0,0.0,0.0,0.0,9.090112419664289,-0.0,0
35,0.0,0.0,35,0.0,0.0,0.0,0.0,0.0,0.0,0.0,5.1292830169449655,-0.0,0
545,0.0,0.0,545,0.0,0.0,0.0,0.0,0.0,0.0,0.0,9.090112419664289,-0.0,0
545,0.0,0.0,545,0.0,0.0,0.0,0.0,0.0,0.0,0.0,9.090112419664289,-0.0,0
545,0.0,0.0,545,0.0,0.0,0.0,0.0,0.0,0.0,0.0,9.090112419664289,-0.0,0
545,0.0,0.0,545,0.0,0.0,0.0,0.0,0.0,0.0,0.0,9.090112419664289,-0.0,0
545,0.0,0.0,545,0.0,0.0,0.0,0.0,0.0,0.0,0.0,9.090112419664289,-0.0,0
545,0.0,0.0,545,0.0,0.0,0.0,0.0,0.0,0.0,0.0,9.090112419664289,-0.0,0
545,0.0,0.0,545,0.0,0.0,0.0,0.0,0.0,0.0,0.0,9.090112419664289,-0.0,0
545,0.0,0.0,545,0.0,0.0,0.0,0.0,0.0,0.0,0.0,9.090112419664289,-0.0,0
545,0.0,0.0,545,0.0,0.0,0.0,0.0,0.0,0.0,0.0,9.090112419664289,-0.0,0
545,0.0,0.0,545,0.0,0.0,0.0,0.0,0.0,0.0,0.0,9.090112419664289,-0.0,0
545,0.0,0.0,545,0.0,0.0,0.0,0.0,0.0,0.0,0.0,9.090112419664289,-0.0,0
545,0.0,0.0,545,0.0,0.0,0.0,0.0,0.0,0.0,0.0,9.090112419664289,-0.0,0
545,0.0,0.0,545,0.0,0.0,0.0,0.0,0.0,0.0,0.0,9.090112419664289,-0.0,0
545,0.0,0.0,545,0.0,0.0,0.0,0.0,0.0,0.0,0.0,9.090112419664289,-0.0,0
545,0.0,0.0,545,0.0,0.0,0.0,0.0,0.0,0.0,0.0,9.090112419664289,-0.0,0
155,0.0,0.0,155,0.0,0.0,0.0,0.0,0.0,0.0,0.0,7.27612440527424,-0.0,0
