SSIP,SDFP,SDFB,SFE,NIFE,label
545,0.36733716026917956,59.5086199636071,545,0.0,1
545,0.1127048114669146,18.258179457640168,545,0.0,1
545,0.07405639542392017,11.997136058675068,545,0.0,1
545,0.12037448313476666,19.500666267832198,545,0.0,1
545,0.11306336426495488,18.31626501092269,545,0.0,1
417,0.10897300258495898,17.65362641876336,417,0.0,1
545,0.37196332995918124,60.25805945338736,545,0.0,1
545,0.1127048114669146,18.258179457640168,545,0.0,1
545,0.08543403675190497,13.840313953808606,545,0.0,1
545,0.12755748521564145,20.664312604933915,545,0.0,1
545,0.11306336426495488,18.31626501092269,545,0.0,1
545,0.1127048114669146,18.258179457640168,545,0.0,1
545,0.10444130910722166,16.91949207536991,545,0.0,1
545,0.09542983679476028,15.459633560751163,545,0.0,1
545,0.09542983679476028,15.459633560751163,545,0.0,1
545,0.1473822670803959,23.875927267024135,545,0.0,1
545,0.08543403675190497,13.840313953808606,545,0.0,1
140,0.1190921465202281,19.292927736276955,140,0.0,1
545,0.37196332995918124,60.25805945338736,545,0.0,1
545,0.1127048114669146,18.258179457640168,545,0.0,1
545,0.08543403675190497,13.840313953808606,545,0.0,1
545,0.12755748521564145,20.664312604933915,545,0.0,1
545,0.12797986215037138,20.732737668360166,545,0.0,1
545,0.1127048114669146,18.258179457640168,545,0.0,1
545,0.10444130910722166,16.91949207536991,545,0.0,1
545,0.09542983679476028,15.459633560751163,545,0.0,1
545,0.1127048114669146,18.258179457640168,545,0.0,1
545,0.1473822670803959,23.875927267024135,545,0.0,1
545,0.08543403675190497,13.840313953808606,545,0.0,1
545,0.10444130910722166,16.91949207536991,545,0.0,1
545,0.14075676278926008,22.802595571860135,545,0.0,1
545,0.09542983679476028,15.459633560751163,545,0.0,1
545,0.12037448313476666,19.500666267832198,545,0.0,1
545,0.07405639542392017,11.997136058675068,545,0.0,1
83,0.0,0.0,83,0.0,1
545,0.37424145263156244,60.6271153263131,545,0.0,1
545,0.12037448313476666,19.500666267832198,545,0.0,1
545,0.09542983679476028,15.459633560751163,545,0.0,1
545,0.12755748521564145,20.664312604933915,545,0.0,1
545,0.12797986215037138,20.732737668360166,545,0.0,1
545,0.1127048114669146,18.258179457640168,545,0.0,1
545,0.10444130910722166,16.91949207536991,545,0.0,1
545,0.09542983679476028,15.459633560751163,545,0.0,1
545,0.12037448313476666,19.500666267832198,545,0.0,1
545,0.1473822670803959,23.875927267024135,545,0.0,1
545,0.08543403675190497,13.840313953808606,545,0.0,1
545,0.10444130910722166,16.91949207536991,545,0.0,1
545,0.14075676278926008,22.802595571860135,545,0.0,1
545,0.09542983679476028,15.459633560751163,545,0.0,1
545,0.12037448313476666,19.500666267832198,545,0.0,1
545,0.07405639542392017,11.997136058675068,545,0.0,1
545,0.07405639542392017,11.997136058675068,545,0.0,1
545,0.07405639542392017,11.997136058675068,545,0.0,1
545,0.09542983679476028,15.459633560751163,545,0.0,1
545,0.08543403675190497,13.840313953808606,545,0.0,1
229,0.13129134276798052,21.269197528412843,229,0.0,1
545,0.37424145263156244,60.6271153263131,545,0.0,1
545,0.12755748521564145,20.664312604933915,545,0.0,1
545,0.09542983679476028,15.459633560751163,545,0.0,1
545,0.12755748521564145,20.664312604933915,545,0.0,1
545,0.12797986215037138,20.732737668360166,545,0.0,1
545,0.1127048114669146,18.258179457640168,545,0.0,1
545,0.10444130910722166,16.91949207536991,545,0.0,1
545,0.10444130910722166,16.91949207536991,545,0.0,1
545,0.14123520319939317,22.880102918301695,545,0.0,1
545,0.1473822670803959,23.875927267024135,545,0.0,1
545,0.1127048114669146,18.258179457640168,545,0.0,1
545,0.10444130910722166,16.91949207536991,545,0.0,1
545,0.14075676278926008,22.802595571860135,545,0.0,1
545,0.09542983679476028,15.459633560751163,545,0.0,1
545,0.12037448313476666,19.500666267832198,545,0.0,1
545,0.08543403675190497,13.840313953808606,545,0.0,1
545,0.08543403675190497,13.840313953808606,545,0.0,1
545,0.07405639542392017,11.997136058675068,545,0.0,1
545,0.09542983679476028,15.459633560751163,545,0.0,1
545,0.08543403675190497,13.840313953808606,545,0.0,1
545,0.13433191006429504,21.7617694304158,545,0.0,1
545,0.12797986215037138,20.732737668360166,545,0.0,1
545,0.07405639542392017,11.997136058675068,545,0.0,1
303,0.08110982416280911,13.139791514375073,303,0.0,1
545,0.37424145263156244,60.6271153263131,545,0.0,1
545,0.12755748521564145,20.664312604933915,545,0.0,1
545,0.09542983679476028,15.459633560751163,545,0.0,1
545,0.13433191006429504,21.7617694304158,545,0.0,1
545,0.12797986215037138,20.732737668360166,545,0.0,1
545,0.1127048114669146,18.258179457640168,545,0.0,1
545,0.10444130910722166,16.91949207536991,545,0.0,1
545,0.1127048114669146,18.258179457640168,545,0.0,1
545,0.1473822670803959,23.875927267024135,545,0.0,1
545,0.1473822670803959,23.875927267024135,545,0.0,1
545,0.1127048114669146,18.258179457640168,545,0.0,1
545,0.10444130910722166,16.91949207536991,545,0.0,1
545,0.14687792435457794,23.794223745441627,545,0.0,1
545,0.09542983679476028,15.459633560751163,545,0.0,1
545,0.12037448313476666,19.500666267832198,545,0.0,1
545,0.09542983679476028,15.459633560751163,545,0.0,1
545,0.08543403675190497,13.840313953808606,545,0.0,1
545,0.07405639542392017,11.997136058675068,545,0.0,1
545,0.12797986215037138,20.732737668360166,545,0.0,1
545,0.09542983679476028,15.459633560751163,545,0.0,1
545,0.13433191006429504,21.7617694304158,545,0.0,1
545,0.12797986215037138,20.732737668360166,545,0.0,1
545,0.07405639542392017,11.997136058675068,545,0.0,1
545,0.09542983679476028,15.459633560751163,545,0.0,1
545,0.12755748521564145,20.664312604933915,545,0.0,1
545,0.10444130910722166,16.91949207536991,545,0.0,1
255,0.08838698298829091,14.318691244103125,255,0.0,1
545,0.15273191296161098,24.74256989978098,545,0.0,1
545,0.12037448313476666,19.500666267832198,545,0.0,1
545,0.1473822670803959,23.875927267024135,545,0.0,1
545,0.10444130910722166,16.91949207536991,545,0.0,1
545,0.10444130910722166,16.91949207536991,545,0.0,1
545,0.1127048114669146,18.258179457640168,545,0.0,1
545,0.14687792435457794,23.794223745441627,545,0.0,1
545,0.15936750998240654,25.81753661714986,545,0.0,1
545,0.12037448313476666,19.500666267832198,545,0.0,1
545,0.12037448313476666,19.500666267832198,545,0.0,1
545,0.14687792435457794,23.794223745441627,545,0.0,1
545,0.10444130910722166,16.91949207536991,545,0.0,1
545,0.12037448313476666,19.500666267832198,545,0.0,1
545,0.1127048114669146,18.258179457640168,545,0.0,1
545,0.09542983679476028,15.459633560751163,545,0.0,1
545,0.08543403675190497,13.840313953808606,545,0.0,1
545,0.12797986215037138,20.732737668360166,545,0.0,1
545,0.09542983679476028,15.459633560751163,545,0.0,1
545,0.12755748521564145,20.664312604933915,545,0.0,1
545,0.14123520319939317,22.880102918301695,545,0.0,1
545,0.08543403675190497,13.840313953808606,545,0.0,1
545,0.09542983679476028,15.459633560751163,545,0.0,1
545,0.12755748521564145,20.664312604933915,545,0.0,1
545,0.09542983679476028,15.459633560751163,545,0.0,1
545,0.10444130910722166,16.91949207536991,545,0.0,1
545,0.13478311013698088,21.834863842190902,545,0.0,1
545,0.0,0.0,545,0.0,1
34,0.0,0.0,34,0.0,1
545,0.1881901760553257,30.486808520962764,545,0.0,1
545,0.1643274408768919,26.621045422056493,545,0.0,1
545,0.14123520319939317,22.880102918301695,545,0.0,1
545,0.13433191006429504,21.7617694304158,545,0.0,1
545,0.1127048114669146,18.258179457640168,545,0.0,1
545,0.14075676278926008,22.802595571860135,545,0.0,1
545,0.09542983679476028,15.459633560751163,545,0.0,1
545,0.12755748521564145,20.664312604933915,545,0.0,1
545,0.12037448313476666,19.500666267832198,545,0.0,1
545,0.10444130910722166,16.91949207536991,545,0.0,1
545,0.07405639542392017,11.997136058675068,545,0.0,1
545,0.12797986215037138,20.732737668360166,545,0.0,1
545,0.1127048114669146,18.258179457640168,545,0.0,1
545,0.12755748521564145,20.664312604933915,545,0.0,1
545,0.1473822670803959,23.875927267024135,545,0.0,1
545,0.09542983679476028,15.459633560751163,545,0.0,1
545,0.09542983679476028,15.459633560751163,545,0.0,1
545,0.12755748521564145,20.664312604933915,545,0.0,1
545,0.1127048114669146,18.258179457640168,545,0.0,1
545,0.10444130910722166,16.91949207536991,545,0.0,1
545,0.12797986215037138,20.732737668360166,545,0.0,1
545,0.042835293687811936,6.939317577425534,545,0.0,1
545,0.08543403675190497,13.840313953808606,545,0.0,1
334,0.16216890529217992,26.27136265733315,334,0.0,1
545,0.2589858380840863,41.95570576962198,545,0.0,1
545,0.1127048114669146,18.258179457640168,545,0.0,1
545,0.12037448313476666,19.500666267832198,545,0.0,1
545,0.12037448313476666,19.500666267832198,545,0.0,1
545,0.12037448313476666,19.500666267832198,545,0.0,1
545,0.08543403675190497,13.840313953808606,545,0.0,1
545,0.12076612785158558,19.564112711956867,545,0.0,1
545,0.12037448313476666,19.500666267832198,545,0.0,1
545,0.13433191006429504,21.7617694304158,545,0.0,1
545,0.14123520319939317,22.880102918301695,545,0.0,1
545,0.10444130910722166,16.91949207536991,545,0.0,1
545,0.09542983679476028,15.459633560751163,545,0.0,1
545,0.12037448313476666,19.500666267832198,545,0.0,1
545,0.1127048114669146,18.258179457640168,545,0.0,1
545,0.1127048114669146,18.258179457640168,545,0.0,1
545,0.13478311013698088,21.834863842190902,545,0.0,1
545,0.06052254912880909,9.804652958867074,545,0.0,1
545,0.06052254912880909,9.804652958867074,545,0.0,1
545,0.14687792435457794,23.794223745441627,545,0.0,1
545,0.0,0.0,545,0.0,1
59,0.13018891098082386,21.090603578893464,59,0.0,1
545,0.24955437888249518,40.42780937896422,545,0.0,1
545,0.09542983679476028,15.459633560751163,545,0.0,1
545,0.13478311013698088,21.834863842190902,545,0.0,1
545,0.14075676278926008,22.802595571860135,545,0.0,1
545,0.1473822670803959,23.875927267024135,545,0.0,1
545,0.10444130910722166,16.91949207536991,545,0.0,1
545,0.08543403675190497,13.840313953808606,545,0.0,1
545,0.12037448313476666,19.500666267832198,545,0.0,1
545,0.12037448313476666,19.500666267832198,545,0.0,1
545,0.1127048114669146,18.258179457640168,545,0.0,1
545,0.14123520319939317,22.880102918301695,545,0.0,1
545,0.06052254912880909,9.804652958867074,545,0.0,1
545,0.042835293687811936,6.939317577425534,545,0.0,1
545,0.15273191296161098,24.74256989978098,545,0.0,1
545,0.0,0.0,545,0.0,1
545,0.18887001729303673,30.59694280147195,545,0.0,1
222,0.0,0.0,222,0.0,1
545,0.2831263860164142,45.866474534659105,545,0.0,1
545,0.09542983679476028,15.459633560751163,545,0.0,1
545,0.09542983679476028,15.459633560751163,545,0.0,1
545,0.12755748521564145,20.664312604933915,545,0.0,1
545,0.10444130910722166,16.91949207536991,545,0.0,1
545,0.1127048114669146,18.258179457640168,545,0.0,1
545,0.13478311013698088,21.834863842190902,545,0.0,1
545,0.06052254912880909,9.804652958867074,545,0.0,1
545,0.09542983679476028,15.459633560751163,545,0.0,1
545,0.12755748521564145,20.664312604933915,545,0.0,1
545,0.08543403675190497,13.840313953808606,545,0.0,1
545,0.1695602387995467,27.468758685526566,545,0.0,1
545,0.0,0.0,545,0.0,1
545,0.0,0.0,545,0.0,1
545,0.042835293687811936,6.939317577425534,545,0.0,1
362,0.3852549269225633,62.41129816145526,362,0.0,1
545,0.2589858380840863,41.95570576962198,545,0.0,1
545,0.12755748521564145,20.664312604933915,545,0.0,1
545,0.09542983679476028,15.459633560751163,545,0.0,1
545,0.12797986215037138,20.732737668360166,545,0.0,1
545,0.06052254912880909,9.804652958867074,545,0.0,1
545,0.12755748521564145,20.664312604933915,545,0.0,1
545,0.08543403675190497,13.840313953808606,545,0.0,1
545,0.18425987068820346,29.85009905148896,545,0.0,1
545,0.042835293687811936,6.939317577425534,545,0.0,1
545,0.0,0.0,545,0.0,1
545,0.042835293687811936,6.939317577425534,545,0.0,1
545,0.18644355193249385,30.203855413064005,545,0.0,1
545,0.36382197956096163,58.93916068887578,545,0.0,1
545,0.0,0.0,545,0.0,1
545,0.0,0.0,545,0.0,1
545,0.0,0.0,545,0.0,1
545,0.0,0.0,545,0.0,1
545,0.0,0.0,545,0.0,1
545,0.0,0.0,545,0.0,1
252,0.0,0.0,252,0.0,1
545,0.22178931869868965,35.92986962918772,545,0.0,1
545,0.06052254912880909,9.804652958867074,545,0.0,1
545,0.12037448313476666,19.500666267832198,545,0.0,1
545,0.09542983679476028,15.459633560751163,545,0.0,1
545,0.1795125918764526,29.08103988398532,545,0.0,1
545,0.06052254912880909,9.804652958867074,545,0.0,1
545,0.0,0.0,545,0.0,1
545,0.0,0.0,545,0.0,1
545,0.08543403675190497,13.840313953808606,545,0.0,1
545,0.39992916264285855,64.7885243481431,545,0.0,1
545,0.0,0.0,545,0.0,1
545,0.0,0.0,545,0.0,1
545,0.0,0.0,545,0.0,1
545,0.0,0.0,545,0.0,1
545,0.0,0.0,545,0.0,1
545,0.0,0.0,545,0.0,1
545,0.0,0.0,545,0.0,1
545,0.0,0.0,545,0.0,1
545,0.0,0.0,545,0.0,1
461,0.0,0.0,461,0.0,1
545,68.83625154265451,11151.47274991003,545,0.0,1
545,0.042835293687811936,6.939317577425534,545,0.0,1
545,0.0,0.0,545,0.0,1
545,0.2832335834908237,45.88384052551345,545,0.0,1
545,0.13478311013698088,21.834863842190902,545,0.0,1
545,0.19085967358952055,30.919267121502326,545,0.0,1
124,0.4490132550669373,72.74014732084383,124,0.0,1
545,68.83612056815215,11151.451532040648,545,0.0,1
545,0.042835293687811936,6.939317577425534,545,0.0,1
545,0.042835293687811936,6.939317577425534,545,0.0,1
545,0.28628951038428085,46.378900682253494,545,0.0,1
545,0.13478311013698088,21.834863842190902,545,0.0,1
545,0.19085967358952055,30.919267121502326,545,0.0,1
545,0.24183928244210057,39.1779637556203,545,0.0,1
545,0.07405639542392017,11.997136058675068,545,0.0,1
545,0.11306336426495488,18.31626501092269,545,0.0,1
545,0.2521494216033318,40.84820629973975,545,0.0,1
545,0.08567058737562387,13.878635154851068,545,0.0,1
439,0.11668512767264332,18.902990682968216,439,0.0,1
545,68.83612056815215,11151.451532040648,545,0.0,1
545,0.042835293687811936,6.939317577425534,545,0.0,1
545,0.042835293687811936,6.939317577425534,545,0.0,1
545,0.28628951038428085,46.378900682253494,545,0.0,1
545,0.1473822670803959,23.875927267024135,545,0.0,1
545,0.19085967358952055,30.919267121502326,545,0.0,1
545,0.24183928244210057,39.1779637556203,545,0.0,1
545,0.07405639542392017,11.997136058675068,545,0.0,1
545,0.12797986215037138,20.732737668360166,545,0.0,1
545,0.2521494216033318,40.84820629973975,545,0.0,1
545,0.08567058737562387,13.878635154851068,545,0.0,1
545,0.14161679174541186,22.941920262756724,545,0.0,1
545,0.37492578866337933,60.737977763467455,545,0.0,1
545,0.12797986215037138,20.732737668360166,545,0.0,1
545,0.11306336426495488,18.31626501092269,545,0.0,1
545,0.28013228314573546,45.38142986960915,545,0.0,1
396,0.12283152977895323,19.89870782419042,396,0.0,1
545,68.83605500730877,11151.440911184021,545,0.0,1
545,0.06052254912880909,9.804652958867074,545,0.0,1
545,0.06052254912880909,9.804652958867074,545,0.0,1
545,0.28628951038428085,46.378900682253494,545,0.0,1
545,0.1473822670803959,23.875927267024135,545,0.0,1
545,0.19085967358952055,30.919267121502326,545,0.0,1
545,0.24183928244210057,39.1779637556203,545,0.0,1
545,0.07405639542392017,11.997136058675068,545,0.0,1
545,0.13478311013698088,21.834863842190902,545,0.0,1
545,0.2521494216033318,40.84820629973975,545,0.0,1
545,0.08567058737562387,13.878635154851068,545,0.0,1
545,0.14161679174541186,22.941920262756724,545,0.0,1
545,0.37492578866337933,60.737977763467455,545,0.0,1
545,0.12797986215037138,20.732737668360166,545,0.0,1
545,0.11306336426495488,18.31626501092269,545,0.0,1
545,0.28013228314573546,45.38142986960915,545,0.0,1
545,0.24183928244210057,39.1779637556203,545,0.0,1
545,0.40137714902349625,65.02309814180639,545,0.0,1
545,0.29592939021584863,47.94056121496748,545,0.0,1
545,0.19047048856883392,30.856219148151098,545,0.0,1
545,0.09571217420693838,15.505372221524016,545,0.0,1
5,0.0,0.0,5,0.0,1
545,68.83605500730877,11151.440911184021,545,0.0,1
545,0.07405639542392017,11.997136058675068,545,0.0,1
545,0.06052254912880909,9.804652958867074,545,0.0,1
545,0.28628951038428085,46.378900682253494,545,0.0,1
545,0.1473822670803959,23.875927267024135,545,0.0,1
545,0.19085967358952055,30.919267121502326,545,0.0,1
545,0.24183928244210057,39.1779637556203,545,0.0,1
545,0.08543403675190497,13.840313953808606,545,0.0,1
545,0.15370053093925595,24.899486012159464,545,0.0,1
545,0.2521494216033318,40.84820629973975,545,0.0,1
545,0.1047637591152644,16.971728976672832,545,0.0,1
545,0.14161679174541186,22.941920262756724,545,0.0,1
545,0.37492578866337933,60.737977763467455,545,0.0,1
545,0.12797986215037138,20.732737668360166,545,0.0,1
545,0.11306336426495488,18.31626501092269,545,0.0,1
545,0.2832335834908237,45.88384052551345,545,0.0,1
545,0.24546617433263646,39.7655202418871,545,0.0,1
545,0.40137714902349625,65.02309814180639,545,0.0,1
545,0.29592939021584863,47.94056121496748,545,0.0,1
545,0.19047048856883392,30.856219148151098,545,0.0,1
545,0.12076612785158558,19.564112711956867,545,0.0,1
545,0.09542983679476028,15.459633560751163,545,0.0,1
545,0.1047637591152644,16.971728976672832,545,0.0,1
545,0.24153225570317116,39.12822542391373,545,0.0,1
128,0.08838834764831845,14.318912319027588,128,0.0,1
545,68.83605500730877,11151.440911184021,545,0.0,1
545,0.07405639542392017,11.997136058675068,545,0.0,1
545,0.06052254912880909,9.804652958867074,545,0.0,1
545,0.2893015016855183,46.866843273053966,545,0.0,1
545,0.1473822670803959,23.875927267024135,545,0.0,1
545,0.19085967358952055,30.919267121502326,545,0.0,1
545,0.24183928244210057,39.1779637556203,545,0.0,1
545,0.09542983679476028,15.459633560751163,545,0.0,1
545,0.15936750998240654,25.81753661714986,545,0.0,1
545,0.2521494216033318,40.84820629973975,545,0.0,1
545,0.1047637591152644,16.971728976672832,545,0.0,1
545,0.14161679174541186,22.941920262756724,545,0.0,1
545,0.3772128450770142,61.1084809024763,545,0.0,1
545,0.12797986215037138,20.732737668360166,545,0.0,1
545,0.11306336426495488,18.31626501092269,545,0.0,1
545,0.28628951038428085,46.378900682253494,545,0.0,1
545,0.24546617433263646,39.7655202418871,545,0.0,1
545,0.40137714902349625,65.02309814180639,545,0.0,1
545,0.3363140252552342,54.48287209134794,545,0.0,1
545,0.1950203055834297,31.59328950451561,545,0.0,1
545,0.12076612785158558,19.564112711956867,545,0.0,1
545,0.09542983679476028,15.459633560751163,545,0.0,1
545,0.1047637591152644,16.971728976672832,545,0.0,1
545,0.24153225570317116,39.12822542391373,545,0.0,1
545,0.13513300198138428,21.891546320984254,545,0.0,1
545,0.20923755919807735,33.89648459008853,545,0.0,1
545,0.23785956393062058,38.533249356760535,545,0.0,1
116,0.0,0.0,116,0.0,1
545,0.13433191006429504,21.7617694304158,545,0.0,1
545,0.2980870834776501,48.29010752337932,545,0.0,1
545,0.12797986215037138,20.732737668360166,545,0.0,1
545,0.28628951038428085,46.378900682253494,545,0.0,1
545,0.13478311013698088,21.834863842190902,545,0.0,1
545,0.09542983679476028,15.459633560751163,545,0.0,1
545,0.15936750998240654,25.81753661714986,545,0.0,1
545,0.26265847887428795,42.55067357763465,545,0.0,1
545,0.12076612785158558,19.564112711956867,545,0.0,1
545,0.14161679174541186,22.941920262756724,545,0.0,1
545,0.3865050201472532,62.61381326385502,545,0.0,1
545,0.09542983679476028,15.459633560751163,545,0.0,1
545,0.12797986215037138,20.732737668360166,545,0.0,1
545,0.2893015016855183,46.866843273053966,545,0.0,1
545,0.24546617433263646,39.7655202418871,545,0.0,1
545,0.4056817864024369,65.72044939719478,545,0.0,1
545,0.33110878502832836,53.639623174589204,545,0.0,1
545,0.1950203055834297,31.59328950451561,545,0.0,1
545,0.13478311013698088,21.834863842190902,545,0.0,1
545,0.09542983679476028,15.459633560751163,545,0.0,1
545,0.11306336426495488,18.31626501092269,545,0.0,1
545,0.2486743048163138,40.28523738024284,545,0.0,1
545,0.12829573230293037,20.78390863307472,545,0.0,1
545,0.20923755919807735,33.89648459008853,545,0.0,1
545,0.23411486057889364,37.926607413780765,545,0.0,1
545,0.18130738851778405,29.371796939881015,545,0.0,1
545,0.25252368939864106,40.90883768257985,545,0.0,1
298,0.09999661034184605,16.19945087537906,298,0.0,1
545,0.1969992096762317,31.91387196754954,545,0.0,1
545,0.2334222969199951,37.81441210103921,545,0.0,1
545,0.18615387445797377,30.156927662191748,545,0.0,1
545,0.15370053093925595,24.899486012159464,545,0.0,1
545,0.3626147770355681,58.74359387976204,545,0.0,1
545,0.1760022567681442,28.51236559643936,545,0.0,1
545,0.12076612785158558,19.564112711956867,545,0.0,1
545,0.12755748521564145,20.664312604933915,545,0.0,1
545,0.30136181286918456,48.820613684807896,545,0.0,1
545,0.44653429478218315,72.33855575471368,545,0.0,1
545,0.14779363100767506,23.94256822324336,545,0.0,1
545,0.3568295210175538,57.80638240484371,545,0.0,1
545,0.13478311013698088,21.834863842190902,545,0.0,1
545,0.14123520319939317,22.880102918301695,545,0.0,1
545,0.13478311013698088,21.834863842190902,545,0.0,1
545,0.20056248479615843,32.49112253697767,545,0.0,1
545,0.18097222000755542,29.31749964122397,545,0.0,1
545,0.09571217420693838,15.505372221524016,545,0.0,1
545,0.21750498564482648,35.235807674461896,545,0.0,1
545,0.24902670767067808,40.34232664264985,545,0.0,1
545,0.2257983378339873,36.57933072910595,545,0.0,1
545,0.20056248479615843,32.49112253697767,545,0.0,1
545,0.2334222969199951,37.81441210103921,545,0.0,1
545,0.20923755919807735,33.89648459008853,545,0.0,1
248,0.0,0.0,248,0.0,1
545,0.47471836738474094,76.90437551632805,545,0.0,1
545,0.3417361470076199,55.36125581523443,545,0.0,1
545,0.19000951491499024,30.781541416228418,545,0.0,1
545,0.14123520319939317,22.880102918301695,545,0.0,1
545,0.09542983679476028,15.459633560751163,545,0.0,1
545,0.12076612785158558,19.564112711956867,545,0.0,1
545,0.2486743048163138,40.28523738024284,545,0.0,1
545,0.12829573230293037,20.78390863307472,545,0.0,1
545,0.21750498564482648,35.235807674461896,545,0.0,1
545,0.23411486057889364,37.926607413780765,545,0.0,1
545,0.18615387445797377,30.156927662191748,545,0.0,1
545,0.2593372348952808,42.012632053035496,545,0.0,1
545,0.21750498564482648,35.235807674461896,545,0.0,1
545,0.2334222969199951,37.81441210103921,545,0.0,1
545,0.042835293687811936,6.939317577425534,545,0.0,1
545,0.0,0.0,545,0.0,1
545,0.0,0.0,545,0.0,1
545,0.0,0.0,545,0.0,1
498,0.0,0.0,498,0.0,1
545,0.4080857739748706,66.10989538392904,545,0.0,1
545,0.20056248479615843,32.49112253697767,545,0.0,1
545,0.1760022567681442,28.51236559643936,545,0.0,1
545,0.13513300198138428,21.891546320984254,545,0.0,1
545,0.2375189940426465,38.47807703490874,545,0.0,1
545,0.21373506202872036,34.6250800486527,545,0.0,1
545,0.22964930207339074,37.2031869358893,545,0.0,1
545,0.2134192127915364,34.5739124722289,545,0.0,1
545,0.2257983378339873,36.57933072910595,545,0.0,1
545,0.2134192127915364,34.5739124722289,545,0.0,1
545,0.042835293687811936,6.939317577425534,545,0.0,1
545,0.0,0.0,545,0.0,1
545,0.0,0.0,545,0.0,1
545,0.0,0.0,545,0.0,1
545,0.0,0.0,545,0.0,1
545,0.0,0.0,545,0.0,1
545,0.0,0.0,545,0.0,1
545,0.0,0.0,545,0.0,1
545,0.0,0.0,545,0.0,1
545,0.0,0.0,545,0.0,1
545,0.0,0.0,545,0.0,1
545,0.0,0.0,545,0.0,1
545,0.0,0.0,545,0.0,1
545,0.0,0.0,545,0.0,1
545,0.0,0.0,545,0.0,1
252,0.0,0.0,252,0.0,1
545,0.241978711270312,39.20055122579054,545,0.0,1
545,0.26265847887428795,42.55067357763465,545,0.0,1
545,0.2593372348952808,42.012632053035496,545,0.0,1
545,0.07405639542392017,11.997136058675068,545,0.0,1
545,0.0,0.0,545,0.0,1
545,0.0,0.0,545,0.0,1
545,0.0,0.0,545,0.0,1
545,0.0,0.0,545,0.0,1
545,0.0,0.0,545,0.0,1
545,0.0,0.0,545,0.0,1
545,0.0,0.0,545,0.0,1
545,0.0,0.0,545,0.0,1
545,0.0,0.0,545,0.0,1
545,0.0,0.0,545,0.0,1
545,0.0,0.0,545,0.0,1
545,0.0,0.0,545,0.0,1
545,0.0,0.0,545,0.0,1
545,0.0,0.0,545,0.0,1
545,0.0,0.0,545,0.0,1
545,0.0,0.0,545,0.0,1
545,0.0,0.0,545,0.0,1
545,0.0,0.0,545,0.0,1
545,0.0,0.0,545,0.0,1
545,0.0,0.0,545,0.0,1
545,0.0,0.0,545,0.0,1
545,0.0,0.0,545,0.0,1
545,0.0,0.0,545,0.0,1
545,0.0,0.0,545,0.0,1
306,0.0,0.0,306,0.0,1
545,0.3075546362686474,49.82385107552087,545,0.0,1
545,0.14811279084784035,23.994272117350135,545,0.0,1
545,0.042835293687811936,6.939317577425534,545,0.0,1
545,0.0,0.0,545,0.0,1
545,0.0,0.0,545,0.0,1
545,0.0,0.0,545,0.0,1
545,0.0,0.0,545,0.0,1
545,0.0,0.0,545,0.0,1
545,0.0,0.0,545,0.0,1
545,0.0,0.0,545,0.0,1
545,0.0,0.0,545,0.0,1
545,0.0,0.0,545,0.0,1
545,0.0,0.0,545,0.0,1
545,0.0,0.0,545,0.0,1
545,0.0,0.0,545,0.0,1
545,0.0,0.0,545,0.0,1
545,0.0,0.0,545,0.0,1
545,0.0,0.0,545,0.0,1
545,0.0,0.0,545,0.0,1
545,0.0,0.0,545,0.0,1
545,0.0,0.0,545,0.0,1
545,0.0,0.0,545,0.0,1
545,0.0,0.0,545,0.0,1
545,0.0,0.0,545,0.0,1
545,0.0,0.0,545,0.0,1
545,0.0,0.0,545,0.0,1
545,0.0,0.0,545,0.0,1
545,0.0,0.0,545,0.0,1
545,0.0,0.0,545,0.0,1
545,0.0,0.0,545,0.0,1
545,0.0,0.0,545,0.0,1
545,0.0,0.0,545,0.0,1
545,0.0,0.0,545,0.0,1
470,0.0,0.0,470,0.0,1
545,0.3075546362686474,49.82385107552087,545,0.0,1
545,0.14811279084784035,23.994272117350135,545,0.0,1
545,0.042835293687811936,6.939317577425534,545,0.0,1
545,0.0,0.0,545,0.0,1
545,0.0,0.0,545,0.0,1
545,0.0,0.0,545,0.0,1
545,0.0,0.0,545,0.0,1
545,0.0,0.0,545,0.0,1
545,0.0,0.0,545,0.0,1
545,0.0,0.0,545,0.0,1
545,0.0,0.0,545,0.0,1
545,0.0,0.0,545,0.0,1
545,0.0,0.0,545,0.0,1
545,0.0,0.0,545,0.0,1
545,0.0,0.0,545,0.0,1
545,0.0,0.0,545,0.0,1
545,0.0,0.0,545,0.0,1
545,0.0,0.0,545,0.0,1
545,0.0,0.0,545,0.0,1
545,0.0,0.0,545,0.0,1
545,0.0,0.0,545,0.0,1
545,0.0,0.0,545,0.0,1
545,0.0,0.0,545,0.0,1
545,0.0,0.0,545,0.0,1
545,0.0,0.0,545,0.0,1
545,0.0,0.0,545,0.0,1
545,0.0,0.0,545,0.0,1
545,0.0,0.0,545,0.0,1
545,0.0,0.0,545,0.0,1
545,0.0,0.0,545,0.0,1
545,0.0,0.0,545,0.0,1
545,0.0,0.0,545,0.0,1
545,0.0,0.0,545,0.0,1
545,0.0,0.0,545,0.0,1
545,0.0,0.0,545,0.0,1
545,0.0,0.0,545,0.0,1
545,0.0,0.0,545,0.0,1
545,0.0,0.0,545,0.0,1
545,0.0,0.0,545,0.0,1
545,0.0,0.0,545,0.0,1
545,0.0,0.0,545,0.0,1
545,0.0,0.0,545,0.0,1
375,0.0,0.0,375,0.0,1
545,0.3048669788573788,49.388450574895366,545,0.0,1
545,0.14811279084784035,23.994272117350135,545,0.0,1
545,0.042835293687811936,6.939317577425534,545,0.0,1
545,0.0,0.0,545,0.0,1
545,0.0,0.0,545,0.0,1
545,0.0,0.0,545,0.0,1
545,0.0,0.0,545,0.0,1
545,0.0,0.0,545,0.0,1
545,0.0,0.0,545,0.0,1
545,0.0,0.0,545,0.0,1
545,0.0,0.0,545,0.0,1
545,0.0,0.0,545,0.0,1
545,0.0,0.0,545,0.0,1
545,0.0,0.0,545,0.0,1
545,0.0,0.0,545,0.0,1
545,0.0,0.0,545,0.0,1
545,0.0,0.0,545,0.0,1
545,0.0,0.0,545,0.0,1
545,0.0,0.0,545,0.0,1
545,0.0,0.0,545,0.0,1
545,0.0,0.0,545,0.0,1
545,0.0,0.0,545,0.0,1
545,0.0,0.0,545,0.0,1
545,0.0,0.0,545,0.0,1
545,0.0,0.0,545,0.0,1
545,0.0,0.0,545,0.0,1
545,0.0,0.0,545,0.0,1
545,0.0,0.0,545,0.0,1
545,0.0,0.0,545,0.0,1
545,0.0,0.0,545,0.0,1
545,0.0,0.0,545,0.0,1
545,0.0,0.0,545,0.0,1
545,0.0,0.0,545,0.0,1
545,0.0,0.0,545,0.0,1
545,0.0,0.0,545,0.0,1
545,0.0,0.0,545,0.0,1
545,0.0,0.0,545,0.0,1
545,0.0,0.0,545,0.0,1
545,0.0,0.0,545,0.0,1
545,0.0,0.0,545,0.0,1
545,0.0,0.0,545,0.0,1
545,0.0,0.0,545,0.0,1
545,0.0,0.0,545,0.0,1
545,0.0,0.0,545,0.0,1
545,0.0,0.0,545,0.0,1
545,0.0,0.0,545,0.0,1
274,0.0,0.0,274,0.0,1
545,0.042835293687811936,6.939317577425534,545,0.0,1
545,0.0,0.0,545,0.0,1
545,0.0,0.0,545,0.0,1
545,0.0,0.0,545,0.0,1
545,0.0,0.0,545,0.0,1
545,0.0,0.0,545,0.0,1
545,0.0,0.0,545,0.0,1
545,0.0,0.0,545,0.0,1
545,0.0,0.0,545,0.0,1
545,0.0,0.0,545,0.0,1
545,0.0,0.0,545,0.0,1
545,0.0,0.0,545,0.0,1
545,0.0,0.0,545,0.0,1
545,0.0,0.0,545,0.0,1
545,0.0,0.0,545,0.0,1
545,0.0,0.0,545,0.0,1
545,0.0,0.0,545,0.0,1
545,0.0,0.0,545,0.0,1
545,0.0,0.0,545,0.0,1
545,0.0,0.0,545,0.0,1
545,0.0,0.0,545,0.0,1
545,0.0,0.0,545,0.0,1
545,0.0,0.0,545,0.0,1
545,0.0,0.0,545,0.0,1
545,0.0,0.0,545,0.0,1
545,0.0,0.0,545,0.0,1
545,0.0,0.0,545,0.0,1
545,0.0,0.0,545,0.0,1
545,0.0,0.0,545,0.0,1
545,0.0,0.0,545,0.0,1
545,0.0,0.0,545,0.0,1
545,0.0,0.0,545,0.0,1
545,0.0,0.0,545,0.0,1
545,0.0,0.0,545,0.0,1
545,0.0,0.0,545,0.0,1
545,0.0,0.0,545,0.0,1
545,0.0,0.0,545,0.0,1
545,0.0,0.0,545,0.0,1
545,0.0,0.0,545,0.0,1
545,0.0,0.0,545,0.0,1
545,0.0,0.0,545,0.0,1
545,0.0,0.0,545,0.0,1
545,0.0,0.0,545,0.0,1
545,0.0,0.0,545,0.0,1
448,0.0,0.0,448,0.0,1
545,0.0,0.0,545,0.0,1
545,0.0,0.0,545,0.0,1
545,0.0,0.0,545,0.0,1
545,0.0,0.0,545,0.0,1
545,0.0,0.0,545,0.0,1
545,0.0,0.0,545,0.0,1
545,0.0,0.0,545,0.0,1
545,0.0,0.0,545,0.0,1
545,0.0,0.0,545,0.0,1
545,0.0,0.0,545,0.0,1
545,0.0,0.0,545,0.0,1
545,0.0,0.0,545,0.0,1
545,0.0,0.0,545,0.0,1
545,0.0,0.0,545,0.0,1
545,0.0,0.0,545,0.0,1
545,0.0,0.0,545,0.0,1
545,0.0,0.0,545,0.0,1
545,0.0,0.0,545,0.0,1
545,0.0,0.0,545,0.0,1
545,0.0,0.0,545,0.0,1
545,0.0,0.0,545,0.0,1
545,0.0,0.0,545,0.0,1
545,0.0,0.0,545,0.0,1
545,0.0,0.0,545,0.0,1
545,0.0,0.0,545,0.0,1
545,0.0,0.0,545,0.0,1
545,0.0,0.0,545,0.0,1
545,0.0,0.0,545,0.0,1
545,0.0,0.0,545,0.0,1
545,0.0,0.0,545,0.0,1
545,0.0,0.0,545,0.0,1
545,0.0,0.0,545,0.0,1
545,0.0,0.0,545,0.0,1
545,0.0,0.0,545,0.0,1
545,0.0,0.0,545,0.0,1
545,0.0,0.0,545,0.0,1
545,0.0,0.0,545,0.0,1
545,0.0,0.0,545,0.0,1
545,0.0,0.0,545,0.0,1
545,0.0,0.0,545,0.0,1
545,0.0,0.0,545,0.0,1
545,0.0,0.0,545,0.0,1
545,0.0,0.0,545,0.0,1
545,0.0,0.0,545,0.0,1
540,0.0,0.0,540,0.0,1
545,0.0,0.0,545,0.0,1
545,0.0,0.0,545,0.0,1
545,0.0,0.0,545,0.0,1
545,0.0,0.0,545,0.0,1
545,0.0,0.0,545,0.0,1
545,0.0,0.0,545,0.0,1
545,0.0,0.0,545,0.0,1
545,0.0,0.0,545,0.0,1
545,0.0,0.0,545,0.0,1
545,0.0,0.0,545,0.0,1
545,0.0,0.0,545,0.0,1
545,0.0,0.0,545,0.0,1
545,0.0,0.0,545,0.0,1
545,0.0,0.0,545,0.0,1
545,0.0,0.0,545,0.0,1
545,0.0,0.0,545,0.0,1
545,0.0,0.0,545,0.0,1
545,0.0,0.0,545,0.0,1
545,0.0,0.0,545,0.0,1
545,0.0,0.0,545,0.0,1
545,0.0,0.0,545,0.0,1
545,0.0,0.0,545,0.0,1
545,0.0,0.0,545,0.0,1
545,0.0,0.0,545,0.0,1
545,0.0,0.0,545,0.0,1
545,0.0,0.0,545,0.0,1
545,0.0,0.0,545,0.0,1
545,0.0,0.0,545,0.0,1
545,0.0,0.0,545,0.0,1
545,0.0,0.0,545,0.0,1
545,0.0,0.0,545,0.0,1
545,0.0,0.0,545,0.0,1
545,0.0,0.0,545,0.0,1
545,0.0,0.0,545,0.0,1
545,0.0,0.0,545,0.0,1
545,0.0,0.0,545,0.0,1
545,0.0,0.0,545,0.0,1
545,0.0,0.0,545,0.0,1
545,0.0,0.0,545,0.0,1
545,0.0,0.0,545,0.0,1
448,0.0,0.0,448,0.0,1
545,0.0,0.0,545,0.0,1
545,0.0,0.0,545,0.0,1
545,0.0,0.0,545,0.0,1
545,0.0,0.0,545,0.0,1
545,0.0,0.0,545,0.0,1
545,0.0,0.0,545,0.0,1
545,0.0,0.0,545,0.0,1
545,0.0,0.0,545,0.0,1
545,0.0,0.0,545,0.0,1
545,0.0,0.0,545,0.0,1
545,0.0,0.0,545,0.0,1
545,0.0,0.0,545,0.0,1
545,0.0,0.0,545,0.0,1
545,0.0,0.0,545,0.0,1
545,0.0,0.0,545,0.0,1
545,0.0,0.0,545,0.0,1
545,0.0,0.0,545,0.0,1
545,0.0,0.0,545,0.0,1
545,0.0,0.0,545,0.0,1
545,0.0,0.0,545,0.0,1
545,0.0,0.0,545,0.0,1
545,0.0,0.0,545,0.0,1
545,0.0,0.0,545,0.0,1
545,0.0,0.0,545,0.0,1
545,0.0,0.0,545,0.0,1
545,0.0,0.0,545,0.0,1
545,0.0,0.0,545,0.0,1
545,0.0,0.0,545,0.0,1
545,0.0,0.0,545,0.0,1
511,0.0,0.0,511,0.0,1
545,0.0,0.0,545,0.0,1
545,0.0,0.0,545,0.0,1
545,0.0,0.0,545,0.0,1
545,0.0,0.0,545,0.0,1
545,0.0,0.0,545,0.0,1
545,0.0,0.0,545,0.0,1
545,0.0,0.0,545,0.0,1
545,0.0,0.0,545,0.0,1
545,0.0,0.0,545,0.0,1
545,0.0,0.0,545,0.0,1
545,0.0,0.0,545,0.0,1
545,0.0,0.0,545,0.0,1
545,0.0,0.0,545,0.0,1
545,0.0,0.0,545,0.0,1
545,0.0,0.0,545,0.0,1
545,0.0,0.0,545,0.0,1
545,0.0,0.0,545,0.0,1
545,0.0,0.0,545,0.0,1
545,0.0,0.0,545,0.0,1
545,0.0,0.0,545,0.0,1
241,0.0,0.0,241,0.0,1
252,0.0,0.0,252,0.0,1
101,0.0,0.0,101,0.0,1
17,0.0,0.0,17,0.0,1
545,0.20536516645237807,33.26915696528524,545,0.0,1
545,0.0,0.0,545,0.0,1
545,0.18887001729303673,30.59694280147195,545,0.0,1
545,0.0,0.0,545,0.0,1
545,0.0,0.0,545,0.0,1
545,0.042835293687811936,6.939317577425534,545,0.0,1
545,0.3498804822533627,56.68063812504476,545,0.0,1
545,0.22254840545032792,36.052841682953115,545,0.0,1
545,0.0,0.0,545,0.0,1
545,0.0,0.0,545,0.0,1
545,0.0,0.0,545,0.0,1
545,0.0,0.0,545,0.0,1
545,0.0,0.0,545,0.0,1
545,0.0,0.0,545,0.0,1
545,0.0,0.0,545,0.0,1
545,0.0,0.0,545,0.0,1
545,0.0,0.0,545,0.0,1
545,0.0,0.0,545,0.0,1
545,0.0,0.0,545,0.0,1
545,0.08543403675190497,13.840313953808606,545,0.0,1
508,0.09881733992459414,16.00840906778425,508,0.0,1
545,0.18887001729303673,30.59694280147195,545,0.0,1
545,0.0,0.0,545,0.0,1
545,0.0,0.0,545,0.0,1
545,0.042835293687811936,6.939317577425534,545,0.0,1
545,0.3893915022698046,63.08142336770835,545,0.0,1
545,0.12755748521564145,20.664312604933915,545,0.0,1
545,0.0,0.0,545,0.0,1
545,0.0,0.0,545,0.0,1
545,0.0,0.0,545,0.0,1
545,0.0,0.0,545,0.0,1
545,0.0,0.0,545,0.0,1
545,0.0,0.0,545,0.0,1
545,0.0,0.0,545,0.0,1
545,0.0,0.0,545,0.0,1
545,0.0,0.0,545,0.0,1
545,0.0,0.0,545,0.0,1
545,0.042835293687811936,6.939317577425534,545,0.0,1
545,0.12037448313476666,19.500666267832198,545,0.0,1
545,0.0,0.0,545,0.0,1
164,0.0,0.0,164,0.0,1
545,0.18425987068820346,29.85009905148896,545,0.0,1
545,0.0,0.0,545,0.0,1
545,0.0,0.0,545,0.0,1
545,0.042835293687811936,6.939317577425534,545,0.0,1
545,0.39992916264285855,64.7885243481431,545,0.0,1
545,0.07405639542392017,11.997136058675068,545,0.0,1
545,0.0,0.0,545,0.0,1
545,0.0,0.0,545,0.0,1
545,0.0,0.0,545,0.0,1
545,0.0,0.0,545,0.0,1
545,0.0,0.0,545,0.0,1
545,0.0,0.0,545,0.0,1
545,0.0,0.0,545,0.0,1
545,0.0,0.0,545,0.0,1
545,0.0,0.0,545,0.0,1
545,0.0,0.0,545,0.0,1
545,0.07405639542392017,11.997136058675068,545,0.0,1
545,0.10444130910722166,16.91949207536991,545,0.0,1
545,0.0,0.0,545,0.0,1
286,0.0,0.0,286,0.0,1
545,0.40663679228751304,65.8751603505771,545,0.0,1
545,0.0,0.0,545,0.0,1
545,0.0,0.0,545,0.0,1
545,0.0,0.0,545,0.0,1
545,0.0,0.0,545,0.0,1
545,0.0,0.0,545,0.0,1
545,0.0,0.0,545,0.0,1
545,0.0,0.0,545,0.0,1
545,0.0,0.0,545,0.0,1
545,0.0,0.0,545,0.0,1
545,0.0,0.0,545,0.0,1
545,0.0,0.0,545,0.0,1
545,0.08543403675190497,13.840313953808606,545,0.0,1
545,0.09542983679476028,15.459633560751163,545,0.0,1
545,0.0,0.0,545,0.0,1
227,0.0,0.0,227,0.0,1
545,0.0,0.0,545,0.0,1
545,0.0,0.0,545,0.0,1
545,0.0,0.0,545,0.0,1
545,0.0,0.0,545,0.0,1
545,0.0,0.0,545,0.0,1
545,0.08543403675190497,13.840313953808606,545,0.0,1
545,0.09542983679476028,15.459633560751163,545,0.0,1
545,0.0,0.0,545,0.0,1
14,0.0,0.0,14,0.0,1
545,0.0,0.0,545,0.0,1
545,0.08543403675190497,13.840313953808606,545,0.0,1
545,0.09542983679476028,15.459633560751163,545,0.0,1
545,0.0,0.0,545,0.0,1
415,0.0,0.0,415,0.0,1
545,0.0,0.0,545,0.0,1
21,0.0,0.0,21,0.0,1
462,0.0,0.0,462,0.0,1
366,0.0,0.0,366,0.0,1
545,0.0,0.0,545,0.0,1
545,0.0,0.0,545,0.0,1
545,0.0,0.0,545,0.0,1
243,0.0,0.0,243,0.0,1
545,0.0,0.0,545,0.0,1
545,0.0,0.0,545,0.0,1
545,0.0,0.0,545,0.0,1
545,0.0,0.0,545,0.0,1
545,0.0,0.0,545,0.0,1
545,0.0,0.0,545,0.0,1
545,0.0,0.0,545,0.0,1
545,0.0,0.0,545,0.0,1
545,0.0,0.0,545,0.0,1
545,0.0,0.0,545,0.0,1
545,0.0,0.0,545,0.0,1
545,0.0,0.0,545,0.0,1
545,0.0,0.0,545,0.0,1
545,0.0,0.0,545,0.0,1
545,0.0,0.0,545,0.0,1
545,0.0,0.0,545,0.0,1
545,0.0,0.0,545,0.0,1
545,0.0,0.0,545,0.0,1
545,0.0,0.0,545,0.0,1
545,0.0,0.0,545,0.0,1
545,0.0,0.0,545,0.0,1
545,0.0,0.0,545,0.0,1
545,0.0,0.0,545,0.0,1
183,0.0,0.0,183,0.0,1
545,0.0,0.0,545,0.0,1
545,0.0,0.0,545,0.0,1
545,0.0,0.0,545,0.0,1
545,0.0,0.0,545,0.0,1
545,0.0,0.0,545,0.0,1
545,0.0,0.0,545,0.0,1
545,0.0,0.0,545,0.0,1
545,0.0,0.0,545,0.0,1
545,0.0,0.0,545,0.0,1
545,0.0,0.0,545,0.0,1
545,0.0,0.0,545,0.0,1
545,0.0,0.0,545,0.0,1
545,0.0,0.0,545,0.0,1
545,0.0,0.0,545,0.0,1
545,0.0,0.0,545,0.0,1
545,0.0,0.0,545,0.0,1
545,0.0,0.0,545,0.0,1
545,0.0,0.0,545,0.0,1
545,0.0,0.0,545,0.0,1
545,0.0,0.0,545,0.0,1
545,0.0,0.0,545,0.0,1
545,0.0,0.0,545,0.0,1
545,0.0,0.0,545,0.0,1
545,0.0,0.0,545,0.0,1
532,0.0,0.0,532,0.0,1
545,0.0,0.0,545,0.0,1
545,0.0,0.0,545,0.0,1
545,0.0,0.0,545,0.0,1
545,0.0,0.0,545,0.0,1
545,0.0,0.0,545,0.0,1
545,0.0,0.0,545,0.0,1
545,0.0,0.0,545,0.0,1
545,0.0,0.0,545,0.0,1
545,0.0,0.0,545,0.0,1
545,0.0,0.0,545,0.0,1
545,0.0,0.0,545,0.0,1
545,0.0,0.0,545,0.0,1
545,0.0,0.0,545,0.0,1
545,0.0,0.0,545,0.0,1
545,0.0,0.0,545,0.0,1
545,0.0,0.0,545,0.0,1
545,0.0,0.0,545,0.0,1
545,0.0,0.0,545,0.0,1
545,0.0,0.0,545,0.0,1
545,0.0,0.0,545,0.0,1
545,0.0,0.0,545,0.0,1
545,0.0,0.0,545,0.0,1
545,0.0,0.0,545,0.0,1
545,0.0,0.0,545,0.0,1
545,0.0,0.0,545,0.0,1
44,0.0,0.0,44,0.0,1
545,0.0,0.0,545,0.0,1
545,0.0,0.0,545,0.0,1
545,0.0,0.0,545,0.0,1
545,0.0,0.0,545,0.0,1
545,0.0,0.0,545,0.0,1
545,0.0,0.0,545,0.0,1
545,0.0,0.0,545,0.0,1
545,0.0,0.0,545,0.0,1
545,0.0,0.0,545,0.0,1
545,0.0,0.0,545,0.0,1
545,0.0,0.0,545,0.0,1
545,0.0,0.0,545,0.0,1
545,0.0,0.0,545,0.0,1
545,0.0,0.0,545,0.0,1
545,0.0,0.0,545,0.0,1
545,0.0,0.0,545,0.0,1
545,0.0,0.0,545,0.0,1
545,0.0,0.0,545,0.0,1
545,0.0,0.0,545,0.0,1
545,0.0,0.0,545,0.0,1
545,0.0,0.0,545,0.0,1
545,0.0,0.0,545,0.0,1
545,0.0,0.0,545,0.0,1
545,0.0,0.0,545,0.0,1
530,0.0,0.0,530,0.0,1
545,0.0,0.0,545,0.0,1
545,0.0,0.0,545,0.0,1
545,0.0,0.0,545,0.0,1
545,0.0,0.0,545,0.0,1
545,0.0,0.0,545,0.0,1
545,0.0,0.0,545,0.0,1
545,0.0,0.0,545,0.0,1
545,0.0,0.0,545,0.0,1
545,0.0,0.0,545,0.0,1
545,0.0,0.0,545,0.0,1
545,0.0,0.0,545,0.0,1
545,0.0,0.0,545,0.0,1
545,0.0,0.0,545,0.0,1
545,0.0,0.0,545,0.0,1
545,0.0,0.0,545,0.0,1
545,0.0,0.0,545,0.0,1
545,0.0,0.0,545,0.0,1
545,0.0,0.0,545,0.0,1
545,0.0,0.0,545,0.0,1
545,0.0,0.0,545,0.0,1
545,0.0,0.0,545,0.0,1
545,0.0,0.0,545,0.0,1
545,0.0,0.0,545,0.0,1
545,0.0,0.0,545,0.0,1
475,0.0,0.0,475,0.0,1
545,0.0,0.0,545,0.0,1
545,0.0,0.0,545,0.0,1
545,0.0,0.0,545,0.0,1
545,0.0,0.0,545,0.0,1
545,0.0,0.0,545,0.0,1
545,0.0,0.0,545,0.0,1
545,0.0,0.0,545,0.0,1
545,0.0,0.0,545,0.0,1
545,0.0,0.0,545,0.0,1
545,0.0,0.0,545,0.0,1
545,0.0,0.0,545,0.0,1
545,0.0,0.0,545,0.0,1
545,0.0,0.0,545,0.0,1
545,0.0,0.0,545,0.0,1
545,0.0,0.0,545,0.0,1
545,0.0,0.0,545,0.0,1
545,0.0,0.0,545,0.0,1
545,0.0,0.0,545,0.0,1
545,0.0,0.0,545,0.0,1
545,0.0,0.0,545,0.0,1
545,0.0,0.0,545,0.0,1
545,0.0,0.0,545,0.0,1
545,0.0,0.0,545,0.0,1
545,0.0,0.0,545,0.0,1
427,0.0,0.0,427,0.0,1
545,0.0,0.0,545,0.0,1
545,0.0,0.0,545,0.0,1
545,0.0,0.0,545,0.0,1
545,0.0,0.0,545,0.0,1
545,0.0,0.0,545,0.0,1
545,0.0,0.0,545,0.0,1
545,0.0,0.0,545,0.0,1
545,0.0,0.0,545,0.0,1
545,0.0,0.0,545,0.0,1
545,0.0,0.0,545,0.0,1
114,0.0,0.0,114,0.0,1
237,0.0,0.0,237,0.0,1
70,0.0,0.0,70,0.0,1
119,0.15742552040162258,27.39204054988233,119,0.0,1
153,0.11395567608869292,19.828287639432567,153,0.0,1
190,0.1249895567901568,21.74818288148728,190,0.0,1
241,0.1111053479372121,19.332330541074906,241,0.0,1
313,0.4620655219464435,80.39940081868116,313,0.0,1
545,0.10444130910722166,18.172787784656567,545,0.0,1
545,0.06052254912880909,10.530923548412781,545,0.0,1
178,0.0,0.0,178,0.0,1
545,0.09542983679476028,16.604791602288287,545,0.0,1
545,0.06052254912880909,10.530923548412781,545,0.0,1
212,0.0686802819743445,11.950369063535945,212,0.0,1
545,0.14075676278926008,24.491676725331256,545,0.0,1
545,0.06052254912880909,10.530923548412781,545,0.0,1
252,0.06299407883487121,10.960969717267588,252,0.0,1
545,0.12755748521564145,22.19500242752161,545,0.0,1
545,0.08543403675190497,14.865522394831466,545,0.0,1
300,0.08151300584956361,14.18326301782407,300,0.0,1
545,0.36021632584202795,62.67764069651287,545,0.0,1
545,0.10444130910722166,18.172787784656567,545,0.0,1
380,0.051298917604257706,8.92601166314084,380,0.0,1
545,0.10444130910722166,18.172787784656567,545,0.0,1
545,0.06052254912880909,10.530923548412781,545,0.0,1
545,0.0,0.0,545,0.0,1
545,0.08567058737562387,14.906682203358553,545,0.0,1
284,0.05933908290969267,10.325000426286525,284,0.0,1
545,0.09542983679476028,16.604791602288287,545,0.0,1
545,0.14075676278926008,24.491676725331256,545,0.0,1
545,0.06052254912880909,10.530923548412781,545,0.0,1
545,0.06052254912880909,10.530923548412781,545,0.0,1
545,0.042835293687811936,7.4533411016792765,545,0.0,1
545,0.042835293687811936,7.4533411016792765,545,0.0,1
545,0.0,0.0,545,0.0,1
545,0.07405639542392017,12.885812803762112,545,0.0,1
319,0.07905616216891272,13.755772217390813,319,0.0,1
358,0.07463875307896935,12.987143035740665,358,0.0,1
545,0.12755748521564145,22.19500242752161,545,0.0,1
545,0.08543403675190497,14.865522394831466,545,0.0,1
545,0.07405639542392017,12.885812803762112,545,0.0,1
545,0.07405639542392017,12.885812803762112,545,0.0,1
406,0.04962916669854651,8.635475005547095,406,0.0,1
545,0.36021632584202795,62.67764069651287,545,0.0,1
545,0.10444130910722166,18.172787784656567,545,0.0,1
545,0.042835293687811936,7.4533411016792765,545,0.0,1
545,0.042835293687811936,7.4533411016792765,545,0.0,1
486,0.0,0.0,486,0.0,1
545,0.10444130910722166,18.172787784656567,545,0.0,1
545,0.06052254912880909,10.530923548412781,545,0.0,1
545,0.0,0.0,545,0.0,1
545,0.08567058737562387,14.906682203358553,545,0.0,1
545,0.042835293687811936,7.4533411016792765,545,0.0,1
545,0.0,0.0,545,0.0,1
158,0.079555728417573,13.842696744657704,158,0.0,1
545,0.09542983679476028,16.604791602288287,545,0.0,1
545,0.06052254912880909,10.530923548412781,545,0.0,1
545,0.042835293687811936,7.4533411016792765,545,0.0,1
545,0.14075676278926008,24.491676725331256,545,0.0,1
545,0.0,0.0,545,0.0,1
545,0.06052254912880909,10.530923548412781,545,0.0,1
545,0.06052254912880909,10.530923548412781,545,0.0,1
545,0.042835293687811936,7.4533411016792765,545,0.0,1
545,0.042835293687811936,7.4533411016792765,545,0.0,1
545,0.07405639542392017,12.885812803762112,545,0.0,1
191,0.07235746052924216,12.590198132088137,191,0.0,1
545,0.07405639542392017,12.885812803762112,545,0.0,1
545,0.042835293687811936,7.4533411016792765,545,0.0,1
231,0.0,0.0,231,0.0,1
545,0.12755748521564145,22.19500242752161,545,0.0,1
545,0.08543403675190497,14.865522394831466,545,0.0,1
545,0.07405639542392017,12.885812803762112,545,0.0,1
545,0.07405639542392017,12.885812803762112,545,0.0,1
545,0.042835293687811936,7.4533411016792765,545,0.0,1
545,0.08543403675190497,14.865522394831466,545,0.0,1
281,0.05965499862718936,10.37996976113095,281,0.0,1
545,0.36021632584202795,62.67764069651287,545,0.0,1
545,0.10444130910722166,18.172787784656567,545,0.0,1
545,0.042835293687811936,7.4533411016792765,545,0.0,1
545,0.042835293687811936,7.4533411016792765,545,0.0,1
545,0.0,0.0,545,0.0,1
545,0.0,0.0,545,0.0,1
360,0.07443171683121778,12.951118728631894,360,0.0,1
545,0.10444130910722166,18.172787784656567,545,0.0,1
545,0.06052254912880909,10.530923548412781,545,0.0,1
545,0.0,0.0,545,0.0,1
545,0.08567058737562387,14.906682203358553,545,0.0,1
545,0.042835293687811936,7.4533411016792765,545,0.0,1
545,0.0,0.0,545,0.0,1
545,0.042835293687811936,7.4533411016792765,545,0.0,1
445,0.04740454631399772,8.248391058635603,445,0.0,1
545,0.09542983679476028,16.604791602288287,545,0.0,1
545,0.06052254912880909,10.530923548412781,545,0.0,1
545,0.042835293687811936,7.4533411016792765,545,0.0,1
545,0.14075676278926008,24.491676725331256,545,0.0,1
545,0.0,0.0,545,0.0,1
545,0.06052254912880909,10.530923548412781,545,0.0,1
545,0.06052254912880909,10.530923548412781,545,0.0,1
545,0.042835293687811936,7.4533411016792765,545,0.0,1
545,0.042835293687811936,7.4533411016792765,545,0.0,1
545,0.07405639542392017,12.885812803762112,545,0.0,1
545,0.07405639542392017,12.885812803762112,545,0.0,1
545,0.07405639542392017,12.885812803762112,545,0.0,1
477,0.0,0.0,477,0.0,1
545,0.042835293687811936,7.4533411016792765,545,0.0,1
545,0.06052254912880909,10.530923548412781,545,0.0,1
517,0.0,0.0,517,0.0,1
545,0.12755748521564145,22.19500242752161,545,0.0,1
545,0.08543403675190497,14.865522394831466,545,0.0,1
545,0.07405639542392017,12.885812803762112,545,0.0,1
545,0.07405639542392017,12.885812803762112,545,0.0,1
545,0.042835293687811936,7.4533411016792765,545,0.0,1
545,0.08543403675190497,14.865522394831466,545,0.0,1
545,0.042835293687811936,7.4533411016792765,545,0.0,1
545,0.0,0.0,545,0.0,1
22,0.0,0.0,22,0.0,1
545,0.36021632584202795,62.67764069651287,545,0.0,1
545,0.10444130910722166,18.172787784656567,545,0.0,1
545,0.042835293687811936,7.4533411016792765,545,0.0,1
545,0.042835293687811936,7.4533411016792765,545,0.0,1
545,0.0,0.0,545,0.0,1
545,0.0,0.0,545,0.0,1
545,0.06052254912880909,10.530923548412781,545,0.0,1
545,0.0,0.0,545,0.0,1
101,0.0,0.0,101,0.0,1
545,0.10444130910722166,18.172787784656567,545,0.0,1
545,0.06052254912880909,10.530923548412781,545,0.0,1
545,0.0,0.0,545,0.0,1
545,0.08567058737562387,14.906682203358553,545,0.0,1
545,0.042835293687811936,7.4533411016792765,545,0.0,1
545,0.0,0.0,545,0.0,1
545,0.042835293687811936,7.4533411016792765,545,0.0,1
545,0.06052254912880909,10.530923548412781,545,0.0,1
545,0.042835293687811936,7.4533411016792765,545,0.0,1
11,0.0,0.0,11,0.0,1
545,0.14075676278926008,24.491676725331256,545,0.0,1
545,0.06052254912880909,10.530923548412781,545,0.0,1
545,0.042835293687811936,7.4533411016792765,545,0.0,1
545,0.07405639542392017,12.885812803762112,545,0.0,1
545,0.07405639542392017,12.885812803762112,545,0.0,1
545,0.042835293687811936,7.4533411016792765,545,0.0,1
545,0.09542983679476028,16.604791602288287,545,0.0,1
545,0.06052254912880909,10.530923548412781,545,0.0,1
545,0.06052254912880909,10.530923548412781,545,0.0,1
545,0.0,0.0,545,0.0,1
545,0.042835293687811936,7.4533411016792765,545,0.0,1
545,0.0,0.0,545,0.0,1
545,0.0,0.0,545,0.0,1
92,0.0,0.0,92,0.0,1
545,0.06052254912880909,10.530923548412781,545,0.0,1
545,0.042835293687811936,7.4533411016792765,545,0.0,1
545,0.07405639542392017,12.885812803762112,545,0.0,1
545,0.042835293687811936,7.4533411016792765,545,0.0,1
545,0.0,0.0,545,0.0,1
52,0.0,0.0,52,0.0,1
545,0.12755748521564145,22.19500242752161,545,0.0,1
545,0.08543403675190497,14.865522394831466,545,0.0,1
545,0.07405639542392017,12.885812803762112,545,0.0,1
545,0.07405639542392017,12.885812803762112,545,0.0,1
545,0.042835293687811936,7.4533411016792765,545,0.0,1
545,0.08543403675190497,14.865522394831466,545,0.0,1
545,0.042835293687811936,7.4533411016792765,545,0.0,1
545,0.0,0.0,545,0.0,1
545,0.0,0.0,545,0.0,1
140,0.0,0.0,140,0.0,1
545,0.36021632584202795,62.67764069651287,545,0.0,1
545,0.10444130910722166,18.172787784656567,545,0.0,1
545,0.042835293687811936,7.4533411016792765,545,0.0,1
545,0.042835293687811936,7.4533411016792765,545,0.0,1
545,0.0,0.0,545,0.0,1
545,0.0,0.0,545,0.0,1
545,0.06052254912880909,10.530923548412781,545,0.0,1
545,0.0,0.0,545,0.0,1
545,0.0,0.0,545,0.0,1
225,0.0,0.0,225,0.0,1
545,0.10444130910722166,18.172787784656567,545,0.0,1
545,0.06052254912880909,10.530923548412781,545,0.0,1
545,0.0,0.0,545,0.0,1
545,0.08567058737562387,14.906682203358553,545,0.0,1
545,0.042835293687811936,7.4533411016792765,545,0.0,1
545,0.0,0.0,545,0.0,1
545,0.042835293687811936,7.4533411016792765,545,0.0,1
545,0.06052254912880909,10.530923548412781,545,0.0,1
545,0.042835293687811936,7.4533411016792765,545,0.0,1
527,0.0,0.0,527,0.0,1
545,0.09542983679476028,16.604791602288287,545,0.0,1
545,0.06052254912880909,10.530923548412781,545,0.0,1
545,0.042835293687811936,7.4533411016792765,545,0.0,1
545,0.0,0.0,545,0.0,1
545,0.14075676278926008,24.491676725331256,545,0.0,1
545,0.06052254912880909,10.530923548412781,545,0.0,1
545,0.06052254912880909,10.530923548412781,545,0.0,1
545,0.042835293687811936,7.4533411016792765,545,0.0,1
545,0.042835293687811936,7.4533411016792765,545,0.0,1
545,0.07405639542392017,12.885812803762112,545,0.0,1
545,0.07405639542392017,12.885812803762112,545,0.0,1
545,0.042835293687811936,7.4533411016792765,545,0.0,1
545,0.07405639542392017,12.885812803762112,545,0.0,1
545,0.0,0.0,545,0.0,1
545,0.042835293687811936,7.4533411016792765,545,0.0,1
545,0.042835293687811936,7.4533411016792765,545,0.0,1
545,0.06052254912880909,10.530923548412781,545,0.0,1
17,0.0,0.0,17,0.0,1
545,0.0,0.0,545,0.0,1
545,0.0,0.0,545,0.0,1
545,0.0,0.0,545,0.0,1
63,0.0,0.0,63,0.0,1
545,0.12755748521564145,22.19500242752161,545,0.0,1
545,0.08543403675190497,14.865522394831466,545,0.0,1
545,0.07405639542392017,12.885812803762112,545,0.0,1
545,0.07405639542392017,12.885812803762112,545,0.0,1
545,0.042835293687811936,7.4533411016792765,545,0.0,1
545,0.08543403675190497,14.865522394831466,545,0.0,1
545,0.042835293687811936,7.4533411016792765,545,0.0,1
545,0.0,0.0,545,0.0,1
545,0.0,0.0,545,0.0,1
545,0.0,0.0,545,0.0,1
112,0.0,0.0,112,0.0,1
545,0.36021632584202795,62.67764069651287,545,0.0,1
545,0.10444130910722166,18.172787784656567,545,0.0,1
545,0.042835293687811936,7.4533411016792765,545,0.0,1
545,0.042835293687811936,7.4533411016792765,545,0.0,1
545,0.0,0.0,545,0.0,1
545,0.0,0.0,545,0.0,1
545,0.06052254912880909,10.530923548412781,545,0.0,1
545,0.0,0.0,545,0.0,1
545,0.0,0.0,545,0.0,1
545,0.0,0.0,545,0.0,1
192,0.0,0.0,192,0.0,1
545,0.06052254912880909,10.530923548412781,545,0.0,1
545,0.042835293687811936,7.4533411016792765,545,0.0,1
545,0.07405639542392017,12.885812803762112,545,0.0,1
545,0.07405639542392017,12.885812803762112,545,0.0,1
545,0.06052254912880909,10.530923548412781,545,0.0,1
545,0.042835293687811936,7.4533411016792765,545,0.0,1
545,0.042835293687811936,7.4533411016792765,545,0.0,1
545,0.06052254912880909,10.530923548412781,545,0.0,1
545,0.0,0.0,545,0.0,1
545,0.0,0.0,545,0.0,1
545,0.06052254912880909,10.530923548412781,545,0.0,1
545,0.0,0.0,545,0.0,1
545,0.042835293687811936,7.4533411016792765,545,0.0,1
545,0.0,0.0,545,0.0,1
545,0.07405639542392017,12.885812803762112,545,0.0,1
443,0.0,0.0,443,0.0,1
545,0.042835293687811936,7.4533411016792765,545,0.0,1
545,0.0,0.0,545,0.0,1
545,0.042835293687811936,7.4533411016792765,545,0.0,1
436,0.0,0.0,436,0.0,1
545,0.06052254912880909,10.530923548412781,545,0.0,1
545,0.0,0.0,545,0.0,1
545,0.08567058737562387,14.906682203358553,545,0.0,1
545,0.042835293687811936,7.4533411016792765,545,0.0,1
545,0.0,0.0,545,0.0,1
545,0.042835293687811936,7.4533411016792765,545,0.0,1
545,0.06052254912880909,10.530923548412781,545,0.0,1
545,0.042835293687811936,7.4533411016792765,545,0.0,1
545,0.0,0.0,545,0.0,1
417,0.048970210687439175,8.520816659614416,417,0.0,1
545,0.08543403675190497,14.865522394831466,545,0.0,1
545,0.07405639542392017,12.885812803762112,545,0.0,1
545,0.08543403675190497,14.865522394831466,545,0.0,1
545,0.042835293687811936,7.4533411016792765,545,0.0,1
545,0.07405639542392017,12.885812803762112,545,0.0,1
545,0.042835293687811936,7.4533411016792765,545,0.0,1
545,0.0,0.0,545,0.0,1
545,0.0,0.0,545,0.0,1
545,0.0,0.0,545,0.0,1
441,0.0,0.0,441,0.0,1
545,0.09542983679476028,16.604791602288287,545,0.0,1
545,0.042835293687811936,7.4533411016792765,545,0.0,1
545,0.042835293687811936,7.4533411016792765,545,0.0,1
545,0.0,0.0,545,0.0,1
545,0.042835293687811936,7.4533411016792765,545,0.0,1
544,0.042835293687811936,7.4533411016792765,545,0.0,1
545,0.0,0.0,545,0.0,1
545,0.0,0.0,545,0.0,1
545,0.0,0.0,545,0.0,1
450,0.04714045207910317,8.202438661763951,450,0.0,1
545,0.08567058737562387,14.906682203358553,545,0.0,1
545,0.042835293687811936,7.4533411016792765,545,0.0,1
545,0.0,0.0,545,0.0,1
545,0.042835293687811936,7.4533411016792765,545,0.0,1
544,0.042835293687811936,7.4533411016792765,545,0.0,1
545,0.06052254912880909,10.530923548412781,545,0.0,1
545,0.0,0.0,545,0.0,1
545,0.042835293687811936,7.4533411016792765,545,0.0,1
458,0.0,0.0,458,0.0,1
545,0.07405639542392017,12.885812803762112,545,0.0,1
545,0.06052254912880909,10.530923548412781,545,0.0,1
545,0.06052254912880909,10.530923548412781,545,0.0,1
545,0.06052254912880909,10.530923548412781,545,0.0,1
544,0.0,0.0,545,0.0,1
545,0.0,0.0,545,0.0,1
545,0.0,0.0,545,0.0,1
545,0.06052254912880909,10.530923548412781,545,0.0,1
545,0.0,0.0,545,0.0,1
545,0.042835293687811936,7.4533411016792765,545,0.0,1
545,0.0,0.0,545,0.0,1
545,0.07405639542392017,12.885812803762112,545,0.0,1
483,0.0,0.0,483,0.0,1
544,0.0,0.0,545,0.0,1
545,0.042835293687811936,7.4533411016792765,545,0.0,1
545,0.0,0.0,545,0.0,1
545,0.042835293687811936,7.4533411016792765,545,0.0,1
469,0.046175709653961006,8.034573479789216,469,0.0,1
545,0.07405639542392017,12.885812803762112,545,0.0,1
545,0.042835293687811936,7.4533411016792765,545,0.0,1
545,0.08543403675190497,14.865522394831466,545,0.0,1
545,0.042835293687811936,7.4533411016792765,545,0.0,1
545,0.0,0.0,545,0.0,1
545,0.0,0.0,545,0.0,1
545,0.0,0.0,545,0.0,1
545,0.0,0.0,545,0.0,1
492,0.0,0.0,492,0.0,1
545,0.042835293687811936,7.4533411016792765,545,0.0,1
545,0.0,0.0,545,0.0,1
545,0.0,0.0,545,0.0,1
545,0.06052254912880909,10.530923548412781,545,0.0,1
545,0.0,0.0,545,0.0,1
545,0.0,0.0,545,0.0,1
545,0.0,0.0,545,0.0,1
545,0.042835293687811936,7.4533411016792765,545,0.0,1
485,0.0,0.0,485,0.0,1
545,0.06052254912880909,10.530923548412781,545,0.0,1
545,0.06052254912880909,10.530923548412781,545,0.0,1
545,0.0,0.0,545,0.0,1
544,0.0,0.0,545,0.0,1
545,0.042835293687811936,7.4533411016792765,545,0.0,1
545,0.0,0.0,545,0.0,1
544,0.042835293687811936,7.4533411016792765,545,0.0,1
545,0.0,0.0,545,0.0,1
545,0.06052254912880909,10.530923548412781,545,0.0,1
545,0.0,0.0,545,0.0,1
545,0.042835293687811936,7.4533411016792765,545,0.0,1
545,0.0,0.0,545,0.0,1
545,0.0,0.0,545,0.0,1
545,0.07405639542392017,12.885812803762112,545,0.0,1
545,0.042835293687811936,7.4533411016792765,545,0.0,1
403,0.0,0.0,403,0.0,1
544,0.0,0.0,545,0.0,1
545,0.0,0.0,545,0.0,1
545,0.042835293687811936,7.4533411016792765,545,0.0,1
374,0.051708768999501914,8.997325805913333,374,0.0,1
545,0.0,0.0,545,0.0,1
545,0.042835293687811936,7.4533411016792765,545,0.0,1
545,0.042835293687811936,7.4533411016792765,545,0.0,1
396,0.0,0.0,396,0.0,1
545,0.08543403675190497,14.865522394831466,545,0.0,1
545,0.042835293687811936,7.4533411016792765,545,0.0,1
545,0.0,0.0,545,0.0,1
545,0.0,0.0,545,0.0,1
545,0.0,0.0,545,0.0,1
545,0.0,0.0,545,0.0,1
545,0.0,0.0,545,0.0,1
408,0.049507377148833714,8.614283623897066,408,0.0,1
545,0.0,0.0,545,0.0,1
545,0.06052254912880909,10.530923548412781,545,0.0,1
545,0.0,0.0,545,0.0,1
545,0.0,0.0,545,0.0,1
545,0.0,0.0,545,0.0,1
545,0.042835293687811936,7.4533411016792765,545,0.0,1
545,0.0,0.0,545,0.0,1
405,0.049690399499995326,8.646129512999186,405,0.0,1
544,0.06052254912880909,10.530923548412781,545,0.0,1
545,0.042835293687811936,7.4533411016792765,545,0.0,1
545,0.0,0.0,545,0.0,1
545,0.042835293687811936,7.4533411016792765,545,0.0,1
545,0.042835293687811936,7.4533411016792765,545,0.0,1
545,0.0,0.0,545,0.0,1
545,0.042835293687811936,7.4533411016792765,545,0.0,1
149,0.0,0.0,149,0.0,1
544,0.06052254912880909,10.530923548412781,545,0.0,1
544,0.042835293687811936,7.4533411016792765,545,0.0,1
545,0.0,0.0,545,0.0,1
545,0.06052254912880909,10.530923548412781,545,0.0,1
545,0.0,0.0,545,0.0,1
545,0.0,0.0,545,0.0,1
545,0.0,0.0,545,0.0,1
545,0.042835293687811936,7.4533411016792765,545,0.0,1
545,0.0,0.0,545,0.0,1
545,0.0,0.0,545,0.0,1
545,0.0,0.0,545,0.0,1
545,0.042835293687811936,7.4533411016792765,545,0.0,1
545,0.042835293687811936,7.4533411016792765,545,0.0,1
545,0.042835293687811936,7.4533411016792765,545,0.0,1
153,0.0,0.0,153,0.0,1
124,0.0,0.0,124,0.0,1
544,0.0,0.0,545,0.0,1
545,0.0,0.0,545,0.0,1
545,0.0,0.0,545,0.0,1
545,0.0,0.0,545,0.0,1
545,0.0,0.0,545,0.0,1
545,0.042835293687811936,7.4533411016792765,545,0.0,1
545,0.0,0.0,545,0.0,1
146,0.0,0.0,146,0.0,1
544,0.0,0.0,545,0.0,1
545,0.0,0.0,545,0.0,1
545,0.0,0.0,545,0.0,1
545,0.042835293687811936,7.4533411016792765,545,0.0,1
545,0.0,0.0,545,0.0,1
545,0.042835293687811936,7.4533411016792765,545,0.0,1
545,0.06052254912880909,10.530923548412781,545,0.0,1
148,0.0,0.0,148,0.0,1
545,0.0,0.0,545,0.0,1
545,0.0,0.0,545,0.0,1
545,0.06052254912880909,10.530923548412781,545,0.0,1
545,0.0,0.0,545,0.0,1
545,0.0,0.0,545,0.0,1
545,0.0,0.0,545,0.0,1
545,0.042835293687811936,7.4533411016792765,545,0.0,1
545,0.042835293687811936,7.4533411016792765,545,0.0,1
545,0.042835293687811936,7.4533411016792765,545,0.0,1
545,0.0,0.0,545,0.0,1
545,0.0,0.0,545,0.0,1
545,0.042835293687811936,7.4533411016792765,545,0.0,1
545,0.0,0.0,545,0.0,1
545,0.042835293687811936,7.4533411016792765,545,0.0,1
545,0.042835293687811936,7.4533411016792765,545,0.0,1
141,0.0,0.0,141,0.0,1
545,0.0,0.0,545,0.0,1
545,0.042835293687811936,7.4533411016792765,545,0.0,1
545,0.042835293687811936,7.4533411016792765,545,0.0,1
125,0.0,0.0,125,0.0,1
545,0.0,0.0,545,0.0,1
545,0.06052254912880909,10.530923548412781,545,0.0,1
545,0.0,0.0,545,0.0,1
135,0.0,0.0,135,0.0,1
545,0.0,0.0,545,0.0,1
545,0.0,0.0,545,0.0,1
545,0.0,0.0,545,0.0,1
545,0.0,0.0,545,0.0,1
545,0.042835293687811936,7.4533411016792765,545,0.0,1
545,0.0,0.0,545,0.0,1
545,0.042835293687811936,7.4533411016792765,545,0.0,1
140,0.0,0.0,140,0.0,1
545,0.0,0.0,545,0.0,1
545,0.0,0.0,545,0.0,1
545,0.042835293687811936,7.4533411016792765,545,0.0,1
545,0.0,0.0,545,0.0,1
545,0.06052254912880909,10.530923548412781,545,0.0,1
545,0.06052254912880909,10.530923548412781,545,0.0,1
545,0.042835293687811936,7.4533411016792765,545,0.0,1
142,0.0,0.0,142,0.0,1
449,86.4102325253089,15035.380459403748,449,0.0,1
545,0.37196332995918124,60.25805945338736,545,0.0,1
280,0.0,0.0,280,0.0,1
545,0.37230774891594753,60.3138553243835,545,0.0,1
331,0.07761434200203624,12.573523404329869,331,0.0,1
545,0.3577923706063507,57.96236403822882,545,0.0,1
406,0.0,0.0,406,0.0,1
545,0.37196332995918124,60.25805945338736,545,0.0,1
545,0.08543403675190497,13.840313953808606,545,0.0,1
545,0.12755748521564145,20.664312604933915,545,0.0,1
545,0.10444130910722166,16.91949207536991,545,0.0,1
239,0.0,0.0,239,0.0,1
545,0.37230774891594753,60.3138553243835,545,0.0,1
545,0.06052254912880909,9.804652958867074,545,0.0,1
545,0.12755748521564145,20.664312604933915,545,0.0,1
545,0.09542983679476028,15.459633560751163,545,0.0,1
287,0.1018816177649365,16.504822077919716,287,0.0,1
545,0.3577923706063507,57.96236403822882,545,0.0,1
545,0.0,0.0,545,0.0,1
545,0.10444130910722166,16.91949207536991,545,0.0,1
545,0.06052254912880909,9.804652958867074,545,0.0,1
353,0.09192549245318597,14.891929777416129,353,0.0,1
545,0.37196332995918124,60.25805945338736,545,0.0,1
545,0.09542983679476028,15.459633560751163,545,0.0,1
545,0.13433191006429504,21.7617694304158,545,0.0,1
545,0.10444130910722166,16.91949207536991,545,0.0,1
545,0.07405639542392017,11.997136058675068,545,0.0,1
545,0.07405639542392017,11.997136058675068,545,0.0,1
435,0.09556065932248921,15.480826810243252,435,0.0,1
545,0.37230774891594753,60.3138553243835,545,0.0,1
545,0.07405639542392017,11.997136058675068,545,0.0,1
545,0.13433191006429504,21.7617694304158,545,0.0,1
545,0.09542983679476028,15.459633560751163,545,0.0,1
545,0.08543403675190497,13.840313953808606,545,0.0,1
545,0.042835293687811936,6.939317577425534,545,0.0,1
485,0.1011141815127361,16.38049740506325,485,0.0,1
545,0.3577923706063507,57.96236403822882,545,0.0,1
545,0.042835293687811936,6.939317577425534,545,0.0,1
545,0.1127048114669146,18.258179457640168,545,0.0,1
545,0.06052254912880909,9.804652958867074,545,0.0,1
545,0.08543403675190497,13.840313953808606,545,0.0,1
545,0.042835293687811936,6.939317577425534,545,0.0,1
545,0.09542983679476028,15.459633560751163,545,0.0,1
3,0.0,0.0,3,0.0,1
545,0.37196332995918124,60.25805945338736,545,0.0,1
545,0.09542983679476028,15.459633560751163,545,0.0,1
545,0.14075676278926008,22.802595571860135,545,0.0,1
545,0.1127048114669146,18.258179457640168,545,0.0,1
545,0.07405639542392017,11.997136058675068,545,0.0,1
545,0.07405639542392017,11.997136058675068,545,0.0,1
545,0.08543403675190497,13.840313953808606,545,0.0,1
545,0.1047637591152644,16.971728976672832,545,0.0,1
327,0.0780861484322751,12.649956046028567,327,0.0,1
545,0.37230774891594753,60.3138553243835,545,0.0,1
545,0.07405639542392017,11.997136058675068,545,0.0,1
545,0.14075676278926008,22.802595571860135,545,0.0,1
545,0.10444130910722166,16.91949207536991,545,0.0,1
545,0.08543403675190497,13.840313953808606,545,0.0,1
545,0.042835293687811936,6.939317577425534,545,0.0,1
545,0.09542983679476028,15.459633560751163,545,0.0,1
545,0.0,0.0,545,0.0,1
376,0.051571062312939675,8.354512094696227,376,0.0,1
545,0.3577923706063507,57.96236403822882,545,0.0,1
545,0.042835293687811936,6.939317577425534,545,0.0,1
545,0.12037448313476666,19.500666267832198,545,0.0,1
545,0.07405639542392017,11.997136058675068,545,0.0,1
545,0.08543403675190497,13.840313953808606,545,0.0,1
545,0.042835293687811936,6.939317577425534,545,0.0,1
545,0.09542983679476028,15.459633560751163,545,0.0,1
545,0.07405639542392017,11.997136058675068,545,0.0,1
440,0.10611359600832192,17.19040255334815,440,0.0,1
545,0.37196332995918124,60.25805945338736,545,0.0,1
545,0.09542983679476028,15.459633560751163,545,0.0,1
545,0.14687792435457794,23.794223745441627,545,0.0,1
545,0.1127048114669146,18.258179457640168,545,0.0,1
545,0.07405639542392017,11.997136058675068,545,0.0,1
545,0.07405639542392017,11.997136058675068,545,0.0,1
545,0.08543403675190497,13.840313953808606,545,0.0,1
545,0.1047637591152644,16.971728976672832,545,0.0,1
545,0.07405639542392017,11.997136058675068,545,0.0,1
545,0.10444130910722166,16.91949207536991,545,0.0,1
355,0.1056982376885514,17.123114505545324,355,0.0,1
545,0.37230774891594753,60.3138553243835,545,0.0,1
545,0.07405639542392017,11.997136058675068,545,0.0,1
545,0.14687792435457794,23.794223745441627,545,0.0,1
545,0.10444130910722166,16.91949207536991,545,0.0,1
545,0.08543403675190497,13.840313953808606,545,0.0,1
545,0.042835293687811936,6.939317577425534,545,0.0,1
545,0.09542983679476028,15.459633560751163,545,0.0,1
545,0.0,0.0,545,0.0,1
545,0.06052254912880909,9.804652958867074,545,0.0,1
545,0.09542983679476028,15.459633560751163,545,0.0,1
403,0.04981354813867179,8.06979479846483,403,0.0,1
545,0.3577923706063507,57.96236403822882,545,0.0,1
545,0.042835293687811936,6.939317577425534,545,0.0,1
545,0.12755748521564145,20.664312604933915,545,0.0,1
545,0.07405639542392017,11.997136058675068,545,0.0,1
545,0.08543403675190497,13.840313953808606,545,0.0,1
545,0.042835293687811936,6.939317577425534,545,0.0,1
545,0.09542983679476028,15.459633560751163,545,0.0,1
545,0.07405639542392017,11.997136058675068,545,0.0,1
545,0.09542983679476028,15.459633560751163,545,0.0,1
545,0.08543403675190497,13.840313953808606,545,0.0,1
468,0.0653020160542986,10.578926600796372,468,0.0,1
545,0.37196332995918124,60.25805945338736,545,0.0,1
545,0.09542983679476028,15.459633560751163,545,0.0,1
545,0.37230774891594753,60.3138553243835,545,0.0,1
545,0.14687792435457794,23.794223745441627,545,0.0,1
545,0.07405639542392017,11.997136058675068,545,0.0,1
545,0.1127048114669146,18.258179457640168,545,0.0,1
545,0.14687792435457794,23.794223745441627,545,0.0,1
545,0.07405639542392017,11.997136058675068,545,0.0,1
545,0.10444130910722166,16.91949207536991,545,0.0,1
545,0.07405639542392017,11.997136058675068,545,0.0,1
545,0.08543403675190497,13.840313953808606,545,0.0,1
545,0.08543403675190497,13.840313953808606,545,0.0,1
545,0.042835293687811936,6.939317577425534,545,0.0,1
545,0.1047637591152644,16.971728976672832,545,0.0,1
545,0.09542983679476028,15.459633560751163,545,0.0,1
545,0.07405639542392017,11.997136058675068,545,0.0,1
545,0.0,0.0,545,0.0,1
545,0.10444130910722166,16.91949207536991,545,0.0,1
545,0.06052254912880909,9.804652958867074,545,0.0,1
545,0.09542983679476028,15.459633560751163,545,0.0,1
545,0.09542983679476028,15.459633560751163,545,0.0,1
545,0.042835293687811936,6.939317577425534,545,0.0,1
545,0.07405639542392017,11.997136058675068,545,0.0,1
211,0.06884283908215141,11.152539931308532,211,0.0,1
545,0.06052254912880909,9.804652958867074,545,0.0,1
259,0.062136976600120006,10.06619020921944,259,0.0,1
545,0.3577923706063507,57.96236403822882,545,0.0,1
545,0.042835293687811936,6.939317577425534,545,0.0,1
545,0.12755748521564145,20.664312604933915,545,0.0,1
545,0.07405639542392017,11.997136058675068,545,0.0,1
545,0.08543403675190497,13.840313953808606,545,0.0,1
545,0.042835293687811936,6.939317577425534,545,0.0,1
545,0.09542983679476028,15.459633560751163,545,0.0,1
545,0.07405639542392017,11.997136058675068,545,0.0,1
545,0.09542983679476028,15.459633560751163,545,0.0,1
545,0.08543403675190497,13.840313953808606,545,0.0,1
545,0.06052254912880909,9.804652958867074,545,0.0,1
545,0.06052254912880909,9.804652958867074,545,0.0,1
323,0.07856666471582567,12.727799683963761,323,0.0,1
545,0.37230774891594753,60.3138553243835,545,0.0,1
545,0.37196332995918124,60.25805945338736,545,0.0,1
545,0.07405639542392017,11.997136058675068,545,0.0,1
545,0.09542983679476028,15.459633560751163,545,0.0,1
545,0.14687792435457794,23.794223745441627,545,0.0,1
545,0.14687792435457794,23.794223745441627,545,0.0,1
545,0.10444130910722166,16.91949207536991,545,0.0,1
545,0.1127048114669146,18.258179457640168,545,0.0,1
545,0.08543403675190497,13.840313953808606,545,0.0,1
545,0.07405639542392017,11.997136058675068,545,0.0,1
545,0.042835293687811936,6.939317577425534,545,0.0,1
545,0.07405639542392017,11.997136058675068,545,0.0,1
545,0.09542983679476028,15.459633560751163,545,0.0,1
545,0.08543403675190497,13.840313953808606,545,0.0,1
545,0.0,0.0,545,0.0,1
545,0.1047637591152644,16.971728976672832,545,0.0,1
545,0.06052254912880909,9.804652958867074,545,0.0,1
545,0.07405639542392017,11.997136058675068,545,0.0,1
545,0.09542983679476028,15.459633560751163,545,0.0,1
545,0.10444130910722166,16.91949207536991,545,0.0,1
545,0.07405639542392017,11.997136058675068,545,0.0,1
545,0.09542983679476028,15.459633560751163,545,0.0,1
545,0.06052254912880909,9.804652958867074,545,0.0,1
545,0.042835293687811936,6.939317577425534,545,0.0,1
545,0.08543403675190497,13.840313953808606,545,0.0,1
545,0.07405639542392017,11.997136058675068,545,0.0,1
545,0.042835293687811936,6.939317577425534,545,0.0,1
545,0.042835293687811936,6.939317577425534,545,0.0,1
243,0.0,0.0,243,0.0,1
196,0.0,0.0,196,0.0,1
545,0.3577923706063507,57.96236403822882,545,0.0,1
545,0.042835293687811936,6.939317577425534,545,0.0,1
545,0.12755748521564145,20.664312604933915,545,0.0,1
545,0.07405639542392017,11.997136058675068,545,0.0,1
545,0.08543403675190497,13.840313953808606,545,0.0,1
545,0.042835293687811936,6.939317577425534,545,0.0,1
545,0.09542983679476028,15.459633560751163,545,0.0,1
545,0.07405639542392017,11.997136058675068,545,0.0,1
545,0.09542983679476028,15.459633560751163,545,0.0,1
545,0.08543403675190497,13.840313953808606,545,0.0,1
545,0.06052254912880909,9.804652958867074,545,0.0,1
545,0.06052254912880909,9.804652958867074,545,0.0,1
545,0.07405639542392017,11.997136058675068,545,0.0,1
545,0.0,0.0,545,0.0,1
306,0.05716619504750295,9.260923597695477,306,0.0,1
545,0.1583483627750032,25.652434769550517,545,0.0,1
545,0.12037448313476666,19.500666267832198,545,0.0,1
545,0.042835293687811936,6.939317577425534,545,0.0,1
545,0.07405639542392017,11.997136058675068,545,0.0,1
545,0.06052254912880909,9.804652958867074,545,0.0,1
545,0.042835293687811936,6.939317577425534,545,0.0,1
545,0.07405639542392017,11.997136058675068,545,0.0,1
545,0.08543403675190497,13.840313953808606,545,0.0,1
545,0.08543403675190497,13.840313953808606,545,0.0,1
545,0.15273191296161098,24.74256989978098,545,0.0,1
545,0.042835293687811936,6.939317577425534,545,0.0,1
545,0.10444130910722166,16.91949207536991,545,0.0,1
545,0.07405639542392017,11.997136058675068,545,0.0,1
545,0.08543403675190497,13.840313953808606,545,0.0,1
545,0.042835293687811936,6.939317577425534,545,0.0,1
545,0.042835293687811936,6.939317577425534,545,0.0,1
545,0.0,0.0,545,0.0,1
545,0.12797986215037138,20.732737668360166,545,0.0,1
201,0.0,0.0,201,0.0,1
545,0.06052254912880909,9.804652958867074,545,0.0,1
545,0.08543403675190497,13.840313953808606,545,0.0,1
545,0.1127048114669146,18.258179457640168,545,0.0,1
545,0.07405639542392017,11.997136058675068,545,0.0,1
545,0.042835293687811936,6.939317577425534,545,0.0,1
545,0.06052254912880909,9.804652958867074,545,0.0,1
545,0.042835293687811936,6.939317577425534,545,0.0,1
545,0.0,0.0,545,0.0,1
196,0.0,0.0,196,0.0,1
545,0.14075676278926008,22.802595571860135,545,0.0,1
545,0.09542983679476028,15.459633560751163,545,0.0,1
545,0.0,0.0,545,0.0,1
545,0.07405639542392017,11.997136058675068,545,0.0,1
545,0.09542983679476028,15.459633560751163,545,0.0,1
545,0.07405639542392017,11.997136058675068,545,0.0,1
545,0.08543403675190497,13.840313953808606,545,0.0,1
545,0.08543403675190497,13.840313953808606,545,0.0,1
545,0.042835293687811936,6.939317577425534,545,0.0,1
545,0.08543403675190497,13.840313953808606,545,0.0,1
545,0.042835293687811936,6.939317577425534,545,0.0,1
545,0.0,0.0,545,0.0,1
545,0.042835293687811936,6.939317577425534,545,0.0,1
210,0.09735625843872815,15.77171386707396,210,0.0,1
545,0.10444130910722166,16.91949207536991,545,0.0,1
545,0.09542983679476028,15.459633560751163,545,0.0,1
545,0.0,0.0,545,0.0,1
545,0.042835293687811936,6.939317577425534,545,0.0,1
545,0.10444130910722166,16.91949207536991,545,0.0,1
545,0.07405639542392017,11.997136058675068,545,0.0,1
545,0.06052254912880909,9.804652958867074,545,0.0,1
545,0.08543403675190497,13.840313953808606,545,0.0,1
545,0.042835293687811936,6.939317577425534,545,0.0,1
545,0.0,0.0,545,0.0,1
545,0.12755748521564145,20.664312604933915,545,0.0,1
545,0.042835293687811936,6.939317577425534,545,0.0,1
545,0.08543403675190497,13.840313953808606,545,0.0,1
545,0.042835293687811936,6.939317577425534,545,0.0,1
545,0.1047637591152644,16.971728976672832,545,0.0,1
304,0.0,0.0,304,0.0,1
545,0.06052254912880909,9.804652958867074,545,0.0,1
545,0.09542983679476028,15.459633560751163,545,0.0,1
545,0.10444130910722166,16.91949207536991,545,0.0,1
545,0.06052254912880909,9.804652958867074,545,0.0,1
545,0.07405639542392017,11.997136058675068,545,0.0,1
545,0.042835293687811936,6.939317577425534,545,0.0,1
545,0.0,0.0,545,0.0,1
545,0.042835293687811936,6.939317577425534,545,0.0,1
545,0.0,0.0,545,0.0,1
282,0.08406520945492635,13.618563931698068,282,0.0,1
545,0.1127048114669146,18.258179457640168,545,0.0,1
545,0.09542983679476028,15.459633560751163,545,0.0,1
545,0.07405639542392017,11.997136058675068,545,0.0,1
545,0.09542983679476028,15.459633560751163,545,0.0,1
545,0.08543403675190497,13.840313953808606,545,0.0,1
545,0.06052254912880909,9.804652958867074,545,0.0,1
545,0.06052254912880909,9.804652958867074,545,0.0,1
545,0.07405639542392017,11.997136058675068,545,0.0,1
545,0.0,0.0,545,0.0,1
545,0.042835293687811936,6.939317577425534,545,0.0,1
545,0.06052254912880909,9.804652958867074,545,0.0,1
545,0.0,0.0,545,0.0,1
291,0.0,0.0,291,0.0,1
545,0.07405639542392017,11.997136058675068,545,0.0,1
545,0.042835293687811936,6.939317577425534,545,0.0,1
545,0.09542983679476028,15.459633560751163,545,0.0,1
545,0.07405639542392017,11.997136058675068,545,0.0,1
545,0.06052254912880909,9.804652958867074,545,0.0,1
545,0.08543403675190497,13.840313953808606,545,0.0,1
545,0.042835293687811936,6.939317577425534,545,0.0,1
545,0.0,0.0,545,0.0,1
545,0.042835293687811936,6.939317577425534,545,0.0,1
545,0.042835293687811936,6.939317577425534,545,0.0,1
545,0.0,0.0,545,0.0,1
545,0.0,0.0,545,0.0,1
172,0.07624928516630233,12.352384196940976,172,0.0,1
545,0.12076612785158558,19.564112711956867,545,0.0,1
545,0.06052254912880909,9.804652958867074,545,0.0,1
545,0.1127048114669146,18.258179457640168,545,0.0,1
545,0.09542983679476028,15.459633560751163,545,0.0,1
545,0.042835293687811936,6.939317577425534,545,0.0,1
545,0.07405639542392017,11.997136058675068,545,0.0,1
545,0.042835293687811936,6.939317577425534,545,0.0,1
545,0.0,0.0,545,0.0,1
545,0.042835293687811936,6.939317577425534,545,0.0,1
545,0.042835293687811936,6.939317577425534,545,0.0,1
545,0.06052254912880909,9.804652958867074,545,0.0,1
545,0.042835293687811936,6.939317577425534,545,0.0,1
141,0.0,0.0,141,0.0,1
545,0.09542983679476028,15.459633560751163,545,0.0,1
545,0.10444130910722166,16.91949207536991,545,0.0,1
545,0.07405639542392017,11.997136058675068,545,0.0,1
545,0.06052254912880909,9.804652958867074,545,0.0,1
545,0.06052254912880909,9.804652958867074,545,0.0,1
545,0.07405639542392017,11.997136058675068,545,0.0,1
545,0.0,0.0,545,0.0,1
545,0.042835293687811936,6.939317577425534,545,0.0,1
545,0.06052254912880909,9.804652958867074,545,0.0,1
545,0.0,0.0,545,0.0,1
545,0.0,0.0,545,0.0,1
545,0.042835293687811936,6.939317577425534,545,0.0,1
172,0.0,0.0,172,0.0,1
545,0.09542983679476028,15.459633560751163,545,0.0,1
545,0.06052254912880909,9.804652958867074,545,0.0,1
545,0.08543403675190497,13.840313953808606,545,0.0,1
545,0.07405639542392017,11.997136058675068,545,0.0,1
545,0.042835293687811936,6.939317577425534,545,0.0,1
545,0.042835293687811936,6.939317577425534,545,0.0,1
545,0.0,0.0,545,0.0,1
545,0.06052254912880909,9.804652958867074,545,0.0,1
545,0.0,0.0,545,0.0,1
545,0.0,0.0,545,0.0,1
545,0.042835293687811936,6.939317577425534,545,0.0,1
545,0.07405639542392017,11.997136058675068,545,0.0,1
355,0.0,0.0,355,0.0,1
545,0.08543403675190497,13.840313953808606,545,0.0,1
545,0.1127048114669146,18.258179457640168,545,0.0,1
545,0.06052254912880909,9.804652958867074,545,0.0,1
545,0.07405639542392017,11.997136058675068,545,0.0,1
545,0.042835293687811936,6.939317577425534,545,0.0,1
545,0.0,0.0,545,0.0,1
545,0.0,0.0,545,0.0,1
545,0.042835293687811936,6.939317577425534,545,0.0,1
545,0.07405639542392017,11.997136058675068,545,0.0,1
545,0.042835293687811936,6.939317577425534,545,0.0,1
545,0.0,0.0,545,0.0,1
545,0.042835293687811936,6.939317577425534,545,0.0,1
331,0.0,0.0,331,0.0,1
545,0.06052254912880909,9.804652958867074,545,0.0,1
545,0.08543403675190497,13.840313953808606,545,0.0,1
545,0.06052254912880909,9.804652958867074,545,0.0,1
545,0.06052254912880909,9.804652958867074,545,0.0,1
545,0.042835293687811936,6.939317577425534,545,0.0,1
545,0.042835293687811936,6.939317577425534,545,0.0,1
545,0.06052254912880909,9.804652958867074,545,0.0,1
545,0.0,0.0,545,0.0,1
545,0.0,0.0,545,0.0,1
545,0.042835293687811936,6.939317577425534,545,0.0,1
545,0.0,0.0,545,0.0,1
545,0.0,0.0,545,0.0,1
351,0.05337605126836238,8.646920305474705,351,0.0,1
545,0.08543403675190497,13.840313953808606,545,0.0,1
545,0.07405639542392017,11.997136058675068,545,0.0,1
545,0.042835293687811936,6.939317577425534,545,0.0,1
545,0.042835293687811936,6.939317577425534,545,0.0,1
545,0.042835293687811936,6.939317577425534,545,0.0,1
545,0.042835293687811936,6.939317577425534,545,0.0,1
545,0.0,0.0,545,0.0,1
545,0.0,0.0,545,0.0,1
545,0.042835293687811936,6.939317577425534,545,0.0,1
545,0.07405639542392017,11.997136058675068,545,0.0,1
545,0.0,0.0,545,0.0,1
545,0.0,0.0,545,0.0,1
306,0.0,0.0,306,0.0,1
545,0.06052254912880909,9.804652958867074,545,0.0,1
545,0.07405639542392017,11.997136058675068,545,0.0,1
545,0.042835293687811936,6.939317577425534,545,0.0,1
545,0.0,0.0,545,0.0,1
545,0.0,0.0,545,0.0,1
545,0.042835293687811936,6.939317577425534,545,0.0,1
545,0.07405639542392017,11.997136058675068,545,0.0,1
545,0.042835293687811936,6.939317577425534,545,0.0,1
545,0.0,0.0,545,0.0,1
545,0.042835293687811936,6.939317577425534,545,0.0,1
545,0.0,0.0,545,0.0,1
545,0.0,0.0,545,0.0,1
282,0.0,0.0,282,0.0,1
545,0.06052254912880909,9.804652958867074,545,0.0,1
545,0.06052254912880909,9.804652958867074,545,0.0,1
545,0.042835293687811936,6.939317577425534,545,0.0,1
545,0.042835293687811936,6.939317577425534,545,0.0,1
545,0.06052254912880909,9.804652958867074,545,0.0,1
545,0.0,0.0,545,0.0,1
545,0.0,0.0,545,0.0,1
545,0.042835293687811936,6.939317577425534,545,0.0,1
545,0.0,0.0,545,0.0,1
545,0.0,0.0,545,0.0,1
545,0.042835293687811936,6.939317577425534,545,0.0,1
545,0.0,0.0,545,0.0,1
305,0.0,0.0,305,0.0,1
545,0.06052254912880909,9.804652958867074,545,0.0,1
545,0.042835293687811936,6.939317577425534,545,0.0,1
545,0.0,0.0,545,0.0,1
545,0.042835293687811936,6.939317577425534,545,0.0,1
545,0.042835293687811936,6.939317577425534,545,0.0,1
545,0.0,0.0,545,0.0,1
545,0.042835293687811936,6.939317577425534,545,0.0,1
545,0.07405639542392017,11.997136058675068,545,0.0,1
545,0.0,0.0,545,0.0,1
545,0.0,0.0,545,0.0,1
545,0.0,0.0,545,0.0,1
545,0.0,0.0,545,0.0,1
456,0.0468292905790847,7.586345073811721,456,0.0,1
545,0.07405639542392017,11.997136058675068,545,0.0,1
545,0.0,0.0,545,0.0,1
545,0.0,0.0,545,0.0,1
545,0.042835293687811936,6.939317577425534,545,0.0,1
545,0.06052254912880909,9.804652958867074,545,0.0,1
545,0.06052254912880909,9.804652958867074,545,0.0,1
545,0.0,0.0,545,0.0,1
545,0.042835293687811936,6.939317577425534,545,0.0,1
545,0.0,0.0,545,0.0,1
545,0.0,0.0,545,0.0,1
545,0.0,0.0,545,0.0,1
545,0.0,0.0,545,0.0,1
433,0.0,0.0,433,0.0,1
545,0.042835293687811936,6.939317577425534,545,0.0,1
545,0.042835293687811936,6.939317577425534,545,0.0,1
545,0.042835293687811936,6.939317577425534,545,0.0,1
545,0.042835293687811936,6.939317577425534,545,0.0,1
545,0.0,0.0,545,0.0,1
545,0.042835293687811936,6.939317577425534,545,0.0,1
545,0.0,0.0,545,0.0,1
545,0.0,0.0,545,0.0,1
545,0.042835293687811936,6.939317577425534,545,0.0,1
545,0.0,0.0,545,0.0,1
545,0.0,0.0,545,0.0,1
545,0.0,0.0,545,0.0,1
456,0.0,0.0,456,0.0,1
545,0.0,0.0,545,0.0,1
545,0.042835293687811936,6.939317577425534,545,0.0,1
545,0.06052254912880909,9.804652958867074,545,0.0,1
545,0.06052254912880909,9.804652958867074,545,0.0,1
545,0.0,0.0,545,0.0,1
545,0.042835293687811936,6.939317577425534,545,0.0,1
545,0.0,0.0,545,0.0,1
545,0.0,0.0,545,0.0,1
545,0.0,0.0,545,0.0,1
545,0.042835293687811936,6.939317577425534,545,0.0,1
545,0.0,0.0,545,0.0,1
545,0.042835293687811936,6.939317577425534,545,0.0,1
545,0.0,0.0,545,0.0,1
545,0.0,0.0,545,0.0,1
545,0.0,0.0,545,0.0,1
545,0.042835293687811936,6.939317577425534,545,0.0,1
490,0.0,0.0,490,0.0,1
545,0.07405639542392017,11.997136058675068,545,0.0,1
545,0.0,0.0,545,0.0,1
545,0.0,0.0,545,0.0,1
545,0.0,0.0,545,0.0,1
545,0.0,0.0,545,0.0,1
545,0.042835293687811936,6.939317577425534,545,0.0,1
493,0.0450377349111045,7.296113055598929,493,0.0,1
545,0.042835293687811936,6.939317577425534,545,0.0,1
545,0.042835293687811936,6.939317577425534,545,0.0,1
545,0.0,0.0,545,0.0,1
545,0.042835293687811936,6.939317577425534,545,0.0,1
545,0.0,0.0,545,0.0,1
545,0.0,0.0,545,0.0,1
545,0.042835293687811936,6.939317577425534,545,0.0,1
545,0.0,0.0,545,0.0,1
545,0.0,0.0,545,0.0,1
545,0.0,0.0,545,0.0,1
545,0.0,0.0,545,0.0,1
510,0.04428074427700476,7.173480572874772,510,0.0,1
545,0.042835293687811936,6.939317577425534,545,0.0,1
545,0.07405639542392017,11.997136058675068,545,0.0,1
545,0.042835293687811936,6.939317577425534,545,0.0,1
545,0.0,0.0,545,0.0,1
545,0.042835293687811936,6.939317577425534,545,0.0,1
545,0.0,0.0,545,0.0,1
545,0.0,0.0,545,0.0,1
545,0.0,0.0,545,0.0,1
545,0.0,0.0,545,0.0,1
545,0.0,0.0,545,0.0,1
545,0.0,0.0,545,0.0,1
545,0.042835293687811936,6.939317577425534,545,0.0,1
545,0.0,0.0,545,0.0,1
21,0.0,0.0,21,0.0,1
545,0.042835293687811936,6.939317577425534,545,0.0,1
545,0.0,0.0,545,0.0,1
545,0.0,0.0,545,0.0,1
545,0.06052254912880909,9.804652958867074,545,0.0,1
545,0.06052254912880909,9.804652958867074,545,0.0,1
545,0.0,0.0,545,0.0,1
545,0.0,0.0,545,0.0,1
545,0.0,0.0,545,0.0,1
545,0.0,0.0,545,0.0,1
545,0.06052254912880909,9.804652958867074,545,0.0,1
545,0.0,0.0,545,0.0,1
545,0.0,0.0,545,0.0,1
545,0.042835293687811936,6.939317577425534,545,0.0,1
6,0.0,0.0,6,0.0,1
545,0.0,0.0,545,0.0,1
545,0.0,0.0,545,0.0,1
545,0.042835293687811936,6.939317577425534,545,0.0,1
545,0.0,0.0,545,0.0,1
545,0.0,0.0,545,0.0,1
545,0.042835293687811936,6.939317577425534,545,0.0,1
545,0.0,0.0,545,0.0,1
545,0.0,0.0,545,0.0,1
545,0.0,0.0,545,0.0,1
545,0.0,0.0,545,0.0,1
545,0.042835293687811936,6.939317577425534,545,0.0,1
545,0.0,0.0,545,0.0,1
545,0.0,0.0,545,0.0,1
25,0.0,0.0,25,0.0,1
545,0.042835293687811936,6.939317577425534,545,0.0,1
545,0.042835293687811936,6.939317577425534,545,0.0,1
545,0.0,0.0,545,0.0,1
545,0.0,0.0,545,0.0,1
545,0.042835293687811936,6.939317577425534,545,0.0,1
545,0.042835293687811936,6.939317577425534,545,0.0,1
545,0.0,0.0,545,0.0,1
545,0.0,0.0,545,0.0,1
545,0.0,0.0,545,0.0,1
545,0.0,0.0,545,0.0,1
545,0.0,0.0,545,0.0,1
545,0.0,0.0,545,0.0,1
545,0.0,0.0,545,0.0,1
545,0.0,0.0,545,0.0,1
545,0.0,0.0,545,0.0,1
545,0.0,0.0,545,0.0,1
545,0.0,0.0,545,0.0,1
545,0.042835293687811936,6.939317577425534,545,0.0,1
545,0.042835293687811936,6.939317577425534,545,0.0,1
545,0.0,0.0,545,0.0,1
545,0.0,0.0,545,0.0,1
545,0.0,0.0,545,0.0,1
545,0.042835293687811936,6.939317577425534,545,0.0,1
545,0.0,0.0,545,0.0,1
545,0.042835293687811936,6.939317577425534,545,0.0,1
545,0.0,0.0,545,0.0,1
208,0.0,0.0,208,0.0,1
195,0.0,0.0,195,0.0,1
545,0.0,0.0,545,0.0,1
545,0.07405639542392017,11.997136058675068,545,0.0,1
545,0.042835293687811936,6.939317577425534,545,0.0,1
545,0.0,0.0,545,0.0,1
545,0.0,0.0,545,0.0,1
545,0.0,0.0,545,0.0,1
545,0.0,0.0,545,0.0,1
545,0.06052254912880909,9.804652958867074,545,0.0,1
545,0.0,0.0,545,0.0,1
545,0.0,0.0,545,0.0,1
545,0.042835293687811936,6.939317577425534,545,0.0,1
545,0.042835293687811936,6.939317577425534,545,0.0,1
545,0.042835293687811936,6.939317577425534,545,0.0,1
185,0.0,0.0,185,0.0,1
545,0.042835293687811936,6.939317577425534,545,0.0,1
545,0.0,0.0,545,0.0,1
545,0.0,0.0,545,0.0,1
545,0.0,0.0,545,0.0,1
545,0.0,0.0,545,0.0,1
545,0.0,0.0,545,0.0,1
545,0.0,0.0,545,0.0,1
545,0.042835293687811936,6.939317577425534,545,0.0,1
545,0.06052254912880909,9.804652958867074,545,0.0,1
545,0.0,0.0,545,0.0,1
545,0.0,0.0,545,0.0,1
545,0.042835293687811936,6.939317577425534,545,0.0,1
545,0.0,0.0,545,0.0,1
545,0.042835293687811936,6.939317577425534,545,0.0,1
545,0.0,0.0,545,0.0,1
545,0.0,0.0,545,0.0,1
545,0.0,0.0,545,0.0,1
27,0.0,0.0,27,0.0,1
545,0.06052254912880909,9.804652958867074,545,0.0,1
545,0.0,0.0,545,0.0,1
545,0.0,0.0,545,0.0,1
545,0.042835293687811936,6.939317577425534,545,0.0,1
545,0.042835293687811936,6.939317577425534,545,0.0,1
545,0.042835293687811936,6.939317577425534,545,0.0,1
545,0.0,0.0,545,0.0,1
4,0.0,0.0,4,0.0,1
545,0.0,0.0,545,0.0,1
545,0.042835293687811936,6.939317577425534,545,0.0,1
545,0.0,0.0,545,0.0,1
545,0.0,0.0,545,0.0,1
545,0.0,0.0,545,0.0,1
545,0.0,0.0,545,0.0,1
545,0.042835293687811936,6.939317577425534,545,0.0,1
545,0.0,0.0,545,0.0,1
545,0.0,0.0,545,0.0,1
545,0.0,0.0,545,0.0,1
545,0.0,0.0,545,0.0,1
543,0.04291410754228745,6.952085421850568,543,0.0,1
545,0.0,0.0,545,0.0,1
545,0.0,0.0,545,0.0,1
545,0.0,0.0,545,0.0,1
545,0.0,0.0,545,0.0,1
545,0.0,0.0,545,0.0,1
545,0.06052254912880909,9.804652958867074,545,0.0,1
545,0.0,0.0,545,0.0,1
545,0.0,0.0,545,0.0,1
545,0.0,0.0,545,0.0,1
545,0.0,0.0,545,0.0,1
545,0.0,0.0,545,0.0,1
545,0.0,0.0,545,0.0,1
545,0.0,0.0,545,0.0,1
545,0.0,0.0,545,0.0,1
545,0.042835293687811936,6.939317577425534,545,0.0,1
545,0.042835293687811936,6.939317577425534,545,0.0,1
545,0.0,0.0,545,0.0,1
545,0.042835293687811936,6.939317577425534,545,0.0,1
545,0.0,0.0,545,0.0,1
545,0.042835293687811936,6.939317577425534,545,0.0,1
545,0.042835293687811936,6.939317577425534,545,0.0,1
545,0.0,0.0,545,0.0,1
545,0.0,0.0,545,0.0,1
545,0.0,0.0,545,0.0,1
545,0.0,0.0,545,0.0,1
545,0.042835293687811936,6.939317577425534,545,0.0,1
545,0.0,0.0,545,0.0,1
545,0.0,0.0,545,0.0,1
545,0.042835293687811936,6.939317577425534,545,0.0,1
498,0.0,0.0,498,0.0,1
545,0.042835293687811936,6.939317577425534,545,0.0,1
545,0.0,0.0,545,0.0,1
545,0.0,0.0,545,0.0,1
545,0.0,0.0,545,0.0,1
493,0.0,0.0,493,0.0,1
513,0.0,0.0,513,0.0,1
545,0.0,0.0,545,0.0,1
545,0.0,0.0,545,0.0,1
545,0.0,0.0,545,0.0,1
545,0.042835293687811936,6.939317577425534,545,0.0,1
545,0.0,0.0,545,0.0,1
545,0.042835293687811936,6.939317577425534,545,0.0,1
545,0.042835293687811936,6.939317577425534,545,0.0,1
545,0.0,0.0,545,0.0,1
545,0.0,0.0,545,0.0,1
545,0.0,0.0,545,0.0,1
162,0.0,0.0,162,0.0,1
545,0.0,0.0,545,0.0,1
545,0.06052254912880909,9.804652958867074,545,0.0,1
545,0.0,0.0,545,0.0,1
545,0.0,0.0,545,0.0,1
545,0.042835293687811936,6.939317577425534,545,0.0,1
545,0.042835293687811936,6.939317577425534,545,0.0,1
545,0.042835293687811936,6.939317577425534,545,0.0,1
545,0.0,0.0,545,0.0,1
545,0.0,0.0,545,0.0,1
545,0.0,0.0,545,0.0,1
140,0.0,0.0,140,0.0,1
545,0.0,0.0,545,0.0,1
545,0.0,0.0,545,0.0,1
545,0.042835293687811936,6.939317577425534,545,0.0,1
545,0.0,0.0,545,0.0,1
545,0.0,0.0,545,0.0,1
545,0.0,0.0,545,0.0,1
545,0.0,0.0,545,0.0,1
545,0.042835293687811936,6.939317577425534,545,0.0,1
545,0.0,0.0,545,0.0,1
545,0.042835293687811936,6.939317577425534,545,0.0,1
137,0.0,0.0,137,0.0,1
545,0.0,0.0,545,0.0,1
545,0.0,0.0,545,0.0,1
545,0.042835293687811936,6.939317577425534,545,0.0,1
545,0.042835293687811936,6.939317577425534,545,0.0,1
545,0.042835293687811936,6.939317577425534,545,0.0,1
545,0.0,0.0,545,0.0,1
545,0.0,0.0,545,0.0,1
545,0.042835293687811936,6.939317577425534,545,0.0,1
545,0.0,0.0,545,0.0,1
545,0.0,0.0,545,0.0,1
545,0.0,0.0,545,0.0,1
545,0.042835293687811936,6.939317577425534,545,0.0,1
545,0.0,0.0,545,0.0,1
545,0.042835293687811936,6.939317577425534,545,0.0,1
545,0.0,0.0,545,0.0,1
545,0.0,0.0,545,0.0,1
360,0.0,0.0,360,0.0,1
545,0.0,0.0,545,0.0,1
545,0.0,0.0,545,0.0,1
545,0.0,0.0,545,0.0,1
545,0.042835293687811936,6.939317577425534,545,0.0,1
432,0.06796240158764906,11.009909057199147,432,0.0,1
545,0.042835293687811936,6.939317577425534,545,0.0,1
545,0.0,0.0,545,0.0,1
545,0.0,0.0,545,0.0,1
545,0.0,0.0,545,0.0,1
545,0.0,0.0,545,0.0,1
545,0.042835293687811936,6.939317577425534,545,0.0,1
545,0.0,0.0,545,0.0,1
545,0.0,0.0,545,0.0,1
545,0.042835293687811936,6.939317577425534,545,0.0,1
545,0.0,0.0,545,0.0,1
285,0.0,0.0,285,0.0,1
545,0.042835293687811936,6.939317577425534,545,0.0,1
545,0.0,0.0,545,0.0,1
545,0.042835293687811936,6.939317577425534,545,0.0,1
545,0.042835293687811936,6.939317577425534,545,0.0,1
545,0.042835293687811936,6.939317577425534,545,0.0,1
545,0.042835293687811936,6.939317577425534,545,0.0,1
545,0.0,0.0,545,0.0,1
545,0.042835293687811936,6.939317577425534,545,0.0,1
545,0.0,0.0,545,0.0,1
545,0.0,0.0,545,0.0,1
545,0.0,0.0,545,0.0,1
545,0.0,0.0,545,0.0,1
545,0.0,0.0,545,0.0,1
545,0.0,0.0,545,0.0,1
545,0.0,0.0,545,0.0,1
545,0.0,0.0,545,0.0,1
545,0.06052254912880909,9.804652958867074,545,0.0,1
545,0.0,0.0,545,0.0,1
545,0.042835293687811936,6.939317577425534,545,0.0,1
545,0.0,0.0,545,0.0,1
545,0.06052254912880909,9.804652958867074,545,0.0,1
545,0.042835293687811936,6.939317577425534,545,0.0,1
8,0.0,0.0,8,0.0,1
8,0.0,0.0,8,0.0,1
545,0.0,0.0,545,0.0,1
545,0.0,0.0,545,0.0,1
545,0.0,0.0,545,0.0,1
545,0.0,0.0,545,0.0,1
545,0.042835293687811936,6.939317577425534,545,0.0,1
545,0.0,0.0,545,0.0,1
545,0.042835293687811936,6.939317577425534,545,0.0,1
545,0.0,0.0,545,0.0,1
545,0.0,0.0,545,0.0,1
545,0.0,0.0,545,0.0,1
545,0.0,0.0,545,0.0,1
8,0.0,0.0,8,0.0,1
545,0.0,0.0,545,0.0,1
545,0.0,0.0,545,0.0,1
545,0.042835293687811936,6.939317577425534,545,0.0,1
545,0.0,0.0,545,0.0,1
545,0.042835293687811936,6.939317577425534,545,0.0,1
545,0.0,0.0,545,0.0,1
545,0.0,0.0,545,0.0,1
545,0.0,0.0,545,0.0,1
545,0.0,0.0,545,0.0,1
545,0.0,0.0,545,0.0,1
545,0.042835293687811936,6.939317577425534,545,0.0,1
545,0.0,0.0,545,0.0,1
545,0.0,0.0,545,0.0,1
545,0.0,0.0,545,0.0,1
545,0.0,0.0,545,0.0,1
545,0.0,0.0,545,0.0,1
545,0.0,0.0,545,0.0,1
53,0.0,0.0,53,0.0,1
545,0.0,0.0,545,0.0,1
545,0.06052254912880909,9.804652958867074,545,0.0,1
545,0.042835293687811936,6.939317577425534,545,0.0,1
545,0.06052254912880909,9.804652958867074,545,0.0,1
545,0.0,0.0,545,0.0,1
545,0.0,0.0,545,0.0,1
545,0.042835293687811936,6.939317577425534,545,0.0,1
53,0.0,0.0,53,0.0,1
545,0.042835293687811936,6.939317577425534,545,0.0,1
545,0.042835293687811936,6.939317577425534,545,0.0,1
545,0.0,0.0,545,0.0,1
545,0.0,0.0,545,0.0,1
545,0.0,0.0,545,0.0,1
545,0.0,0.0,545,0.0,1
545,0.0,0.0,545,0.0,1
545,0.042835293687811936,6.939317577425534,545,0.0,1
545,0.0,0.0,545,0.0,1
545,0.0,0.0,545,0.0,1
545,0.042835293687811936,6.939317577425534,545,0.0,1
354,0.053149400345273386,8.61020285593429,354,0.0,1
545,0.0,0.0,545,0.0,1
545,0.0,0.0,545,0.0,1
545,0.0,0.0,545,0.0,1
545,0.0,0.0,545,0.0,1
545,0.06052254912880909,9.804652958867074,545,0.0,1
545,0.06052254912880909,9.804652958867074,545,0.0,1
545,0.042835293687811936,6.939317577425534,545,0.0,1
545,0.0,0.0,545,0.0,1
545,0.042835293687811936,6.939317577425534,545,0.0,1
545,0.0,0.0,545,0.0,1
397,0.0,0.0,397,0.0,1
545,0.0,0.0,545,0.0,1
545,0.0,0.0,545,0.0,1
545,0.0,0.0,545,0.0,1
545,0.0,0.0,545,0.0,1
545,0.0,0.0,545,0.0,1
545,0.0,0.0,545,0.0,1
545,0.042835293687811936,6.939317577425534,545,0.0,1
545,0.0,0.0,545,0.0,1
545,0.042835293687811936,6.939317577425534,545,0.0,1
545,0.042835293687811936,6.939317577425534,545,0.0,1
393,0.0,0.0,393,0.0,1
545,0.042835293687811936,6.939317577425534,545,0.0,1
545,0.0,0.0,545,0.0,1
545,0.042835293687811936,6.939317577425534,545,0.0,1
545,0.0,0.0,545,0.0,1
545,0.0,0.0,545,0.0,1
545,0.0,0.0,545,0.0,1
545,0.0,0.0,545,0.0,1
545,0.0,0.0,545,0.0,1
545,0.0,0.0,545,0.0,1
545,0.0,0.0,545,0.0,1
424,0.0,0.0,424,0.0,1
545,0.0,0.0,545,0.0,1
545,0.0,0.0,545,0.0,1
545,0.0,0.0,545,0.0,1
545,0.0,0.0,545,0.0,1
545,0.0,0.0,545,0.0,1
545,0.0,0.0,545,0.0,1
545,0.0,0.0,545,0.0,1
545,0.042835293687811936,6.939317577425534,545,0.0,1
545,0.0,0.0,545,0.0,1
545,0.06052254912880909,9.804652958867074,545,0.0,1
545,0.042835293687811936,6.939317577425534,545,0.0,1
545,0.06052254912880909,9.804652958867074,545,0.0,1
545,0.0,0.0,545,0.0,1
545,0.0,0.0,545,0.0,1
545,0.042835293687811936,6.939317577425534,545,0.0,1
545,0.0,0.0,545,0.0,1
545,0.042835293687811936,6.939317577425534,545,0.0,1
545,0.042835293687811936,6.939317577425534,545,0.0,1
545,0.0,0.0,545,0.0,1
545,0.0,0.0,545,0.0,1
545,0.042835293687811936,6.939317577425534,545,0.0,1
545,0.0,0.0,545,0.0,1
189,0.0,0.0,189,0.0,1
246,0.06375767130633384,10.32874275162608,246,0.0,1
545,0.0,0.0,545,0.0,1
545,0.042835293687811936,6.939317577425534,545,0.0,1
545,0.0,0.0,545,0.0,1
545,0.0,0.0,545,0.0,1
545,0.0,0.0,545,0.0,1
545,0.0,0.0,545,0.0,1
545,0.0,0.0,545,0.0,1
545,0.0,0.0,545,0.0,1
545,0.0,0.0,545,0.0,1
545,0.0,0.0,545,0.0,1
545,0.0,0.0,545,0.0,1
103,0.0,0.0,103,0.0,1
545,0.0,0.0,545,0.0,1
545,0.0,0.0,545,0.0,1
545,0.0,0.0,545,0.0,1
545,0.042835293687811936,6.939317577425534,545,0.0,1
545,0.0,0.0,545,0.0,1
545,0.0,0.0,545,0.0,1
545,0.06052254912880909,9.804652958867074,545,0.0,1
545,0.0,0.0,545,0.0,1
545,0.042835293687811936,6.939317577425534,545,0.0,1
545,0.0,0.0,545,0.0,1
452,0.04703604341917987,7.619839033907138,452,0.0,1
545,0.0,0.0,545,0.0,1
545,0.042835293687811936,6.939317577425534,545,0.0,1
545,0.06052254912880909,9.804652958867074,545,0.0,1
545,0.06052254912880909,9.804652958867074,545,0.0,1
545,0.0,0.0,545,0.0,1
545,0.0,0.0,545,0.0,1
545,0.042835293687811936,6.939317577425534,545,0.0,1
545,0.0,0.0,545,0.0,1
545,0.0,0.0,545,0.0,1
545,0.042835293687811936,6.939317577425534,545,0.0,1
458,0.0,0.0,458,0.0,1
545,0.042835293687811936,6.939317577425534,545,0.0,1
545,0.0,0.0,545,0.0,1
545,0.06052254912880909,9.804652958867074,545,0.0,1
545,0.0,0.0,545,0.0,1
545,0.06052254912880909,9.804652958867074,545,0.0,1
545,0.042835293687811936,6.939317577425534,545,0.0,1
545,0.0,0.0,545,0.0,1
545,0.0,0.0,545,0.0,1
545,0.0,0.0,545,0.0,1
545,0.042835293687811936,6.939317577425534,545,0.0,1
545,0.042835293687811936,6.939317577425534,545,0.0,1
545,0.042835293687811936,6.939317577425534,545,0.0,1
545,0.0,0.0,545,0.0,1
545,0.0,0.0,545,0.0,1
545,0.042835293687811936,6.939317577425534,545,0.0,1
545,0.042835293687811936,6.939317577425534,545,0.0,1
545,0.0,0.0,545,0.0,1
545,0.0,0.0,545,0.0,1
545,0.0,0.0,545,0.0,1
545,0.042835293687811936,6.939317577425534,545,0.0,1
545,0.042835293687811936,6.939317577425534,545,0.0,1
545,0.0,0.0,545,0.0,1
545,0.06052254912880909,9.804652958867074,545,0.0,1
545,0.042835293687811936,6.939317577425534,545,0.0,1
162,0.0,0.0,162,0.0,1
168,0.0,0.0,168,0.0,1
545,0.042835293687811936,6.939317577425534,545,0.0,1
545,0.06052254912880909,9.804652958867074,545,0.0,1
545,0.0,0.0,545,0.0,1
545,0.0,0.0,545,0.0,1
545,0.0,0.0,545,0.0,1
545,0.0,0.0,545,0.0,1
545,0.06052254912880909,9.804652958867074,545,0.0,1
545,0.042835293687811936,6.939317577425534,545,0.0,1
545,0.0,0.0,545,0.0,1
545,0.0,0.0,545,0.0,1
545,0.0,0.0,545,0.0,1
545,0.0,0.0,545,0.0,1
545,0.042835293687811936,6.939317577425534,545,0.0,1
545,0.042835293687811936,6.939317577425534,545,0.0,1
545,0.042835293687811936,6.939317577425534,545,0.0,1
545,0.0,0.0,545,0.0,1
545,0.0,0.0,545,0.0,1
545,0.042835293687811936,6.939317577425534,545,0.0,1
545,0.042835293687811936,6.939317577425534,545,0.0,1
545,0.06052254912880909,9.804652958867074,545,0.0,1
545,0.0,0.0,545,0.0,1
545,0.0,0.0,545,0.0,1
545,0.0,0.0,545,0.0,1
545,0.0,0.0,545,0.0,1
545,0.06052254912880909,9.804652958867074,545,0.0,1
545,0.042835293687811936,6.939317577425534,545,0.0,1
191,0.0,0.0,191,0.0,1
143,0.0,0.0,143,0.0,1
545,0.042835293687811936,6.939317577425534,545,0.0,1
545,0.0,0.0,545,0.0,1
545,0.0,0.0,545,0.0,1
545,0.0,0.0,545,0.0,1
545,0.0,0.0,545,0.0,1
545,0.0,0.0,545,0.0,1
545,0.0,0.0,545,0.0,1
545,0.0,0.0,545,0.0,1
545,0.0,0.0,545,0.0,1
545,0.0,0.0,545,0.0,1
480,0.0,0.0,480,0.0,1
545,0.0,0.0,545,0.0,1
545,0.0,0.0,545,0.0,1
545,0.0,0.0,545,0.0,1
545,0.0,0.0,545,0.0,1
545,0.0,0.0,545,0.0,1
545,0.0,0.0,545,0.0,1
545,0.0,0.0,545,0.0,1
545,0.0,0.0,545,0.0,1
545,0.0,0.0,545,0.0,1
545,0.0,0.0,545,0.0,1
545,0.0,0.0,545,0.0,1
545,0.0,0.0,545,0.0,1
151,0.0,0.0,151,0.0,1
545,0.0,0.0,545,0.0,1
545,0.0,0.0,545,0.0,1
545,0.0,0.0,545,0.0,1
545,0.0,0.0,545,0.0,1
545,0.0,0.0,545,0.0,1
545,0.0,0.0,545,0.0,1
545,0.0,0.0,545,0.0,1
545,0.0,0.0,545,0.0,1
545,0.0,0.0,545,0.0,1
545,0.0,0.0,545,0.0,1
545,0.0,0.0,545,0.0,1
545,0.0,0.0,545,0.0,1
545,0.0,0.0,545,0.0,1
269,0.0,0.0,269,0.0,1
545,0.0,0.0,545,0.0,1
545,0.0,0.0,545,0.0,1
545,0.0,0.0,545,0.0,1
545,0.0,0.0,545,0.0,1
545,0.0,0.0,545,0.0,1
545,0.0,0.0,545,0.0,1
545,0.0,0.0,545,0.0,1
545,0.0,0.0,545,0.0,1
545,0.0,0.0,545,0.0,1
545,0.0,0.0,545,0.0,1
545,0.0,0.0,545,0.0,1
388,0.0,0.0,388,0.0,1
545,0.0,0.0,545,0.0,1
545,0.042835293687811936,6.939317577425534,545,0.0,1
545,0.0,0.0,545,0.0,1
545,0.042835293687811936,6.939317577425534,545,0.0,1
545,0.0,0.0,545,0.0,1
545,0.0,0.0,545,0.0,1
545,0.042835293687811936,6.939317577425534,545,0.0,1
545,0.06052254912880909,9.804652958867074,545,0.0,1
545,0.0,0.0,545,0.0,1
545,0.0,0.0,545,0.0,1
545,0.042835293687811936,6.939317577425534,545,0.0,1
545,0.06052254912880909,9.804652958867074,545,0.0,1
165,0.0,0.0,165,0.0,1
545,0.06052254912880909,9.804652958867074,545,0.0,1
545,0.0,0.0,545,0.0,1
545,0.0,0.0,545,0.0,1
545,0.042835293687811936,6.939317577425534,545,0.0,1
545,0.042835293687811936,6.939317577425534,545,0.0,1
545,0.0,0.0,545,0.0,1
545,0.042835293687811936,6.939317577425534,545,0.0,1
545,0.0,0.0,545,0.0,1
545,0.0,0.0,545,0.0,1
545,0.06052254912880909,9.804652958867074,545,0.0,1
545,0.0,0.0,545,0.0,1
384,0.05103103630798288,8.267027881893226,384,0.0,1
545,0.0,0.0,545,0.0,1
545,0.06052254912880909,9.804652958867074,545,0.0,1
545,0.0,0.0,545,0.0,1
545,0.042835293687811936,6.939317577425534,545,0.0,1
545,0.0,0.0,545,0.0,1
545,0.06052254912880909,9.804652958867074,545,0.0,1
545,0.0,0.0,545,0.0,1
545,0.042835293687811936,6.939317577425534,545,0.0,1
545,0.0,0.0,545,0.0,1
545,0.042835293687811936,6.939317577425534,545,0.0,1
545,0.042835293687811936,6.939317577425534,545,0.0,1
545,0.042835293687811936,6.939317577425534,545,0.0,1
545,0.06052254912880909,9.804652958867074,545,0.0,1
545,0.0,0.0,545,0.0,1
229,0.0,0.0,229,0.0,1
545,0.0,0.0,545,0.0,1
545,0.042835293687811936,6.939317577425534,545,0.0,1
545,0.0,0.0,545,0.0,1
545,0.06052254912880909,9.804652958867074,545,0.0,1
545,0.0,0.0,545,0.0,1
545,0.042835293687811936,6.939317577425534,545,0.0,1
208,0.0,0.0,208,0.0,1
545,0.042835293687811936,6.939317577425534,545,0.0,1
545,0.0,0.0,545,0.0,1
545,0.0,0.0,545,0.0,1
545,0.0,0.0,545,0.0,1
545,0.0,0.0,545,0.0,1
545,0.0,0.0,545,0.0,1
545,0.0,0.0,545,0.0,1
545,0.0,0.0,545,0.0,1
545,0.0,0.0,545,0.0,1
545,0.0,0.0,545,0.0,1
251,0.0,0.0,251,0.0,1
545,1.0927630752793625,45.896049161733224,545,0.0,1
545,0.10444130910722166,4.38653498250331,545,0.0,1
545,0.06052254912880909,2.5419470634099812,545,0.0,1
545,0.10444130910722166,4.38653498250331,545,0.0,1
545,0.042835293687811936,1.7990823348881013,545,0.0,1
545,0.0,0.0,545,0.0,1
545,0.0,0.0,545,0.0,1
472,0.0,0.0,472,0.0,1
545,1.0927630752793625,45.896049161733224,545,0.0,1
545,0.10444130910722166,4.38653498250331,545,0.0,1
545,0.06052254912880909,2.5419470634099812,545,0.0,1
545,0.10444130910722166,4.38653498250331,545,0.0,1
545,0.042835293687811936,1.7990823348881013,545,0.0,1
545,0.0,0.0,545,0.0,1
545,0.0,0.0,545,0.0,1
545,0.0,0.0,545,0.0,1
545,0.042835293687811936,1.7990823348881013,545,0.0,1
113,0.09407208683835973,3.9510276472111086,113,0.0,1
241,4791.809195651588,201255.9862173667,241,0.004149377593360996,1
545,0.22823497421267103,9.585868916932183,545,0.0,1
545,0.09542983679476028,4.0080531453799315,545,0.0,1
545,0.08543403675190497,3.588229543580009,545,0.0,1
545,0.08543403675190497,3.588229543580009,545,0.0,1
545,0.042835293687811936,1.7990823348881013,545,0.0,1
545,0.0,0.0,545,0.0,1
545,0.0,0.0,545,0.0,1
545,0.0,0.0,545,0.0,1
545,0.06052254912880909,2.5419470634099812,545,0.0,1
545,0.0,0.0,545,0.0,1
291,0.0,0.0,291,0.0,1
545,0.06052254912880909,2.5419470634099812,545,0.0,1
545,0.10444130910722166,4.38653498250331,545,0.0,1
545,0.042835293687811936,1.7990823348881013,545,0.0,1
545,0.0,0.0,545,0.0,1
545,0.0,0.0,545,0.0,1
545,0.0,0.0,545,0.0,1
545,0.042835293687811936,1.7990823348881013,545,0.0,1
545,0.042835293687811936,1.7990823348881013,545,0.0,1
545,0.0,0.0,545,0.0,1
545,0.042835293687811936,1.7990823348881013,545,0.0,1
10,0.0,0.0,10,0.0,1
266,4580.757533469431,192391.8164057161,266,0.0037593984962406013,1
545,0.042835293687811936,1.7990823348881013,545,0.0,1
545,0.0,0.0,545,0.0,1
545,0.0,0.0,545,0.0,1
545,0.0,0.0,545,0.0,1
545,0.042835293687811936,1.7990823348881013,545,0.0,1
545,0.042835293687811936,1.7990823348881013,545,0.0,1
545,0.0,0.0,545,0.0,1
545,0.0,0.0,545,0.0,1
545,0.06052254912880909,2.5419470634099812,545,0.0,1
210,0.0,0.0,210,0.0,1
545,3200.222674339003,134409.35232223812,545,0.001834862385321101,1
176,0.0,0.0,176,0.0,1
545,0.0,0.0,545,0.0,1
545,0.0,0.0,545,0.0,1
545,0.0,0.0,545,0.0,1
545,0.042835293687811936,1.7990823348881013,545,0.0,1
545,0.042835293687811936,1.7990823348881013,545,0.0,1
545,0.0,0.0,545,0.0,1
545,0.042835293687811936,1.7990823348881013,545,0.0,1
545,0.042835293687811936,1.7990823348881013,545,0.0,1
545,0.042835293687811936,1.7990823348881013,545,0.0,1
139,0.08481889296799709,3.562393504655878,139,0.0,1
545,3200.222674339003,134409.35232223812,545,0.001834862385321101,1
545,0.0,0.0,545,0.0,1
545,0.0,0.0,545,0.0,1
123,0.0,0.0,123,0.0,1
545,0.0,0.0,545,0.0,1
545,0.042835293687811936,1.7990823348881013,545,0.0,1
545,0.042835293687811936,1.7990823348881013,545,0.0,1
545,0.0,0.0,545,0.0,1
545,0.042835293687811936,1.7990823348881013,545,0.0,1
545,0.042835293687811936,1.7990823348881013,545,0.0,1
545,0.0,0.0,545,0.0,1
545,0.06052254912880909,2.5419470634099812,545,0.0,1
374,0.07302915082944095,3.06722433483652,374,0.0,1
545,0.042835293687811936,1.7990823348881013,545,0.0,1
545,0.0,0.0,545,0.0,1
545,0.0,0.0,545,0.0,1
545,0.06052254912880909,2.5419470634099812,545,0.0,1
545,0.0,0.0,545,0.0,1
545,0.06052254912880909,2.5419470634099812,545,0.0,1
545,0.06052254912880909,2.5419470634099812,545,0.0,1
545,0.042835293687811936,1.7990823348881013,545,0.0,1
327,0.0780861484322751,3.279618234155554,327,0.0,1
545,3200.224712961757,134409.43794439378,545,0.001834862385321101,1
545,0.0,0.0,545,0.0,1
545,0.0,0.0,545,0.0,1
545,0.0,0.0,545,0.0,1
348,0.0,0.0,348,0.0,1
545,0.0,0.0,545,0.0,1
545,0.0,0.0,545,0.0,1
545,0.06052254912880909,2.5419470634099812,545,0.0,1
545,0.0,0.0,545,0.0,1
545,0.06052254912880909,2.5419470634099812,545,0.0,1
545,0.06052254912880909,2.5419470634099812,545,0.0,1
545,0.042835293687811936,1.7990823348881013,545,0.0,1
545,0.06052254912880909,2.5419470634099812,545,0.0,1
327,0.0,0.0,327,0.0,1
545,0.042835293687811936,1.7990823348881013,545,0.0,1
545,0.042835293687811936,1.7990823348881013,545,0.0,1
545,0.042835293687811936,1.7990823348881013,545,0.0,1
545,0.042835293687811936,1.7990823348881013,545,0.0,1
545,0.06052254912880909,2.5419470634099812,545,0.0,1
545,0.07405639542392017,3.1103686078046477,545,0.0,1
545,0.0,0.0,545,0.0,1
524,0.0,0.0,524,0.0,1
545,3200.224712961757,134409.43794439378,545,0.001834862385321101,1
545,0.0,0.0,545,0.0,1
545,0.0,0.0,545,0.0,1
545,0.0,0.0,545,0.0,1
545,0.0,0.0,545,0.0,1
545,0.0,0.0,545,0.0,1
17,0.0,0.0,17,0.0,1
545,0.0,0.0,545,0.0,1
545,0.06052254912880909,2.5419470634099812,545,0.0,1
545,0.06052254912880909,2.5419470634099812,545,0.0,1
545,0.042835293687811936,1.7990823348881013,545,0.0,1
545,0.06052254912880909,2.5419470634099812,545,0.0,1
545,0.0,0.0,545,0.0,1
545,0.0,0.0,545,0.0,1
494,0.04499212706658476,1.8896693367965598,494,0.0,1
545,160.67518662298258,6748.357838165267,545,0.0,1
295,0.0,0.0,295,0.0,1
545,0.06052254912880909,2.5419470634099812,545,0.0,1
545,0.06052254912880909,2.5419470634099812,545,0.0,1
545,0.042835293687811936,1.7990823348881013,545,0.0,1
545,0.06052254912880909,2.5419470634099812,545,0.0,1
545,0.0,0.0,545,0.0,1
545,0.0,0.0,545,0.0,1
545,0.06052254912880909,2.5419470634099812,545,0.0,1
545,0.07405639542392017,3.1103686078046477,545,0.0,1
147,0.0,0.0,147,0.0,1
545,160.67518662298258,6748.357838165267,545,0.0,1
545,0.0,0.0,545,0.0,1
545,0.0,0.0,545,0.0,1
68,0.0,0.0,68,0.0,1
545,160.67518662298258,6748.357838165267,545,0.0,1
545,0.0,0.0,545,0.0,1
545,0.0,0.0,545,0.0,1
545,0.0,0.0,545,0.0,1
545,0.0,0.0,545,0.0,1
24,0.0,0.0,24,0.0,1
545,160.67518662298258,6748.357838165267,545,0.0,1
545,0.0,0.0,545,0.0,1
545,0.0,0.0,545,0.0,1
545,0.0,0.0,545,0.0,1
545,0.0,0.0,545,0.0,1
545,0.0,0.0,545,0.0,1
495,0.0,0.0,495,0.0,1
545,160.67518662298258,6748.357838165267,545,0.0,1
545,0.0,0.0,545,0.0,1
545,0.0,0.0,545,0.0,1
545,0.0,0.0,545,0.0,1
545,0.0,0.0,545,0.0,1
545,0.0,0.0,545,0.0,1
545,0.0,0.0,545,0.0,1
545,0.0,0.0,545,0.0,1
180,0.0,0.0,180,0.0,1
545,160.67518662298258,6748.357838165267,545,0.0,1
545,0.0,0.0,545,0.0,1
545,0.0,0.0,545,0.0,1
545,0.0,0.0,545,0.0,1
545,0.0,0.0,545,0.0,1
545,0.0,0.0,545,0.0,1
545,0.0,0.0,545,0.0,1
545,0.0,0.0,545,0.0,1
545,0.0,0.0,545,0.0,1
379,0.0,0.0,379,0.0,1
545,0.0,0.0,545,0.0,1
545,0.0,0.0,545,0.0,1
545,0.0,0.0,545,0.0,1
545,0.0,0.0,545,0.0,1
545,0.0,0.0,545,0.0,1
545,0.0,0.0,545,0.0,1
545,0.0,0.0,545,0.0,1
545,0.0,0.0,545,0.0,1
545,0.0,0.0,545,0.0,1
545,0.0,0.0,545,0.0,1
518,0.0,0.0,518,0.0,1
545,0.0,0.0,545,0.0,1
545,0.0,0.0,545,0.0,1
545,0.0,0.0,545,0.0,1
545,0.0,0.0,545,0.0,1
545,0.0,0.0,545,0.0,1
545,0.0,0.0,545,0.0,1
545,0.0,0.0,545,0.0,1
545,0.0,0.0,545,0.0,1
545,0.0,0.0,545,0.0,1
545,0.0,0.0,545,0.0,1
96,0.0,0.0,96,0.0,1
545,0.0,0.0,545,0.0,1
545,0.0,0.0,545,0.0,1
545,0.0,0.0,545,0.0,1
545,0.0,0.0,545,0.0,1
545,0.0,0.0,545,0.0,1
545,0.0,0.0,545,0.0,1
545,0.0,0.0,545,0.0,1
545,0.0,0.0,545,0.0,1
545,0.0,0.0,545,0.0,1
290,0.0,0.0,290,0.0,1
545,0.0,0.0,545,0.0,1
545,0.0,0.0,545,0.0,1
545,0.0,0.0,545,0.0,1
545,0.0,0.0,545,0.0,1
545,0.0,0.0,545,0.0,1
545,0.0,0.0,545,0.0,1
545,0.0,0.0,545,0.0,1
545,0.0,0.0,545,0.0,1
545,0.0,0.0,545,0.0,1
237,0.0,0.0,237,0.0,1
545,0.0,0.0,545,0.0,1
545,0.0,0.0,545,0.0,1
545,0.0,0.0,545,0.0,1
545,0.0,0.0,545,0.0,1
545,0.0,0.0,545,0.0,1
545,0.0,0.0,545,0.0,1
545,0.0,0.0,545,0.0,1
545,0.0,0.0,545,0.0,1
482,0.0,0.0,482,0.0,1
545,0.0,0.0,545,0.0,1
545,0.0,0.0,545,0.0,1
545,0.0,0.0,545,0.0,1
545,0.0,0.0,545,0.0,1
545,0.0,0.0,545,0.0,1
545,0.0,0.0,545,0.0,1
545,0.0,0.0,545,0.0,1
545,0.0,0.0,545,0.0,1
435,0.0,0.0,435,0.0,1
545,0.0,0.0,545,0.0,1
545,0.0,0.0,545,0.0,1
545,0.0,0.0,545,0.0,1
545,0.0,0.0,545,0.0,1
545,0.0,0.0,545,0.0,1
545,0.0,0.0,545,0.0,1
545,0.0,0.0,545,0.0,1
545,0.0,0.0,545,0.0,1
415,0.0,0.0,415,0.0,1
545,0.0,0.0,545,0.0,1
545,0.0,0.0,545,0.0,1
545,0.0,0.0,545,0.0,1
545,0.0,0.0,545,0.0,1
545,0.0,0.0,545,0.0,1
545,0.0,0.0,545,0.0,1
545,0.0,0.0,545,0.0,1
545,0.0,0.0,545,0.0,1
73,0.0,0.0,73,0.0,1
545,0.0,0.0,545,0.0,1
545,0.0,0.0,545,0.0,1
545,0.0,0.0,545,0.0,1
545,0.0,0.0,545,0.0,1
545,0.0,0.0,545,0.0,1
545,0.0,0.0,545,0.0,1
545,0.0,0.0,545,0.0,1
545,0.0,0.0,545,0.0,1
33,0.0,0.0,33,0.0,1
545,0.0,0.0,545,0.0,1
545,0.0,0.0,545,0.0,1
545,0.0,0.0,545,0.0,1
545,0.0,0.0,545,0.0,1
545,0.0,0.0,545,0.0,1
545,0.0,0.0,545,0.0,1
545,0.0,0.0,545,0.0,1
545,0.0,0.0,545,0.0,1
127,0.0,0.0,127,0.007874015748031496,1
545,0.0,0.0,545,0.0,1
545,0.0,0.0,545,0.0,1
545,0.0,0.0,545,0.0,1
545,0.0,0.0,545,0.0,1
545,0.0,0.0,545,0.0,1
545,0.0,0.0,545,0.0,1
545,0.0,0.0,545,0.0,1
323,0.0,0.0,323,0.0030959752321981426,1
373,230.5158220945472,12447.854393105548,373,0.002680965147453083,1
545,0.0,0.0,545,0.0,1
421,0.10845909451863747,5.856791104006423,421,0.0,1
545,0.06052254912880909,2.5419470634099812,545,0.0,1
545,0.042835293687811936,1.7990823348881013,545,0.0,1
545,0.06052254912880909,2.5419470634099812,545,0.0,1
545,0.0,0.0,545,0.0,1
545,0.0,0.0,545,0.0,1
545,0.07405639542392017,3.1103686078046477,545,0.0,1
545,0.06052254912880909,2.5419470634099812,545,0.0,1
545,0.0,0.0,545,0.0,1
60,0.0,0.0,60,0.0,1
545,0.07405639542392017,3.1103686078046477,545,0.0,1
545,0.0,0.0,545,0.0,1
545,0.0,0.0,545,0.0,1
545,0.0,0.0,545,0.0,1
545,0.08543403675190497,3.588229543580009,545,0.0,1
545,0.042835293687811936,1.7990823348881013,545,0.0,1
545,0.0,0.0,545,0.0,1
220,0.0,0.0,220,0.0,1
545,0.0,0.0,545,0.0,1
545,0.0,0.0,545,0.0,1
545,0.06052254912880909,2.5419470634099812,545,0.0,1
545,0.07405639542392017,3.1103686078046477,545,0.0,1
545,0.0,0.0,545,0.0,1
545,0.0,0.0,545,0.0,1
545,0.0,0.0,545,0.0,1
545,0.0,0.0,545,0.0,1
41,0.0,0.0,41,0.0,1
545,0.0,0.0,545,0.0,1
545,0.08543403675190497,3.588229543580009,545,0.0,1
545,0.042835293687811936,1.7990823348881013,545,0.0,1
545,0.0,0.0,545,0.0,1
545,0.0,0.0,545,0.0,1
545,0.0,0.0,545,0.0,1
545,0.0,0.0,545,0.0,1
417,0.0,0.0,417,0.0,1
545,0.07405639542392017,3.1103686078046477,545,0.0,1
545,0.0,0.0,545,0.0,1
545,0.0,0.0,545,0.0,1
545,0.0,0.0,545,0.0,1
545,0.0,0.0,545,0.0,1
545,0.0,0.0,545,0.0,1
178,0.0,0.0,178,0.0,1
545,0.0,0.0,545,0.0,1
545,0.0,0.0,545,0.0,1
545,0.0,0.0,545,0.0,1
545,0.0,0.0,545,0.0,1
505,0.0,0.0,505,0.0,1
545,0.0,0.0,545,0.0,1
545,0.0,0.0,545,0.0,1
545,0.0,0.0,545,0.0,1
545,0.0,0.0,545,0.0,1
545,0.0,0.0,545,0.0,1
273,0.0,0.0,273,0.0,1
545,0.0,0.0,545,0.0,1
545,0.0,0.0,545,0.0,1
545,0.0,0.0,545,0.0,1
545,0.0,0.0,545,0.0,1
545,0.0,0.0,545,0.0,1
536,0.0,0.0,536,0.0,1
545,3200.224712961757,134409.43794439378,545,0.001834862385321101,1
545,0.0,0.0,545,0.0,1
545,0.0,0.0,545,0.0,1
545,0.0,0.0,545,0.0,1
545,0.0,0.0,545,0.0,1
545,0.0,0.0,545,0.0,1
545,0.0,0.0,545,0.0,1
215,0.0,0.0,215,0.0,1
545,3200.224712961757,134409.43794439378,545,0.001834862385321101,1
545,0.0,0.0,545,0.0,1
545,0.0,0.0,545,0.0,1
545,0.0,0.0,545,0.0,1
545,0.0,0.0,545,0.0,1
545,0.0,0.0,545,0.0,1
545,0.0,0.0,545,0.0,1
545,0.0,0.0,545,0.0,1
428,0.0,0.0,428,0.0,1
545,0.042835293687811936,1.7990823348881013,545,0.0,1
545,0.0,0.0,545,0.0,1
545,0.0,0.0,545,0.0,1
545,0.0,0.0,545,0.0,1
545,0.0,0.0,545,0.0,1
545,0.0,0.0,545,0.0,1
545,0.0,0.0,545,0.0,1
545,0.0,0.0,545,0.0,1
545,0.0,0.0,545,0.0,1
465,0.0,0.0,465,0.0,1
545,0.042835293687811936,1.7990823348881013,545,0.0,1
545,0.0,0.0,545,0.0,1
545,0.0,0.0,545,0.0,1
545,0.0,0.0,545,0.0,1
545,0.0,0.0,545,0.0,1
545,0.0,0.0,545,0.0,1
545,0.0,0.0,545,0.0,1
545,0.0,0.0,545,0.0,1
545,0.0,0.0,545,0.0,1
147,0.0,0.0,147,0.0,1
545,0.042835293687811936,1.7990823348881013,545,0.0,1
545,0.0,0.0,545,0.0,1
545,0.0,0.0,545,0.0,1
545,0.0,0.0,545,0.0,1
545,0.0,0.0,545,0.0,1
545,0.0,0.0,545,0.0,1
545,0.0,0.0,545,0.0,1
545,0.0,0.0,545,0.0,1
545,0.0,0.0,545,0.0,1
75,0.0,0.0,75,0.0,1
545,0.0,0.0,545,0.0,1
545,0.0,0.0,545,0.0,1
545,0.0,0.0,545,0.0,1
545,0.0,0.0,545,0.0,1
545,0.0,0.0,545,0.0,1
545,0.0,0.0,545,0.0,1
545,0.0,0.0,545,0.0,1
545,0.0,0.0,545,0.0,1
319,0.0,0.0,319,0.0,1
545,190.7027274981387,10297.94728489949,545,0.0,1
202,5909.6564976986665,248205.57290334406,202,0.0049504950495049506,1
545,0.0,0.0,545,0.001834862385321101,1
487,79.3453838505956,4284.650727932162,487,0.0,1
545,0.0,0.0,545,0.001834862385321101,1
545,75.00459924735868,4050.24835935737,545,0.0,1
545,0.0,0.0,545,0.0,1
163,0.0,0.0,163,0.0,1
545,190.7027274981387,10297.94728489949,545,0.0,1
261,5198.97428138898,218356.91981833716,261,0.0038314176245210726,1
545,190.7027274981387,10297.94728489949,545,0.0,1
317,4717.460708169494,198133.34974311877,317,0.0031545741324921135,1
545,190.7027274981387,10297.94728489949,545,0.0,1
545,0.0,0.0,545,0.0,1
33,14621.130479030971,614087.4801193009,33,0.030303030303030304,1
545,190.7027274981387,10297.94728489949,545,0.0,1
545,0.0,0.0,545,0.0,1
442,3995.092029702427,167793.8652475019,442,0.0022624434389140274,1
545,190.7027274981387,10297.94728489949,545,0.0,1
545,0.0,0.0,545,0.0,1
545,0.0,0.0,545,0.0,1
105,8196.779892709319,344264.7554937914,105,0.009523809523809525,1
545,0.0,0.0,545,0.0,1
545,0.0,0.0,545,0.0,1
233,0.0,0.0,233,0.004291845493562232,1
545,0.0,0.0,545,0.0,1
545,0.0,0.0,545,0.0,1
152,0.0,0.0,152,0.006578947368421052,1
545,0.0,0.0,545,0.0,1
545,0.0,0.0,545,0.0,1
76,0.0,0.0,76,0.013157894736842105,1
545,0.0,0.0,545,0.0,1
545,0.0,0.0,545,0.0,1
73,0.0,0.0,73,0.0136986301369863,1
545,0.0,0.0,545,0.0,1
491,0.0,0.0,491,0.002036659877800407,1
545,0.0,0.0,545,0.0,1
79,0.0,0.0,79,0.012658227848101266,1
492,0.0,0.0,492,0.0020325203252032522,1
545,0.0,0.0,545,0.0,1
51,0.0,0.0,51,0.0196078431372549,1
429,0.0,0.0,429,0.002331002331002331,1
510,0.0,0.0,510,0.00196078431372549,1
545,0.0,0.0,545,0.0,1
172,0.0,0.0,172,0.005813953488372093,1
545,0.0,0.0,545,0.0,1
409,0.0,0.0,409,0.0024449877750611247,1
545,0.0,0.0,545,0.0,1
451,0.0,0.0,451,0.0022172949002217295,1
545,0.0,0.0,545,0.0,1
545,0.0,0.0,545,0.0,1
231,0.0,0.0,231,0.004329004329004329,1
545,0.0,0.0,545,0.0,1
545,0.0,0.0,545,0.0,1
464,0.0,0.0,464,0.0021551724137931034,1
545,0.0,0.0,545,0.0,1
545,0.0,0.0,545,0.0,1
270,0.0,0.0,270,0.003703703703703704,1
545,0.0,0.0,545,0.0,1
536,0.0,0.0,536,0.0018656716417910447,1
545,0.0,0.0,545,0.0,1
545,0.0,0.0,545,0.0,1
54,0.0,0.0,54,0.018518518518518517,1
545,0.0,0.0,545,0.0,1
545,0.0,0.0,545,0.001834862385321101,1
45,0.0,0.0,45,0.0,1
545,75.00459924735868,4050.24835935737,545,0.0,1
545,0.0,0.0,545,0.0,1
545,0.0,0.0,545,0.0,1
411,0.0,0.0,411,0.0,1
545,75.00459924735868,4050.24835935737,545,0.0,1
545,0.0,0.0,545,0.0,1
545,0.0,0.0,545,0.0,1
545,0.0,0.0,545,0.0,1
494,0.0,0.0,494,0.0,1
545,75.00459924735868,4050.24835935737,545,0.0,1
545,0.0,0.0,545,0.0,1
545,0.0,0.0,545,0.0,1
545,0.0,0.0,545,0.0,1
545,0.0,0.0,545,0.0,1
545,0.0,0.0,545,0.0,1
19,0.0,0.0,19,0.0,1
545,75.00459924735868,4050.24835935737,545,0.0,1
545,0.0,0.0,545,0.0,1
545,0.0,0.0,545,0.0,1
545,0.0,0.0,545,0.0,1
545,0.0,0.0,545,0.0,1
545,0.0,0.0,545,0.0,1
545,0.0,0.0,545,0.0,1
209,0.0,0.0,209,0.0,1
545,0.0,0.0,545,0.0,1
545,0.0,0.0,545,0.0,1
545,0.0,0.0,545,0.0,1
545,0.0,0.0,545,0.0,1
545,0.0,0.0,545,0.0,1
545,0.0,0.0,545,0.0,1
545,0.0,0.0,545,0.0,1
545,0.0,0.0,545,0.0,1
414,0.0,0.0,414,0.0,1
545,0.0,0.0,545,0.0,1
545,0.0,0.0,545,0.0,1
545,0.0,0.0,545,0.0,1
545,0.0,0.0,545,0.0,1
545,0.0,0.0,545,0.0,1
545,0.0,0.0,545,0.0,1
545,0.0,0.0,545,0.0,1
545,0.0,0.0,545,0.0,1
431,0.0,0.0,431,0.0,1
545,0.0,0.0,545,0.0,1
545,0.0,0.0,545,0.0,1
545,0.0,0.0,545,0.0,1
545,0.0,0.0,545,0.0,1
545,0.0,0.0,545,0.0,1
545,0.0,0.0,545,0.0,1
545,0.0,0.0,545,0.0,1
545,0.0,0.0,545,0.0,1
72,0.0,0.0,72,0.0,1
545,0.0,0.0,545,0.0,1
545,0.0,0.0,545,0.0,1
545,0.0,0.0,545,0.0,1
545,0.0,0.0,545,0.0,1
545,0.0,0.0,545,0.0,1
545,0.0,0.0,545,0.0,1
545,0.0,0.0,545,0.0,1
545,0.0,0.0,545,0.0,1
68,0.0,0.0,68,0.0,1
545,0.0,0.0,545,0.0,1
545,0.0,0.0,545,0.0,1
545,0.0,0.0,545,0.0,1
545,0.0,0.0,545,0.0,1
545,0.0,0.0,545,0.0,1
545,0.0,0.0,545,0.0,1
544,0.0,0.0,545,0.0,1
545,0.0,0.0,545,0.0,1
244,0.0,0.0,244,0.0,1
545,0.0,0.0,545,0.0,1
545,0.0,0.0,545,0.0,1
545,0.0,0.0,545,0.0,1
545,0.0,0.0,545,0.0,1
545,0.0,0.0,545,0.0,1
545,0.0,0.0,545,0.0,1
545,0.0,0.0,545,0.0,1
545,0.0,0.0,545,0.0,1
198,0.0,0.0,198,0.0,1
545,0.0,0.0,545,0.0,1
545,0.0,0.0,545,0.0,1
545,0.0,0.0,545,0.0,1
545,0.0,0.0,545,0.0,1
545,0.0,0.0,545,0.0,1
545,0.0,0.0,545,0.0,1
545,0.0,0.0,545,0.0,1
355,0.0,0.0,355,0.0,1
545,0.0,0.0,545,0.0,1
545,0.0,0.0,545,0.0,1
545,0.0,0.0,545,0.0,1
545,0.0,0.0,545,0.0,1
545,0.0,0.0,545,0.0,1
545,0.0,0.0,545,0.0,1
545,0.0,0.0,545,0.0,1
545,0.0,0.0,545,0.0,1
193,0.0,0.0,193,0.0,1
545,0.0,0.0,545,0.0,1
545,0.0,0.0,545,0.0,1
545,0.0,0.0,545,0.0,1
545,0.0,0.0,545,0.0,1
545,0.0,0.0,545,0.0,1
85,0.0,0.0,85,0.0,1
545,0.0,0.0,545,0.0,1
545,0.0,0.0,545,0.001834862385321101,1
140,0.0,0.0,140,0.0,1
545,0.0,0.0,545,0.0,1
545,0.0,0.0,545,0.0,1
545,0.0,0.0,545,0.0,1
545,0.0,0.0,545,0.0,1
545,0.0,0.0,545,0.0,1
545,0.0,0.0,545,0.0,1
545,0.0,0.0,545,0.0,1
525,0.0,0.0,525,0.0,1
545,0.0,0.0,545,0.0,1
545,0.0,0.0,545,0.0,1
545,0.0,0.0,545,0.0,1
545,0.0,0.0,545,0.0,1
545,0.0,0.0,545,0.0,1
545,0.0,0.0,545,0.0,1
299,0.0,0.0,299,0.0,1
545,0.0,0.0,545,0.0,1
545,0.0,0.0,545,0.0,1
545,0.0,0.0,545,0.0,1
500,0.0,0.0,500,0.0,1
545,0.0,0.0,545,0.0,1
545,0.0,0.0,545,0.0,1
545,0.0,0.0,545,0.0,1
545,0.0,0.0,545,0.0,1
545,0.0,0.0,545,0.0,1
155,0.0,0.0,155,0.0,1
545,0.0,0.0,545,0.0,1
545,0.0,0.0,545,0.0,1
545,0.0,0.0,545,0.0,1
545,0.0,0.0,545,0.0,1
545,0.0,0.0,545,0.0,1
545,0.0,0.0,545,0.0,1
297,0.0,0.0,297,0.0,1
545,0.0,0.0,545,0.0,1
545,0.0,0.0,545,0.0,1
545,0.0,0.0,545,0.0,1
545,0.0,0.0,545,0.0,1
143,0.0,0.0,143,0.0,1
545,0.0,0.0,545,0.0,1
545,0.0,0.0,545,0.0,1
545,0.0,0.0,545,0.0,1
545,0.0,0.0,545,0.0,1
545,0.0,0.0,545,0.0,1
109,0.0,0.0,109,0.0,1
545,0.0,0.0,545,0.0,1
545,0.0,0.0,545,0.0,1
545,0.0,0.0,545,0.0,1
545,0.0,0.0,545,0.0,1
545,0.0,0.0,545,0.0,1
545,0.0,0.0,545,0.0,1
545,0.0,0.0,545,0.0,1
545,0.0,0.0,545,0.0,1
25,0.0,0.0,25,0.0,1
545,0.0,0.0,545,0.0,1
545,0.0,0.0,545,0.0,1
545,0.0,0.0,545,0.0,1
545,0.0,0.0,545,0.0,1
545,0.0,0.0,545,0.0,1
545,0.0,0.0,545,0.0,1
545,0.0,0.0,545,0.0,1
545,0.0,0.0,545,0.0,1
545,0.0,0.0,545,0.0,1
318,0.0,0.0,318,0.0,1
545,0.0,0.0,545,0.0,1
545,0.0,0.0,545,0.0,1
545,0.0,0.0,545,0.0,1
545,0.0,0.0,545,0.0,1
545,0.0,0.0,545,0.0,1
545,0.0,0.0,545,0.0,1
545,0.0,0.0,545,0.0,1
545,0.0,0.0,545,0.0,1
545,0.0,0.0,545,0.0,1
286,0.0,0.0,286,0.0,1
545,0.0,0.0,545,0.0,1
545,0.0,0.0,545,0.0,1
545,0.0,0.0,545,0.0,1
545,0.0,0.0,545,0.0,1
545,0.0,0.0,545,0.0,1
545,0.0,0.0,545,0.0,1
545,0.0,0.0,545,0.0,1
545,0.0,0.0,545,0.0,1
545,0.0,0.0,545,0.0,1
137,0.0,0.0,137,0.0,1
545,0.0,0.0,545,0.0,1
545,0.0,0.0,545,0.0,1
545,0.0,0.0,545,0.0,1
545,0.0,0.0,545,0.0,1
545,0.0,0.0,545,0.0,1
545,0.0,0.0,545,0.0,1
545,0.0,0.0,545,0.0,1
545,0.0,0.0,545,0.0,1
545,0.0,0.0,545,0.0,1
545,0.0,0.0,545,0.0,1
545,0.0,0.0,545,0.0,1
495,0.0,0.0,495,0.0,1
230,0.0,0.0,230,0.0,1
545,0.0,0.0,545,0.0,1
545,0.0,0.0,545,0.0,1
545,0.0,0.0,545,0.0,1
545,0.0,0.0,545,0.0,1
545,0.0,0.0,545,0.0,1
545,0.0,0.0,545,0.0,1
545,0.0,0.0,545,0.0,1
545,0.0,0.0,545,0.0,1
279,0.0,0.0,279,0.0,1
545,0.0,0.0,545,0.0,1
545,0.0,0.0,545,0.0,1
545,0.0,0.0,545,0.0,1
545,0.0,0.0,545,0.0,1
545,0.0,0.0,545,0.0,1
545,0.0,0.0,545,0.001834862385321101,1
229,0.0,0.0,229,0.0,1
545,0.0,0.0,545,0.0,1
545,0.0,0.0,545,0.0,1
545,0.0,0.0,545,0.0,1
545,0.0,0.0,545,0.0,1
71,0.0,0.0,71,0.0,1
545,0.0,0.0,545,0.0,1
545,0.0,0.0,545,0.0,1
545,0.0,0.0,545,0.0,1
545,0.0,0.0,545,0.0,1
545,0.0,0.0,545,0.0,1
64,0.0,0.0,64,0.0,1
545,0.0,0.0,545,0.0,1
545,0.0,0.0,545,0.0,1
545,0.0,0.0,545,0.0,1
545,0.0,0.0,545,0.0,1
545,0.0,0.0,545,0.0,1
545,0.0,0.0,545,0.0,1
51,0.0,0.0,51,0.0,1
545,0.0,0.0,545,0.0,1
545,0.0,0.0,545,0.0,1
545,0.0,0.0,545,0.0,1
545,0.0,0.0,545,0.0,1
545,0.0,0.0,545,0.0,1
545,0.0,0.0,545,0.0,1
545,0.0,0.0,545,0.0,1
40,0.0,0.0,40,0.0,1
545,0.0,0.0,545,0.0,1
545,0.0,0.0,545,0.0,1
545,0.0,0.0,545,0.0,1
545,0.0,0.0,545,0.0,1
545,0.0,0.0,545,0.0,1
20,0.0,0.0,20,0.0,1
545,0.0,0.0,545,0.0,1
545,0.0,0.0,545,0.0,1
545,0.0,0.0,545,0.0,1
545,0.0,0.0,545,0.0,1
545,0.0,0.0,545,0.0,1
545,0.0,0.0,545,0.0,1
545,0.0,0.0,545,0.0,1
545,0.0,0.0,545,0.0,1
246,0.0,0.0,246,0.0,1
545,0.0,0.0,545,0.0,1
545,0.0,0.0,545,0.0,1
545,0.0,0.0,545,0.0,1
545,0.0,0.0,545,0.0,1
545,0.0,0.0,545,0.0,1
545,0.0,0.0,545,0.0,1
471,0.0,0.0,471,0.0,1
545,0.0,0.0,545,0.0,1
545,0.0,0.0,545,0.0,1
545,0.0,0.0,545,0.0,1
545,0.0,0.0,545,0.0,1
425,0.0,0.0,425,0.002352941176470588,1
545,0.0,0.0,545,0.0,1
545,0.0,0.0,545,0.0,1
545,0.0,0.0,545,0.0,1
545,0.0,0.0,545,0.0,1
290,0.0,0.0,290,0.0034482758620689655,1
545,0.0,0.0,545,0.0,1
545,0.0,0.0,545,0.0,1
545,0.0,0.0,545,0.0,1
545,0.0,0.0,545,0.0,1
545,0.0,0.0,545,0.0,1
545,0.0,0.0,545,0.0,1
545,0.0,0.0,545,0.0,1
545,0.0,0.0,545,0.0,1
244,0.0,0.0,244,0.0,1
545,0.0,0.0,545,0.0,1
545,0.0,0.0,545,0.0,1
545,0.0,0.0,545,0.0,1
545,0.0,0.0,545,0.0,1
545,0.0,0.0,545,0.0,1
545,0.0,0.0,545,0.0,1
545,0.0,0.0,545,0.0,1
288,0.0,0.0,288,0.003472222222222222,1
545,0.0,0.0,545,0.0,1
545,0.0,0.0,545,0.0,1
545,0.0,0.0,545,0.001834862385321101,1
207,0.0,0.0,207,0.0,1
545,0.0,0.0,545,0.0,1
545,0.0,0.0,545,0.0,1
545,0.0,0.0,545,0.0,1
545,0.0,0.0,545,0.0,1
545,0.0,0.0,545,0.0,1
545,0.0,0.0,545,0.0,1
545,0.0,0.0,545,0.001834862385321101,1
219,0.0,0.0,219,0.0,1
545,0.0,0.0,545,0.0,1
545,0.0,0.0,545,0.0,1
545,0.0,0.0,545,0.0,1
545,0.0,0.0,545,0.0,1
545,0.0,0.0,545,0.001834862385321101,1
545,0.0,0.0,545,0.0,1
545,0.0,0.0,545,0.0,1
369,0.0,0.0,369,0.0,1
545,0.0,0.0,545,0.0,1
545,0.0,0.0,545,0.0,1
545,0.0,0.0,545,0.0,1
545,0.0,0.0,545,0.001834862385321101,1
545,0.0,0.0,545,0.0,1
545,0.0,0.0,545,0.0,1
545,0.0,0.0,545,0.0,1
310,0.0,0.0,310,0.0,1
545,0.0,0.0,545,0.0,1
545,0.0,0.0,545,0.0,1
545,0.0,0.0,545,0.001834862385321101,1
545,0.0,0.0,545,0.0,1
545,0.0,0.0,545,0.0,1
545,0.0,0.0,545,0.0,1
445,0.0,0.0,445,0.0,1
545,0.0,0.0,545,0.0,1
545,0.0,0.0,545,0.001834862385321101,1
545,0.0,0.0,545,0.0,1
545,0.0,0.0,545,0.0,1
545,0.0,0.0,545,0.0,1
545,0.0,0.0,545,0.0,1
545,0.0,0.0,545,0.0,1
182,0.0,0.0,182,0.0,1
545,0.0,0.0,545,0.0,1
545,0.0,0.0,545,0.0,1
545,0.0,0.0,545,0.0,1
545,0.0,0.0,545,0.0,1
545,0.0,0.0,545,0.0,1
545,0.0,0.0,545,0.0,1
545,0.0,0.0,545,0.0,1
155,0.0,0.0,155,0.0,1
545,0.0,0.0,545,0.0,1
545,0.0,0.0,545,0.0,1
545,0.0,0.0,545,0.0,1
545,0.0,0.0,545,0.0,1
545,0.0,0.0,545,0.0,1
545,0.0,0.0,545,0.0,1
55,0.0,0.0,55,0.0,1
545,0.0,0.0,545,0.0,1
545,0.0,0.0,545,0.0,1
545,0.0,0.0,545,0.0,1
545,0.0,0.0,545,0.0,1
348,0.0,0.0,348,0.0,1
545,0.0,0.0,545,0.0,1
545,0.0,0.0,545,0.0,1
545,0.0,0.0,545,0.0,1
545,0.0,0.0,545,0.0,1
545,0.0,0.0,545,0.0,1
17,0.0,0.0,17,0.0,1
545,0.0,0.0,545,0.0,1
545,0.0,0.0,545,0.0,1
545,0.0,0.0,545,0.0,1
545,0.0,0.0,545,0.0,1
545,0.0,0.0,545,0.0,1
271,0.0,0.0,271,0.0,1
545,0.0,0.0,545,0.0,1
545,0.0,0.0,545,0.0,1
545,0.0,0.0,545,0.0,1
545,0.0,0.0,545,0.0,1
545,0.0,0.0,545,0.0,1
64,0.0,0.0,64,0.0,1
545,0.0,0.0,545,0.0,1
545,0.0,0.0,545,0.0,1
545,0.0,0.0,545,0.0,1
545,0.0,0.0,545,0.0,1
545,0.0,0.0,545,0.0,1
545,0.0,0.0,545,0.0,1
165,0.0,0.0,165,0.0,1
545,0.0,0.0,545,0.0,1
545,0.0,0.0,545,0.0,1
545,0.0,0.0,545,0.0,1
545,0.0,0.0,545,0.0,1
545,0.0,0.0,545,0.0,1
545,0.0,0.0,545,0.0,1
545,0.0,0.0,545,0.0,1
243,0.0,0.0,243,0.0,1
545,0.0,0.0,545,0.0,1
545,0.0,0.0,545,0.0,1
545,0.0,0.0,545,0.0,1
545,0.0,0.0,545,0.0,1
545,0.0,0.0,545,0.0,1
545,0.0,0.0,545,0.0,1
545,0.0,0.0,545,0.0,1
545,0.0,0.0,545,0.0,1
279,0.0,0.0,279,0.0,1
545,0.0,0.0,545,0.0,1
545,0.0,0.0,545,0.0,1
545,0.0,0.0,545,0.0,1
545,0.0,0.0,545,0.0,1
545,0.0,0.0,545,0.0,1
545,0.0,0.0,545,0.0,1
545,0.0,0.0,545,0.0,1
545,0.0,0.0,545,0.0,1
545,0.0,0.0,545,0.0,1
255,0.0,0.0,255,0.0,1
545,0.0,0.0,545,0.0,1
545,0.0,0.0,545,0.0,1
545,0.0,0.0,545,0.0,1
545,0.0,0.0,545,0.0,1
545,0.0,0.0,545,0.0,1
545,0.0,0.0,545,0.0,1
545,0.0,0.0,545,0.0,1
545,0.0,0.0,545,0.0,1
545,0.0,0.0,545,0.0,1
545,0.0,0.0,545,0.0,1
193,0.0,0.0,193,0.0,1
545,0.0,0.0,545,0.0,1
545,0.0,0.0,545,0.0,1
545,0.0,0.0,545,0.0,1
545,0.0,0.0,545,0.0,1
545,0.0,0.0,545,0.0,1
545,0.0,0.0,545,0.0,1
545,0.0,0.0,545,0.0,1
545,0.0,0.0,545,0.0,1
386,0.0,0.0,386,0.0,1
545,0.0,0.0,545,0.0,1
545,0.0,0.0,545,0.0,1
545,0.0,0.0,545,0.0,1
545,0.0,0.0,545,0.0,1
545,0.0,0.0,545,0.0,1
545,0.0,0.0,545,0.0,1
545,0.0,0.0,545,0.0,1
545,0.0,0.0,545,0.0,1
339,0.0,0.0,339,0.0,1
545,0.0,0.0,545,0.0,1
545,0.0,0.0,545,0.0,1
545,0.0,0.0,545,0.0,1
545,0.0,0.0,545,0.0,1
545,0.0,0.0,545,0.0,1
545,0.0,0.0,545,0.0,1
545,0.0,0.0,545,0.0,1
451,0.0,0.0,451,0.0022172949002217295,1
545,0.0,0.0,545,0.0,1
545,0.0,0.0,545,0.0,1
545,0.0,0.0,545,0.0,1
545,0.0,0.0,545,0.0,1
545,0.0,0.0,545,0.0,1
545,0.0,0.0,545,0.0,1
545,0.0,0.0,545,0.0,1
6,0.0,0.0,6,0.16666666666666666,1
545,0.0,0.0,545,0.0,1
545,0.0,0.0,545,0.0,1
545,0.0,0.0,545,0.0,1
545,0.0,0.0,545,0.0,1
545,0.0,0.0,545,0.0,1
229,0.0,0.0,229,0.004366812227074236,1
545,0.0,0.0,545,0.0,1
545,0.0,0.0,545,0.0,1
545,0.0,0.0,545,0.0,1
201,0.0,0.0,201,0.004975124378109453,1
545,0.0,0.0,545,0.0,1
545,0.0,0.0,545,0.0,1
218,0.0,0.0,218,0.0045871559633027525,1
545,0.0,0.0,545,0.0,1
408,0.0,0.0,408,0.0024509803921568627,1
43,0.0,0.0,43,0.023255813953488372,1
1,0,0,1,1.0,1
1,0,0,1,1.0,1
1,0,0,1,1.0,1
1,0,0,1,1.0,1
1,0,0,1,1.0,1
1,0,0,1,1.0,1
1,0,0,1,1.0,1
1,0,0,1,1.0,1
1,0,0,1,1.0,1
1,0,0,1,1.0,1
1,0,0,1,1.0,1
1,0,0,1,1.0,1
1,0,0,1,1.0,1
1,0,0,1,1.0,1
1,0,0,1,1.0,1
1,0,0,1,1.0,1
1,0,0,1,1.0,1
1,0,0,1,1.0,1
1,0,0,1,1.0,1
1,0,0,1,1.0,1
9,0.0,0.0,9,0.1111111111111111,1
295,0.0,0.0,295,0.003389830508474576,1
399,0.0,0.0,399,0.002506265664160401,1
499,0.0,0.0,499,0.002004008016032064,1
545,0.0,0.0,545,0.0,1
120,0.0,0.0,120,0.0,1
545,0.0,0.0,545,0.0,1
545,0.0,0.0,545,0.0,1
545,0.0,0.0,545,0.0,1
545,0.0,0.0,545,0.0,1
545,0.0,0.0,545,0.0,1
282,0.0,0.0,282,0.0,1
545,0.0,0.0,545,0.0,1
545,0.0,0.0,545,0.0,1
545,0.0,0.0,545,0.0,1
545,0.0,0.0,545,0.0,1
545,0.0,0.0,545,0.0,1
545,0.0,0.0,545,0.0,1
9,0.0,0.0,9,0.0,1
545,0.0,0.0,545,0.0,1
545,0.0,0.0,545,0.0,1
545,0.0,0.0,545,0.0,1
545,0.0,0.0,545,0.0,1
545,0.0,0.0,545,0.0,1
288,0.0,0.0,288,0.0,1
545,0.0,0.0,545,0.0,1
545,0.0,0.0,545,0.0,1
545,0.0,0.0,545,0.0,1
545,0.0,0.0,545,0.0,1
545,0.0,0.0,545,0.0,1
545,0.0,0.0,545,0.0,1
427,0.0,0.0,427,0.0,1
545,0.0,0.0,545,0.0,1
545,0.0,0.0,545,0.0,1
545,0.0,0.0,545,0.0,1
545,0.0,0.0,545,0.0,1
545,0.0,0.0,545,0.0,1
545,0.0,0.0,545,0.0,1
545,0.0,0.0,545,0.0,1
545,0.0,0.0,545,0.0,1
42,0.0,0.0,42,0.0,1
545,0.0,0.0,545,0.0,1
545,0.0,0.0,545,0.0,1
545,0.0,0.0,545,0.0,1
545,0.0,0.0,545,0.0,1
545,0.0,0.0,545,0.0,1
545,0.0,0.0,545,0.0,1
545,0.0,0.0,545,0.0,1
545,0.0,0.0,545,0.0,1
545,0.0,0.0,545,0.0,1
137,0.0,0.0,137,0.0,1
545,0.0,0.0,545,0.0,1
545,0.0,0.0,545,0.0,1
545,0.0,0.0,545,0.0,1
545,0.0,0.0,545,0.0,1
545,0.0,0.0,545,0.0,1
545,0.0,0.0,545,0.0,1
545,0.0,0.0,545,0.0,1
545,0.0,0.0,545,0.0,1
545,0.0,0.0,545,0.0,1
545,0.0,0.0,545,0.0,1
121,0.0,0.0,121,0.0,1
545,0.0,0.0,545,0.0,1
545,0.0,0.0,545,0.0,1
545,0.0,0.0,545,0.0,1
545,0.0,0.0,545,0.0,1
545,0.0,0.0,545,0.0,1
545,0.0,0.0,545,0.0,1
545,0.0,0.0,545,0.0,1
545,0.0,0.0,545,0.0,1
545,0.0,0.0,545,0.0,1
545,0.0,0.0,545,0.0,1
545,0.0,0.0,545,0.0,1
106,0.0,0.0,106,0.0,1
545,0.0,0.0,545,0.0,1
545,0.0,0.0,545,0.0,1
545,0.0,0.0,545,0.0,1
545,0.0,0.0,545,0.0,1
545,0.0,0.0,545,0.0,1
545,0.0,0.0,545,0.0,1
545,0.0,0.0,545,0.0,1
545,0.0,0.0,545,0.0,1
545,0.0,0.0,545,0.0,1
291,0.0,0.0,291,0.0,1
545,0.0,0.0,545,0.0,1
545,0.0,0.0,545,0.0,1
545,0.0,0.0,545,0.0,1
545,0.0,0.0,545,0.0,1
545,0.0,0.0,545,0.0,1
545,0.0,0.0,545,0.0,1
545,0.0,0.0,545,0.0,1
545,0.0,0.0,545,0.0,1
545,0.0,0.0,545,0.0,1
137,0.0,0.0,137,0.0,1
545,0.0,0.0,545,0.0,1
545,0.0,0.0,545,0.0,1
545,0.0,0.0,545,0.0,1
545,0.0,0.0,545,0.0,1
545,0.0,0.0,545,0.0,1
545,0.0,0.0,545,0.0,1
545,0.0,0.0,545,0.0,1
545,0.0,0.0,545,0.0,1
545,0.0,0.0,545,0.0,1
312,0.0,0.0,312,0.0,1
545,0.0,0.0,545,0.0,1
545,0.0,0.0,545,0.0,1
545,0.0,0.0,545,0.0,1
545,0.0,0.0,545,0.0,1
545,0.0,0.0,545,0.0,1
545,0.0,0.0,545,0.0,1
545,0.0,0.0,545,0.0,1
545,0.0,0.0,545,0.0,1
545,0.0,0.0,545,0.0,1
545,0.0,0.0,545,0.0,1
418,0.0,0.0,418,0.0,1
545,0.0,0.0,545,0.0,1
545,0.0,0.0,545,0.0,1
545,0.0,0.0,545,0.0,1
368,0.0,0.0,368,0.002717391304347826,1
545,0.0,0.0,545,0.0,1
545,0.0,0.0,545,0.0,1
545,0.0,0.0,545,0.0,1
545,0.0,0.0,545,0.0,1
545,0.0,0.0,545,0.0,1
545,0.0,0.0,545,0.0,1
545,0.0,0.0,545,0.0,1
545,0.0,0.0,545,0.0,1
545,0.0,0.0,545,0.0,1
545,0.0,0.0,545,0.0,1
393,0.0,0.0,393,0.0,1
498,0.0,0.0,498,0.0,1
545,0.0,0.0,545,0.0,1
51,0.0,0.0,51,0.0,1
545,0.0,0.0,545,0.0,1
43,0.0,0.0,43,0.0,1
223,0.0,0.0,223,0.0,1
175,0.0,0.0,175,0.0,1
98,0.0,0.0,98,0.0,1
545,0.0,0.0,545,0.0,1
545,0.0,0.0,545,0.0,1
545,0.0,0.0,545,0.0,1
545,0.0,0.0,545,0.0,1
545,0.0,0.0,545,0.0,1
545,0.0,0.0,545,0.0,1
545,0.0,0.0,545,0.0,1
545,0.0,0.0,545,0.0,1
545,0.0,0.0,545,0.0,1
137,0.0,0.0,137,0.0,1
240,300.4789579432588,12620.116233616867,240,0.0,1
545,0.0,0.0,545,0.0,1
545,0.0,0.0,545,0.0,1
545,0.0,0.0,545,0.0,1
545,0.0,0.0,545,0.0,1
545,0.0,0.0,545,0.0,1
545,0.0,0.0,545,0.0,1
545,0.0,0.0,545,0.0,1
545,0.0,0.0,545,0.0,1
545,0.0,0.0,545,0.0,1
386,0.0,0.0,386,0.0,1
545,0.0,0.0,545,0.0,1
545,0.0,0.0,545,0.0,1
545,0.0,0.0,545,0.0,1
545,0.0,0.0,545,0.0,1
545,0.0,0.0,545,0.0,1
545,0.0,0.0,545,0.0,1
545,0.0,0.0,545,0.0,1
545,0.0,0.0,545,0.0,1
545,0.0,0.0,545,0.0,1
545,0.0,0.0,545,0.0,1
545,0.0,0.0,545,0.0,1
193,0.0,0.0,193,0.0,1
1,0,0,1,1.0,1
545,0.0,0.0,545,0.0,1
545,0.0,0.0,545,0.0,1
539,0.0,0.0,539,0.0018552875695732839,1
545,0.0,0.0,545,0.0,1
157,0.0,0.0,157,0.006369426751592357,1
80,0.0,0.0,80,0.0125,1
80,0.0,0.0,80,0.0125,1
72,0.0,0.0,72,0.0,1
5,0.0,0.0,5,0.0,1
545,0.0,0.0,545,0.0,1
53,0.0,0.0,53,0.0,1
545,0.0,0.0,545,0.0,1
545,0.0,0.0,545,0.0,1
545,0.0,0.0,545,0.0,1
545,0.0,0.0,545,0.0,1
545,0.0,0.0,545,0.0,1
545,0.0,0.0,545,0.0,1
545,0.0,0.0,545,0.0,1
53,0.0,0.0,53,0.0,1
545,0.0,0.0,545,0.0,1
545,0.0,0.0,545,0.0,1
544,0.0,0.0,544,0.0,1
53,0.0,0.0,53,0.0,1
53,0.0,0.0,53,0.0,1
53,0.0,0.0,53,0.0,1
50,0.0,0.0,50,0.0,1
75,0.0,0.0,75,0.0,1
25,0.0,0.0,25,0.0,1
25,0.0,0.0,25,0.0,1
545,0.0,0.0,545,0.0,1
545,0.0,0.0,545,0.0,1
545,0.0,0.0,545,0.0,1
545,0.0,0.0,545,0.0,1
545,0.0,0.0,545,0.0,1
545,0.0,0.0,545,0.0,1
545,0.0,0.0,545,0.0,1
545,0.0,0.0,545,0.0,1
545,0.0,0.0,545,0.0,1
39,0.0,0.0,39,0.0,1
1,0,0,1,1.0,1
31,0.0,0.0,31,0.0,1
1,0,0,1,1.0,1
1,0,0,1,1.0,1
1,0,0,1,1.0,1
1,0,0,1,1.0,1
1,0,0,1,1.0,1
56,0.0,0.0,56,0.0,1
545,199.39829211676454,8374.728268904111,545,0.0,1
545,0.0,0.0,545,0.0,1
102,0.0,0.0,102,0.0,1
56,0.0,0.0,56,0.0,1
545,199.39829211676454,8374.728268904111,545,0.0,1
545,0.0,0.0,545,0.0,1
545,0.0,0.0,545,0.0,1
340,0.0,0.0,340,0.0,1
545,199.39829211676454,8374.728268904111,545,0.0,1
545,0.0,0.0,545,0.0,1
545,0.0,0.0,545,0.0,1
545,0.0,0.0,545,0.0,1
545,0.0,0.0,545,0.0,1
7,0.0,0.0,7,0.0,1
545,199.39829211676454,8374.728268904111,545,0.0,1
545,0.0,0.0,545,0.0,1
545,0.0,0.0,545,0.0,1
545,0.0,0.0,545,0.0,1
545,0.0,0.0,545,0.0,1
487,0.0,0.0,487,0.0,1
545,199.39829211676454,8374.728268904111,545,0.0,1
545,0.0,0.0,545,0.0,1
545,0.0,0.0,545,0.0,1
545,0.0,0.0,545,0.0,1
545,0.0,0.0,545,0.0,1
545,0.0,0.0,545,0.0,1
125,0.0,0.0,125,0.0,1
545,0.0,0.0,545,0.0,1
545,0.0,0.0,545,0.0,1
545,0.0,0.0,545,0.0,1
545,0.0,0.0,545,0.0,1
545,0.0,0.0,545,0.0,1
545,0.0,0.0,545,0.0,1
545,0.0,0.0,545,0.0,1
545,0.0,0.0,545,0.0,1
545,0.0,0.0,545,0.0,1
545,0.0,0.0,545,0.0,1
545,0.0,0.0,545,0.0,1
545,0.0,0.0,545,0.0,1
545,0.0,0.0,545,0.0,1
297,0.0,0.0,297,0.0,1
545,0.0,0.0,545,0.0,1
545,0.0,0.0,545,0.0,1
545,0.0,0.0,545,0.0,1
545,0.0,0.0,545,0.0,1
545,0.0,0.0,545,0.0,1
545,0.0,0.0,545,0.0,1
281,0.0,0.0,281,0.0,1
545,0.0,0.0,545,0.0,1
545,0.0,0.0,545,0.0,1
545,0.0,0.0,545,0.0,1
545,0.0,0.0,545,0.0,1
545,0.0,0.0,545,0.0,1
545,0.0,0.0,545,0.0,1
320,0.0,0.0,320,0.0,1
545,0.0,0.0,545,0.0,1
545,0.0,0.0,545,0.0,1
545,0.0,0.0,545,0.0,1
545,0.0,0.0,545,0.0,1
545,0.0,0.0,545,0.0,1
545,0.0,0.0,545,0.0,1
233,0.0,0.0,233,0.0,1
545,0.0,0.0,545,0.0,1
545,0.0,0.0,545,0.0,1
545,0.0,0.0,545,0.0,1
545,0.0,0.0,545,0.0,1
545,0.0,0.0,545,0.0,1
545,0.0,0.0,545,0.0,1
545,0.0,0.0,545,0.0,1
510,0.0,0.0,510,0.0,1
545,0.0,0.0,545,0.0,1
545,0.0,0.0,545,0.0,1
545,0.0,0.0,545,0.0,1
545,0.0,0.0,545,0.0,1
545,0.0,0.0,545,0.0,1
545,0.0,0.0,545,0.0,1
545,0.0,0.0,545,0.0,1
545,0.0,0.0,545,0.0,1
545,0.0,0.0,545,0.0,1
189,0.0,0.0,189,0.0,1
545,0.0,0.0,545,0.0,1
545,0.0,0.0,545,0.0,1
545,0.0,0.0,545,0.0,1
545,0.0,0.0,545,0.0,1
545,0.0,0.0,545,0.0,1
545,0.0,0.0,545,0.0,1
545,0.0,0.0,545,0.0,1
545,0.0,0.0,545,0.0,1
545,0.0,0.0,545,0.0,1
447,0.0,0.0,447,0.0,1
545,0.0,0.0,545,0.0,1
545,0.0,0.0,545,0.0,1
545,0.0,0.0,545,0.0,1
545,0.0,0.0,545,0.0,1
545,0.0,0.0,545,0.0,1
545,0.0,0.0,545,0.0,1
545,0.0,0.0,545,0.0,1
545,0.0,0.0,545,0.0,1
545,0.0,0.0,545,0.0,1
484,0.0,0.0,484,0.0,1
545,0.0,0.0,545,0.0,1
545,0.0,0.0,545,0.0,1
545,0.0,0.0,545,0.0,1
545,0.0,0.0,545,0.0,1
545,0.0,0.0,545,0.0,1
545,0.0,0.0,545,0.0,1
545,0.0,0.0,545,0.0,1
545,0.0,0.0,545,0.0,1
545,0.0,0.0,545,0.0,1
545,0.0,0.0,545,0.0,1
126,0.0,0.0,126,0.0,1
545,0.0,0.0,545,0.0,1
545,0.0,0.0,545,0.0,1
545,0.0,0.0,545,0.0,1
545,0.0,0.0,545,0.0,1
545,0.0,0.0,545,0.0,1
545,0.0,0.0,545,0.0,1
545,0.0,0.0,545,0.0,1
545,0.0,0.0,545,0.0,1
545,0.0,0.0,545,0.0,1
545,0.0,0.0,545,0.0,1
405,0.0,0.0,405,0.0,1
545,0.0,0.0,545,0.0,1
545,0.0,0.0,545,0.0,1
545,0.0,0.0,545,0.0,1
545,0.0,0.0,545,0.0,1
545,0.0,0.0,545,0.0,1
545,0.0,0.0,545,0.0,1
545,0.0,0.0,545,0.0,1
545,0.0,0.0,545,0.0,1
545,0.0,0.0,545,0.0,1
545,0.0,0.0,545,0.0,1
533,0.0,0.0,533,0.0,1
545,0.0,0.0,545,0.0,1
431,0.0,0.0,431,0.0,1
545,0.0,0.0,545,0.0,1
545,0.0,0.0,545,0.0,1
545,0.0,0.0,545,0.0,1
131,0.0,0.0,131,0.0,1
545,0.0,0.0,545,0.0,1
545,0.0,0.0,545,0.0,1
545,0.0,0.0,545,0.0,1
545,0.0,0.0,545,0.0,1
436,0.0,0.0,436,0.0,1
31,0.0,0.0,31,0.0,1
98,0.0,0.0,98,0.0,1
545,0.0,0.0,545,0.0,1
545,0.0,0.0,545,0.0,1
545,0.0,0.0,545,0.0,1
545,0.0,0.0,545,0.0,1
545,0.0,0.0,545,0.0,1
545,0.0,0.0,545,0.0,1
10,0.0,0.0,10,0.0,1
545,0.0,0.0,545,0.0,1
545,0.0,0.0,545,0.0,1
545,0.0,0.0,545,0.0,1
545,0.0,0.0,545,0.0,1
545,0.0,0.0,545,0.0,1
545,0.0,0.0,545,0.0,1
545,0.0,0.0,545,0.0,1
48,0.0,0.0,48,0.0,1
545,0.0,0.0,545,0.0,1
545,0.0,0.0,545,0.0,1
545,0.0,0.0,545,0.0,1
545,0.0,0.0,545,0.0,1
545,0.0,0.0,545,0.0,1
545,0.0,0.0,545,0.0,1
545,0.0,0.0,545,0.0,1
545,0.0,0.0,545,0.0,1
354,0.0,0.0,354,0.0,1
545,0.0,0.0,545,0.0,1
545,0.0,0.0,545,0.0,1
545,0.0,0.0,545,0.0,1
545,0.0,0.0,545,0.0,1
545,0.0,0.0,545,0.0,1
545,0.0,0.0,545,0.0,1
545,0.0,0.0,545,0.0,1
545,0.0,0.0,545,0.0,1
545,0.0,0.0,545,0.0,1
545,0.0,0.0,545,0.0,1
214,0.0,0.0,214,0.0,1
545,0.0,0.0,545,0.0,1
545,0.0,0.0,545,0.0,1
545,0.0,0.0,545,0.0,1
545,0.0,0.0,545,0.0,1
545,0.0,0.0,545,0.0,1
545,0.0,0.0,545,0.0,1
545,0.0,0.0,545,0.0,1
545,0.0,0.0,545,0.0,1
545,0.0,0.0,545,0.0,1
545,0.0,0.0,545,0.0,1
545,0.0,0.0,545,0.0,1
519,0.0,0.0,519,0.0,1
545,0.0,0.0,545,0.0,1
545,0.0,0.0,545,0.0,1
545,0.0,0.0,545,0.0,1
545,0.0,0.0,545,0.0,1
545,0.0,0.0,545,0.0,1
545,0.0,0.0,545,0.0,1
545,0.0,0.0,545,0.0,1
545,0.0,0.0,545,0.0,1
545,0.0,0.0,545,0.0,1
545,0.0,0.0,545,0.0,1
545,0.0,0.0,545,0.0,1
545,0.0,0.0,545,0.0,1
545,0.0,0.0,545,0.0,1
173,0.0,0.0,173,0.0,1
545,0.0,0.0,545,0.0,1
545,0.0,0.0,545,0.0,1
545,0.0,0.0,545,0.0,1
545,0.0,0.0,545,0.0,1
545,0.0,0.0,545,0.0,1
545,0.0,0.0,545,0.0,1
545,0.0,0.0,545,0.0,1
545,0.0,0.0,545,0.0,1
545,0.0,0.0,545,0.0,1
545,0.0,0.0,545,0.0,1
545,0.0,0.0,545,0.0,1
545,0.0,0.0,545,0.0,1
545,0.0,0.0,545,0.0,1
545,0.0,0.0,545,0.0,1
545,0.0,0.0,545,0.0,1
92,0.0,0.0,92,0.0,1
545,0.0,0.0,545,0.0,1
545,0.0,0.0,545,0.0,1
545,0.0,0.0,545,0.0,1
545,0.0,0.0,545,0.0,1
545,0.0,0.0,545,0.0,1
545,0.0,0.0,545,0.0,1
545,0.0,0.0,545,0.0,1
545,0.0,0.0,545,0.0,1
545,0.0,0.0,545,0.0,1
545,0.0,0.0,545,0.0,1
545,0.0,0.0,545,0.0,1
545,0.0,0.0,545,0.0,1
545,0.0,0.0,545,0.0,1
545,0.0,0.0,545,0.0,1
545,0.0,0.0,545,0.0,1
545,0.0,0.0,545,0.0,1
545,0.0,0.0,545,0.0,1
199,0.0,0.0,199,0.0,1
545,0.0,0.0,545,0.0,1
545,0.0,0.0,545,0.0,1
545,0.0,0.0,545,0.0,1
545,0.0,0.0,545,0.0,1
545,0.0,0.0,545,0.0,1
545,0.0,0.0,545,0.0,1
545,0.0,0.0,545,0.0,1
545,0.0,0.0,545,0.0,1
545,0.0,0.0,545,0.0,1
545,0.0,0.0,545,0.0,1
545,0.0,0.0,545,0.0,1
545,0.0,0.0,545,0.0,1
545,0.0,0.0,545,0.0,1
545,0.0,0.0,545,0.0,1
545,0.0,0.0,545,0.0,1
545,0.0,0.0,545,0.0,1
545,0.0,0.0,545,0.0,1
545,0.0,0.0,545,0.0,1
545,0.0,0.0,545,0.0,1
14,0.0,0.0,14,0.0,1
545,0.0,0.0,545,0.0,1
545,0.0,0.0,545,0.0,1
545,0.0,0.0,545,0.0,1
545,0.0,0.0,545,0.0,1
545,0.0,0.0,545,0.0,1
545,0.0,0.0,545,0.0,1
545,0.0,0.0,545,0.0,1
545,0.0,0.0,545,0.0,1
545,0.0,0.0,545,0.0,1
545,0.0,0.0,545,0.0,1
545,0.0,0.0,545,0.0,1
545,0.0,0.0,545,0.0,1
545,0.0,0.0,545,0.0,1
545,0.0,0.0,545,0.0,1
545,0.0,0.0,545,0.0,1
545,0.0,0.0,545,0.0,1
545,0.0,0.0,545,0.0,1
545,0.0,0.0,545,0.0,1
545,0.0,0.0,545,0.0,1
545,0.0,0.0,545,0.0,1
545,0.0,0.0,545,0.0,1
11,0.0,0.0,11,0.0,1
545,0.0,0.0,545,0.0,1
545,0.0,0.0,545,0.0,1
545,0.0,0.0,545,0.0,1
545,0.0,0.0,545,0.0,1
545,0.0,0.0,545,0.0,1
545,0.0,0.0,545,0.0,1
545,0.0,0.0,545,0.0,1
545,0.0,0.0,545,0.0,1
545,0.0,0.0,545,0.0,1
545,0.0,0.0,545,0.0,1
545,0.0,0.0,545,0.0,1
545,0.0,0.0,545,0.0,1
545,0.0,0.0,545,0.0,1
545,0.0,0.0,545,0.0,1
545,0.0,0.0,545,0.0,1
545,0.0,0.0,545,0.0,1
545,0.0,0.0,545,0.0,1
545,0.0,0.0,545,0.0,1
545,0.0,0.0,545,0.0,1
545,0.0,0.0,545,0.0,1
545,0.0,0.0,545,0.0,1
545,0.0,0.0,545,0.0,1
377,0.0,0.0,377,0.0,1
545,0.0,0.0,545,0.0,1
545,0.0,0.0,545,0.0,1
545,0.0,0.0,545,0.0,1
545,0.0,0.0,545,0.0,1
545,0.0,0.0,545,0.0,1
545,0.0,0.0,545,0.0,1
545,0.0,0.0,545,0.0,1
545,0.0,0.0,545,0.0,1
545,0.0,0.0,545,0.0,1
545,0.0,0.0,545,0.0,1
545,0.0,0.0,545,0.0,1
545,0.0,0.0,545,0.0,1
545,0.0,0.0,545,0.0,1
545,0.0,0.0,545,0.0,1
545,0.0,0.0,545,0.0,1
545,0.0,0.0,545,0.0,1
545,0.0,0.0,545,0.0,1
545,0.0,0.0,545,0.0,1
545,0.0,0.0,545,0.0,1
545,0.0,0.0,545,0.0,1
545,0.0,0.0,545,0.0,1
545,0.0,0.0,545,0.0,1
377,0.0,0.0,377,0.0,1
545,0.0,0.0,545,0.0,1
545,0.0,0.0,545,0.0,1
545,0.0,0.0,545,0.0,1
545,0.0,0.0,545,0.0,1
545,0.0,0.0,545,0.0,1
545,0.0,0.0,545,0.0,1
545,0.0,0.0,545,0.0,1
545,0.0,0.0,545,0.0,1
545,0.0,0.0,545,0.0,1
545,0.0,0.0,545,0.0,1
545,0.0,0.0,545,0.0,1
545,0.0,0.0,545,0.0,1
545,0.0,0.0,545,0.0,1
545,0.0,0.0,545,0.0,1
545,0.0,0.0,545,0.0,1
545,0.0,0.0,545,0.0,1
545,0.0,0.0,545,0.0,1
545,0.0,0.0,545,0.0,1
545,0.0,0.0,545,0.0,1
545,0.0,0.0,545,0.0,1
491,0.0,0.0,491,0.0,1
545,0.0,0.0,545,0.0,1
545,0.0,0.0,545,0.0,1
545,0.0,0.0,545,0.0,1
545,0.0,0.0,545,0.0,1
545,0.0,0.0,545,0.0,1
545,0.0,0.0,545,0.0,1
545,0.0,0.0,545,0.0,1
545,0.0,0.0,545,0.0,1
545,0.0,0.0,545,0.0,1
545,0.0,0.0,545,0.0,1
545,0.0,0.0,545,0.0,1
545,0.0,0.0,545,0.0,1
545,0.0,0.0,545,0.0,1
545,0.0,0.0,545,0.0,1
545,0.0,0.0,545,0.0,1
545,0.0,0.0,545,0.0,1
545,0.0,0.0,545,0.0,1
545,0.0,0.0,545,0.0,1
545,0.0,0.0,545,0.0,1
246,0.0,0.0,246,0.0,1
545,0.0,0.0,545,0.0,1
545,0.0,0.0,545,0.0,1
545,0.0,0.0,545,0.0,1
545,0.0,0.0,545,0.0,1
545,0.0,0.0,545,0.0,1
545,0.0,0.0,545,0.0,1
545,0.0,0.0,545,0.0,1
545,0.0,0.0,545,0.0,1
545,0.0,0.0,545,0.0,1
545,0.0,0.0,545,0.0,1
545,0.0,0.0,545,0.0,1
545,0.0,0.0,545,0.0,1
545,0.0,0.0,545,0.0,1
545,0.0,0.0,545,0.0,1
545,0.0,0.0,545,0.0,1
545,0.0,0.0,545,0.0,1
545,0.0,0.0,545,0.0,1
545,0.0,0.0,545,0.0,1
545,0.0,0.0,545,0.0,1
246,0.0,0.0,246,0.0,1
545,0.0,0.0,545,0.0,1
545,0.0,0.0,545,0.0,1
545,0.0,0.0,545,0.0,1
545,0.0,0.0,545,0.0,1
545,0.0,0.0,545,0.0,1
545,0.0,0.0,545,0.0,1
545,0.0,0.0,545,0.0,1
545,0.0,0.0,545,0.0,1
37,0.0,0.0,37,0.0,1
545,0.0,0.0,545,0.0,1
545,0.0,0.0,545,0.0,1
545,0.0,0.0,545,0.0,1
545,0.0,0.0,545,0.0,1
545,0.0,0.0,545,0.0,1
545,0.0,0.0,545,0.0,1
545,0.0,0.0,545,0.0,1
545,0.0,0.0,545,0.0,1
545,0.0,0.0,545,0.0,1
545,0.0,0.0,545,0.0,1
545,0.0,0.0,545,0.0,1
246,0.0,0.0,246,0.0,1
201,0.0,0.0,201,0.0,1
545,0.0,0.0,545,0.0,1
545,0.0,0.0,545,0.0,1
92,0.0,0.0,92,0.0,1
545,0.0,0.0,545,0.0,1
545,0.0,0.0,545,0.0,1
545,0.0,0.0,545,0.0,1
492,0.0,0.0,492,0.0,1
545,0.0,0.0,545,0.0,1
545,0.0,0.0,545,0.0,1
545,0.0,0.0,545,0.0,1
545,0.0,0.0,545,0.0,1
545,0.0,0.0,545,0.0,1
376,0.0,0.0,376,0.0,1
545,0.0,0.0,545,0.0,1
545,0.0,0.0,545,0.0,1
545,0.0,0.0,545,0.0,1
545,0.0,0.0,545,0.0,1
545,0.0,0.0,545,0.0,1
545,0.0,0.0,545,0.0,1
545,0.0,0.0,545,0.0,1
92,0.0,0.0,92,0.0,1
545,0.0,0.0,545,0.0,1
545,0.0,0.0,545,0.0,1
545,0.0,0.0,545,0.0,1
545,0.0,0.0,545,0.0,1
545,0.0,0.0,545,0.0,1
545,0.0,0.0,545,0.0,1
545,0.0,0.0,545,0.0,1
545,0.0,0.0,545,0.0,1
545,0.0,0.0,545,0.0,1
213,0.0,0.0,213,0.0,1
545,0.0,0.0,545,0.0,1
545,0.0,0.0,545,0.0,1
545,0.0,0.0,545,0.0,1
545,0.0,0.0,545,0.0,1
545,0.0,0.0,545,0.0,1
545,0.0,0.0,545,0.0,1
545,0.0,0.0,545,0.0,1
545,0.0,0.0,545,0.0,1
545,0.0,0.0,545,0.0,1
545,0.0,0.0,545,0.0,1
32,0.0,0.0,32,0.03125,1
545,0.0,0.0,545,0.0,1
545,0.0,0.0,545,0.0,1
545,0.0,0.0,545,0.0,1
545,0.0,0.0,545,0.0,1
545,0.0,0.0,545,0.0,1
545,0.0,0.0,545,0.0,1
545,0.0,0.0,545,0.0,1
545,0.0,0.0,545,0.0,1
217,0.0,0.0,217,0.004608294930875576,1
545,0.0,0.0,545,0.0,1
545,0.0,0.0,545,0.0,1
545,0.0,0.0,545,0.0,1
545,0.0,0.0,545,0.0,1
545,0.0,0.0,545,0.0,1
545,0.0,0.0,545,0.0,1
260,0.0,0.0,260,0.0038461538461538464,1
545,0.0,0.0,545,0.0,1
545,0.0,0.0,545,0.0,1
545,0.0,0.0,545,0.0,1
545,0.0,0.0,545,0.0,1
545,0.0,0.0,545,0.0,1
294,0.0,0.0,294,0.003401360544217687,1
545,0.0,0.0,545,0.0,1
545,0.0,0.0,545,0.0,1
545,0.0,0.0,545,0.0,1
545,0.0,0.0,545,0.0,1
545,0.0,0.0,545,0.0,1
131,0.0,0.0,131,0.007633587786259542,1
545,0.0,0.0,545,0.0,1
545,0.0,0.0,545,0.0,1
545,0.0,0.0,545,0.0,1
545,0.0,0.0,545,0.0,1
545,0.0,0.0,545,0.0,1
545,0.0,0.0,545,0.0,1
545,0.0,0.0,545,0.0,1
274,0.0,0.0,274,0.0,1
545,0.0,0.0,545,0.0,1
545,0.0,0.0,545,0.0,1
545,0.0,0.0,545,0.0,1
545,0.0,0.0,545,0.0,1
545,0.0,0.0,545,0.0,1
545,0.0,0.0,545,0.0,1
545,0.0,0.0,545,0.0,1
545,0.0,0.0,545,0.0,1
545,0.0,0.0,545,0.0,1
545,0.0,0.0,545,0.0,1
545,0.0,0.0,545,0.0,1
545,0.0,0.0,545,0.0,1
545,0.0,0.0,545,0.0,1
545,0.0,0.0,545,0.0,1
545,0.0,0.0,545,0.0,1
545,0.0,0.0,545,0.0,1
545,0.0,0.0,545,0.0,1
486,0.0,0.0,486,0.0,1
37,0.0,0.0,37,0.0,1
545,0.0,0.0,545,0.0,1
545,0.0,0.0,545,0.0,1
545,0.0,0.0,545,0.0,1
545,0.0,0.0,545,0.0,1
545,0.0,0.0,545,0.0,1
545,0.0,0.0,545,0.0,1
545,0.0,0.0,545,0.0,1
194,0.0,0.0,194,0.0,1
37,0.0,0.0,37,0.0,1
7,0.0,0.0,7,0.0,1
545,0.0,0.0,545,0.0,1
545,0.0,0.0,545,0.0,1
545,0.0,0.0,545,0.0,1
545,0.0,0.0,545,0.0,1
545,0.0,0.0,545,0.0,1
545,0.0,0.0,545,0.0,1
545,0.0,0.0,545,0.0,1
545,0.0,0.0,545,0.0,1
545,0.0,0.0,545,0.0,1
143,0.0,0.0,143,0.0,1
545,0.0,0.0,545,0.0,1
545,0.0,0.0,545,0.0,1
545,0.0,0.0,545,0.0,1
545,0.0,0.0,545,0.0,1
545,0.0,0.0,545,0.0,1
545,0.0,0.0,545,0.0,1
545,0.0,0.0,545,0.0,1
545,0.0,0.0,545,0.0,1
545,0.0,0.0,545,0.0,1
545,0.0,0.0,545,0.0,1
335,0.0,0.0,335,0.0,1
9,0.0,0.0,9,0.1111111111111111,1
1,0,0,1,1.0,1
545,0.0,0.0,545,0.001834862385321101,1
545,0.0,0.0,545,0.0,1
545,12.079699132788615,507.3473635771218,545,0.001834862385321101,1
354,0.12926360493265804,5.429071407171638,354,0.0,1
545,0.0,0.0,545,0.001834862385321101,1
545,0.0,0.0,545,0.0,1
545,23.902049285882576,1003.8860700070683,545,0.001834862385321101,1
418,0.10884384109699428,4.57144132607376,418,0.0,1
545,0.0,0.0,545,0.001834862385321101,1
545,0.0,0.0,545,0.0,1
545,23.902049285882576,1003.8860700070683,545,0.001834862385321101,1
418,0.10884384109699428,4.57144132607376,418,0.0,1
545,23.90184396443425,1003.8774465062385,545,0.001834862385321101,1
108,0.0,0.0,108,0.0,1
545,23.90184396443425,1003.8774465062385,545,0.001834862385321101,1
108,0.0,0.0,108,0.0,1
545,23.90184396443425,1003.8774465062385,545,0.001834862385321101,1
108,0.0,0.0,108,0.0,1
545,23.90184396443425,1003.8774465062385,545,0.001834862385321101,1
108,0.0,0.0,108,0.0,1
9,0.0,0.0,9,0.1111111111111111,1
30,101.8763956959609,4278.808619230357,30,0.03333333333333333,1
545,0.0,0.0,545,0.0,1
545,0.0,0.0,545,0.0,1
545,0.0,0.0,545,0.0,1
545,0.0,0.0,545,0.0,1
545,0.0,0.0,545,0.0,1
545,0.0,0.0,545,0.0,1
84,0.0,0.0,84,0.0,1
545,0.0,0.0,545,0.0,1
545,0.0,0.0,545,0.0,1
545,0.0,0.0,545,0.0,1
545,0.0,0.0,545,0.0,1
545,0.0,0.0,545,0.0,1
161,0.0,0.0,161,0.0,1
545,0.0,0.0,545,0.0,1
545,0.0,0.0,545,0.0,1
545,0.0,0.0,545,0.0,1
254,0.0,0.0,254,0.0,1
545,0.0,0.0,545,0.0,1
375,0.0,0.0,375,0.0,1
1,0,0,1,1.0,1
1,0,0,1,1.0,1
545,0.0,0.0,545,0.0,1
545,0.0,0.0,545,0.0,1
545,0.0,0.0,545,0.0,1
545,0.0,0.0,545,0.0,1
545,0.0,0.0,545,0.0,1
28,0.0,0.0,28,0.0,1
1,0,0,1,1.0,1
545,0.0,0.0,545,0.0,1
545,0.0,0.0,545,0.0,1
545,0.0,0.0,545,0.0,1
329,0.0,0.0,329,0.0,1
1,0,0,1,1.0,1
545,0.0,0.0,545,0.0,1
545,0.0,0.0,545,0.0,1
545,0.0,0.0,545,0.0,1
545,0.0,0.0,545,0.0,1
545,0.0,0.0,545,0.0,1
545,0.0,0.0,545,0.0,1
545,0.0,0.0,545,0.0,1
545,0.0,0.0,545,0.0,1
545,0.0,0.0,545,0.0,1
545,0.0,0.0,545,0.0,1
528,0.0,0.0,528,0.0,1
545,0.0,0.0,545,0.0,1
545,0.0,0.0,545,0.0,1
545,0.0,0.0,545,0.0,1
545,0.0,0.0,545,0.0,1
545,0.0,0.0,545,0.0,1
545,0.0,0.0,545,0.0,1
545,0.0,0.0,545,0.0,1
545,0.0,0.0,545,0.0,1
545,0.0,0.0,545,0.0,1
545,0.0,0.0,545,0.0,1
482,0.0,0.0,482,0.0,1
545,0.0,0.0,545,0.0,1
545,0.0,0.0,545,0.0,1
545,0.0,0.0,545,0.0,1
545,0.0,0.0,545,0.0,1
545,0.0,0.0,545,0.0,1
545,0.0,0.0,545,0.0,1
545,0.0,0.0,545,0.0,1
545,0.0,0.0,545,0.0,1
545,0.0,0.0,545,0.0,1
545,0.0,0.0,545,0.0,1
258,0.0,0.0,258,0.0,1
545,0.0,0.0,545,0.0,1
545,0.0,0.0,545,0.0,1
545,0.0,0.0,545,0.0,1
545,0.0,0.0,545,0.0,1
545,0.0,0.0,545,0.0,1
545,0.0,0.0,545,0.0,1
545,0.0,0.0,545,0.0,1
545,0.0,0.0,545,0.0,1
545,0.0,0.0,545,0.0,1
545,0.0,0.0,545,0.0,1
134,0.0,0.0,134,0.0,1
545,0.0,0.0,545,0.0,1
545,0.0,0.0,545,0.0,1
545,0.0,0.0,545,0.0,1
545,0.0,0.0,545,0.0,1
545,0.0,0.0,545,0.0,1
545,0.0,0.0,545,0.0,1
545,0.0,0.0,545,0.0,1
545,0.0,0.0,545,0.0,1
545,0.0,0.0,545,0.0,1
529,0.0,0.0,529,0.0,1
545,0.0,0.0,545,0.0,1
545,0.0,0.0,545,0.0,1
545,0.0,0.0,545,0.0,1
545,0.0,0.0,545,0.0,1
545,0.0,0.0,545,0.0,1
545,0.0,0.0,545,0.0,1
545,0.0,0.0,545,0.0,1
545,0.0,0.0,545,0.0,1
545,0.0,0.0,545,0.0,1
218,0.0,0.0,218,0.0,1
545,0.0,0.0,545,0.0,1
545,0.0,0.0,545,0.0,1
545,0.0,0.0,545,0.0,1
545,0.0,0.0,545,0.0,1
545,0.0,0.0,545,0.0,1
545,0.0,0.0,545,0.0,1
545,0.0,0.0,545,0.0,1
545,0.0,0.0,545,0.0,1
545,0.0,0.0,545,0.0,1
144,0.0,0.0,144,0.0,1
545,0.0,0.0,545,0.0,1
545,0.0,0.0,545,0.0,1
545,0.0,0.0,545,0.0,1
545,0.0,0.0,545,0.0,1
545,0.0,0.0,545,0.0,1
545,0.0,0.0,545,0.0,1
545,0.0,0.0,545,0.0,1
545,0.0,0.0,545,0.0,1
545,0.0,0.0,545,0.0,1
219,0.0,0.0,219,0.0,1
545,0.0,0.0,545,0.0,1
545,0.0,0.0,545,0.0,1
545,0.0,0.0,545,0.0,1
545,0.0,0.0,545,0.0,1
545,0.0,0.0,545,0.0,1
545,0.0,0.0,545,0.0,1
545,0.0,0.0,545,0.0,1
545,0.0,0.0,545,0.0,1
545,0.0,0.0,545,0.0,1
440,0.0,0.0,440,0.0,1
545,0.0,0.0,545,0.0,1
545,0.0,0.0,545,0.0,1
545,0.0,0.0,545,0.0,1
545,0.0,0.0,545,0.0,1
545,0.0,0.0,545,0.0,1
545,0.0,0.0,545,0.0,1
545,0.0,0.0,545,0.0,1
545,0.0,0.0,545,0.0,1
545,0.0,0.0,545,0.0,1
330,0.0,0.0,330,0.0,1
545,0.0,0.0,545,0.0,1
545,0.0,0.0,545,0.0,1
545,0.0,0.0,545,0.0,1
545,0.0,0.0,545,0.0,1
545,0.0,0.0,545,0.0,1
545,0.0,0.0,545,0.0,1
545,0.0,0.0,545,0.0,1
545,0.0,0.0,545,0.0,1
545,0.0,0.0,545,0.0,1
337,0.0,0.0,337,0.0,1
545,0.0,0.0,545,0.0,1
545,0.0,0.0,545,0.0,1
545,0.0,0.0,545,0.0,1
545,0.0,0.0,545,0.0,1
545,0.0,0.0,545,0.0,1
545,0.0,0.0,545,0.0,1
545,0.0,0.0,545,0.0,1
545,0.0,0.0,545,0.0,1
545,0.0,0.0,545,0.0,1
545,0.0,0.0,545,0.0,1
545,0.0,0.0,545,0.0,1
14,0.0,0.0,14,0.0,1
545,0.0,0.0,545,0.0,1
545,0.0,0.0,545,0.0,1
545,0.0,0.0,545,0.0,1
545,0.0,0.0,545,0.0,1
545,0.0,0.0,545,0.0,1
545,0.0,0.0,545,0.0,1
545,0.0,0.0,545,0.0,1
545,0.0,0.0,545,0.0,1
545,0.0,0.0,545,0.0,1
545,0.0,0.0,545,0.0,1
545,0.0,0.0,545,0.0,1
262,0.0,0.0,262,0.0,1
545,0.0,0.0,545,0.0,1
545,0.0,0.0,545,0.0,1
545,0.0,0.0,545,0.0,1
545,0.0,0.0,545,0.0,1
545,0.0,0.0,545,0.0,1
545,0.0,0.0,545,0.0,1
545,0.0,0.0,545,0.0,1
545,0.0,0.0,545,0.0,1
545,0.0,0.0,545,0.0,1
545,0.0,0.0,545,0.0,1
545,0.0,0.0,545,0.0,1
541,0.0,0.0,541,0.0,1
545,0.0,0.0,545,0.0,1
545,0.0,0.0,545,0.0,1
545,0.0,0.0,545,0.0,1
545,0.0,0.0,545,0.0,1
545,0.0,0.0,545,0.0,1
545,0.0,0.0,545,0.0,1
545,0.0,0.0,545,0.0,1
545,0.0,0.0,545,0.0,1
545,0.0,0.0,545,0.0,1
545,0.0,0.0,545,0.0,1
545,0.0,0.0,545,0.0,1
545,0.0,0.0,545,0.0,1
316,0.0,0.0,316,0.0,1
545,0.0,0.0,545,0.0,1
545,0.0,0.0,545,0.0,1
545,0.0,0.0,545,0.0,1
545,0.0,0.0,545,0.0,1
545,0.0,0.0,545,0.0,1
545,0.0,0.0,545,0.0,1
545,0.0,0.0,545,0.0,1
545,0.0,0.0,545,0.0,1
545,0.0,0.0,545,0.0,1
545,0.0,0.0,545,0.0,1
545,0.0,0.0,545,0.0,1
545,0.0,0.0,545,0.0,1
445,0.0,0.0,445,0.0,1
545,0.0,0.0,545,0.0,1
545,0.0,0.0,545,0.0,1
545,0.0,0.0,545,0.0,1
545,0.0,0.0,545,0.0,1
545,0.0,0.0,545,0.0,1
545,0.0,0.0,545,0.0,1
545,0.0,0.0,545,0.0,1
545,0.0,0.0,545,0.0,1
545,0.0,0.0,545,0.0,1
545,0.0,0.0,545,0.0,1
545,0.0,0.0,545,0.0,1
545,0.0,0.0,545,0.0,1
470,0.0,0.0,470,0.0,1
545,0.0,0.0,545,0.0,1
545,0.0,0.0,545,0.0,1
545,0.0,0.0,545,0.0,1
545,0.0,0.0,545,0.0,1
545,0.0,0.0,545,0.0,1
545,0.0,0.0,545,0.0,1
545,0.0,0.0,545,0.0,1
545,0.0,0.0,545,0.0,1
545,0.0,0.0,545,0.0,1
545,0.0,0.0,545,0.0,1
527,0.0,0.0,527,0.0,1
545,0.0,0.0,545,0.0,1
545,0.0,0.0,545,0.0,1
545,0.0,0.0,545,0.0,1
545,0.0,0.0,545,0.0,1
545,0.0,0.0,545,0.0,1
545,0.0,0.0,545,0.0,1
545,0.0,0.0,545,0.0,1
545,0.0,0.0,545,0.0,1
219,0.0,0.0,219,0.0,1
545,0.0,0.0,545,0.0,1
545,0.0,0.0,545,0.0,1
545,0.0,0.0,545,0.0,1
545,0.0,0.0,545,0.0,1
545,0.0,0.0,545,0.0,1
545,0.0,0.0,545,0.0,1
177,0.0,0.0,177,0.0,1
545,0.0,0.0,545,0.0,1
545,0.0,0.0,545,0.0,1
545,0.0,0.0,545,0.0,1
545,0.0,0.0,545,0.0,1
545,0.0,0.0,545,0.0,1
329,0.0,0.0,329,0.0,1
545,0.0,0.0,545,0.0,1
545,0.0,0.0,545,0.0,1
545,0.0,0.0,545,0.0,1
545,0.0,0.0,545,0.0,1
274,0.0,0.0,274,0.0,1
545,0.0,0.0,545,0.0,1
545,0.0,0.0,545,0.0,1
545,0.0,0.0,545,0.0,1
293,0.0,0.0,293,0.0,1
545,0.0,0.0,545,0.0,1
545,0.0,0.0,545,0.0,1
545,0.0,0.0,545,0.0,1
206,0.0,0.0,206,0.0,1
545,0.0,0.0,545,0.0,1
224,5.879747322073337,246.94938752708012,224,0.0,1
545,0.0,0.0,545,0.0,1
237,0.0,0.0,237,0.0,1
1,0,0,1,1.0,1
1,0,0,1,1.0,1
1,0,0,1,1.0,1
545,9306.8242595509,390886.6189011378,545,0.001834862385321101,1
181,0.0,0.0,181,0.0,1
545,0.0,0.0,545,0.0,1
545,0.0,0.0,545,0.0,1
259,0.0,0.0,259,0.0,1
545,0.0,0.0,545,0.0,1
545,0.0,0.0,545,0.0,1
545,0.0,0.0,545,0.0,1
410,0.0,0.0,410,0.0,1
545,0.0,0.0,545,0.0,1
545,0.0,0.0,545,0.0,1
545,0.0,0.0,545,0.0,1
545,0.0,0.0,545,0.0,1
545,0.0,0.0,545,0.0,1
248,0.0,0.0,248,0.0,1
545,0.0,0.0,545,0.0,1
545,0.0,0.0,545,0.0,1
545,0.0,0.0,545,0.0,1
545,0.0,0.0,545,0.0,1
545,0.0,0.0,545,0.0,1
545,0.0,0.0,545,0.0,1
506,0.0,0.0,506,0.0,1
545,0.0,0.0,545,0.0,1
545,0.0,0.0,545,0.0,1
545,0.0,0.0,545,0.0,1
545,0.0,0.0,545,0.0,1
545,0.0,0.0,545,0.0,1
545,0.0,0.0,545,0.0,1
545,0.0,0.0,545,0.0,1
545,0.0,0.0,545,0.0,1
80,0.0,0.0,80,0.0,1
545,0.0,0.0,545,0.0,1
545,0.0,0.0,545,0.0,1
545,0.0,0.0,545,0.0,1
545,0.0,0.0,545,0.0,1
545,0.0,0.0,545,0.0,1
545,0.0,0.0,545,0.0,1
545,0.0,0.0,545,0.0,1
545,0.0,0.0,545,0.0,1
545,0.0,0.0,545,0.0,1
97,0.0,0.0,97,0.0,1
545,0.0,0.0,545,0.0,1
545,0.0,0.0,545,0.0,1
545,0.0,0.0,545,0.0,1
545,0.0,0.0,545,0.0,1
545,0.0,0.0,545,0.0,1
545,0.0,0.0,545,0.0,1
545,0.0,0.0,545,0.0,1
545,0.0,0.0,545,0.0,1
428,0.0,0.0,428,0.0,1
545,0.0,0.0,545,0.0,1
545,0.0,0.0,545,0.0,1
545,0.0,0.0,545,0.0,1
545,0.0,0.0,545,0.0,1
545,0.0,0.0,545,0.0,1
545,0.0,0.0,545,0.0,1
545,0.0,0.0,545,0.0,1
545,0.0,0.0,545,0.0,1
426,0.0,0.0,426,0.0,1
545,0.0,0.0,545,0.0,1
545,0.0,0.0,545,0.0,1
545,0.0,0.0,545,0.0,1
545,0.0,0.0,545,0.0,1
545,0.0,0.0,545,0.0,1
545,0.0,0.0,545,0.0,1
545,0.0,0.0,545,0.0,1
545,0.0,0.0,545,0.0,1
522,0.0,0.0,522,0.0,1
545,0.0,0.0,545,0.0,1
545,0.0,0.0,545,0.0,1
545,0.0,0.0,545,0.0,1
545,0.0,0.0,545,0.0,1
545,0.0,0.0,545,0.0,1
545,0.0,0.0,545,0.0,1
545,0.0,0.0,545,0.0,1
545,0.0,0.0,545,0.0,1
293,0.0,0.0,293,0.0,1
545,0.0,0.0,545,0.0,1
545,0.0,0.0,545,0.0,1
545,0.0,0.0,545,0.0,1
545,0.0,0.0,545,0.0,1
545,0.0,0.0,545,0.0,1
545,0.0,0.0,545,0.0,1
545,0.0,0.0,545,0.0,1
545,0.0,0.0,545,0.0,1
464,0.0,0.0,464,0.0,1
545,0.0,0.0,545,0.0,1
545,0.0,0.0,545,0.0,1
545,0.0,0.0,545,0.0,1
545,0.0,0.0,545,0.0,1
545,0.0,0.0,545,0.0,1
545,0.0,0.0,545,0.0,1
545,0.0,0.0,545,0.0,1
545,0.0,0.0,545,0.0,1
185,0.0,0.0,185,0.0,1
545,0.0,0.0,545,0.0,1
545,0.0,0.0,545,0.0,1
545,0.0,0.0,545,0.0,1
545,0.0,0.0,545,0.0,1
545,0.0,0.0,545,0.0,1
545,0.0,0.0,545,0.0,1
545,0.0,0.0,545,0.0,1
218,0.0,0.0,218,0.0,1
545,0.0,0.0,545,0.0,1
545,0.0,0.0,545,0.0,1
545,0.0,0.0,545,0.0,1
545,0.0,0.0,545,0.0,1
545,0.0,0.0,545,0.0,1
545,0.0,0.0,545,0.0,1
232,0.0,0.0,232,0.0,1
545,0.0,0.0,545,0.0,1
545,0.0,0.0,545,0.0,1
545,0.0,0.0,545,0.0,1
545,0.0,0.0,545,0.0,1
391,0.0,0.0,391,0.0,1
545,0.0,0.0,545,0.0,1
545,0.0,0.0,545,0.0,1
545,0.0,0.0,545,0.0,1
263,0.0,0.0,263,0.0,1
545,0.0,0.0,545,0.0,1
312,0.0,0.0,312,0.0,1
545,0.0,0.0,545,0.0,1
545,0.0,0.0,545,0.0,1
488,0.0,0.0,488,0.0,1
545,0.0,0.0,545,0.0,1
545,0.0,0.0,545,0.0,1
545,0.0,0.0,545,0.0,1
545,0.0,0.0,545,0.0,1
366,0.0,0.0,366,0.0,1
545,0.0,0.0,545,0.0,1
545,0.0,0.0,545,0.0,1
545,0.0,0.0,545,0.0,1
545,0.0,0.0,545,0.0,1
545,0.0,0.0,545,0.0,1
545,0.0,0.0,545,0.0,1
48,0.0,0.0,48,0.0,1
545,0.0,0.0,545,0.0,1
545,0.0,0.0,545,0.0,1
545,0.0,0.0,545,0.0,1
545,0.0,0.0,545,0.0,1
545,0.0,0.0,545,0.0,1
545,0.0,0.0,545,0.0,1
545,0.0,0.0,545,0.0,1
184,0.0,0.0,184,0.0,1
545,0.0,0.0,545,0.0,1
545,0.0,0.0,545,0.0,1
545,0.0,0.0,545,0.0,1
545,0.0,0.0,545,0.0,1
545,0.0,0.0,545,0.0,1
545,0.0,0.0,545,0.0,1
545,0.0,0.0,545,0.0,1
545,0.0,0.0,545,0.0,1
191,0.0,0.0,191,0.0,1
545,0.0,0.0,545,0.0,1
545,0.0,0.0,545,0.0,1
545,0.0,0.0,545,0.0,1
545,0.0,0.0,545,0.0,1
545,0.0,0.0,545,0.0,1
545,0.0,0.0,545,0.0,1
545,0.0,0.0,545,0.0,1
545,0.0,0.0,545,0.0,1
545,0.0,0.0,545,0.0,1
455,0.0,0.0,455,0.0,1
545,0.0,0.0,545,0.0,1
545,0.0,0.0,545,0.0,1
545,0.0,0.0,545,0.0,1
545,0.0,0.0,545,0.0,1
545,0.0,0.0,545,0.0,1
545,0.0,0.0,545,0.0,1
545,0.0,0.0,545,0.0,1
545,0.0,0.0,545,0.0,1
545,0.0,0.0,545,0.0,1
545,0.0,0.0,545,0.0,1
231,0.0,0.0,231,0.0,1
545,0.0,0.0,545,0.0,1
545,0.0,0.0,545,0.0,1
545,0.0,0.0,545,0.0,1
545,0.0,0.0,545,0.0,1
545,0.0,0.0,545,0.0,1
545,0.0,0.0,545,0.0,1
545,0.0,0.0,545,0.0,1
545,0.0,0.0,545,0.0,1
545,0.0,0.0,545,0.0,1
545,0.0,0.0,545,0.0,1
160,0.0,0.0,160,0.0,1
545,0.0,0.0,545,0.0,1
545,0.0,0.0,545,0.0,1
545,0.0,0.0,545,0.0,1
545,0.0,0.0,545,0.0,1
545,0.0,0.0,545,0.0,1
545,0.0,0.0,545,0.0,1
545,0.0,0.0,545,0.0,1
545,0.0,0.0,545,0.0,1
545,0.0,0.0,545,0.0,1
545,0.0,0.0,545,0.0,1
168,0.0,0.0,168,0.0,1
545,0.0,0.0,545,0.0,1
545,0.0,0.0,545,0.0,1
545,0.0,0.0,545,0.0,1
545,0.0,0.0,545,0.0,1
545,0.0,0.0,545,0.0,1
545,0.0,0.0,545,0.0,1
545,0.0,0.0,545,0.0,1
545,0.0,0.0,545,0.0,1
545,0.0,0.0,545,0.0,1
148,0.0,0.0,148,0.0,1
545,0.0,0.0,545,0.0,1
545,0.0,0.0,545,0.0,1
545,0.0,0.0,545,0.0,1
545,0.0,0.0,545,0.0,1
545,0.0,0.0,545,0.0,1
545,0.0,0.0,545,0.0,1
545,0.0,0.0,545,0.0,1
261,0.0,0.0,261,0.0,1
545,0.0,0.0,545,0.0,1
545,0.0,0.0,545,0.0,1
545,0.0,0.0,545,0.0,1
545,0.0,0.0,545,0.0,1
545,0.0,0.0,545,0.0,1
328,0.0,0.0,328,0.0,1
1,0,0,1,1.0,1
1,0,0,1,1.0,1
1,0,0,1,1.0,1
1,0,0,1,1.0,1
1,0,0,1,1.0,1
1,0,0,1,1.0,1
1,0,0,1,1.0,1
1,0,0,1,1.0,1
545,3.7695058445274503,158.3192454701529,545,0.0,1
486,0.0,0.0,486,0.0,1
277,0.0,0.0,277,0.0,1
277,0.0,0.0,277,0.0,1
277,0.0,0.0,277,0.0,1
545,0.0,0.0,545,0.0,1
545,0.0,0.0,545,0.0,1
545,0.0,0.0,545,0.0,1
484,0.0,0.0,484,0.0,1
529,0.0,0.0,529,0.001890359168241966,1
1,0,0,1,1.0,1
1,0,0,1,1.0,1
1,0,0,1,1.0,1
1,0,0,1,1.0,1
545,0.0,0.0,545,0.0,1
545,0.0,0.0,545,0.0,1
545,0.0,0.0,545,0.0,1
432,0.0,0.0,432,0.0,1
545,0.0,0.0,545,0.0,1
545,0.0,0.0,545,0.0,1
194,0.0,0.0,194,0.0,1
545,0.0,0.0,545,0.0,1
164,0.0,0.0,164,0.0,1
545,0.0,0.0,545,0.0,1
545,0.0,0.0,545,0.0,1
198,0.0,0.0,198,0.0,1
545,0.0,0.0,545,0.0,1
545,0.0,0.0,545,0.0,1
545,0.0,0.0,545,0.0,1
545,0.0,0.0,545,0.0,1
115,0.0,0.0,115,0.0,1
545,0.0,0.0,545,0.0,1
545,0.0,0.0,545,0.0,1
545,0.0,0.0,545,0.0,1
545,0.0,0.0,545,0.0,1
545,0.0,0.0,545,0.0,1
233,0.0,0.0,233,0.0,1
545,0.0,0.0,545,0.0,1
545,0.0,0.0,545,0.0,1
545,0.0,0.0,545,0.0,1
545,0.0,0.0,545,0.0,1
545,0.0,0.0,545,0.0,1
545,0.0,0.0,545,0.0,1
545,0.0,0.0,545,0.0,1
81,0.0,0.0,81,0.0,1
545,0.0,0.0,545,0.0,1
545,0.0,0.0,545,0.0,1
545,0.0,0.0,545,0.0,1
545,0.0,0.0,545,0.0,1
545,0.0,0.0,545,0.0,1
545,0.0,0.0,545,0.0,1
545,0.0,0.0,545,0.0,1
545,0.0,0.0,545,0.0,1
448,0.0,0.0,448,0.0,1
545,0.0,0.0,545,0.0,1
545,0.0,0.0,545,0.0,1
545,0.0,0.0,545,0.0,1
545,0.0,0.0,545,0.0,1
545,0.0,0.0,545,0.0,1
545,0.0,0.0,545,0.0,1
545,0.0,0.0,545,0.0,1
545,0.0,0.0,545,0.0,1
545,0.0,0.0,545,0.0,1
545,0.0,0.0,545,0.0,1
135,0.0,0.0,135,0.0,1
545,0.0,0.0,545,0.0,1
545,0.0,0.0,545,0.0,1
545,0.0,0.0,545,0.0,1
545,0.0,0.0,545,0.0,1
545,0.0,0.0,545,0.0,1
545,0.0,0.0,545,0.0,1
545,0.0,0.0,545,0.0,1
545,0.0,0.0,545,0.0,1
545,0.0,0.0,545,0.0,1
545,0.0,0.0,545,0.0,1
115,0.0,0.0,115,0.0,1
545,0.0,0.0,545,0.0,1
545,0.0,0.0,545,0.0,1
545,0.0,0.0,545,0.0,1
545,0.0,0.0,545,0.0,1
545,0.0,0.0,545,0.0,1
545,0.0,0.0,545,0.0,1
545,0.0,0.0,545,0.0,1
545,0.0,0.0,545,0.0,1
545,0.0,0.0,545,0.0,1
545,0.0,0.0,545,0.0,1
71,0.0,0.0,71,0.0,1
545,0.0,0.0,545,0.0,1
545,0.0,0.0,545,0.0,1
545,0.0,0.0,545,0.0,1
545,0.0,0.0,545,0.0,1
545,0.0,0.0,545,0.0,1
545,0.0,0.0,545,0.0,1
545,0.0,0.0,545,0.0,1
545,0.0,0.0,545,0.0,1
545,0.0,0.0,545,0.0,1
532,0.0,0.0,532,0.0,1
545,0.0,0.0,545,0.0,1
545,0.0,0.0,545,0.0,1
545,0.0,0.0,545,0.0,1
545,0.0,0.0,545,0.0,1
545,0.0,0.0,545,0.0,1
545,0.0,0.0,545,0.0,1
545,0.0,0.0,545,0.0,1
545,0.0,0.0,545,0.0,1
545,0.0,0.0,545,0.0,1
424,0.0,0.0,424,0.0,1
545,0.0,0.0,545,0.0,1
545,0.0,0.0,545,0.0,1
545,0.0,0.0,545,0.0,1
545,0.0,0.0,545,0.0,1
545,0.0,0.0,545,0.0,1
545,0.0,0.0,545,0.0,1
545,0.0,0.0,545,0.0,1
545,0.0,0.0,545,0.0,1
545,0.0,0.0,545,0.0,1
153,0.0,0.0,153,0.0,1
545,0.0,0.0,545,0.0,1
545,0.0,0.0,545,0.0,1
545,0.0,0.0,545,0.0,1
545,0.0,0.0,545,0.0,1
545,0.0,0.0,545,0.0,1
545,0.0,0.0,545,0.0,1
545,0.0,0.0,545,0.0,1
545,0.0,0.0,545,0.0,1
545,0.0,0.0,545,0.0,1
321,0.0,0.0,321,0.0,1
545,0.0,0.0,545,0.0,1
545,0.0,0.0,545,0.0,1
545,0.0,0.0,545,0.0,1
545,0.0,0.0,545,0.0,1
545,0.0,0.0,545,0.0,1
545,0.0,0.0,545,0.0,1
545,0.0,0.0,545,0.0,1
545,0.0,0.0,545,0.0,1
545,0.0,0.0,545,0.0,1
408,0.0,0.0,408,0.0,1
277,0.0,0.0,277,0.0,1
215,0.0,0.0,215,0.0,1
1,0,0,1,1.0,1
545,0.0,0.0,545,0.0,1
545,0.0,0.0,545,0.0,1
545,0.0,0.0,545,0.0,1
545,0.0,0.0,545,0.0,1
545,0.0,0.0,545,0.0,1
545,0.0,0.0,545,0.0,1
545,0.0,0.0,545,0.0,1
545,0.0,0.0,545,0.0,1
545,0.0,0.0,545,0.0,1
417,0.0,0.0,417,0.0,1
1,0,0,1,1.0,1
1,0,0,1,1.0,1
1,0,0,1,1.0,1
1,0,0,1,1.0,1
1,0,0,1,1.0,1
1,0,0,1,1.0,1
1,0,0,1,1.0,1
1,0,0,1,1.0,1
1,0,0,1,1.0,1
1,0,0,1,1.0,1
1,0,0,1,1.0,1
1,0,0,1,1.0,1
1,0,0,1,1.0,1
545,0.0,0.0,545,0.0,1
545,0.0,0.0,545,0.0,1
545,0.0,0.0,545,0.0,1
545,0.0,0.0,545,0.0,1
545,0.0,0.0,545,0.0,1
545,0.0,0.0,545,0.0,1
545,0.0,0.0,545,0.0,1
545,0.0,0.0,545,0.0,1
545,0.0,0.0,545,0.0,1
213,0.0,0.0,213,0.0,1
545,0.0,0.0,545,0.0,1
545,0.0,0.0,545,0.0,1
545,0.0,0.0,545,0.0,1
545,0.0,0.0,545,0.0,1
545,0.0,0.0,545,0.0,1
545,0.0,0.0,545,0.0,1
545,0.0,0.0,545,0.0,1
545,0.0,0.0,545,0.0,1
545,0.0,0.0,545,0.0,1
262,0.0,0.0,262,0.0,1
545,0.0,0.0,545,0.0,1
545,0.0,0.0,545,0.0,1
545,0.0,0.0,545,0.0,1
545,0.0,0.0,545,0.0,1
545,0.0,0.0,545,0.0,1
545,0.0,0.0,545,0.0,1
545,0.0,0.0,545,0.0,1
545,0.0,0.0,545,0.0,1
545,0.0,0.0,545,0.0,1
429,0.0,0.0,429,0.0,1
545,0.0,0.0,545,0.0,1
545,0.0,0.0,545,0.0,1
545,0.0,0.0,545,0.0,1
545,0.0,0.0,545,0.0,1
545,0.0,0.0,545,0.0,1
545,0.0,0.0,545,0.0,1
545,0.0,0.0,545,0.0,1
545,0.0,0.0,545,0.0,1
1,0,0,1,1.0,1
545,0.0,0.0,545,0.0,1
1,0,0,1,1.0,1
437,0.0,0.0,437,0.0,1
1,0,0,1,1.0,1
1,0,0,1,1.0,1
1,0,0,1,1.0,1
1,0,0,1,1.0,1
1,0,0,1,1.0,1
545,0.0,0.0,545,0.0,1
545,0.0,0.0,545,0.0,1
545,0.0,0.0,545,0.0,1
545,0.0,0.0,545,0.0,1
545,0.0,0.0,545,0.0,1
545,0.0,0.0,545,0.0,1
545,0.0,0.0,545,0.0,1
545,0.0,0.0,545,0.0,1
545,0.0,0.0,545,0.0,1
465,0.0,0.0,465,0.0,1
1,0,0,1,1.0,1
90,0.0,0.0,90,0.011111111111111112,1
90,0.0,0.0,90,0.011111111111111112,1
115,0.0,0.0,115,0.017391304347826087,1
545,0.0,0.0,545,0.0,1
545,0.0,0.0,545,0.0,1
545,0.0,0.0,545,0.0,1
545,0.0,0.0,545,0.0,1
545,0.0,0.0,545,0.0,1
545,0.0,0.0,545,0.0,1
545,0.0,0.0,545,0.0,1
545,0.0,0.0,545,0.0,1
545,0.0,0.0,545,0.0,1
545,0.0,0.0,545,0.0,1
21,0.0,0.0,21,0.0,1
545,0.0,0.0,545,0.0,1
9,0.0,0.0,9,0.0,1
545,0.0,0.0,545,0.0,1
545,0.0,0.0,545,0.0,1
160,0.0,0.0,160,0.0,1
545,0.0,0.0,545,0.0,1
545,0.0,0.0,545,0.0,1
545,0.0,0.0,545,0.0,1
545,0.0,0.0,545,0.0,1
545,0.0,0.0,545,0.0,1
545,0.0,0.0,545,0.0,1
545,0.0,0.0,545,0.0,1
545,0.0,0.0,545,0.0,1
545,0.0,0.0,545,0.0,1
545,0.0,0.0,545,0.0,1
289,0.0,0.0,289,0.0,1
545,0.0,0.0,545,0.0,1
545,0.0,0.0,545,0.0,1
545,0.0,0.0,545,0.0,1
545,0.0,0.0,545,0.0,1
545,0.0,0.0,545,0.0,1
545,0.0,0.0,545,0.0,1
545,0.0,0.0,545,0.0,1
545,0.0,0.0,545,0.0,1
545,0.0,0.0,545,0.0,1
545,0.0,0.0,545,0.0,1
449,0.0,0.0,449,0.0,1
545,0.0,0.0,545,0.0,1
545,0.0,0.0,545,0.0,1
545,0.0,0.0,545,0.0,1
545,0.0,0.0,545,0.0,1
545,0.0,0.0,545,0.0,1
545,0.0,0.0,545,0.0,1
545,0.0,0.0,545,0.0,1
545,0.0,0.0,545,0.0,1
545,0.0,0.0,545,0.0,1
545,0.0,0.0,545,0.0,1
514,0.0,0.0,514,0.0,1
545,0.0,0.0,545,0.0,1
545,0.0,0.0,545,0.0,1
545,0.0,0.0,545,0.0,1
545,0.0,0.0,545,0.0,1
545,0.0,0.0,545,0.0,1
545,0.0,0.0,545,0.0,1
545,0.0,0.0,545,0.0,1
545,0.0,0.0,545,0.0,1
545,0.0,0.0,545,0.0,1
545,0.0,0.0,545,0.0,1
545,0.0,0.0,545,0.0,1
146,0.0,0.0,146,0.0,1
545,0.0,0.0,545,0.0,1
545,0.0,0.0,545,0.0,1
545,0.0,0.0,545,0.0,1
545,0.0,0.0,545,0.0,1
545,0.0,0.0,545,0.0,1
545,0.0,0.0,545,0.0,1
545,0.0,0.0,545,0.0,1
545,0.0,0.0,545,0.0,1
545,0.0,0.0,545,0.0,1
545,0.0,0.0,545,0.0,1
482,0.0,0.0,482,0.0,1
545,0.0,0.0,545,0.0,1
545,0.0,0.0,545,0.0,1
545,0.0,0.0,545,0.0,1
545,0.0,0.0,545,0.0,1
545,0.0,0.0,545,0.0,1
545,0.0,0.0,545,0.0,1
545,0.0,0.0,545,0.0,1
545,0.0,0.0,545,0.0,1
545,0.0,0.0,545,0.0,1
545,0.0,0.0,545,0.0,1
450,0.0,0.0,450,0.0,1
545,0.0,0.0,545,0.0,1
545,0.0,0.0,545,0.0,1
545,0.0,0.0,545,0.0,1
545,0.0,0.0,545,0.0,1
545,0.0,0.0,545,0.0,1
545,0.0,0.0,545,0.0,1
545,0.0,0.0,545,0.0,1
545,0.0,0.0,545,0.0,1
545,0.0,0.0,545,0.0,1
470,0.0,0.0,470,0.0,1
545,3.7695058445274503,158.3192454701529,545,0.0,1
545,0.0,0.0,545,0.0,1
545,0.0,0.0,545,0.0,1
60,0.0,0.0,60,0.0,1
545,3.7695058445274503,158.3192454701529,545,0.0,1
545,0.0,0.0,545,0.0,1
545,0.0,0.0,545,0.0,1
545,0.0,0.0,545,0.0,1
153,0.0,0.0,153,0.0,1
545,3.7695058445274503,158.3192454701529,545,0.0,1
545,0.0,0.0,545,0.0,1
545,0.0,0.0,545,0.0,1
545,0.0,0.0,545,0.0,1
545,0.0,0.0,545,0.0,1
296,0.0,0.0,296,0.0,1
545,0.0,0.0,545,0.0,1
545,0.0,0.0,545,0.0,1
545,0.0,0.0,545,0.0,1
534,0.0,0.0,534,0.0,1
545,3.7695058445274503,158.3192454701529,545,0.0,1
545,0.0,0.0,545,0.0,1
545,0.0,0.0,545,0.0,1
545,0.0,0.0,545,0.0,1
545,0.0,0.0,545,0.0,1
545,0.0,0.0,545,0.0,1
545,0.0,0.0,545,0.0,1
14,0.0,0.0,14,0.0,1
545,3.7695058445274503,158.3192454701529,545,0.0,1
545,0.0,0.0,545,0.0,1
545,0.0,0.0,545,0.0,1
545,0.0,0.0,545,0.0,1
545,0.0,0.0,545,0.0,1
545,0.0,0.0,545,0.0,1
545,0.0,0.0,545,0.0,1
545,0.0,0.0,545,0.0,1
159,0.0,0.0,159,0.0,1
545,0.0,0.0,545,0.0,1
545,0.0,0.0,545,0.0,1
545,0.0,0.0,545,0.0,1
545,0.0,0.0,545,0.0,1
545,0.0,0.0,545,0.0,1
545,0.0,0.0,545,0.0,1
545,0.0,0.0,545,0.0,1
545,0.0,0.0,545,0.0,1
296,0.0,0.0,296,0.0,1
545,0.0,0.0,545,0.0,1
545,0.0,0.0,545,0.0,1
545,0.0,0.0,545,0.0,1
545,0.0,0.0,545,0.0,1
545,0.0,0.0,545,0.0,1
545,0.0,0.0,545,0.0,1
545,0.0,0.0,545,0.0,1
545,0.0,0.0,545,0.0,1
472,0.0,0.0,472,0.0,1
545,0.0,0.0,545,0.0,1
545,0.0,0.0,545,0.0,1
545,0.0,0.0,545,0.0,1
545,0.0,0.0,545,0.0,1
545,0.0,0.0,545,0.0,1
545,0.0,0.0,545,0.0,1
545,0.0,0.0,545,0.0,1
545,0.0,0.0,545,0.0,1
179,0.0,0.0,179,0.0,1
545,0.0,0.0,545,0.0,1
545,0.0,0.0,545,0.0,1
545,0.0,0.0,545,0.0,1
545,0.0,0.0,545,0.0,1
545,0.0,0.0,545,0.0,1
545,0.0,0.0,545,0.0,1
545,0.0,0.0,545,0.0,1
219,0.0,0.0,219,0.0,1
545,0.0,0.0,545,0.0,1
545,0.0,0.0,545,0.0,1
545,0.0,0.0,545,0.0,1
545,0.0,0.0,545,0.0,1
545,0.0,0.0,545,0.0,1
545,0.0,0.0,545,0.0,1
229,0.0,0.0,229,0.0,1
545,0.0,0.0,545,0.0,1
545,0.0,0.0,545,0.0,1
545,0.0,0.0,545,0.0,1
545,0.0,0.0,545,0.0,1
395,0.0,0.0,395,0.0,1
545,0.0,0.0,545,0.0,1
545,0.0,0.0,545,0.0,1
545,0.0,0.0,545,0.0,1
69,0.0,0.0,69,0.0,1
545,0.0,0.0,545,0.0,1
341,0.0,0.0,341,0.0,1
545,0.0,0.0,545,0.0,1
545,0.0,0.0,545,0.0,1
545,0.0,0.0,545,0.0,1
545,0.0,0.0,545,0.0,1
541,0.0,0.0,541,0.0,1
545,0.0,0.0,545,0.0,1
545,0.0,0.0,545,0.0,1
545,0.0,0.0,545,0.0,1
545,0.0,0.0,545,0.0,1
545,0.0,0.0,545,0.0,1
67,0.0,0.0,67,0.0,1
545,0.0,0.0,545,0.0,1
545,0.0,0.0,545,0.0,1
545,0.0,0.0,545,0.0,1
545,0.0,0.0,545,0.0,1
545,0.0,0.0,545,0.0,1
179,0.0,0.0,179,0.0,1
545,0.0,0.0,545,0.0,1
545,0.0,0.0,545,0.0,1
545,0.0,0.0,545,0.0,1
545,0.0,0.0,545,0.0,1
226,0.0,0.0,226,0.0,1
545,0.0,0.0,545,0.0,1
545,0.0,0.0,545,0.0,1
545,0.0,0.0,545,0.0,1
29,0.0,0.0,29,0.0,1
545,0.0,0.0,545,0.0,1
545,0.0,0.0,545,0.0,1
76,0.0,0.0,76,0.0,1
545,0.0,0.0,545,0.0,1
545,0.0,0.0,545,0.0,1
545,0.0,0.0,545,0.0,1
39,0.0,0.0,39,0.0,1
545,0.0,0.0,545,0.0,1
545,0.0,0.0,545,0.0,1
545,0.0,0.0,545,0.0,1
545,0.0,0.0,545,0.0,1
438,0.0,0.0,438,0.0,1
545,0.0,0.0,545,0.0,1
545,0.0,0.0,545,0.0,1
545,0.0,0.0,545,0.0,1
545,0.0,0.0,545,0.0,1
545,0.0,0.0,545,0.0,1
493,0.0,0.0,493,0.0,1
545,0.0,0.0,545,0.0,1
545,0.0,0.0,545,0.0,1
545,0.0,0.0,545,0.0,1
545,0.0,0.0,545,0.0,1
545,0.0,0.0,545,0.0,1
545,0.0,0.0,545,0.0,1
545,0.0,0.0,545,0.0,1
253,0.0,0.0,253,0.0,1
545,0.0,0.0,545,0.0,1
545,0.0,0.0,545,0.0,1
545,0.0,0.0,545,0.0,1
545,0.0,0.0,545,0.0,1
545,0.0,0.0,545,0.0,1
511,0.0,0.0,511,0.0,1
497,0.0,0.0,497,0.0,1
545,0.0,0.0,545,0.0,1
545,0.0,0.0,545,0.0,1
545,0.0,0.0,545,0.0,1
545,0.0,0.0,545,0.0,1
545,0.0,0.0,545,0.0,1
545,0.0,0.0,545,0.0,1
545,0.0,0.0,545,0.0,1
545,0.0,0.0,545,0.0,1
497,0.0,0.0,497,0.0,1
115,0.0,0.0,115,0.017391304347826087,1
454,0.0,0.0,454,0.0,1
545,0.0,0.0,545,0.0,1
545,0.0,0.0,545,0.0,1
381,0.0,0.0,381,0.0,1
545,0.0,0.0,545,0.0,1
545,0.0,0.0,545,0.0,1
545,0.0,0.0,545,0.0,1
545,0.0,0.0,545,0.0,1
410,0.0,0.0,410,0.0,1
545,0.0,0.0,545,0.0,1
545,0.0,0.0,545,0.0,1
545,0.0,0.0,545,0.0,1
545,0.0,0.0,545,0.0,1
545,0.0,0.0,545,0.0,1
545,0.0,0.0,545,0.0,1
194,0.0,0.0,194,0.0,1
545,0.0,0.0,545,0.0,1
545,0.0,0.0,545,0.0,1
545,0.0,0.0,545,0.0,1
545,0.0,0.0,545,0.0,1
545,0.0,0.0,545,0.0,1
545,0.0,0.0,545,0.0,1
545,0.0,0.0,545,0.0,1
545,0.0,0.0,545,0.0,1
175,0.0,0.0,175,0.0,1
545,0.0,0.0,545,0.0,1
545,0.0,0.0,545,0.0,1
545,0.0,0.0,545,0.0,1
545,0.0,0.0,545,0.0,1
545,0.0,0.0,545,0.0,1
545,0.0,0.0,545,0.0,1
545,0.0,0.0,545,0.0,1
545,0.0,0.0,545,0.0,1
545,0.0,0.0,545,0.0,1
545,0.0,0.0,545,0.0,1
116,0.0,0.0,116,0.0,1
545,0.0,0.0,545,0.0,1
545,0.0,0.0,545,0.0,1
545,0.0,0.0,545,0.0,1
545,0.0,0.0,545,0.0,1
545,0.0,0.0,545,0.0,1
545,0.0,0.0,545,0.0,1
545,0.0,0.0,545,0.0,1
545,0.0,0.0,545,0.0,1
545,0.0,0.0,545,0.0,1
545,0.0,0.0,545,0.0,1
545,0.0,0.0,545,0.0,1
545,0.0,0.0,545,0.0,1
44,0.0,0.0,44,0.0,1
545,0.0,0.0,545,0.0,1
545,0.0,0.0,545,0.0,1
545,0.0,0.0,545,0.0,1
545,0.0,0.0,545,0.0,1
545,0.0,0.0,545,0.0,1
545,0.0,0.0,545,0.0,1
545,0.0,0.0,545,0.0,1
545,0.0,0.0,545,0.0,1
545,0.0,0.0,545,0.0,1
545,0.0,0.0,545,0.0,1
545,0.0,0.0,545,0.0,1
479,0.0,0.0,479,0.0,1
545,0.0,0.0,545,0.0,1
545,0.0,0.0,545,0.0,1
545,0.0,0.0,545,0.0,1
545,0.0,0.0,545,0.0,1
545,0.0,0.0,545,0.0,1
545,0.0,0.0,545,0.0,1
288,0.0,0.0,288,0.0,1
545,0.0,0.0,545,0.0,1
545,0.0,0.0,545,0.0,1
545,0.0,0.0,545,0.0,1
545,0.0,0.0,545,0.0,1
545,0.0,0.0,545,0.0,1
545,0.0,0.0,545,0.0,1
545,0.0,0.0,545,0.0,1
545,0.0,0.0,545,0.0,1
545,0.0,0.0,545,0.0,1
545,0.0,0.0,545,0.0,1
545,0.0,0.0,545,0.0,1
399,0.0,0.0,399,0.0,1
545,0.0,0.0,545,0.0,1
545,0.0,0.0,545,0.0,1
545,0.0,0.0,545,0.0,1
545,0.0,0.0,545,0.0,1
545,0.0,0.0,545,0.0,1
545,0.0,0.0,545,0.0,1
545,0.0,0.0,545,0.0,1
545,0.0,0.0,545,0.0,1
545,0.0,0.0,545,0.0,1
545,0.0,0.0,545,0.0,1
545,0.0,0.0,545,0.0,1
279,0.0,0.0,279,0.0,1
545,0.0,0.0,545,0.0,1
545,0.0,0.0,545,0.0,1
545,0.0,0.0,545,0.0,1
545,0.0,0.0,545,0.0,1
545,0.0,0.0,545,0.0,1
545,0.0,0.0,545,0.0,1
545,0.0,0.0,545,0.0,1
545,0.0,0.0,545,0.0,1
545,0.0,0.0,545,0.0,1
545,0.0,0.0,545,0.0,1
545,0.0,0.0,545,0.0,1
103,0.0,0.0,103,0.0,1
545,0.0,0.0,545,0.0,1
545,0.0,0.0,545,0.0,1
545,0.0,0.0,545,0.0,1
545,0.0,0.0,545,0.0,1
545,0.0,0.0,545,0.0,1
545,0.0,0.0,545,0.0,1
545,0.0,0.0,545,0.0,1
545,0.0,0.0,545,0.0,1
545,0.0,0.0,545,0.0,1
545,0.0,0.0,545,0.0,1
489,0.0,0.0,489,0.0,1
545,0.0,0.0,545,0.0,1
545,0.0,0.0,545,0.0,1
545,0.0,0.0,545,0.0,1
545,0.0,0.0,545,0.0,1
545,0.0,0.0,545,0.0,1
545,0.0,0.0,545,0.0,1
545,0.0,0.0,545,0.0,1
545,0.0,0.0,545,0.0,1
545,0.0,0.0,545,0.0,1
545,0.0,0.0,545,0.0,1
451,0.0,0.0,451,0.0,1
545,0.0,0.0,545,0.0,1
545,0.0,0.0,545,0.0,1
545,0.0,0.0,545,0.0,1
545,0.0,0.0,545,0.0,1
545,0.0,0.0,545,0.0,1
545,0.0,0.0,545,0.0,1
545,0.0,0.0,545,0.0,1
545,0.0,0.0,545,0.0,1
545,0.0,0.0,545,0.0,1
545,0.0,0.0,545,0.0,1
162,0.0,0.0,162,0.0,1
545,0.0,0.0,545,0.0,1
545,0.0,0.0,545,0.0,1
545,0.0,0.0,545,0.0,1
545,0.0,0.0,545,0.0,1
545,0.0,0.0,545,0.0,1
545,0.0,0.0,545,0.0,1
545,0.0,0.0,545,0.0,1
545,0.0,0.0,545,0.0,1
545,0.0,0.0,545,0.0,1
545,0.0,0.0,545,0.0,1
409,0.0,0.0,409,0.0,1
114,0.0,0.0,114,0.008771929824561403,1
114,0.0,0.0,114,0.008771929824561403,1
545,0.0,0.0,545,0.0,1
545,0.0,0.0,545,0.0,1
545,0.0,0.0,545,0.0,1
545,0.0,0.0,545,0.0,1
545,0.0,0.0,545,0.0,1
545,0.0,0.0,545,0.0,1
545,0.0,0.0,545,0.0,1
545,0.0,0.0,545,0.0,1
545,0.0,0.0,545,0.0,1
545,0.0,0.0,545,0.0,1
545,0.0,0.0,545,0.0,1
16,0.0,0.0,16,0.0,1
545,0.0,0.0,545,0.0,1
545,0.0,0.0,545,0.0,1
545,0.0,0.0,545,0.0,1
545,0.0,0.0,545,0.0,1
545,0.0,0.0,545,0.0,1
545,0.0,0.0,545,0.0,1
545,0.0,0.0,545,0.0,1
545,0.0,0.0,545,0.0,1
545,0.0,0.0,545,0.0,1
545,0.0,0.0,545,0.0,1
399,0.0,0.0,399,0.0,1
545,0.0,0.0,545,0.0,1
545,0.0,0.0,545,0.0,1
545,0.0,0.0,545,0.0,1
545,0.0,0.0,545,0.0,1
337,0.0,0.0,337,0.002967359050445104,1
545,0.0,0.0,545,0.0,1
545,0.0,0.0,545,0.0,1
545,0.0,0.0,545,0.0,1
287,0.0,0.0,287,0.003484320557491289,1
545,0.0,0.0,545,0.0,1
545,0.0,0.0,545,0.0,1
542,0.0,0.0,542,0.0018450184501845018,1
545,0.0,0.0,545,0.0,1
423,0.0,0.0,423,0.002364066193853428,1
545,0.0,0.0,545,0.0,1
545,0.0,0.0,545,0.0,1
241,0.0,0.0,241,0.004149377593360996,1
545,0.0,0.0,545,0.0,1
545,0.0,0.0,545,0.0,1
545,0.0,0.0,545,0.0,1
175,0.0,0.0,175,0.005714285714285714,1
545,0.0,0.0,545,0.0,1
545,0.0,0.0,545,0.0,1
545,0.0,0.0,545,0.0,1
474,0.0,0.0,474,0.002109704641350211,1
545,0.0,0.0,545,0.0,1
545,0.0,0.0,545,0.0,1
545,0.0,0.0,545,0.0,1
545,0.0,0.0,545,0.0,1
257,0.0,0.0,257,0.0038910505836575876,1
545,0.0,0.0,545,0.0,1
545,0.0,0.0,545,0.0,1
545,0.0,0.0,545,0.0,1
545,0.0,0.0,545,0.0,1
221,0.0,0.0,221,0.004524886877828055,1
545,0.0,0.0,545,0.0,1
545,0.0,0.0,545,0.0,1
545,0.0,0.0,545,0.0,1
545,0.0,0.0,545,0.0,1
545,0.0,0.0,545,0.001834862385321101,1
25,0.0,0.0,25,0.0,1
545,0.0,0.0,545,0.0,1
545,0.0,0.0,545,0.0,1
545,0.0,0.0,545,0.0,1
545,0.0,0.0,545,0.0,1
545,0.0,0.0,545,0.0,1
222,0.0,0.0,222,0.0045045045045045045,1
545,0.0,0.0,545,0.0,1
545,0.0,0.0,545,0.0,1
545,0.0,0.0,545,0.0,1
545,0.0,0.0,545,0.0,1
545,0.0,0.0,545,0.0,1
112,0.0,0.0,112,0.008928571428571428,1
545,0.0,0.0,545,0.0,1
545,0.0,0.0,545,0.0,1
545,0.0,0.0,545,0.0,1
545,0.0,0.0,545,0.0,1
545,0.0,0.0,545,0.0,1
91,0.0,0.0,91,0.01098901098901099,1
545,0.0,0.0,545,0.0,1
545,0.0,0.0,545,0.0,1
545,0.0,0.0,545,0.0,1
545,0.0,0.0,545,0.0,1
542,0.0,0.0,542,0.0,1
545,0.0,0.0,545,0.0,1
545,0.0,0.0,545,0.0,1
545,0.0,0.0,545,0.0,1
474,0.0,0.0,474,0.0,1
545,0.0,0.0,545,0.0,1
545,0.0,0.0,545,0.0,1
545,0.0,0.0,545,0.0,1
271,0.0,0.0,271,0.0,1
545,0.0,0.0,545,0.0,1
545,0.0,0.0,545,0.0,1
120,0.0,0.0,120,0.0,1
545,0.0,0.0,545,0.0,1
545,0.0,0.0,545,0.0,1
545,0.0,0.0,545,0.0,1
545,0.0,0.0,545,0.0,1
545,0.0,0.0,545,0.0,1
545,0.0,0.0,545,0.0,1
545,0.0,0.0,545,0.0,1
545,0.0,0.0,545,0.0,1
545,0.0,0.0,545,0.0,1
545,0.0,0.0,545,0.0,1
321,0.0,0.0,321,0.0,1
545,0.0,0.0,545,0.0,1
545,0.0,0.0,545,0.0,1
545,0.0,0.0,545,0.0,1
545,0.0,0.0,545,0.0,1
545,0.0,0.0,545,0.0,1
545,0.0,0.0,545,0.0,1
545,0.0,0.0,545,0.0,1
545,0.0,0.0,545,0.0,1
545,0.0,0.0,545,0.0,1
545,0.0,0.0,545,0.0,1
122,0.0,0.0,122,0.0,1
545,0.0,0.0,545,0.0,1
545,0.0,0.0,545,0.0,1
545,0.0,0.0,545,0.0,1
545,0.0,0.0,545,0.0,1
545,0.0,0.0,545,0.0,1
545,0.0,0.0,545,0.0,1
545,0.0,0.0,545,0.0,1
545,0.0,0.0,545,0.0,1
545,0.0,0.0,545,0.0,1
19,0.0,0.0,19,0.0,1
545,0.0,0.0,545,0.0,1
545,0.0,0.0,545,0.0,1
545,0.0,0.0,545,0.0,1
545,0.0,0.0,545,0.0,1
545,0.0,0.0,545,0.0,1
545,0.0,0.0,545,0.0,1
545,0.0,0.0,545,0.0,1
415,0.0,0.0,415,0.0,1
545,0.0,0.0,545,0.0,1
545,0.0,0.0,545,0.0,1
545,0.0,0.0,545,0.0,1
545,0.0,0.0,545,0.0,1
545,0.0,0.0,545,0.0,1
420,0.0,0.0,420,0.0,1
545,0.0,0.0,545,0.0,1
545,0.0,0.0,545,0.0,1
545,0.0,0.0,545,0.0,1
369,0.0,0.0,369,0.0,1
545,0.0,0.0,545,0.0,1
114,0.0,0.0,114,0.0,1
515,0.0,0.0,515,0.0,1
75,0.0,0.0,75,0.0,1
545,0.0,0.0,545,0.0,1
545,0.0,0.0,545,0.0,1
113,0.0,0.0,113,0.0,1
507,0.0,0.0,507,0.0,1
545,0.0,0.0,545,0.0,1
362,0.0,0.0,362,0.0,1
545,0.0,0.0,545,0.0,1
545,0.0,0.0,545,0.0,1
545,0.0,0.0,545,0.0,1
224,0.0,0.0,224,0.0,1
545,0.0,0.0,545,0.0,1
545,0.0,0.0,545,0.0,1
545,0.0,0.0,545,0.0,1
545,0.0,0.0,545,0.0,1
49,0.0,0.0,49,0.0,1
545,0.0,0.0,545,0.0,1
545,0.0,0.0,545,0.0,1
545,0.0,0.0,545,0.0,1
545,0.0,0.0,545,0.0,1
545,0.0,0.0,545,0.0,1
440,0.0,0.0,440,0.0,1
545,0.0,0.0,545,0.0,1
545,0.0,0.0,545,0.0,1
545,0.0,0.0,545,0.0,1
545,0.0,0.0,545,0.0,1
545,0.0,0.0,545,0.0,1
545,0.0,0.0,545,0.0,1
103,0.0,0.0,103,0.0,1
545,0.0,0.0,545,0.0,1
299,0.0,0.0,299,0.0,1
545,0.0,0.0,545,0.0,1
545,0.0,0.0,545,0.0,1
545,0.0,0.0,545,0.0,1
169,0.0,0.0,169,0.0,1
545,0.0,0.0,545,0.0,1
545,0.0,0.0,545,0.0,1
545,0.0,0.0,545,0.0,1
545,0.0,0.0,545,0.0,1
504,0.0,0.0,504,0.0,1
545,0.0,0.0,545,0.0,1
545,0.0,0.0,545,0.0,1
545,0.0,0.0,545,0.0,1
545,0.0,0.0,545,0.0,1
545,0.0,0.0,545,0.0,1
545,0.0,0.0,545,0.0,1
239,0.0,0.0,239,0.0,1
545,0.0,0.0,545,0.0,1
545,0.0,0.0,545,0.0,1
545,0.0,0.0,545,0.0,1
545,0.0,0.0,545,0.0,1
545,0.0,0.0,545,0.0,1
545,0.0,0.0,545,0.0,1
545,0.0,0.0,545,0.0,1
545,0.0,0.0,545,0.0,1
277,0.0,0.0,277,0.0,1
545,0.0,0.0,545,0.0,1
545,0.0,0.0,545,0.0,1
545,0.0,0.0,545,0.0,1
545,0.0,0.0,545,0.0,1
545,0.0,0.0,545,0.0,1
545,0.0,0.0,545,0.0,1
545,0.0,0.0,545,0.0,1
545,0.0,0.0,545,0.0,1
545,0.0,0.0,545,0.0,1
545,0.0,0.0,545,0.0,1
276,0.0,0.0,276,0.0,1
545,0.0,0.0,545,0.0,1
545,0.0,0.0,545,0.0,1
545,0.0,0.0,545,0.0,1
545,0.0,0.0,545,0.0,1
545,0.0,0.0,545,0.0,1
545,0.0,0.0,545,0.0,1
545,0.0,0.0,545,0.0,1
545,0.0,0.0,545,0.0,1
545,0.0,0.0,545,0.0,1
545,0.0,0.0,545,0.0,1
545,0.0,0.0,545,0.0,1
151,0.0,0.0,151,0.0,1
545,0.0,0.0,545,0.0,1
545,0.0,0.0,545,0.0,1
545,0.0,0.0,545,0.0,1
545,0.0,0.0,545,0.0,1
545,0.0,0.0,545,0.0,1
545,0.0,0.0,545,0.0,1
545,0.0,0.0,545,0.0,1
545,0.0,0.0,545,0.0,1
545,0.0,0.0,545,0.0,1
545,0.0,0.0,545,0.0,1
545,0.0,0.0,545,0.0,1
56,0.0,0.0,56,0.0,1
545,0.0,0.0,545,0.0,1
545,0.0,0.0,545,0.0,1
545,0.0,0.0,545,0.0,1
545,0.0,0.0,545,0.0,1
545,0.0,0.0,545,0.0,1
545,0.0,0.0,545,0.0,1
545,0.0,0.0,545,0.0,1
545,0.0,0.0,545,0.0,1
545,0.0,0.0,545,0.0,1
545,0.0,0.0,545,0.0,1
545,0.0,0.0,545,0.0,1
160,0.0,0.0,160,0.0,1
545,0.0,0.0,545,0.0,1
545,0.0,0.0,545,0.0,1
545,0.0,0.0,545,0.0,1
545,0.0,0.0,545,0.0,1
545,0.0,0.0,545,0.0,1
545,0.0,0.0,545,0.0,1
545,0.0,0.0,545,0.0,1
545,0.0,0.0,545,0.0,1
545,0.0,0.0,545,0.0,1
545,0.0,0.0,545,0.0,1
149,0.0,0.0,149,0.0,1
545,0.0,0.0,545,0.0,1
545,0.0,0.0,545,0.0,1
545,0.0,0.0,545,0.0,1
545,0.0,0.0,545,0.0,1
545,0.0,0.0,545,0.0,1
545,0.0,0.0,545,0.0,1
545,0.0,0.0,545,0.0,1
545,0.0,0.0,545,0.0,1
545,0.0,0.0,545,0.0,1
545,0.0,0.0,545,0.0,1
11,0.0,0.0,11,0.0,1
545,0.0,0.0,545,0.0,1
545,0.0,0.0,545,0.0,1
545,0.0,0.0,545,0.0,1
545,0.0,0.0,545,0.0,1
545,0.0,0.0,545,0.0,1
545,0.0,0.0,545,0.0,1
545,0.0,0.0,545,0.0,1
545,0.0,0.0,545,0.0,1
545,0.0,0.0,545,0.0,1
165,0.0,0.0,165,0.0,1
545,0.0,0.0,545,0.0,1
545,0.0,0.0,545,0.0,1
545,0.0,0.0,545,0.0,1
545,0.0,0.0,545,0.0,1
545,0.0,0.0,545,0.0,1
545,0.0,0.0,545,0.0,1
545,0.0,0.0,545,0.0,1
545,0.0,0.0,545,0.0,1
545,0.0,0.0,545,0.0,1
11,0.0,0.0,11,0.0,1
545,0.0,0.0,545,0.0,1
545,0.0,0.0,545,0.0,1
545,0.0,0.0,545,0.0,1
545,0.0,0.0,545,0.0,1
545,0.0,0.0,545,0.0,1
545,0.0,0.0,545,0.0,1
545,0.0,0.0,545,0.0,1
545,0.0,0.0,545,0.0,1
545,0.0,0.0,545,0.0,1
141,0.0,0.0,141,0.0,1
545,0.0,0.0,545,0.0,1
545,0.0,0.0,545,0.0,1
545,0.0,0.0,545,0.0,1
545,0.0,0.0,545,0.0,1
545,0.0,0.0,545,0.0,1
545,0.0,0.0,545,0.0,1
545,0.0,0.0,545,0.0,1
545,0.0,0.0,545,0.0,1
545,0.0,0.0,545,0.0,1
83,0.0,0.0,83,0.0,1
545,0.0,0.0,545,0.0,1
545,0.0,0.0,545,0.0,1
545,0.0,0.0,545,0.0,1
545,0.0,0.0,545,0.0,1
545,0.0,0.0,545,0.0,1
545,0.0,0.0,545,0.0,1
545,0.0,0.0,545,0.0,1
545,0.0,0.0,545,0.0,1
545,0.0,0.0,545,0.0,1
496,0.0,0.0,496,0.0,1
545,0.0,0.0,545,0.0,1
545,0.0,0.0,545,0.0,1
545,0.0,0.0,545,0.0,1
545,0.0,0.0,545,0.0,1
545,0.0,0.0,545,0.0,1
545,0.0,0.0,545,0.0,1
545,0.0,0.0,545,0.0,1
545,0.0,0.0,545,0.0,1
545,0.0,0.0,545,0.0,1
528,0.0,0.0,528,0.0,1
545,0.0,0.0,545,0.0,1
545,0.0,0.0,545,0.0,1
545,0.0,0.0,545,0.0,1
545,0.0,0.0,545,0.0,1
545,0.0,0.0,545,0.0,1
545,0.0,0.0,545,0.0,1
545,0.0,0.0,545,0.0,1
545,0.0,0.0,545,0.0,1
545,0.0,0.0,545,0.0,1
545,0.0,0.0,545,0.0,1
89,0.0,0.0,89,0.0,1
545,0.0,0.0,545,0.0,1
545,0.0,0.0,545,0.0,1
545,0.0,0.0,545,0.0,1
545,0.0,0.0,545,0.0,1
545,0.0,0.0,545,0.0,1
545,0.0,0.0,545,0.0,1
545,0.0,0.0,545,0.0,1
545,0.0,0.0,545,0.0,1
545,0.0,0.0,545,0.0,1
474,0.0,0.0,474,0.0,1
545,0.0,0.0,545,0.0,1
545,0.0,0.0,545,0.0,1
545,0.0,0.0,545,0.0,1
545,0.0,0.0,545,0.0,1
545,0.0,0.0,545,0.0,1
545,0.0,0.0,545,0.0,1
545,0.0,0.0,545,0.0,1
545,0.0,0.0,545,0.0,1
545,0.0,0.0,545,0.0,1
283,0.0,0.0,283,0.0,1
545,0.0,0.0,545,0.0,1
545,0.0,0.0,545,0.0,1
545,0.0,0.0,545,0.0,1
545,0.0,0.0,545,0.0,1
545,0.0,0.0,545,0.0,1
545,0.0,0.0,545,0.0,1
545,0.0,0.0,545,0.0,1
545,0.0,0.0,545,0.0,1
545,0.0,0.0,545,0.0,1
17,0.0,0.0,17,0.0,1
545,0.0,0.0,545,0.0,1
545,0.0,0.0,545,0.0,1
545,0.0,0.0,545,0.0,1
545,0.0,0.0,545,0.0,1
545,0.0,0.0,545,0.0,1
545,0.0,0.0,545,0.0,1
545,0.0,0.0,545,0.0,1
545,0.0,0.0,545,0.0,1
545,0.0,0.0,545,0.0,1
99,0.0,0.0,99,0.0,1
545,0.0,0.0,545,0.0,1
545,0.0,0.0,545,0.0,1
545,0.0,0.0,545,0.0,1
545,0.0,0.0,545,0.0,1
545,0.0,0.0,545,0.0,1
545,0.0,0.0,545,0.0,1
545,0.0,0.0,545,0.0,1
545,0.0,0.0,545,0.0,1
396,0.0,0.0,396,0.0,1
545,0.0,0.0,545,0.0,1
545,0.0,0.0,545,0.0,1
545,0.0,0.0,545,0.0,1
545,0.0,0.0,545,0.0,1
545,0.0,0.0,545,0.0,1
545,0.0,0.0,545,0.0,1
545,0.0,0.0,545,0.0,1
216,0.0,0.0,216,0.0,1
545,645.3993699942624,27106.773539759026,545,0.0,1
448,0.0,0.0,448,0.0,1
545,613.8725938400329,25782.64894128138,545,0.0,1
545,0.0,0.0,545,0.0,1
56,0.0,0.0,56,0.0,1
545,0.0,0.0,545,0.0,1
256,0.0,0.0,256,0.0,1
545,645.3993699942624,27106.773539759026,545,0.0,1
545,0.0,0.0,545,0.0,1
545,0.0,0.0,545,0.0,1
545,0.0,0.0,545,0.0,1
313,0.0,0.0,313,0.0,1
545,613.8725938400329,25782.64894128138,545,0.0,1
545,0.0,0.0,545,0.0,1
545,0.0,0.0,545,0.0,1
545,0.0,0.0,545,0.0,1
463,0.0,0.0,463,0.0,1
545,645.3993699942624,27106.773539759026,545,0.0,1
545,0.0,0.0,545,0.0,1
545,0.0,0.0,545,0.0,1
545,0.0,0.0,545,0.0,1
545,0.0,0.0,545,0.0,1
545,0.0,0.0,545,0.0,1
545,0.0,0.0,545,0.0,1
254,0.0,0.0,254,0.0,1
545,613.8725938400329,25782.64894128138,545,0.0,1
545,0.0,0.0,545,0.0,1
545,0.0,0.0,545,0.0,1
545,0.0,0.0,545,0.0,1
545,0.0,0.0,545,0.0,1
545,0.0,0.0,545,0.0,1
545,0.0,0.0,545,0.0,1
402,0.0,0.0,402,0.0,1
545,645.3993699942624,27106.773539759026,545,0.0,1
545,0.0,0.0,545,0.0,1
545,0.0,0.0,545,0.0,1
545,0.0,0.0,545,0.0,1
545,0.0,0.0,545,0.0,1
545,0.0,0.0,545,0.0,1
545,0.0,0.0,545,0.0,1
545,0.0,0.0,545,0.0,1
545,0.0,0.0,545,0.0,1
545,0.0,0.0,545,0.0,1
167,0.0,0.0,167,0.0,1
545,613.8725938400329,25782.64894128138,545,0.0,1
545,0.0,0.0,545,0.0,1
545,0.0,0.0,545,0.0,1
545,0.0,0.0,545,0.0,1
545,0.0,0.0,545,0.0,1
545,0.0,0.0,545,0.0,1
545,0.0,0.0,545,0.0,1
545,0.0,0.0,545,0.0,1
545,0.0,0.0,545,0.0,1
545,0.0,0.0,545,0.0,1
318,0.0,0.0,318,0.0,1
545,613.8725938400329,25782.64894128138,545,0.0,1
545,0.0,0.0,545,0.0,1
545,0.0,0.0,545,0.0,1
545,0.0,0.0,545,0.0,1
545,0.0,0.0,545,0.0,1
545,0.0,0.0,545,0.0,1
545,0.0,0.0,545,0.0,1
545,0.0,0.0,545,0.0,1
545,0.0,0.0,545,0.0,1
545,0.0,0.0,545,0.0,1
545,0.0,0.0,545,0.0,1
545,0.0,0.0,545,0.0,1
301,0.0,0.0,301,0.0,1
545,613.8725938400329,25782.64894128138,545,0.0,1
545,0.0,0.0,545,0.0,1
545,0.0,0.0,545,0.0,1
545,0.0,0.0,545,0.0,1
545,0.0,0.0,545,0.0,1
545,0.0,0.0,545,0.0,1
545,0.0,0.0,545,0.0,1
545,0.0,0.0,545,0.0,1
545,0.0,0.0,545,0.0,1
545,0.0,0.0,545,0.0,1
545,0.0,0.0,545,0.0,1
545,0.0,0.0,545,0.0,1
545,0.0,0.0,545,0.0,1
545,0.0,0.0,545,0.0,1
545,0.0,0.0,545,0.0,1
240,0.0,0.0,240,0.0,1
545,0.0,0.0,545,0.0,1
545,0.0,0.0,545,0.0,1
545,0.0,0.0,545,0.0,1
545,0.0,0.0,545,0.0,1
545,0.0,0.0,545,0.0,1
545,0.0,0.0,545,0.0,1
545,0.0,0.0,545,0.0,1
545,0.0,0.0,545,0.0,1
545,0.0,0.0,545,0.0,1
545,0.0,0.0,545,0.0,1
545,0.0,0.0,545,0.0,1
545,0.0,0.0,545,0.0,1
545,0.0,0.0,545,0.0,1
545,0.0,0.0,545,0.0,1
545,0.0,0.0,545,0.0,1
545,0.0,0.0,545,0.0,1
545,0.0,0.0,545,0.0,1
295,0.0,0.0,295,0.0,1
545,0.0,0.0,545,0.0,1
545,0.0,0.0,545,0.0,1
545,0.0,0.0,545,0.0,1
545,0.0,0.0,545,0.0,1
545,0.0,0.0,545,0.0,1
545,0.0,0.0,545,0.0,1
545,0.0,0.0,545,0.0,1
545,0.0,0.0,545,0.0,1
545,0.0,0.0,545,0.0,1
545,0.0,0.0,545,0.0,1
545,0.0,0.0,545,0.0,1
545,0.0,0.0,545,0.0,1
545,0.0,0.0,545,0.0,1
545,0.0,0.0,545,0.0,1
545,0.0,0.0,545,0.0,1
545,0.0,0.0,545,0.0,1
122,0.0,0.0,122,0.0,1
545,0.0,0.0,545,0.0,1
545,0.0,0.0,545,0.0,1
545,0.0,0.0,545,0.0,1
545,0.0,0.0,545,0.0,1
545,0.0,0.0,545,0.0,1
545,0.0,0.0,545,0.0,1
545,0.0,0.0,545,0.0,1
545,0.0,0.0,545,0.0,1
545,0.0,0.0,545,0.0,1
545,0.0,0.0,545,0.0,1
545,0.0,0.0,545,0.0,1
545,0.0,0.0,545,0.0,1
545,0.0,0.0,545,0.0,1
545,0.0,0.0,545,0.0,1
545,0.0,0.0,545,0.0,1
395,0.0,0.0,395,0.0,1
545,0.0,0.0,545,0.0,1
545,0.0,0.0,545,0.0,1
545,0.0,0.0,545,0.0,1
545,0.0,0.0,545,0.0,1
545,0.0,0.0,545,0.0,1
545,0.0,0.0,545,0.0,1
545,0.0,0.0,545,0.0,1
545,0.0,0.0,545,0.0,1
545,0.0,0.0,545,0.0,1
545,0.0,0.0,545,0.0,1
545,0.0,0.0,545,0.0,1
545,0.0,0.0,545,0.0,1
545,0.0,0.0,545,0.0,1
545,0.0,0.0,545,0.0,1
87,0.0,0.0,87,0.0,1
545,0.0,0.0,545,0.0,1
545,0.0,0.0,545,0.0,1
545,0.0,0.0,545,0.0,1
545,0.0,0.0,545,0.0,1
545,0.0,0.0,545,0.0,1
545,0.0,0.0,545,0.0,1
545,0.0,0.0,545,0.0,1
545,0.0,0.0,545,0.0,1
545,0.0,0.0,545,0.0,1
545,0.0,0.0,545,0.0,1
545,0.0,0.0,545,0.0,1
545,0.0,0.0,545,0.0,1
545,0.0,0.0,545,0.0,1
78,0.0,0.0,78,0.0,1
545,0.0,0.0,545,0.0,1
545,0.0,0.0,545,0.0,1
545,0.0,0.0,545,0.0,1
288,0.0,0.0,288,0.0,1
545,0.0,0.0,545,0.0,1
545,0.0,0.0,545,0.0,1
545,0.0,0.0,545,0.0,1
545,0.0,0.0,545,0.0,1
545,0.0,0.0,545,0.0,1
157,0.0,0.0,157,0.0,1
545,0.0,0.0,545,0.0,1
545,0.0,0.0,545,0.0,1
545,0.0,0.0,545,0.0,1
545,0.0,0.0,545,0.0,1
545,0.0,0.0,545,0.0,1
545,0.0,0.0,545,0.0,1
518,0.0,0.0,518,0.0,1
545,0.0,0.0,545,0.0,1
545,0.0,0.0,545,0.0,1
545,0.0,0.0,545,0.0,1
545,0.0,0.0,545,0.0,1
545,0.0,0.0,545,0.0,1
545,0.0,0.0,545,0.0,1
545,0.0,0.0,545,0.0,1
545,0.0,0.0,545,0.0,1
339,0.0,0.0,339,0.0,1
545,0.0,0.0,545,0.0,1
545,0.0,0.0,545,0.0,1
545,0.0,0.0,545,0.0,1
545,0.0,0.0,545,0.0,1
545,0.0,0.0,545,0.0,1
545,0.0,0.0,545,0.0,1
545,0.0,0.0,545,0.0,1
545,0.0,0.0,545,0.0,1
545,0.0,0.0,545,0.0,1
243,0.0,0.0,243,0.0,1
545,0.0,0.0,545,0.0,1
270,0.0,0.0,270,0.0,1
545,0.0,0.0,545,0.0,1
545,0.0,0.0,545,0.0,1
545,0.0,0.0,545,0.0,1
545,0.0,0.0,545,0.0,1
545,0.0,0.0,545,0.0,1
545,0.0,0.0,545,0.0,1
545,0.0,0.0,545,0.0,1
545,0.0,0.0,545,0.0,1
545,0.0,0.0,545,0.0,1
545,0.0,0.0,545,0.0,1
545,0.0,0.0,545,0.0,1
190,0.0,0.0,190,0.0,1
534,0.3807047289890804,15.989598617541377,534,0.0,1
296,2.060947218062372,99.58642374730519,296,0.0,1
545,0.37687290884668007,15.82866217156056,545,0.0,1
481,0.13564353430653597,5.697028440874511,481,0.0,1
545,0.37687290884668007,15.82866217156056,545,0.0,1
545,0.13433191006429504,5.641940222700392,545,0.0,1
467,0.14548243726960788,6.110262365323532,467,0.0,1
545,1.5270165508864197,73.74111250152633,545,0.0,1
545,0.1473822670803959,6.517832237409421,545,0.0,1
167,0.13322025842794805,6.175136734185021,167,0.0,1
545,1.5270165508864197,73.74111250152633,545,0.0,1
545,0.1473822670803959,6.517832237409421,545,0.0,1
545,0.1689624220173425,7.919672269135427,545,0.0,1
214,0.09644644847553684,4.050750835972547,214,0.0,1
545,1.5270165508864197,73.74111250152633,545,0.0,1
545,0.1473822670803959,6.517832237409421,545,0.0,1
545,0.1689624220173425,7.919672269135427,545,0.0,1
545,0.08543403675190497,3.8702652427333137,545,0.0,1
214,0.0,0.0,214,0.0,1
545,1.5270165508864197,73.74111250152633,545,0.0,1
545,0.1473822670803959,6.517832237409421,545,0.0,1
545,0.1689624220173425,7.919672269135427,545,0.0,1
545,0.08543403675190497,3.8702652427333137,545,0.0,1
545,0.10444130910722166,5.255750069832673,545,0.0,1
331,0.05496497099293128,2.968108433618289,331,0.0,1
545,1.5270165508864197,73.74111250152633,545,0.0,1
545,0.1473822670803959,6.517832237409421,545,0.0,1
545,0.1689624220173425,7.919672269135427,545,0.0,1
545,0.08543403675190497,3.8702652427333137,545,0.0,1
545,0.10444130910722166,5.255750069832673,545,0.0,1
545,0.07405639542392017,3.9990453528916894,545,0.0,1
417,0.0,0.0,417,0.0,1
545,0.19397981991503332,8.872299646955364,545,0.0,1
545,0.12037448313476666,5.258360084904307,545,0.0,1
545,0.16375171734226734,7.590922163903077,545,0.0,1
545,0.06052254912880909,2.927773291940757,545,0.0,1
545,0.1127048114669146,5.732720581637865,545,0.0,1
545,0.06052254912880909,3.2682176529556908,545,0.0,1
545,0.06052254912880909,2.927773291940757,545,0.0,1
224,0.0,0.0,224,0.0,1
545,0.16375171734226734,7.590922163903077,545,0.0,1
545,0.1127048114669146,5.156815053913591,545,0.0,1
545,0.1127048114669146,5.547486705038562,545,0.0,1
545,0.06052254912880909,3.2682176529556908,545,0.0,1
545,0.042835293687811936,2.3131058591418445,545,0.0,1
545,0.06052254912880909,2.927773291940757,545,0.0,1
545,0.042835293687811936,2.3131058591418445,545,0.0,1
20,0.0,0.0,20,0.0,1
545,0.08543403675190497,3.8702652427333137,545,0.0,1
545,0.10444130910722166,5.255750069832673,545,0.0,1
545,0.07405639542392017,3.9990453528916894,545,0.0,1
545,0.042835293687811936,2.3131058591418445,545,0.0,1
545,0.06052254912880909,2.927773291940757,545,0.0,1
545,0.0,0.0,545,0.0,1
545,0.0,0.0,545,0.0,1
28,0.0,0.0,28,0.0,1
545,0.09542983679476028,4.728854144701066,545,0.0,1
545,0.08543403675190497,4.3798587236676525,545,0.0,1
545,0.06052254912880909,3.2682176529556908,545,0.0,1
545,0.06052254912880909,2.927773291940757,545,0.0,1
545,0.042835293687811936,2.3131058591418445,545,0.0,1
545,0.0,0.0,545,0.0,1
545,0.0,0.0,545,0.0,1
344,0.0,0.0,344,0.0,1
367,0.0,0.0,367,0.0,1
545,0.1127048114669146,5.732720581637865,545,0.0,1
545,0.06052254912880909,3.2682176529556908,545,0.0,1
545,0.06052254912880909,2.927773291940757,545,0.0,1
545,0.042835293687811936,2.3131058591418445,545,0.0,1
545,0.0,0.0,545,0.0,1
545,0.0,0.0,545,0.0,1
545,0.0,0.0,545,0.0,1
545,0.0,0.0,545,0.0,1
112,0.0,0.0,112,0.0,1
545,0.37687290884668007,15.82866217156056,545,0.0,1
545,0.13433191006429504,5.641940222700392,545,0.0,1
545,0.15890121223875045,6.673850914027518,545,0.0,1
462,272.8638156595896,11460.280257702763,462,0.0,1
115,0.0,0.0,115,0.0,1
223,0.0,0.0,223,0.0,1
545,0.07405639542392017,3.9990453528916894,545,0.0,1
545,0.0,0.0,545,0.0,1
545,0.06052254912880909,2.927773291940757,545,0.0,1
545,0.042835293687811936,2.3131058591418445,545,0.0,1
545,0.0,0.0,545,0.0,1
545,0.0,0.0,545,0.0,1
545,0.0,0.0,545,0.0,1
545,0.0,0.0,545,0.0,1
239,0.0,0.0,239,0.0,1
304,0.0,0.0,304,0.0,1
191,0.0,0.0,191,0.0,1
314,0.0,0.0,314,0.0,1
545,0.37687290884668007,15.82866217156056,545,0.0,1
545,0.13433191006429504,5.641940222700392,545,0.0,1
545,0.15890121223875045,6.673850914027518,545,0.0,1
545,251.22847156949624,10551.595805918842,545,0.0,1
545,0.0,0.0,545,0.0,1
43,0.0,0.0,43,0.0,1
545,0.042835293687811936,2.3131058591418445,545,0.0,1
545,0.06052254912880909,2.927773291940757,545,0.0,1
545,0.0,0.0,545,0.0,1
545,0.0,0.0,545,0.0,1
545,0.0,0.0,545,0.0,1
545,0.0,0.0,545,0.0,1
545,0.0,0.0,545,0.0,1
542,0.04295367795875578,2.319498609772812,542,0.0,1
3,0.0,0.0,3,0.0,1
489,0.0,0.0,489,0.0,1
545,0.37687290884668007,15.82866217156056,545,0.0,1
545,0.13433191006429504,5.641940222700392,545,0.0,1
545,0.15890121223875045,6.673850914027518,545,0.0,1
545,251.22847156949624,10551.595805918842,545,0.0,1
545,0.0,0.0,545,0.0,1
545,0.0,0.0,545,0.0,1
137,0.0,0.0,137,0.0,1
45,0.14907119849998596,6.260990336999412,45,0.0,1
354,0.0,0.0,354,0.0,1
45,0.14907119849998596,6.260990336999412,45,0.0,1
545,0.37687290884668007,15.82866217156056,545,0.0,1
545,0.13433191006429504,5.641940222700392,545,0.0,1
545,0.15890121223875045,6.673850914027518,545,0.0,1
545,251.22847156949624,10551.595805918842,545,0.0,1
545,0.0,0.0,545,0.0,1
545,0.0,0.0,545,0.0,1
545,0.0,0.0,545,0.0,1
178,0.0,0.0,178,0.0,1
342,0.05407380704358752,2.2710998958306754,342,0.0,1
545,0.14075676278926008,5.911784037148924,545,0.0,1
545,0.1643274408768919,6.90175251682946,545,0.0,1
545,251.22869703997958,10551.605275679141,545,0.0,1
545,0.0,0.0,545,0.0,1
545,0.0,0.0,545,0.0,1
545,0.0,0.0,545,0.0,1
545,0.0,0.0,545,0.0,1
71,0.0,0.0,71,0.0,1
545,251.22862189659995,10551.602119657196,545,0.0,1
545,0.0,0.0,545,0.0,1
545,0.0,0.0,545,0.0,1
545,0.0,0.0,545,0.0,1
545,0.0,0.0,545,0.0,1
545,0.0,0.0,545,0.0,1
279,0.0,0.0,279,0.0,1
545,251.228997479017,10551.617894118714,545,0.0,1
545,0.0,0.0,545,0.0,1
545,0.0,0.0,545,0.0,1
545,0.0,0.0,545,0.0,1
545,0.0,0.0,545,0.0,1
545,0.0,0.0,545,0.0,1
545,0.0,0.0,545,0.0,1
80,0.0,0.0,80,0.0,1
545,0.0,0.0,545,0.0,1
545,0.0,0.0,545,0.0,1
545,0.0,0.0,545,0.0,1
545,0.0,0.0,545,0.0,1
545,0.0,0.0,545,0.0,1
545,0.0,0.0,545,0.0,1
545,0.0,0.0,545,0.0,1
423,0.0,0.0,423,0.0,1
545,0.042835293687811936,2.3131058591418445,545,0.0,1
545,0.0,0.0,545,0.0,1
545,0.0,0.0,545,0.0,1
545,0.0,0.0,545,0.0,1
545,0.0,0.0,545,0.0,1
545,0.042835293687811936,2.3131058591418445,545,0.0,1
545,0.0,0.0,545,0.0,1
66,0.0,0.0,66,0.0,1
545,0.0,0.0,545,0.0,1
545,0.0,0.0,545,0.0,1
545,0.0,0.0,545,0.0,1
545,0.0,0.0,545,0.0,1
545,0.0,0.0,545,0.0,1
545,0.0,0.0,545,0.0,1
545,0.0,0.0,545,0.0,1
545,0.0,0.0,545,0.0,1
56,0.0,0.0,56,0.0,1
545,0.0,0.0,545,0.0,1
545,0.0,0.0,545,0.0,1
545,0.0,0.0,545,0.0,1
545,0.0,0.0,545,0.0,1
545,0.0,0.0,545,0.0,1
545,0.0,0.0,545,0.0,1
545,0.0,0.0,545,0.0,1
70,0.0,0.0,70,0.0,1
545,0.0,0.0,545,0.0,1
545,0.0,0.0,545,0.0,1
545,0.0,0.0,545,0.0,1
545,0.0,0.0,545,0.0,1
545,0.0,0.0,545,0.0,1
545,0.042835293687811936,2.3131058591418445,545,0.0,1
545,0.0,0.0,545,0.0,1
198,0.0,0.0,198,0.0,1
545,0.0,0.0,545,0.0,1
545,0.0,0.0,545,0.0,1
545,0.0,0.0,545,0.0,1
545,0.0,0.0,545,0.0,1
545,0.0,0.0,545,0.0,1
545,0.0,0.0,545,0.0,1
294,0.0,0.0,294,0.0,1
545,0.0,0.0,545,0.0,1
545,0.0,0.0,545,0.0,1
545,0.0,0.0,545,0.0,1
545,0.0,0.0,545,0.0,1
545,0.0,0.0,545,0.0,1
545,0.0,0.0,545,0.0,1
529,0.0,0.0,529,0.0,1
545,0.0,0.0,545,0.0,1
545,0.0,0.0,545,0.0,1
545,0.0,0.0,545,0.0,1
545,0.0,0.0,545,0.0,1
545,0.0,0.0,545,0.0,1
545,0.0,0.0,545,0.0,1
545,0.0,0.0,545,0.0,1
71,0.0,0.0,71,0.0,1
545,0.0,0.0,545,0.0,1
545,0.0,0.0,545,0.0,1
545,0.0,0.0,545,0.0,1
545,0.0,0.0,545,0.0,1
545,0.0,0.0,545,0.0,1
545,0.0,0.0,545,0.0,1
371,0.0,0.0,371,0.0,1
545,0.0,0.0,545,0.0,1
545,0.0,0.0,545,0.0,1
545,0.0,0.0,545,0.0,1
545,0.0,0.0,545,0.0,1
545,0.0,0.0,545,0.0,1
545,0.0,0.0,545,0.0,1
479,0.0,0.0,479,0.0,1
545,0.0,0.0,545,0.0,1
545,0.0,0.0,545,0.0,1
545,0.0,0.0,545,0.0,1
545,0.0,0.0,545,0.0,1
545,0.0,0.0,545,0.0,1
545,0.0,0.0,545,0.0,1
516,0.0,0.0,516,0.0,1
545,0.0,0.0,545,0.0,1
545,0.0,0.0,545,0.0,1
545,0.0,0.0,545,0.0,1
545,0.0,0.0,545,0.0,1
545,0.0,0.0,545,0.0,1
545,0.0,0.0,545,0.0,1
545,0.0,0.0,545,0.0,1
92,0.0,0.0,92,0.0,1
545,0.0,0.0,545,0.0,1
545,0.0,0.0,545,0.0,1
545,0.0,0.0,545,0.0,1
545,0.0,0.0,545,0.0,1
545,0.0,0.0,545,0.0,1
545,0.0,0.0,545,0.0,1
545,0.0,0.0,545,0.0,1
123,0.0,0.0,123,0.0,1
545,0.0,0.0,545,0.0,1
545,0.0,0.0,545,0.0,1
545,0.0,0.0,545,0.0,1
545,0.0,0.0,545,0.0,1
545,0.0,0.0,545,0.0,1
545,0.0,0.0,545,0.0,1
545,0.0,0.0,545,0.0,1
153,0.0,0.0,153,0.0,1
545,0.0,0.0,545,0.0,1
545,0.0,0.0,545,0.0,1
545,0.0,0.0,545,0.0,1
545,0.0,0.0,545,0.0,1
545,0.0,0.0,545,0.0,1
545,0.0,0.0,545,0.0,1
545,0.0,0.0,545,0.0,1
476,0.0,0.0,476,0.0,1
545,0.0,0.0,545,0.0,1
545,0.0,0.0,545,0.0,1
545,0.0,0.0,545,0.0,1
545,0.0,0.0,545,0.0,1
545,0.0,0.0,545,0.0,1
545,0.0,0.0,545,0.0,1
545,0.0,0.0,545,0.0,1
179,0.0,0.0,179,0.0,1
508,285.0189108244557,15391.021184520612,508,0.0,1
379,0.0,0.0,379,0.0,1
545,275.17392665050386,14859.39203912721,545,0.0,1
521,0.0,0.0,521,0.0,1
545,275.17392665050386,14859.39203912721,545,0.0,1
545,0.0,0.0,545,0.0,1
545,0.0,0.0,545,0.0,1
103,0.0,0.0,103,0.0,1
545,275.17392665050386,14859.39203912721,545,0.0,1
545,0.0,0.0,545,0.0,1
545,0.0,0.0,545,0.0,1
545,0.0,0.0,545,0.0,1
195,0.0,0.0,195,0.0,1
545,275.17392665050386,14859.39203912721,545,0.0,1
545,0.0,0.0,545,0.0,1
545,0.0,0.0,545,0.0,1
545,0.0,0.0,545,0.0,1
545,0.0,0.0,545,0.0,1
238,0.0,0.0,238,0.0,1
545,275.17392665050386,14859.39203912721,545,0.0,1
545,0.0,0.0,545,0.0,1
545,0.0,0.0,545,0.0,1
545,0.0,0.0,545,0.0,1
545,0.0,0.0,545,0.0,1
545,0.0,0.0,545,0.0,1
285,0.0,0.0,285,0.0,1
545,0.0,0.0,545,0.0,1
545,0.0,0.0,545,0.0,1
545,0.0,0.0,545,0.0,1
545,0.0,0.0,545,0.0,1
545,0.0,0.0,545,0.0,1
545,0.0,0.0,545,0.0,1
299,0.0,0.0,299,0.0,1
545,0.0,0.0,545,0.0,1
545,0.0,0.0,545,0.0,1
545,0.0,0.0,545,0.0,1
545,0.0,0.0,545,0.0,1
545,0.0,0.0,545,0.0,1
545,0.0,0.0,545,0.0,1
545,0.0,0.0,545,0.0,1
96,0.0,0.0,96,0.0,1
545,0.0,0.0,545,0.0,1
545,0.0,0.0,545,0.0,1
545,0.0,0.0,545,0.0,1
545,0.0,0.0,545,0.0,1
545,0.0,0.0,545,0.0,1
545,0.0,0.0,545,0.0,1
545,0.0,0.0,545,0.0,1
441,0.0,0.0,441,0.0,1
545,0.0,0.0,545,0.0,1
545,0.0,0.0,545,0.0,1
545,0.0,0.0,545,0.0,1
545,0.0,0.0,545,0.0,1
545,0.0,0.0,545,0.0,1
545,0.0,0.0,545,0.0,1
545,0.0,0.0,545,0.0,1
545,0.0,0.0,545,0.0,1
82,0.0,0.0,82,0.0,1
545,0.0,0.0,545,0.0,1
545,0.0,0.0,545,0.0,1
545,0.0,0.0,545,0.0,1
545,0.0,0.0,545,0.0,1
545,0.0,0.0,545,0.0,1
545,0.0,0.0,545,0.0,1
545,0.0,0.0,545,0.0,1
185,0.0,0.0,185,0.0,1
545,0.0,0.0,545,0.0,1
545,0.0,0.0,545,0.0,1
545,0.0,0.0,545,0.0,1
545,0.0,0.0,545,0.0,1
545,0.0,0.0,545,0.0,1
545,0.0,0.0,545,0.0,1
347,0.0,0.0,347,0.0,1
545,0.0,0.0,545,0.0,1
545,0.0,0.0,545,0.0,1
545,0.0,0.0,545,0.0,1
545,0.0,0.0,545,0.0,1
545,0.0,0.0,545,0.0,1
545,0.0,0.0,545,0.0,1
511,0.0,0.0,511,0.0,1
545,0.0,0.0,545,0.0,1
545,0.0,0.0,545,0.0,1
545,0.0,0.0,545,0.0,1
545,0.0,0.0,545,0.0,1
545,0.0,0.0,545,0.0,1
545,0.0,0.0,545,0.0,1
545,0.0,0.0,545,0.0,1
123,0.0,0.0,123,0.0,1
545,0.0,0.0,545,0.0,1
545,0.0,0.0,545,0.0,1
545,0.0,0.0,545,0.0,1
545,0.0,0.0,545,0.0,1
545,0.0,0.0,545,0.0,1
545,0.0,0.0,545,0.0,1
474,0.0,0.0,474,0.0,1
545,0.0,0.0,545,0.0,1
545,0.0,0.0,545,0.0,1
545,0.0,0.0,545,0.0,1
545,0.0,0.0,545,0.0,1
545,0.0,0.0,545,0.0,1
545,0.0,0.0,545,0.0,1
486,0.0,0.0,486,0.0,1
545,0.0,0.0,545,0.0,1
545,0.0,0.0,545,0.0,1
545,0.0,0.0,545,0.0,1
545,0.0,0.0,545,0.0,1
545,0.0,0.0,545,0.0,1
545,0.0,0.0,545,0.0,1
512,0.0,0.0,512,0.0,1
545,0.0,0.0,545,0.0,1
545,0.0,0.0,545,0.0,1
545,0.0,0.0,545,0.0,1
545,0.0,0.0,545,0.0,1
545,0.0,0.0,545,0.0,1
545,0.0,0.0,545,0.0,1
545,0.0,0.0,545,0.0,1
108,0.0,0.0,108,0.0,1
545,0.0,0.0,545,0.0,1
545,0.0,0.0,545,0.0,1
545,0.0,0.0,545,0.0,1
545,0.0,0.0,545,0.0,1
545,0.0,0.0,545,0.0,1
545,0.0,0.0,545,0.0,1
545,0.0,0.0,545,0.0,1
138,0.0,0.0,138,0.0,1
527,0.0,0.0,527,0.0,1
545,0.0,0.0,545,0.0,1
545,0.0,0.0,545,0.0,1
80,0.0,0.0,80,0.0,1
545,0.0,0.0,545,0.0,1
545,0.0,0.0,545,0.0,1
545,0.0,0.0,545,0.0,1
62,0.0,0.0,62,0.0,1
545,0.0,0.0,545,0.0,1
545,0.0,0.0,545,0.0,1
456,0.0,0.0,456,0.0,1
545,0.0,0.0,545,0.0,1
545,0.0,0.0,545,0.0,1
545,0.0,0.0,545,0.0,1
182,0.0,0.0,182,0.0,1
545,0.0,0.0,545,0.0,1
455,0.0,0.0,455,0.0,1
545,0.0,0.0,545,0.0,1
545,0.0,0.0,545,0.0,1
545,0.0,0.0,545,0.0,1
410,0.0,0.0,410,0.0,1
545,0.0,0.0,545,0.0,1
545,0.0,0.0,545,0.0,1
545,0.0,0.0,545,0.0,1
545,0.0,0.0,545,0.0,1
545,0.0,0.0,545,0.0,1
296,0.0,0.0,296,0.0,1
545,0.0,0.0,545,0.0,1
545,0.0,0.0,545,0.0,1
545,0.0,0.0,545,0.0,1
545,0.0,0.0,545,0.0,1
545,0.0,0.0,545,0.0,1
545,0.0,0.0,545,0.0,1
95,0.0,0.0,95,0.0,1
545,0.0,0.0,545,0.0,1
545,0.0,0.0,545,0.0,1
545,0.0,0.0,545,0.0,1
545,0.0,0.0,545,0.0,1
545,0.0,0.0,545,0.0,1
545,0.0,0.0,545,0.0,1
545,0.0,0.0,545,0.0,1
166,0.0,0.0,166,0.0,1
545,0.0,0.0,545,0.0,1
545,0.0,0.0,545,0.0,1
545,0.0,0.0,545,0.0,1
545,0.0,0.0,545,0.0,1
545,0.0,0.0,545,0.0,1
545,0.0,0.0,545,0.0,1
545,0.0,0.0,545,0.0,1
545,0.0,0.0,545,0.0,1
173,0.0,0.0,173,0.0,1
545,0.0,0.0,545,0.0,1
545,0.0,0.0,545,0.0,1
545,0.0,0.0,545,0.0,1
545,0.0,0.0,545,0.0,1
545,0.0,0.0,545,0.0,1
545,0.0,0.0,545,0.0,1
545,0.0,0.0,545,0.0,1
291,0.0,0.0,291,0.0,1
404,0.0,0.0,404,0.0,1
545,0.0,0.0,545,0.0,1
545,0.0,0.0,545,0.0,1
545,0.0,0.0,545,0.0,1
545,0.0,0.0,545,0.0,1
545,0.0,0.0,545,0.0,1
545,0.0,0.0,545,0.0,1
545,0.0,0.0,545,0.0,1
545,0.0,0.0,545,0.0,1
545,0.0,0.0,545,0.0,1
268,0.0,0.0,268,0.0,1
404,0.0,0.0,404,0.0,1
545,0.0,0.0,545,0.0,1
545,0.0,0.0,545,0.0,1
545,0.0,0.0,545,0.0,1
545,0.0,0.0,545,0.0,1
545,0.0,0.0,545,0.0,1
545,0.0,0.0,545,0.0,1
545,0.0,0.0,545,0.0,1
492,0.0,0.0,492,0.0,1
273,0.0,0.0,273,0.0,1
545,0.0,0.0,545,0.0,1
545,0.0,0.0,545,0.0,1
545,0.0,0.0,545,0.0,1
545,0.0,0.0,545,0.0,1
545,0.0,0.0,545,0.0,1
545,0.0,0.0,545,0.0,1
545,0.0,0.0,545,0.0,1
545,0.0,0.0,545,0.0,1
245,0.0,0.0,245,0.0,1
167,0.0,0.0,167,0.0,1
545,0.0,0.0,545,0.0,1
545,0.0,0.0,545,0.0,1
545,0.0,0.0,545,0.0,1
545,0.0,0.0,545,0.0,1
545,0.0,0.0,545,0.0,1
545,0.0,0.0,545,0.0,1
545,0.0,0.0,545,0.0,1
545,0.0,0.0,545,0.0,1
545,0.0,0.0,545,0.0,1
301,0.0,0.0,301,0.0,1
125,0.0,0.0,125,0.0,1
545,0.0,0.0,545,0.0,1
545,0.0,0.0,545,0.0,1
545,0.0,0.0,545,0.0,1
545,0.0,0.0,545,0.0,1
545,0.0,0.0,545,0.0,1
545,0.0,0.0,545,0.0,1
545,0.0,0.0,545,0.0,1
545,0.0,0.0,545,0.0,1
545,0.0,0.0,545,0.0,1
363,0.0,0.0,363,0.0,1
545,0.0,0.0,545,0.0,1
545,0.0,0.0,545,0.0,1
545,0.0,0.0,545,0.0,1
545,0.0,0.0,545,0.0,1
545,0.0,0.0,545,0.0,1
545,0.0,0.0,545,0.0,1
545,0.0,0.0,545,0.0,1
545,0.0,0.0,545,0.0,1
545,0.0,0.0,545,0.0,1
543,0.0,0.0,543,0.0,1
100,0.0,0.0,100,0.0,1
545,0.0,0.0,545,0.0,1
545,0.0,0.0,545,0.0,1
545,0.0,0.0,545,0.0,1
545,0.0,0.0,545,0.0,1
545,0.0,0.0,545,0.0,1
545,0.0,0.0,545,0.0,1
545,0.0,0.0,545,0.0,1
545,0.0,0.0,545,0.0,1
545,0.0,0.0,545,0.0,1
352,0.0,0.0,352,0.0,1
545,0.0,0.0,545,0.0,1
545,0.0,0.0,545,0.0,1
545,0.0,0.0,545,0.0,1
545,0.0,0.0,545,0.0,1
545,0.042835293687811936,2.3131058591418445,545,0.0,1
545,0.0,0.0,545,0.0,1
545,0.0,0.0,545,0.0,1
311,0.0,0.0,311,0.0,1
545,0.0,0.0,545,0.0,1
545,0.0,0.0,545,0.0,1
545,0.0,0.0,545,0.0,1
545,0.0,0.0,545,0.0,1
545,0.0,0.0,545,0.0,1
545,0.0,0.0,545,0.0,1
545,0.0,0.0,545,0.0,1
545,0.0,0.0,545,0.0,1
545,0.0,0.0,545,0.0,1
545,0.0,0.0,545,0.0,1
281,0.0,0.0,281,0.0,1
545,0.0,0.0,545,0.0,1
545,0.0,0.0,545,0.0,1
545,0.0,0.0,545,0.0,1
545,0.0,0.0,545,0.0,1
545,0.0,0.0,545,0.0,1
545,0.0,0.0,545,0.0,1
545,0.0,0.0,545,0.0,1
545,0.0,0.0,545,0.0,1
410,0.0,0.0,410,0.0,1
545,0.0,0.0,545,0.0,1
545,0.0,0.0,545,0.0,1
545,0.0,0.0,545,0.0,1
545,0.0,0.0,545,0.0,1
545,0.0,0.0,545,0.0,1
545,0.0,0.0,545,0.0,1
545,0.0,0.0,545,0.0,1
545,0.0,0.0,545,0.0,1
545,0.0,0.0,545,0.0,1
545,0.0,0.0,545,0.0,1
545,0.0,0.0,545,0.0,1
319,0.0,0.0,319,0.0,1
100,0.0,0.0,100,0.0,1
545,0.0,0.0,545,0.0,1
545,0.0,0.0,545,0.0,1
545,0.0,0.0,545,0.0,1
545,0.0,0.0,545,0.0,1
545,0.0,0.0,545,0.0,1
545,0.0,0.0,545,0.0,1
545,0.0,0.0,545,0.0,1
545,0.0,0.0,545,0.0,1
361,0.0,0.0,361,0.0,1
78,0.0,0.0,78,0.0,1
545,0.0,0.0,545,0.0,1
545,0.0,0.0,545,0.0,1
545,0.0,0.0,545,0.0,1
545,0.0,0.0,545,0.0,1
545,0.0,0.0,545,0.0,1
545,0.0,0.0,545,0.0,1
545,0.0,0.0,545,0.0,1
321,0.0,0.0,321,0.0,1
545,0.0,0.0,545,0.0,1
545,0.0,0.0,545,0.0,1
545,0.0,0.0,545,0.0,1
545,0.0,0.0,545,0.0,1
545,0.0,0.0,545,0.0,1
545,0.0,0.0,545,0.0,1
545,0.0,0.0,545,0.0,1
545,0.0,0.0,545,0.0,1
545,0.0,0.0,545,0.0,1
545,0.0,0.0,545,0.0,1
545,0.0,0.0,545,0.0,1
545,0.0,0.0,545,0.0,1
310,0.0,0.0,310,0.0,1
545,0.0,0.0,545,0.0,1
545,0.0,0.0,545,0.0,1
545,0.0,0.0,545,0.0,1
545,0.0,0.0,545,0.0,1
545,0.0,0.0,545,0.0,1
545,0.0,0.0,545,0.0,1
545,0.0,0.0,545,0.0,1
149,0.0,0.0,149,0.0,1
545,0.0,0.0,545,0.0,1
545,0.0,0.0,545,0.0,1
545,0.0,0.0,545,0.0,1
545,0.0,0.0,545,0.0,1
545,0.0,0.0,545,0.0,1
545,0.0,0.0,545,0.0,1
462,0.0,0.0,462,0.0,1
88,0.0,0.0,88,0.0,1
545,0.0,0.0,545,0.0,1
545,0.0,0.0,545,0.0,1
545,0.0,0.0,545,0.0,1
545,0.0,0.0,545,0.0,1
545,0.0,0.0,545,0.0,1
545,0.0,0.0,545,0.0,1
545,0.0,0.0,545,0.0,1
545,0.0,0.0,545,0.0,1
545,0.0,0.0,545,0.0,1
545,0.0,0.0,545,0.0,1
545,0.0,0.0,545,0.0,1
545,0.0,0.0,545,0.0,1
545,0.0,0.0,545,0.0,1
468,0.0,0.0,468,0.0,1
75,0.0,0.0,75,0.0,1
545,0.0,0.0,545,0.0,1
545,0.0,0.0,545,0.0,1
545,0.0,0.0,545,0.0,1
545,0.0,0.0,545,0.0,1
545,0.0,0.0,545,0.0,1
545,0.0,0.0,545,0.0,1
545,0.0,0.0,545,0.0,1
68,0.0,0.0,68,0.0,1
545,0.0,0.0,545,0.0,1
545,0.0,0.0,545,0.0,1
545,0.0,0.0,545,0.0,1
545,0.0,0.0,545,0.0,1
545,0.0,0.0,545,0.0,1
545,0.0,0.0,545,0.0,1
422,0.0,0.0,422,0.0,1
75,0.0,0.0,75,0.0,1
545,0.0,0.0,545,0.0,1
545,0.0,0.0,545,0.0,1
545,0.0,0.0,545,0.0,1
545,0.0,0.0,545,0.0,1
545,0.0,0.0,545,0.0,1
545,0.0,0.0,545,0.0,1
281,0.0,0.0,281,0.0,1
75,0.0,0.0,75,0.0,1
545,0.0,0.0,545,0.0,1
545,0.0,0.0,545,0.0,1
545,0.0,0.0,545,0.0,1
545,0.0,0.0,545,0.0,1
545,0.0,0.0,545,0.0,1
534,0.0,0.0,534,0.0,1
545,0.0,0.0,545,0.0,1
545,0.0,0.0,545,0.0,1
545,0.0,0.0,545,0.0,1
545,0.0,0.0,545,0.0,1
545,0.0,0.0,545,0.0,1
545,0.0,0.0,545,0.0,1
545,0.0,0.0,545,0.0,1
545,0.0,0.0,545,0.0,1
545,0.0,0.0,545,0.0,1
545,0.0,0.0,545,0.0,1
545,0.0,0.0,545,0.0,1
545,0.0,0.0,545,0.0,1
545,0.0,0.0,545,0.0,1
545,0.0,0.0,545,0.0,1
276,0.0,0.0,276,0.0,1
545,0.0,0.0,545,0.0,1
545,0.0,0.0,545,0.0,1
545,0.0,0.0,545,0.0,1
545,0.0,0.0,545,0.0,1
545,0.0,0.0,545,0.0,1
520,0.0,0.0,520,0.0,1
67,0.0,0.0,67,0.0,1
545,0.0,0.0,545,0.0,1
545,0.0,0.0,545,0.0,1
545,0.0,0.0,545,0.0,1
545,0.0,0.0,545,0.0,1
545,0.0,0.0,545,0.0,1
392,0.0,0.0,392,0.0,1
545,0.0,0.0,545,0.0,1
545,0.0,0.0,545,0.0,1
545,0.0,0.0,545,0.0,1
545,0.0,0.0,545,0.0,1
545,0.0,0.0,545,0.0,1
545,0.0,0.0,545,0.0,1
545,0.0,0.0,545,0.0,1
545,0.0,0.0,545,0.0,1
545,0.0,0.0,545,0.0,1
545,0.0,0.0,545,0.0,1
545,0.0,0.0,545,0.0,1
545,0.0,0.0,545,0.0,1
545,0.0,0.0,545,0.0,1
545,0.0,0.0,545,0.0,1
545,0.0,0.0,545,0.0,1
114,0.0,0.0,114,0.0,1
545,0.0,0.0,545,0.0,1
545,0.0,0.0,545,0.0,1
545,0.0,0.0,545,0.0,1
545,0.0,0.0,545,0.0,1
545,0.0,0.0,545,0.0,1
545,0.0,0.0,545,0.0,1
545,0.0,0.0,545,0.0,1
545,0.0,0.0,545,0.0,1
545,0.0,0.0,545,0.0,1
545,0.0,0.0,545,0.0,1
545,0.0,0.0,545,0.0,1
545,0.0,0.0,545,0.0,1
545,0.0,0.0,545,0.0,1
545,0.0,0.0,545,0.0,1
545,0.0,0.0,545,0.0,1
545,0.0,0.0,545,0.0,1
41,0.0,0.0,41,0.0,1
545,0.0,0.0,545,0.0,1
545,0.0,0.0,545,0.0,1
545,0.0,0.0,545,0.0,1
545,0.0,0.0,545,0.0,1
545,0.0,0.0,545,0.0,1
545,0.0,0.0,545,0.0,1
545,0.0,0.0,545,0.0,1
545,0.0,0.0,545,0.0,1
545,0.0,0.0,545,0.0,1
545,0.0,0.0,545,0.0,1
545,0.0,0.0,545,0.0,1
545,0.0,0.0,545,0.0,1
545,0.0,0.0,545,0.0,1
545,0.0,0.0,545,0.0,1
545,0.0,0.0,545,0.0,1
545,0.0,0.0,545,0.0,1
545,0.0,0.0,545,0.0,1
119,0.0,0.0,119,0.0,1
545,0.0,0.0,545,0.0,1
545,0.0,0.0,545,0.0,1
545,0.0,0.0,545,0.0,1
545,0.0,0.0,545,0.0,1
545,0.0,0.0,545,0.0,1
545,0.0,0.0,545,0.0,1
545,0.0,0.0,545,0.0,1
545,0.0,0.0,545,0.0,1
545,0.0,0.0,545,0.0,1
545,0.0,0.0,545,0.0,1
545,0.0,0.0,545,0.0,1
545,0.0,0.0,545,0.0,1
545,0.0,0.0,545,0.0,1
545,0.0,0.0,545,0.0,1
545,0.0,0.0,545,0.0,1
545,0.0,0.0,545,0.0,1
545,0.0,0.0,545,0.0,1
545,0.0,0.0,545,0.0,1
122,0.0,0.0,122,0.0,1
545,0.0,0.0,545,0.0,1
545,0.0,0.0,545,0.0,1
545,0.0,0.0,545,0.0,1
545,0.0,0.0,545,0.0,1
545,0.0,0.0,545,0.0,1
545,0.0,0.0,545,0.0,1
545,0.0,0.0,545,0.0,1
545,0.0,0.0,545,0.0,1
545,0.0,0.0,545,0.0,1
545,0.0,0.0,545,0.0,1
545,0.0,0.0,545,0.0,1
545,0.0,0.0,545,0.0,1
545,0.0,0.0,545,0.0,1
545,0.0,0.0,545,0.0,1
545,0.0,0.0,545,0.0,1
545,0.0,0.0,545,0.0,1
545,0.0,0.0,545,0.0,1
545,0.0,0.0,545,0.0,1
449,0.0,0.0,449,0.0,1
545,0.0,0.0,545,0.0,1
545,0.0,0.0,545,0.0,1
545,0.0,0.0,545,0.0,1
545,0.0,0.0,545,0.0,1
545,0.0,0.0,545,0.0,1
545,0.0,0.0,545,0.0,1
545,0.0,0.0,545,0.0,1
545,0.0,0.0,545,0.0,1
545,0.0,0.0,545,0.0,1
545,0.0,0.0,545,0.0,1
545,0.0,0.0,545,0.0,1
545,0.0,0.0,545,0.0,1
545,0.0,0.0,545,0.0,1
545,0.0,0.0,545,0.0,1
545,0.0,0.0,545,0.0,1
545,0.0,0.0,545,0.0,1
545,0.0,0.0,545,0.0,1
545,0.0,0.0,545,0.0,1
545,0.0,0.0,545,0.0,1
150,0.0,0.0,150,0.0,1
545,0.0,0.0,545,0.0,1
545,0.0,0.0,545,0.0,1
545,0.0,0.0,545,0.0,1
545,0.0,0.0,545,0.0,1
545,0.0,0.0,545,0.0,1
545,0.0,0.0,545,0.0,1
545,0.0,0.0,545,0.0,1
545,0.0,0.0,545,0.0,1
545,0.0,0.0,545,0.0,1
545,0.0,0.0,545,0.0,1
545,0.0,0.0,545,0.0,1
545,0.0,0.0,545,0.0,1
545,0.0,0.0,545,0.0,1
545,0.0,0.0,545,0.0,1
545,0.0,0.0,545,0.0,1
545,0.0,0.0,545,0.0,1
545,0.0,0.0,545,0.0,1
545,0.0,0.0,545,0.0,1
545,0.0,0.0,545,0.0,1
113,0.0,0.0,113,0.0,1
545,0.0,0.0,545,0.0,1
545,0.0,0.0,545,0.0,1
545,0.0,0.0,545,0.0,1
545,0.0,0.0,545,0.0,1
545,0.0,0.0,545,0.0,1
545,0.0,0.0,545,0.0,1
545,0.0,0.0,545,0.0,1
545,0.0,0.0,545,0.0,1
545,0.0,0.0,545,0.0,1
545,0.0,0.0,545,0.0,1
545,0.0,0.0,545,0.0,1
545,0.0,0.0,545,0.0,1
545,0.0,0.0,545,0.0,1
545,0.0,0.0,545,0.0,1
545,0.0,0.0,545,0.0,1
545,0.0,0.0,545,0.0,1
545,0.0,0.0,545,0.0,1
545,0.0,0.0,545,0.0,1
545,0.0,0.0,545,0.0,1
545,0.0,0.0,545,0.0,1
545,0.0,0.0,545,0.0,1
545,0.0,0.0,545,0.0,1
160,0.0,0.0,160,0.0,1
545,0.0,0.0,545,0.0,1
545,0.0,0.0,545,0.0,1
383,0.0,0.0,383,0.0,1
545,0.0,0.0,545,0.0,1
545,0.0,0.0,545,0.0,1
545,0.0,0.0,545,0.0,1
545,0.0,0.0,545,0.0,1
545,0.0,0.0,545,0.0,1
545,0.0,0.0,545,0.0,1
545,0.0,0.0,545,0.0,1
545,0.0,0.0,545,0.0,1
545,0.0,0.0,545,0.0,1
545,0.0,0.0,545,0.0,1
545,0.0,0.0,545,0.0,1
545,0.0,0.0,545,0.0,1
545,0.0,0.0,545,0.0,1
545,0.0,0.0,545,0.0,1
545,0.0,0.0,545,0.0,1
545,0.0,0.0,545,0.0,1
545,0.0,0.0,545,0.0,1
545,0.0,0.0,545,0.0,1
545,0.0,0.0,545,0.0,1
545,0.0,0.0,545,0.0,1
161,0.0,0.0,161,0.0,1
545,0.0,0.0,545,0.0,1
545,0.0,0.0,545,0.0,1
545,0.0,0.0,545,0.0,1
545,0.0,0.0,545,0.0,1
545,0.0,0.0,545,0.0,1
545,0.0,0.0,545,0.0,1
545,0.0,0.0,545,0.0,1
545,0.0,0.0,545,0.0,1
545,0.0,0.0,545,0.0,1
545,0.0,0.0,545,0.0,1
545,0.0,0.0,545,0.0,1
545,0.0,0.0,545,0.0,1
545,0.0,0.0,545,0.0,1
545,0.0,0.0,545,0.0,1
545,0.0,0.0,545,0.0,1
545,0.0,0.0,545,0.0,1
545,0.0,0.0,545,0.0,1
545,0.0,0.0,545,0.0,1
545,0.0,0.0,545,0.0,1
545,0.0,0.0,545,0.0,1
545,0.0,0.0,545,0.0,1
269,0.0,0.0,269,0.0,1
545,0.0,0.0,545,0.0,1
545,0.0,0.0,545,0.0,1
545,0.0,0.0,545,0.0,1
545,0.0,0.0,545,0.0,1
545,0.0,0.0,545,0.0,1
545,0.0,0.0,545,0.0,1
545,0.0,0.0,545,0.0,1
545,0.0,0.0,545,0.0,1
545,0.0,0.0,545,0.0,1
545,0.0,0.0,545,0.0,1
545,0.0,0.0,545,0.0,1
545,0.0,0.0,545,0.0,1
545,0.0,0.0,545,0.0,1
545,0.0,0.0,545,0.0,1
545,0.0,0.0,545,0.0,1
545,0.0,0.0,545,0.0,1
545,0.0,0.0,545,0.0,1
545,0.0,0.0,545,0.0,1
545,0.0,0.0,545,0.0,1
545,0.0,0.0,545,0.0,1
74,0.0,0.0,74,0.0,1
545,0.0,0.0,545,0.0,1
302,0.0,0.0,302,0.0,1
545,0.0,0.0,545,0.0,1
545,0.0,0.0,545,0.0,1
545,0.0,0.0,545,0.0,1
545,0.0,0.0,545,0.0,1
545,0.0,0.0,545,0.0,1
545,0.0,0.0,545,0.0,1
545,0.0,0.0,545,0.0,1
545,0.0,0.0,545,0.0,1
545,0.0,0.0,545,0.0,1
545,0.0,0.0,545,0.0,1
545,0.0,0.0,545,0.0,1
545,0.0,0.0,545,0.0,1
545,0.0,0.0,545,0.0,1
545,0.0,0.0,545,0.0,1
545,0.0,0.0,545,0.0,1
545,0.0,0.0,545,0.0,1
545,0.0,0.0,545,0.0,1
545,0.0,0.0,545,0.0,1
545,0.0,0.0,545,0.0,1
545,0.0,0.0,545,0.0,1
545,0.0,0.0,545,0.0,1
393,0.0,0.0,393,0.0,1
545,0.0,0.0,545,0.0,1
545,0.0,0.0,545,0.0,1
545,0.0,0.0,545,0.0,1
545,0.0,0.0,545,0.0,1
545,0.0,0.0,545,0.0,1
545,0.0,0.0,545,0.0,1
545,0.0,0.0,545,0.0,1
545,0.0,0.0,545,0.0,1
545,0.0,0.0,545,0.0,1
545,0.0,0.0,545,0.0,1
545,0.0,0.0,545,0.0,1
545,0.0,0.0,545,0.0,1
545,0.0,0.0,545,0.0,1
545,0.0,0.0,545,0.0,1
545,0.0,0.0,545,0.0,1
545,0.0,0.0,545,0.0,1
545,0.0,0.0,545,0.0,1
545,0.0,0.0,545,0.0,1
545,0.0,0.0,545,0.0,1
545,0.0,0.0,545,0.0,1
545,0.0,0.0,545,0.0,1
393,0.0,0.0,393,0.0,1
545,0.0,0.0,545,0.0,1
545,0.0,0.0,545,0.0,1
545,0.0,0.0,545,0.0,1
545,0.0,0.0,545,0.0,1
545,0.0,0.0,545,0.0,1
545,0.0,0.0,545,0.0,1
545,0.0,0.0,545,0.0,1
545,0.0,0.0,545,0.0,1
545,0.0,0.0,545,0.0,1
545,0.0,0.0,545,0.0,1
545,0.0,0.0,545,0.0,1
545,0.0,0.0,545,0.0,1
545,0.0,0.0,545,0.0,1
545,0.0,0.0,545,0.0,1
545,0.0,0.0,545,0.0,1
545,0.0,0.0,545,0.0,1
545,0.0,0.0,545,0.0,1
545,0.0,0.0,545,0.0,1
545,0.0,0.0,545,0.0,1
545,0.0,0.0,545,0.0,1
545,0.0,0.0,545,0.0,1
393,0.0,0.0,393,0.0,1
545,0.0,0.0,545,0.0,1
545,0.0,0.0,545,0.0,1
545,0.0,0.0,545,0.0,1
545,0.0,0.0,545,0.0,1
545,0.0,0.0,545,0.0,1
545,0.0,0.0,545,0.0,1
545,0.0,0.0,545,0.0,1
545,0.0,0.0,545,0.0,1
545,0.0,0.0,545,0.0,1
545,0.0,0.0,545,0.0,1
545,0.0,0.0,545,0.0,1
545,0.0,0.0,545,0.0,1
545,0.0,0.0,545,0.0,1
545,0.0,0.0,545,0.0,1
545,0.0,0.0,545,0.0,1
545,0.0,0.0,545,0.0,1
545,0.0,0.0,545,0.0,1
545,0.0,0.0,545,0.0,1
7,0.0,0.0,7,0.0,1
545,0.0,0.0,545,0.0,1
545,0.0,0.0,545,0.0,1
545,0.0,0.0,545,0.0,1
545,0.0,0.0,545,0.0,1
545,0.0,0.0,545,0.0,1
545,0.0,0.0,545,0.0,1
545,0.0,0.0,545,0.0,1
545,0.0,0.0,545,0.0,1
545,0.0,0.0,545,0.0,1
545,0.0,0.0,545,0.0,1
545,0.0,0.0,545,0.0,1
545,0.0,0.0,545,0.0,1
545,0.0,0.0,545,0.0,1
545,0.0,0.0,545,0.0,1
545,0.0,0.0,545,0.0,1
144,0.0,0.0,144,0.0,1
545,0.0,0.0,545,0.0,1
545,0.0,0.0,545,0.0,1
545,0.0,0.0,545,0.0,1
545,0.0,0.0,545,0.0,1
545,0.0,0.0,545,0.0,1
545,0.0,0.0,545,0.0,1
545,0.0,0.0,545,0.0,1
545,0.0,0.0,545,0.0,1
545,0.0,0.0,545,0.0,1
545,0.0,0.0,545,0.0,1
545,0.0,0.0,545,0.0,1
545,0.0,0.0,545,0.0,1
545,0.0,0.0,545,0.0,1
385,0.0,0.0,385,0.0,1
545,0.0,0.0,545,0.0,1
545,0.0,0.0,545,0.0,1
545,0.0,0.0,545,0.0,1
545,0.0,0.0,545,0.0,1
545,0.0,0.0,545,0.0,1
545,0.0,0.0,545,0.0,1
545,0.0,0.0,545,0.0,1
545,0.0,0.0,545,0.0,1
238,0.0,0.0,238,0.0,1
545,0.0,0.0,545,0.0,1
545,0.0,0.0,545,0.0,1
545,0.0,0.0,545,0.0,1
545,0.0,0.0,545,0.0,1
545,0.0,0.0,545,0.0,1
321,0.0,0.0,321,0.0,1
545,0.0,0.0,545,0.0,1
545,0.0,0.0,545,0.0,1
545,0.0,0.0,545,0.0,1
545,0.0,0.0,545,0.0,1
531,0.0,0.0,531,0.0,1
545,0.0,0.0,545,0.0,1
545,0.0,0.0,545,0.0,1
545,0.0,0.0,545,0.0,1
517,0.0,0.0,517,0.0,1
50,0.0,0.0,50,0.0,1
545,0.0,0.0,545,0.0,1
545,0.0,0.0,545,0.0,1
517,0.0,0.0,517,0.0,1
75,0.0,0.0,75,0.0,1
75,0.0,0.0,75,0.0,1
545,0.0,0.0,545,0.0,1
545,0.0,0.0,545,0.0,1
179,0.0,0.0,179,0.0,1
545,0.0,0.0,545,0.0,1
184,0.0,0.0,184,0.0,1
50,0.0,0.0,50,0.0,1
545,1.4779180525666964,62.07255820780125,545,0.0,1
131,2.135734604725109,89.70085339845457,131,0.0,1
545,0.0,0.0,545,0.0,1
545,0.0,0.0,545,0.0,1
545,0.0,0.0,545,0.0,1
545,0.0,0.0,545,0.0,1
545,0.0,0.0,545,0.0,1
545,0.0,0.0,545,0.0,1
55,0.0,0.0,55,0.0,1
63,0.0,0.0,63,0.0,1
545,0.0,0.0,545,0.0,1
545,0.0,0.0,545,0.0,1
478,0.0,0.0,478,0.0,1
470,0.0,0.0,470,0.0,1
392,0.0,0.0,392,0.0,1
545,0.0,0.0,545,0.0,1
545,0.0,0.0,545,0.0,1
178,0.0,0.0,178,0.0,1
545,0.0,0.0,545,0.0,1
545,0.0,0.0,545,0.0,1
545,0.042835293687811936,2.3131058591418445,545,0.0,1
545,0.0,0.0,545,0.0,1
545,0.0,0.0,545,0.0,1
545,0.0,0.0,545,0.0,1
545,0.0,0.0,545,0.0,1
76,0.0,0.0,76,0.0,1
545,0.0,0.0,545,0.0,1
507,104.98892587417504,4409.534886715352,507,0.0019723865877712033,1
545,0.0,0.0,545,0.0,1
91,1.3571139383847775,56.99878541216066,91,0.0,1
545,0.0,0.0,545,0.0,1
499,8299.77815684888,348590.682587653,499,0.002004008016032064,1
545,196.14280979649084,8237.998011452615,545,0.0,1
545,0.0,0.0,545,0.0,1
62,0.0,0.0,62,0.0,1
545,0.0,0.0,545,0.0,1
499,8299.77815684888,348590.682587653,499,0.002004008016032064,1
1,0,0,1,1.0,1
1,0,0,1,1.0,1
1,0,0,1,1.0,1
1,0,0,1,1.0,1
1,0,0,1,1.0,1
1,0,0,1,1.0,1
1,0,0,1,1.0,1
1,0,0,1,1.0,1
1,0,0,1,1.0,1
1,0,0,1,1.0,1
1,0,0,1,1.0,1
1,0,0,1,1.0,1
545,196.14280979649084,8237.998011452615,545,0.0,1
545,0.0,0.0,545,0.0,1
363,0.0,0.0,363,0.0,1
1,0,0,1,1.0,1
545,196.14280979649084,8237.998011452615,545,0.0,1
545,0.0,0.0,545,0.0,1
545,0.0,0.0,545,0.0,1
345,0.0,0.0,345,0.0,1
545,196.14280979649084,8237.998011452615,545,0.0,1
545,0.0,0.0,545,0.0,1
545,0.0,0.0,545,0.0,1
545,0.0,0.0,545,0.0,1
182,0.0,0.0,182,0.0,1
545,196.14280979649084,8237.998011452615,545,0.0,1
545,0.0,0.0,545,0.0,1
545,0.0,0.0,545,0.0,1
545,0.0,0.0,545,0.0,1
545,0.0,0.0,545,0.0,1
131,0.0,0.0,131,0.0,1
545,196.14280979649084,8237.998011452615,545,0.0,1
545,0.0,0.0,545,0.0,1
545,0.0,0.0,545,0.0,1
545,0.0,0.0,545,0.0,1
545,0.0,0.0,545,0.0,1
426,0.0,0.0,426,0.0,1
545,0.0,0.0,545,0.0,1
545,0.0,0.0,545,0.0,1
545,0.0,0.0,545,0.0,1
545,0.0,0.0,545,0.0,1
545,0.0,0.0,545,0.0,1
545,0.0,0.0,545,0.0,1
287,0.0,0.0,287,0.0,1
545,0.0,0.0,545,0.0,1
545,0.0,0.0,545,0.0,1
545,0.0,0.0,545,0.0,1
545,0.0,0.0,545,0.0,1
545,0.0,0.0,545,0.0,1
545,0.0,0.0,545,0.0,1
150,0.0,0.0,150,0.0,1
179,0.0,0.0,179,0.0,1
545,0.0,0.0,545,0.0,1
545,0.0,0.0,545,0.0,1
545,0.0,0.0,545,0.0,1
545,0.0,0.0,545,0.0,1
545,0.0,0.0,545,0.0,1
545,0.0,0.0,545,0.0,1
261,0.0,0.0,261,0.0,1
545,0.0,0.0,545,0.0,1
545,0.0,0.0,545,0.0,1
545,0.0,0.0,545,0.0,1
545,0.0,0.0,545,0.0,1
545,0.0,0.0,545,0.0,1
545,0.0,0.0,545,0.0,1
104,0.0,0.0,104,0.0,1
545,0.0,0.0,545,0.0,1
545,0.0,0.0,545,0.0,1
545,0.0,0.0,545,0.0,1
545,0.0,0.0,545,0.0,1
545,0.0,0.0,545,0.0,1
545,0.0,0.0,545,0.0,1
40,0.0,0.0,40,0.0,1
545,0.0,0.0,545,0.0,1
545,0.0,0.0,545,0.0,1
545,0.0,0.0,545,0.0,1
545,0.0,0.0,545,0.0,1
545,0.0,0.0,545,0.0,1
331,0.0,0.0,331,0.0,1
545,0.0,0.0,545,0.0,1
545,0.0,0.0,545,0.0,1
545,0.0,0.0,545,0.0,1
545,0.0,0.0,545,0.0,1
545,0.0,0.0,545,0.0,1
320,0.0,0.0,320,0.0,1
545,0.0,0.0,545,0.0,1
545,0.0,0.0,545,0.0,1
545,0.0,0.0,545,0.0,1
545,0.0,0.0,545,0.0,1
545,0.0,0.0,545,0.0,1
246,0.0,0.0,246,0.0,1
545,0.0,0.0,545,0.0,1
545,0.0,0.0,545,0.0,1
545,0.0,0.0,545,0.0,1
545,0.0,0.0,545,0.0,1
545,0.0,0.0,545,0.0,1
311,0.0,0.0,311,0.0,1
545,0.0,0.0,545,0.0,1
545,0.0,0.0,545,0.0,1
545,0.0,0.0,545,0.0,1
545,0.0,0.0,545,0.0,1
545,0.0,0.0,545,0.0,1
240,0.0,0.0,240,0.0,1
545,0.0,0.0,545,0.0,1
545,0.0,0.0,545,0.0,1
545,0.0,0.0,545,0.0,1
545,0.0,0.0,545,0.0,1
529,0.0,0.0,529,0.0,1
545,0.0,0.0,545,0.0,1
545,0.042835293687811936,2.3131058591418445,545,0.0,1
545,0.0,0.0,545,0.0,1
545,0.0,0.0,545,0.0,1
545,0.0,0.0,545,0.0,1
545,0.0,0.0,545,0.0,1
545,0.0,0.0,545,0.0,1
146,0.0,0.0,146,0.0,1
545,0.042835293687811936,2.3131058591418445,545,0.0,1
545,0.0,0.0,545,0.0,1
545,0.0,0.0,545,0.0,1
545,0.0,0.0,545,0.0,1
545,0.0,0.0,545,0.0,1
545,0.0,0.0,545,0.0,1
545,0.0,0.0,545,0.0,1
27,0.0,0.0,27,0.0,1
545,0.0,0.0,545,0.0,1
545,0.0,0.0,545,0.0,1
545,0.0,0.0,545,0.0,1
545,0.0,0.0,545,0.0,1
414,0.0,0.0,414,0.0,1
545,1.4779180525666964,62.07255820780125,545,0.0,1
545,4.07101276099227,170.98253596167532,545,0.0,1
170,0.0,0.0,170,0.0,1
545,1.4779180525666964,62.07255820780125,545,0.0,1
545,4.07101276099227,170.98253596167532,545,0.0,1
545,0.0,0.0,545,0.0,1
151,0.0,0.0,151,0.0,1
545,1.5359669753544132,64.51061296488537,545,0.0,1
545,4.056521037167996,170.3738835610558,545,0.0,1
545,0.0,0.0,545,0.0,1
545,0.0,0.0,545,0.0,1
289,0.0,0.0,289,0.0,1
545,1.5360130896411135,64.51254976492677,545,0.0,1
545,4.056521037167996,170.3738835610558,545,0.0,1
545,0.0,0.0,545,0.0,1
545,0.0,0.0,545,0.0,1
545,0.0,0.0,545,0.0,1
79,0.0,0.0,79,0.0,1
545,1.5360130896411135,64.51254976492677,545,0.0,1
545,4.056521037167996,170.3738835610558,545,0.0,1
545,0.0,0.0,545,0.0,1
545,0.0,0.0,545,0.0,1
545,0.0,0.0,545,0.0,1
462,0.0,0.0,462,0.0,1
545,4.1938249648670025,176.1406485244141,545,0.0,1
545,0.7390001047929371,31.038004401303358,545,0.0,1
545,0.0,0.0,545,0.0,1
545,0.0,0.0,545,0.0,1
545,0.0,0.0,545,0.0,1
545,0.0,0.0,545,0.0,1
82,0.0,0.0,82,0.0,1
545,0.357848928138217,15.029654981805114,545,0.0,1
545,0.0,0.0,545,0.0,1
545,0.0,0.0,545,0.0,1
545,0.0,0.0,545,0.0,1
545,0.0,0.0,545,0.0,1
545,0.0,0.0,545,0.0,1
54,0.0,0.0,54,0.0,1
545,0.0,0.0,545,0.0,1
545,0.0,0.0,545,0.0,1
545,0.0,0.0,545,0.0,1
545,0.0,0.0,545,0.0,1
545,0.0,0.0,545,0.0,1
516,0.0,0.0,516,0.0,1
545,0.0,0.0,545,0.0,1
545,0.0,0.0,545,0.0,1
545,0.0,0.0,545,0.0,1
545,0.0,0.0,545,0.0,1
545,0.0,0.0,545,0.0,1
436,0.0,0.0,436,0.0,1
545,0.0,0.0,545,0.0,1
545,0.0,0.0,545,0.0,1
545,0.0,0.0,545,0.0,1
545,0.0,0.0,545,0.0,1
545,0.0,0.0,545,0.0,1
400,0.0,0.0,400,0.0,1
545,0.0,0.0,545,0.0,1
545,0.0,0.0,545,0.0,1
545,0.0,0.0,545,0.0,1
545,0.0,0.0,545,0.0,1
545,0.0,0.0,545,0.0,1
127,0.0,0.0,127,0.0,1
545,0.0,0.0,545,0.0,1
545,0.0,0.0,545,0.0,1
545,0.0,0.0,545,0.0,1
545,0.0,0.0,545,0.0,1
545,0.0,0.0,545,0.0,1
18,0.0,0.0,18,0.0,1
545,0.0,0.0,545,0.0,1
545,0.0,0.0,545,0.0,1
545,0.0,0.0,545,0.0,1
545,0.0,0.0,545,0.0,1
515,0.0,0.0,515,0.0,1
545,0.0,0.0,545,0.0,1
545,12.765220590292762,536.139264792296,545,0.0,1
76,0.0,0.0,76,0.0,1
545,12.765220590292762,536.139264792296,545,0.0,1
545,0.0,0.0,545,0.0,1
43,0.0,0.0,43,0.0,1
545,12.765220590292762,536.139264792296,545,0.0,1
545,0.0,0.0,545,0.0,1
120,0.0,0.0,120,0.0,1
545,12.765220590292762,536.139264792296,545,0.0,1
545,0.0,0.0,545,0.0,1
536,0.0,0.0,536,0.0,1
545,0.0,0.0,545,0.0,1
545,0.0,0.0,545,0.0,1
545,0.0,0.0,545,0.0,1
545,0.0,0.0,545,0.0,1
545,0.0,0.0,545,0.0,1
158,0.0,0.0,158,0.0,1
56,0.0,0.0,56,0.0,1
545,0.0,0.0,545,0.0,1
545,0.0,0.0,545,0.0,1
545,0.0,0.0,545,0.0,1
545,0.0,0.0,545,0.0,1
545,0.0,0.0,545,0.0,1
545,0.0,0.0,545,0.0,1
545,0.0,0.0,545,0.0,1
129,0.0,0.0,129,0.0,1
1,0,0,1,1.0,1
1,0,0,1,1.0,1
1,0,0,1,1.0,1
1,0,0,1,1.0,1
1,0,0,1,1.0,1
1,0,0,1,1.0,1
1,0,0,1,1.0,1
1,0,0,1,1.0,1
545,0.0,0.0,545,0.0,1
186,0.0,0.0,186,0.0,1
1,0,0,1,1.0,1
545,0.0,0.0,545,0.0,1
186,0.0,0.0,186,0.0,1
1,0,0,1,1.0,1
1,0,0,1,1.0,1
1,0,0,1,1.0,1
1,0,0,1,1.0,1
407,0.0,0.0,407,0.0,1
545,0.0,0.0,545,0.0,1
545,0.0,0.0,545,0.0,1
545,0.0,0.0,545,0.0,1
545,0.0,0.0,545,0.0,1
248,0.0,0.0,248,0.0,1
432,0.0,0.0,432,0.0,1
545,0.0,0.0,545,0.0,1
333,0.0,0.0,333,0.0,1
545,0.0,0.0,545,0.0,1
545,0.0,0.0,545,0.0,1
545,0.0,0.0,545,0.0,1
545,0.0,0.0,545,0.0,1
545,0.0,0.0,545,0.0,1
545,0.0,0.0,545,0.0,1
545,0.0,0.0,545,0.0,1
51,0.0,0.0,51,0.0,1
545,0.0,0.0,545,0.0,1
545,0.0,0.0,545,0.0,1
545,0.0,0.0,545,0.0,1
545,0.0,0.0,545,0.0,1
545,0.0,0.0,545,0.0,1
545,0.0,0.0,545,0.0,1
545,0.0,0.0,545,0.0,1
95,0.0,0.0,95,0.0,1
545,0.0,0.0,545,0.0,1
545,0.0,0.0,545,0.0,1
545,0.0,0.0,545,0.0,1
545,0.0,0.0,545,0.0,1
545,0.0,0.0,545,0.0,1
545,0.0,0.0,545,0.0,1
545,0.0,0.0,545,0.0,1
386,0.0,0.0,386,0.0,1
545,0.0,0.0,545,0.0,1
545,0.0,0.0,545,0.0,1
545,0.0,0.0,545,0.0,1
545,0.0,0.0,545,0.0,1
545,0.0,0.0,545,0.0,1
545,0.0,0.0,545,0.0,1
545,0.0,0.0,545,0.0,1
165,0.0,0.0,165,0.0,1
545,0.0,0.0,545,0.0,1
545,0.0,0.0,545,0.0,1
545,0.0,0.0,545,0.0,1
545,0.0,0.0,545,0.0,1
545,0.0,0.0,545,0.0,1
545,0.0,0.0,545,0.0,1
359,0.0,0.0,359,0.0,1
545,0.0,0.0,545,0.0,1
545,0.0,0.0,545,0.0,1
545,0.0,0.0,545,0.0,1
545,0.0,0.0,545,0.0,1
545,0.0,0.0,545,0.0,1
510,0.0,0.0,510,0.0,1
545,0.0,0.0,545,0.0,1
545,0.0,0.0,545,0.0,1
204,0.0,0.0,204,0.0,1
545,0.0,0.0,545,0.0,1
545,0.0,0.0,545,0.0,1
545,0.0,0.0,545,0.0,1
545,0.0,0.0,545,0.0,1
511,0.0,0.0,511,0.0,1
545,12.765220590292762,536.139264792296,545,0.0,1
545,0.0,0.0,545,0.0,1
545,0.0,0.0,545,0.0,1
318,0.0,0.0,318,0.0,1
545,0.0,0.0,545,0.0,1
545,0.0,0.0,545,0.0,1
545,0.0,0.0,545,0.0,1
50,0.0,0.0,50,0.0,1
1,0,0,1,1.0,1
545,0.0,0.0,545,0.0,1
545,0.0,0.0,545,0.0,1
545,0.0,0.0,545,0.0,1
405,0.0,0.0,405,0.0,1
545,0.0,0.0,545,0.0,1
545,0.0,0.0,545,0.0,1
545,0.0,0.0,545,0.0,1
545,0.0,0.0,545,0.0,1
203,0.0,0.0,203,0.0,1
545,0.0,0.0,545,0.0,1
545,0.0,0.0,545,0.0,1
545,0.0,0.0,545,0.0,1
545,0.0,0.0,545,0.0,1
390,0.0,0.0,390,0.0,1
545,0.0,0.0,545,0.0,1
545,0.0,0.0,545,0.0,1
545,0.0,0.0,545,0.0,1
545,0.0,0.0,545,0.0,1
226,0.0,0.0,226,0.0,1
545,0.0,0.0,545,0.0,1
545,0.0,0.0,545,0.0,1
545,0.0,0.0,545,0.0,1
545,0.0,0.0,545,0.0,1
194,0.0,0.0,194,0.0,1
545,0.0,0.0,545,0.0,1
545,0.0,0.0,545,0.0,1
545,0.0,0.0,545,0.0,1
545,0.0,0.0,545,0.0,1
115,0.0,0.0,115,0.0,1
50,0.0,0.0,50,0.0,1
545,0.0,0.0,545,0.0,1
545,0.0,0.0,545,0.0,1
545,0.0,0.0,545,0.0,1
545,0.0,0.0,545,0.0,1
89,0.0,0.0,89,0.0,1
545,0.0,0.0,545,0.0,1
545,0.0,0.0,545,0.0,1
545,0.0,0.0,545,0.0,1
545,0.0,0.0,545,0.0,1
105,0.0,0.0,105,0.0,1
545,0.0,0.0,545,0.0,1
545,0.0,0.0,545,0.0,1
545,0.0,0.0,545,0.0,1
239,0.0,0.0,239,0.0,1
545,0.0,0.0,545,0.0,1
545,0.0,0.0,545,0.0,1
545,0.0,0.0,545,0.0,1
519,0.0,0.0,519,0.0,1
545,0.0,0.0,545,0.0,1
545,0.0,0.0,545,0.0,1
545,0.0,0.0,545,0.0,1
545,0.0,0.0,545,0.0,1
23,0.0,0.0,23,0.0,1
545,0.0,0.0,545,0.0,1
545,0.0,0.0,545,0.0,1
229,0.0,0.0,229,0.0,1
545,0.0,0.0,545,0.0,1
545,0.0,0.0,545,0.0,1
545,0.0,0.0,545,0.0,1
545,0.0,0.0,545,0.0,1
31,0.0,0.0,31,0.0,1
545,0.0,0.0,545,0.0,1
545,0.0,0.0,545,0.0,1
147,0.0,0.0,147,0.0,1
545,0.0,0.0,545,0.0,1
545,0.0,0.0,545,0.0,1
545,0.0,0.0,545,0.0,1
545,0.0,0.0,545,0.0,1
69,0.0,0.0,69,0.0,1
545,1.8352160850404373,77.07907557169837,545,0.0,1
68,1.1862358110735074,49.82190406508731,68,0.0,1
545,0.0,0.0,545,0.0,1
545,0.0,0.0,545,0.0,1
545,0.0,0.0,545,0.0,1
545,0.0,0.0,545,0.0,1
158,0.0,0.0,158,0.0,1
545,0.0,0.0,545,0.0,1
545,0.0,0.0,545,0.0,1
255,0.0,0.0,255,0.0,1
545,0.0,0.0,545,0.0,1
545,0.0,0.0,545,0.0,1
545,0.0,0.0,545,0.0,1
545,0.0,0.0,545,0.0,1
62,0.0,0.0,62,0.0,1
545,0.0,0.0,545,0.0,1
545,0.0,0.0,545,0.0,1
545,0.0,0.0,545,0.0,1
545,0.0,0.0,545,0.0,1
21,0.0,0.0,21,0.0,1
545,0.0,0.0,545,0.0,1
525,0.0,0.0,525,0.0,1
545,0.0,0.0,545,0.0,1
545,0.0,0.0,545,0.0,1
545,0.0,0.0,545,0.0,1
545,0.0,0.0,545,0.0,1
173,0.0,0.0,173,0.0,1
545,0.0,0.0,545,0.0,1
545,0.0,0.0,545,0.0,1
545,0.0,0.0,545,0.0,1
545,0.0,0.0,545,0.0,1
133,0.0,0.0,133,0.0,1
545,0.0,0.0,545,0.0,1
545,0.0,0.0,545,0.0,1
545,0.0,0.0,545,0.0,1
545,0.0,0.0,545,0.0,1
110,0.0,0.0,110,0.0,1
545,0.0,0.0,545,0.0,1
545,0.0,0.0,545,0.0,1
545,0.0,0.0,545,0.0,1
423,0.0,0.0,423,0.0,1
545,0.0,0.0,545,0.0,1
360,0.0,0.0,360,0.0,1
545,0.0,0.0,545,0.0,1
306,0.0,0.0,306,0.0,1
545,0.0,0.0,545,0.0,1
499,0.0,0.0,499,0.0,1
545,0.0,0.0,545,0.0,1
386,0.0,0.0,386,0.0,1
545,0.0,0.0,545,0.0,1
545,0.0,0.0,545,0.0,1
189,0.0,0.0,189,0.0,1
545,0.0,0.0,545,0.0,1
63,0.0,0.0,63,0.0,1
545,0.0,0.0,545,0.0,1
545,0.0,0.0,545,0.0,1
419,0.0,0.0,419,0.0,1
545,0.0,0.0,545,0.0,1
545,0.0,0.0,545,0.0,1
545,0.0,0.0,545,0.0,1
37,0.0,0.0,37,0.0,1
545,0.0,0.0,545,0.0,1
545,0.0,0.0,545,0.0,1
545,0.0,0.0,545,0.0,1
110,0.0,0.0,110,0.0,1
545,1.8352160850404373,77.07907557169837,545,0.0,1
545,0.6505892136199118,27.324746972036294,545,0.0,1
34,0.0,0.0,34,0.0,1
545,1.8352160850404373,77.07907557169837,545,0.0,1
545,0.6505892136199118,27.324746972036294,545,0.0,1
457,0.0,0.0,457,0.0,1
545,0.0,0.0,545,0.0,1
306,0.05716619504750295,2.4009801919951235,306,0.0,1
545,1.8352160850404373,77.07907557169837,545,0.0,1
545,0.6505892136199118,27.324746972036294,545,0.0,1
545,0.0,0.0,545,0.0,1
410,0.0,0.0,410,0.0,1
545,1.8352160850404373,77.07907557169837,545,0.0,1
545,0.6505892136199118,27.324746972036294,545,0.0,1
545,0.0,0.0,545,0.0,1
545,0.0,0.0,545,0.0,1
184,0.0,0.0,184,0.0,1
545,1.8352160850404373,77.07907557169837,545,0.0,1
545,0.6505892136199118,27.324746972036294,545,0.0,1
545,0.0,0.0,545,0.0,1
545,0.0,0.0,545,0.0,1
545,0.0,0.0,545,0.0,1
54,0.0,0.0,54,0.0,1
545,1.2115010336158363,50.883043411865124,545,0.0,1
545,0.0,0.0,545,0.0,1
545,0.0,0.0,545,0.0,1
545,0.0,0.0,545,0.0,1
545,0.0,0.0,545,0.0,1
73,0.0,0.0,73,0.0,1
545,0.0,0.0,545,0.0,1
545,0.0,0.0,545,0.0,1
545,0.0,0.0,545,0.0,1
545,0.0,0.0,545,0.0,1
442,0.0,0.0,442,0.0,1
545,0.0,0.0,545,0.0,1
545,0.0,0.0,545,0.0,1
545,0.0,0.0,545,0.0,1
545,0.0,0.0,545,0.0,1
413,0.0,0.0,413,0.0,1
545,0.0,0.0,545,0.0,1
545,0.0,0.0,545,0.0,1
545,0.0,0.0,545,0.0,1
545,0.0,0.0,545,0.0,1
216,0.0,0.0,216,0.0,1
545,0.0,0.0,545,0.0,1
545,0.0,0.0,545,0.0,1
545,0.0,0.0,545,0.0,1
545,0.0,0.0,545,0.0,1
278,0.0,0.0,278,0.0,1
545,0.0,0.0,545,0.0,1
545,0.0,0.0,545,0.0,1
545,0.0,0.0,545,0.0,1
545,0.0,0.0,545,0.0,1
350,0.0,0.0,350,0.0,1
545,0.0,0.0,545,0.0,1
545,0.0,0.0,545,0.0,1
545,0.0,0.0,545,0.0,1
545,0.0,0.0,545,0.0,1
293,0.0,0.0,293,0.0,1
545,0.0,0.0,545,0.0,1
545,0.0,0.0,545,0.0,1
545,0.0,0.0,545,0.0,1
545,0.0,0.0,545,0.0,1
469,0.0,0.0,469,0.0,1
545,0.06052254912880909,2.5419470634099812,545,0.0,1
45,0.0,0.0,45,0.0,1
545,0.0,0.0,545,0.0,1
545,0.0,0.0,545,0.0,1
545,0.0,0.0,545,0.0,1
545,0.0,0.0,545,0.0,1
545,0.0,0.0,545,0.0,1
153,0.0,0.0,153,0.0,1
545,0.06052254912880909,2.5419470634099812,545,0.0,1
164,0.0,0.0,164,0.0,1
545,0.06052254912880909,2.5419470634099812,545,0.0,1
140,0.0,0.0,140,0.0,1
545,0.0,0.0,545,0.0,1
545,0.0,0.0,545,0.0,1
545,0.0,0.0,545,0.0,1
545,0.0,0.0,545,0.0,1
545,0.0,0.0,545,0.0,1
387,0.0,0.0,387,0.0,1
545,0.0,0.0,545,0.0,1
545,0.0,0.0,545,0.0,1
545,0.0,0.0,545,0.0,1
545,0.0,0.0,545,0.0,1
545,0.0,0.0,545,0.0,1
545,0.0,0.0,545,0.0,1
50,0.0,0.0,50,0.0,1
545,0.0,0.0,545,0.0,1
545,0.0,0.0,545,0.0,1
545,0.0,0.0,545,0.0,1
545,0.0,0.0,545,0.0,1
545,0.0,0.0,545,0.0,1
545,0.0,0.0,545,0.0,1
52,0.0,0.0,52,0.0,1
545,0.0,0.0,545,0.0,1
545,0.0,0.0,545,0.0,1
545,0.0,0.0,545,0.0,1
545,0.0,0.0,545,0.0,1
545,0.0,0.0,545,0.0,1
545,0.0,0.0,545,0.0,1
69,0.0,0.0,69,0.0,1
545,0.06052254912880909,2.5419470634099812,545,0.0,1
459,0.0,0.0,459,0.0,1
545,0.0,0.0,545,0.0,1
545,0.0,0.0,545,0.0,1
545,0.0,0.0,545,0.0,1
545,0.0,0.0,545,0.0,1
545,0.0,0.0,545,0.0,1
545,0.0,0.0,545,0.0,1
45,0.0,0.0,45,0.0,1
545,0.0,0.0,545,0.0,1
545,0.0,0.0,545,0.0,1
545,0.0,0.0,545,0.0,1
545,0.0,0.0,545,0.0,1
545,0.0,0.0,545,0.0,1
369,0.0,0.0,369,0.0,1
545,0.0,0.0,545,0.0,1
545,0.0,0.0,545,0.0,1
545,0.0,0.0,545,0.0,1
545,0.0,0.0,545,0.0,1
537,0.0,0.0,537,0.0,1
545,0.0,0.0,545,0.0,1
545,0.0,0.0,545,0.0,1
545,0.0,0.0,545,0.0,1
545,0.0,0.0,545,0.0,1
224,0.0,0.0,224,0.0,1
545,0.0,0.0,545,0.0,1
545,0.0,0.0,545,0.0,1
545,0.0,0.0,545,0.0,1
545,0.0,0.0,545,0.0,1
175,0.0,0.0,175,0.0,1
545,0.0,0.0,545,0.0,1
545,0.0,0.0,545,0.0,1
545,0.0,0.0,545,0.0,1
545,0.0,0.0,545,0.0,1
115,0.0,0.0,115,0.0,1
545,0.0,0.0,545,0.0,1
545,0.0,0.0,545,0.0,1
545,0.0,0.0,545,0.0,1
545,0.0,0.0,545,0.0,1
107,0.0,0.0,107,0.0,1
545,0.0,0.0,545,0.0,1
545,0.0,0.0,545,0.0,1
545,0.0,0.0,545,0.0,1
525,0.0,0.0,525,0.0,1
545,0.0,0.0,545,0.0,1
545,0.0,0.0,545,0.0,1
545,0.0,0.0,545,0.0,1
545,0.0,0.0,545,0.0,1
28,0.0,0.0,28,0.0,1
545,0.0,0.0,545,0.0,1
545,0.0,0.0,545,0.0,1
545,0.0,0.0,545,0.0,1
545,0.0,0.0,545,0.0,1
38,0.0,0.0,38,0.0,1
545,0.0,0.0,545,0.0,1
545,0.0,0.0,545,0.0,1
545,0.0,0.0,545,0.0,1
545,0.0,0.0,545,0.0,1
77,0.0,0.0,77,0.0,1
545,0.0,0.0,545,0.0,1
545,0.0,0.0,545,0.0,1
545,0.0,0.0,545,0.0,1
545,0.0,0.0,545,0.0,1
165,0.0,0.0,165,0.0,1
545,0.0,0.0,545,0.0,1
545,0.0,0.0,545,0.0,1
545,0.0,0.0,545,0.0,1
545,0.0,0.0,545,0.0,1
53,0.0,0.0,53,0.0,1
545,0.0,0.0,545,0.0,1
545,0.0,0.0,545,0.0,1
545,0.0,0.0,545,0.0,1
545,0.0,0.0,545,0.0,1
5,0.0,0.0,5,0.0,1
545,0.0,0.0,545,0.0,1
545,0.0,0.0,545,0.0,1
545,0.0,0.0,545,0.0,1
545,0.0,0.0,545,0.0,1
173,0.0,0.0,173,0.0,1
407,0.0,0.0,407,0.0,1
545,0.0,0.0,545,0.0,1
545,0.0,0.0,545,0.0,1
545,0.0,0.0,545,0.0,1
545,0.0,0.0,545,0.0,1
132,0.0,0.0,132,0.0,1
1,0,0,1,1.0,1
1,0,0,1,1.0,1
545,0.0,0.0,545,0.0,1
193,388.48456067907046,20978.166276669803,193,0.0,1
1,0,0,1,1.0,1
545,231.18208003312103,12483.832321788535,545,0.0,1
19,0.0,0.0,19,0.0,1
545,0.06052254912880909,2.5419470634099812,545,0.0,1
545,0.0,0.0,545,0.0,1
226,0.0,0.0,226,0.0,1
545,231.18208003312103,12483.832321788535,545,0.0,1
506,0.0,0.0,506,0.0,1
545,231.18208003312103,12483.832321788535,545,0.0,1
545,0.0,0.0,545,0.0,1
308,0.0,0.0,308,0.0,1
545,12.765220590292762,536.139264792296,545,0.0,1
545,0.0,0.0,545,0.0,1
545,0.0,0.0,545,0.0,1
545,0.0,0.0,545,0.0,1
140,0.0,0.0,140,0.0,1
545,0.7332037204138494,30.794556257381675,545,0.0,1
545,0.0,0.0,545,0.0,1
545,0.0,0.0,545,0.0,1
545,0.0,0.0,545,0.0,1
365,0.0,0.0,365,0.0,1
545,0.0,0.0,545,0.0,1
545,0.0,0.0,545,0.0,1
545,0.0,0.0,545,0.0,1
545,0.0,0.0,545,0.0,1
212,0.0,0.0,212,0.0,1
545,0.0,0.0,545,0.0,1
545,0.0,0.0,545,0.0,1
545,0.0,0.0,545,0.0,1
545,0.0,0.0,545,0.0,1
271,0.0,0.0,271,0.0,1
545,0.0,0.0,545,0.0,1
545,0.0,0.0,545,0.0,1
545,0.0,0.0,545,0.0,1
545,0.0,0.0,545,0.0,1
344,0.0,0.0,344,0.0,1
545,0.0,0.0,545,0.0,1
545,0.0,0.0,545,0.0,1
545,0.0,0.0,545,0.0,1
545,0.0,0.0,545,0.0,1
285,0.0,0.0,285,0.0,1
545,0.0,0.0,545,0.0,1
545,0.0,0.0,545,0.0,1
545,0.0,0.0,545,0.0,1
545,0.0,0.0,545,0.0,1
468,0.0,0.0,468,0.0,1
545,0.0,0.0,545,0.0,1
545,0.0,0.0,545,0.0,1
545,0.0,0.0,545,0.0,1
545,0.0,0.0,545,0.0,1
545,0.0,0.0,545,0.0,1
164,0.0,0.0,164,0.0,1
545,0.0,0.0,545,0.0,1
545,0.0,0.0,545,0.0,1
545,0.0,0.0,545,0.0,1
545,0.0,0.0,545,0.0,1
545,0.0,0.0,545,0.0,1
356,0.0,0.0,356,0.0,1
545,0.0,0.0,545,0.0,1
545,0.0,0.0,545,0.0,1
545,0.0,0.0,545,0.0,1
545,0.0,0.0,545,0.0,1
545,0.0,0.0,545,0.0,1
545,0.0,0.0,545,0.0,1
63,0.0,0.0,63,0.0,1
545,0.0,0.0,545,0.0,1
545,0.0,0.0,545,0.0,1
545,0.0,0.0,545,0.0,1
545,0.0,0.0,545,0.0,1
545,0.0,0.0,545,0.0,1
545,0.0,0.0,545,0.0,1
71,0.0,0.0,71,0.0,1
545,0.0,0.0,545,0.0,1
545,0.0,0.0,545,0.0,1
545,0.0,0.0,545,0.0,1
545,0.0,0.0,545,0.0,1
545,0.0,0.0,545,0.0,1
545,0.0,0.0,545,0.0,1
83,0.0,0.0,83,0.0,1
545,0.0,0.0,545,0.0,1
545,0.0,0.0,545,0.0,1
545,0.0,0.0,545,0.0,1
545,0.0,0.0,545,0.0,1
544,0.0,0.0,545,0.0,1
545,0.0,0.0,545,0.0,1
34,0.0,0.0,34,0.0,1
545,0.0,0.0,545,0.0,1
545,0.0,0.0,545,0.0,1
545,0.0,0.0,545,0.0,1
544,0.0,0.0,545,0.0,1
545,0.0,0.0,545,0.0,1
375,0.0,0.0,375,0.0,1
545,0.0,0.0,545,0.0,1
545,0.0,0.0,545,0.0,1
545,0.0,0.0,545,0.0,1
545,0.0,0.0,545,0.0,1
536,0.0,0.0,536,0.0,1
545,0.0,0.0,545,0.0,1
545,0.0,0.0,545,0.0,1
545,0.0,0.0,545,0.0,1
545,0.0,0.0,545,0.0,1
217,0.0,0.0,217,0.0,1
545,0.0,0.0,545,0.0,1
545,0.0,0.0,545,0.0,1
545,0.0,0.0,545,0.0,1
545,0.0,0.0,545,0.0,1
185,0.0,0.0,185,0.0,1
545,0.0,0.0,545,0.0,1
545,0.0,0.0,545,0.0,1
545,0.0,0.0,545,0.0,1
545,0.0,0.0,545,0.0,1
113,0.0,0.0,113,0.0,1
545,0.0,0.0,545,0.0,1
545,0.0,0.0,545,0.0,1
545,0.0,0.0,545,0.0,1
545,0.0,0.0,545,0.0,1
80,0.0,0.0,80,0.0,1
545,0.0,0.0,545,0.0,1
545,0.0,0.0,545,0.0,1
545,0.0,0.0,545,0.0,1
524,0.0,0.0,524,0.0,1
545,0.0,0.0,545,0.0,1
545,0.0,0.0,545,0.0,1
545,0.0,0.0,545,0.0,1
545,0.0,0.0,545,0.0,1
20,0.0,0.0,20,0.0,1
545,0.0,0.0,545,0.0,1
545,0.0,0.0,545,0.0,1
545,0.0,0.0,545,0.0,1
545,0.0,0.0,545,0.0,1
37,0.0,0.0,37,0.0,1
545,0.0,0.0,545,0.0,1
545,0.0,0.0,545,0.0,1
545,0.0,0.0,545,0.0,1
545,0.0,0.0,545,0.0,1
545,231.18208003312103,12483.832321788535,545,0.0,1
69,0.0,0.0,69,0.0,1
545,0.0,0.0,545,0.0,1
545,0.0,0.0,545,0.0,1
187,0.0,0.0,187,0.0,1
545,0.0,0.0,545,0.0,1
545,0.0,0.0,545,0.0,1
545,0.0,0.0,545,0.0,1
545,0.0,0.0,545,0.0,1
158,0.0,0.0,158,0.0,1
545,0.0,0.0,545,0.0,1
545,0.0,0.0,545,0.0,1
545,0.0,0.0,545,0.0,1
545,0.0,0.0,545,0.0,1
54,0.0,0.0,54,0.0,1
545,0.0,0.0,545,0.0,1
545,0.0,0.0,545,0.0,1
545,0.0,0.0,545,0.0,1
545,0.0,0.0,545,0.0,1
545,0.0,0.0,545,0.0,1
13,0.0,0.0,13,0.0,1
545,0.0,0.0,545,0.0,1
545,0.0,0.0,545,0.0,1
545,0.0,0.0,545,0.0,1
110,0.0,0.0,110,0.0,1
545,0.0,0.0,545,0.0,1
545,0.0,0.0,545,0.0,1
545,0.0,0.0,545,0.0,1
545,0.0,0.0,545,0.0,1
173,0.0,0.0,173,0.0,1
545,0.0,0.0,545,0.0,1
545,0.0,0.0,545,0.0,1
545,0.0,0.0,545,0.0,1
545,0.0,0.0,545,0.0,1
141,0.0,0.0,141,0.0,1
545,0.0,0.0,545,0.0,1
545,0.0,0.0,545,0.0,1
545,0.0,0.0,545,0.0,1
545,0.0,0.0,545,0.0,1
110,0.0,0.0,110,0.0,1
545,0.0,0.0,545,0.0,1
545,0.0,0.0,545,0.0,1
545,0.0,0.0,545,0.0,1
423,0.0,0.0,423,0.0,1
545,0.0,0.0,545,0.0,1
545,0.0,0.0,545,0.0,1
545,0.0,0.0,545,0.0,1
360,0.0,0.0,360,0.0,1
545,0.0,0.0,545,0.0,1
545,0.0,0.0,545,0.0,1
545,0.0,0.0,545,0.0,1
128,0.0,0.0,128,0.0,1
545,0.0,0.0,545,0.0,1
545,0.0,0.0,545,0.0,1
339,0.0,0.0,339,0.0,1
545,0.0,0.0,545,0.0,1
545,0.0,0.0,545,0.0,1
280,0.0,0.0,280,0.0,1
545,231.18208003312103,12483.832321788535,545,0.0,1
545,0.0,0.0,545,0.0,1
545,0.0,0.0,545,0.0,1
545,0.0,0.0,545,0.0,1
113,0.0,0.0,113,0.0,1
545,231.18208003312103,12483.832321788535,545,0.0,1
545,0.0,0.0,545,0.0,1
545,0.0,0.0,545,0.0,1
545,0.0,0.0,545,0.0,1
545,0.0,0.0,545,0.0,1
16,0.0,0.0,16,0.0,1
545,0.0,0.0,545,0.0,1
545,0.0,0.0,545,0.0,1
545,0.0,0.0,545,0.0,1
545,0.0,0.0,545,0.0,1
545,0.0,0.0,545,0.0,1
134,0.0,0.0,134,0.0,1
545,0.0,0.0,545,0.0,1
545,0.0,0.0,545,0.0,1
545,0.0,0.0,545,0.0,1
545,0.0,0.0,545,0.0,1
514,0.0,0.0,514,0.0,1
545,0.0,0.0,545,0.0,1
545,0.0,0.0,545,0.0,1
87,0.0,0.0,87,0.0,1
545,0.0,0.0,545,0.0,1
545,0.0,0.0,545,0.0,1
545,0.0,0.0,545,0.0,1
545,0.0,0.0,545,0.0,1
358,0.0,0.0,358,0.0,1
545,0.0,0.0,545,0.0,1
545,0.0,0.0,545,0.0,1
545,0.0,0.0,545,0.0,1
534,0.0,0.0,534,0.0,1
545,0.0,0.0,545,0.0,1
545,0.0,0.0,545,0.0,1
545,0.0,0.0,545,0.0,1
111,0.0,0.0,111,0.0,1
545,0.06052254912880909,2.5419470634099812,545,0.0,1
545,0.0,0.0,545,0.0,1
521,0.0,0.0,521,0.0,1
545,0.0,0.0,545,0.0,1
545,0.0,0.0,545,0.0,1
545,0.0,0.0,545,0.0,1
168,0.0,0.0,168,0.0,1
545,0.0,0.0,545,0.0,1
545,0.0,0.0,545,0.0,1
456,0.0,0.0,456,0.0,1
545,0.0,0.0,545,0.0,1
545,0.0,0.0,545,0.0,1
351,0.0,0.0,351,0.0,1
545,0.0,0.0,545,0.0,1
545,0.0,0.0,545,0.0,1
545,0.0,0.0,545,0.0,1
42,0.0,0.0,42,0.0,1
545,0.0,0.0,545,0.0,1
545,0.0,0.0,545,0.0,1
545,0.0,0.0,545,0.0,1
32,0.0,0.0,32,0.0,1
545,0.0,0.0,545,0.0,1
545,0.0,0.0,545,0.0,1
545,0.0,0.0,545,0.0,1
335,0.0,0.0,335,0.0,1
545,0.0,0.0,545,0.0,1
545,0.0,0.0,545,0.0,1
545,0.0,0.0,545,0.0,1
437,0.0,0.0,437,0.0,1
545,0.0,0.0,545,0.0,1
545,0.0,0.0,545,0.0,1
545,0.0,0.0,545,0.0,1
545,0.0,0.0,545,0.0,1
85,0.0,0.0,85,0.0,1
545,0.0,0.0,545,0.0,1
545,0.0,0.0,545,0.0,1
366,0.0,0.0,366,0.0,1
545,0.0,0.0,545,0.0,1
545,0.0,0.0,545,0.0,1
545,0.0,0.0,545,0.0,1
545,0.0,0.0,545,0.0,1
29,0.0,0.0,29,0.0,1
545,0.0,0.0,545,0.0,1
545,0.0,0.0,545,0.0,1
545,0.0,0.0,545,0.0,1
545,0.0,0.0,545,0.0,1
118,0.0,0.0,118,0.0,1
545,0.0,0.0,545,0.0,1
545,0.0,0.0,545,0.0,1
526,0.0,0.0,526,0.0,1
545,0.0,0.0,545,0.0,1
545,0.0,0.0,545,0.0,1
545,0.0,0.0,545,0.0,1
476,0.0,0.0,476,0.0,1
545,0.0,0.0,545,0.0,1
545,0.0,0.0,545,0.0,1
545,0.0,0.0,545,0.0,1
545,0.0,0.0,545,0.0,1
545,0.0,0.0,545,0.0,1
406,0.0,0.0,406,0.0,1
545,0.0,0.0,545,0.0,1
545,0.0,0.0,545,0.0,1
545,0.0,0.0,545,0.0,1
351,0.0,0.0,351,0.0,1
545,0.0,0.0,545,0.0,1
545,0.0,0.0,545,0.0,1
545,0.0,0.0,545,0.0,1
319,0.0,0.0,319,0.0,1
545,0.0,0.0,545,0.0,1
545,0.0,0.0,545,0.0,1
545,0.0,0.0,545,0.0,1
384,0.0,0.0,384,0.0,1
545,0.0,0.0,545,0.0,1
545,0.0,0.0,545,0.0,1
545,0.0,0.0,545,0.0,1
448,0.0,0.0,448,0.0,1
545,0.0,0.0,545,0.0,1
545,0.0,0.0,545,0.0,1
545,0.0,0.0,545,0.0,1
512,0.0,0.0,512,0.0,1
545,0.0,0.0,545,0.0,1
545,0.0,0.0,545,0.0,1
545,0.0,0.0,545,0.0,1
543,0.0,0.0,543,0.0,1
545,0.0,0.0,545,0.0,1
545,0.0,0.0,545,0.0,1
545,0.0,0.0,545,0.0,1
534,0.0,0.0,534,0.0,1
545,0.0,0.0,545,0.0,1
545,0.0,0.0,545,0.0,1
545,0.0,0.0,545,0.0,1
398,0.0,0.0,398,0.0,1
545,0.0,0.0,545,0.0,1
545,0.0,0.0,545,0.0,1
545,0.0,0.0,545,0.0,1
398,0.0,0.0,398,0.0,1
545,0.0,0.0,545,0.0,1
545,0.0,0.0,545,0.0,1
545,0.0,0.0,545,0.0,1
349,0.0,0.0,349,0.0,1
443,10.416090873367747,437.4758166814454,443,0.0,1
545,0.0,0.0,545,0.0,1
545,0.0,0.0,545,0.0,1
545,0.0,0.0,545,0.0,1
357,0.0,0.0,357,0.0,1
545,0.0,0.0,545,0.0,1
545,0.0,0.0,545,0.0,1
545,0.0,0.0,545,0.0,1
382,0.0,0.0,382,0.0,1
545,0.0,0.0,545,0.0,1
545,0.0,0.0,545,0.0,1
545,0.0,0.0,545,0.0,1
484,0.0,0.0,484,0.0,1
545,0.0,0.0,545,0.0,1
545,0.0,0.0,545,0.0,1
545,0.0,0.0,545,0.0,1
532,0.0,0.0,532,0.0,1
545,0.0,0.0,545,0.0,1
545,0.0,0.0,545,0.0,1
545,0.0,0.0,545,0.0,1
545,0.0,0.0,545,0.0,1
204,0.0,0.0,204,0.0,1
545,0.0,0.0,545,0.0,1
545,0.0,0.0,545,0.0,1
545,0.0,0.0,545,0.0,1
545,0.0,0.0,545,0.0,1
284,0.0,0.0,284,0.0,1
545,0.0,0.0,545,0.0,1
545,0.0,0.0,545,0.0,1
545,0.0,0.0,545,0.0,1
545,0.0,0.0,545,0.0,1
211,0.0,0.0,211,0.0,1
545,0.0,0.0,545,0.0,1
545,0.0,0.0,545,0.0,1
545,0.0,0.0,545,0.0,1
545,0.0,0.0,545,0.0,1
307,0.0,0.0,307,0.0,1
545,0.0,0.0,545,0.0,1
545,0.0,0.0,545,0.0,1
545,0.0,0.0,545,0.0,1
545,0.0,0.0,545,0.0,1
239,0.0,0.0,239,0.0,1
545,0.0,0.0,545,0.0,1
545,0.0,0.0,545,0.0,1
545,0.0,0.0,545,0.0,1
545,0.0,0.0,545,0.0,1
277,0.0,0.0,277,0.0,1
545,0.0,0.0,545,0.0,1
545,0.0,0.0,545,0.0,1
545,0.0,0.0,545,0.0,1
545,0.0,0.0,545,0.0,1
300,0.0,0.0,300,0.0,1
545,0.0,0.0,545,0.0,1
545,0.0,0.0,545,0.0,1
545,0.0,0.0,545,0.0,1
545,0.0,0.0,545,0.0,1
156,0.0,0.0,156,0.0,1
545,0.0,0.0,545,0.0,1
545,0.0,0.0,545,0.0,1
545,0.0,0.0,545,0.0,1
545,0.0,0.0,545,0.0,1
77,0.0,0.0,77,0.0,1
545,0.0,0.0,545,0.0,1
545,0.0,0.0,545,0.0,1
545,0.0,0.0,545,0.0,1
545,0.0,0.0,545,0.0,1
80,0.0,0.0,80,0.0,1
545,0.0,0.0,545,0.0,1
545,0.0,0.0,545,0.0,1
545,0.0,0.0,545,0.0,1
545,0.0,0.0,545,0.0,1
116,0.0,0.0,116,0.0,1
545,0.0,0.0,545,0.0,1
545,0.0,0.0,545,0.0,1
545,0.0,0.0,545,0.0,1
545,0.0,0.0,545,0.0,1
149,0.0,0.0,149,0.0,1
545,0.0,0.0,545,0.0,1
545,0.0,0.0,545,0.0,1
545,0.0,0.0,545,0.0,1
545,0.0,0.0,545,0.0,1
135,0.0,0.0,135,0.0,1
545,0.0,0.0,545,0.0,1
545,0.0,0.0,545,0.0,1
545,0.0,0.0,545,0.0,1
416,0.0,0.0,416,0.0,1
545,0.0,0.0,545,0.0,1
545,0.0,0.0,545,0.0,1
545,0.0,0.0,545,0.0,1
469,0.0,0.0,469,0.0,1
545,0.0,0.0,545,0.0,1
545,0.0,0.0,545,0.0,1
545,0.0,0.0,545,0.0,1
343,0.0,0.0,343,0.0,1
545,0.0,0.0,545,0.0,1
545,0.0,0.0,545,0.0,1
545,0.0,0.0,545,0.0,1
320,0.0,0.0,320,0.0,1
545,0.0,0.0,545,0.0,1
545,0.0,0.0,545,0.0,1
545,0.0,0.0,545,0.0,1
184,0.0,0.0,184,0.0,1
545,0.0,0.0,545,0.0,1
545,0.0,0.0,545,0.0,1
545,0.0,0.0,545,0.0,1
113,0.0,0.0,113,0.0,1
545,0.0,0.0,545,0.0,1
545,0.0,0.0,545,0.0,1
545,0.0,0.0,545,0.0,1
80,0.0,0.0,80,0.0,1
545,0.0,0.0,545,0.0,1
545,0.0,0.0,545,0.0,1
545,0.0,0.0,545,0.0,1
160,0.0,0.0,160,0.0,1
545,0.0,0.0,545,0.0,1
545,0.0,0.0,545,0.0,1
545,0.0,0.0,545,0.0,1
448,0.0,0.0,448,0.0,1
545,0.0,0.0,545,0.0,1
545,0.0,0.0,545,0.0,1
545,0.0,0.0,545,0.0,1
465,0.0,0.0,465,0.0,1
545,0.0,0.0,545,0.0,1
545,0.0,0.0,545,0.0,1
545,0.0,0.0,545,0.0,1
366,0.0,0.0,366,0.0,1
545,0.0,0.0,545,0.0,1
545,0.0,0.0,545,0.0,1
545,0.0,0.0,545,0.0,1
445,0.0,0.0,445,0.0,1
545,0.0,0.0,545,0.0,1
545,0.0,0.0,545,0.0,1
545,0.0,0.0,545,0.0,1
374,0.0,0.0,374,0.0,1
545,0.0,0.0,545,0.0,1
545,0.0,0.0,545,0.0,1
545,0.0,0.0,545,0.0,1
191,0.0,0.0,191,0.0,1
545,0.0,0.0,545,0.0,1
545,0.0,0.0,545,0.0,1
351,0.0,0.0,351,0.0,1
545,0.0,0.0,545,0.0,1
545,0.0,0.0,545,0.0,1
39,0.0,0.0,39,0.0,1
545,0.0,0.0,545,0.0,1
292,0.0,0.0,292,0.0,1
545,0.0,0.0,545,0.0,1
323,0.0,0.0,323,0.0,1
545,0.0,0.0,545,0.0,1
436,0.0,0.0,436,0.0,1
545,0.0,0.0,545,0.0,1
545,0.0,0.0,545,0.0,1
97,0.0,0.0,97,0.0,1
545,0.0,0.0,545,0.0,1
545,0.0,0.0,545,0.0,1
354,0.0,0.0,354,0.0,1
545,0.0,0.0,545,0.0,1
545,0.0,0.0,545,0.0,1
545,0.0,0.0,545,0.0,1
105,0.0,0.0,105,0.0,1
545,0.0,0.0,545,0.0,1
545,0.0,0.0,545,0.0,1
545,0.0,0.0,545,0.0,1
376,0.0,0.0,376,0.0,1
545,0.0,0.0,545,0.0,1
545,0.0,0.0,545,0.0,1
545,0.0,0.0,545,0.0,1
528,0.0,0.0,528,0.0,1
545,0.0,0.0,545,0.0,1
545,0.0,0.0,545,0.0,1
545,0.0,0.0,545,0.0,1
512,0.0,0.0,512,0.0,1
545,0.0,0.0,545,0.0,1
545,0.0,0.0,545,0.0,1
545,0.0,0.0,545,0.0,1
456,0.0,0.0,456,0.0,1
545,0.0,0.0,545,0.0,1
545,0.0,0.0,545,0.0,1
545,0.0,0.0,545,0.0,1
509,0.0,0.0,509,0.0,1
545,0.0,0.0,545,0.0,1
545,0.0,0.0,545,0.0,1
545,0.0,0.0,545,0.0,1
502,0.0,0.0,502,0.0,1
545,0.0,0.0,545,0.0,1
545,0.0,0.0,545,0.0,1
545,0.0,0.0,545,0.0,1
518,0.0,0.0,518,0.0,1
545,0.0,0.0,545,0.0,1
545,0.0,0.0,545,0.0,1
545,0.0,0.0,545,0.0,1
439,0.0,0.0,439,0.0,1
545,0.0,0.0,545,0.0,1
545,0.0,0.0,545,0.0,1
545,0.0,0.0,545,0.0,1
468,0.0,0.0,468,0.0,1
545,0.0,0.0,545,0.0,1
545,0.0,0.0,545,0.0,1
545,0.0,0.0,545,0.0,1
545,0.0,0.0,545,0.0,1
19,0.0,0.0,19,0.0,1
545,0.0,0.0,545,0.0,1
545,0.0,0.0,545,0.0,1
545,0.0,0.0,545,0.0,1
545,0.0,0.0,545,0.0,1
44,0.0,0.0,44,0.0,1
545,0.0,0.0,545,0.0,1
545,0.0,0.0,545,0.0,1
545,0.0,0.0,545,0.0,1
545,0.0,0.0,545,0.0,1
60,0.0,0.0,60,0.0,1
545,0.0,0.0,545,0.0,1
545,0.0,0.0,545,0.0,1
545,0.0,0.0,545,0.0,1
525,0.0,0.0,525,0.0,1
545,0.0,0.0,545,0.0,1
545,0.0,0.0,545,0.0,1
545,0.0,0.0,545,0.0,1
545,0.0,0.0,545,0.0,1
59,0.0,0.0,59,0.0,1
57,0.0,0.0,57,0.0,1
545,0.0,0.0,545,0.0,1
545,0.0,0.0,545,0.0,1
545,0.0,0.0,545,0.0,1
376,0.0,0.0,376,0.0,1
545,0.0,0.0,545,0.0,1
545,0.0,0.0,545,0.0,1
532,0.0,0.0,532,0.0,1
545,0.0,0.0,545,0.0,1
545,0.0,0.0,545,0.0,1
167,0.0,0.0,167,0.0,1
545,0.0,0.0,545,0.0,1
409,0.0,0.0,409,0.0,1
545,0.0,0.0,545,0.0,1
49,0.0,0.0,49,0.0,1
195,0.0,0.0,195,0.0,1
545,0.0,0.0,545,0.0,1
545,0.0,0.0,545,0.0,1
545,0.0,0.0,545,0.0,1
366,0.0,0.0,366,0.0,1
460,12.21581298794811,513.0641454938205,460,0.0,1
492,11.811872214143362,496.0986329940212,492,0.0,1
545,11.222846946206726,471.3595717406825,545,0.0,1
208,0.0,0.0,208,0.0,1
545,11.222846946206726,471.3595717406825,545,0.0,1
335,0.0,0.0,335,0.0,1
545,11.222846946206726,471.3595717406825,545,0.0,1
399,0.0,0.0,399,0.0,1
545,11.222846946206726,471.3595717406825,545,0.0,1
545,0.0,0.0,545,0.0,1
175,0.0,0.0,175,0.0,1
545,0.0,0.0,545,0.0,1
545,0.0,0.0,545,0.0,1
236,0.0,0.0,236,0.0,1
545,0.0,0.0,545,0.0,1
545,0.0,0.0,545,0.0,1
394,0.0,0.0,394,0.0,1
545,0.0,0.0,545,0.0,1
545,0.0,0.0,545,0.0,1
432,0.0,0.0,432,0.0,1
545,0.0,0.0,545,0.0,1
545,0.0,0.0,545,0.0,1
545,0.0,0.0,545,0.0,1
136,0.0,0.0,136,0.0,1
545,0.0,0.0,545,0.0,1
545,0.0,0.0,545,0.0,1
545,0.0,0.0,545,0.0,1
385,0.0,0.0,385,0.0,1
545,0.0,0.0,545,0.0,1
545,0.0,0.0,545,0.0,1
545,0.0,0.0,545,0.0,1
366,0.0,0.0,366,0.0,1
1,0,0,1,1.0,1
1,0,0,1,1.0,1
1,0,0,1,1.0,1
1,0,0,1,1.0,1
1,0,0,1,1.0,1
1,0,0,1,1.0,1
1,0,0,1,1.0,1
1,0,0,1,1.0,1
545,0.0,0.0,545,0.0,1
545,0.0,0.0,545,0.0,1
545,0.0,0.0,545,0.0,1
179,0.0,0.0,179,0.0,1
183,0.0,0.0,183,0.0,1
29,0.0,0.0,29,0.0,1
25,0.0,0.0,25,0.0,1
50,0.0,0.0,50,0.0,1
1,0,0,1,1.0,1
545,0.0,0.0,545,0.0,1
545,0.0,0.0,545,0.0,1
545,0.0,0.0,545,0.0,1
270,0.0,0.0,270,0.0,1
1,0,0,1,1.0,1
1,0,0,1,1.0,1
1,0,0,1,1.0,1
545,10.651056665654403,447.344379957485,545,0.0,1
119,0.0,0.0,119,0.0,1
545,10.651056665654403,447.344379957485,545,0.0,1
470,0.0,0.0,470,0.0,1
545,10.651056665654403,447.344379957485,545,0.0,1
545,0.0,0.0,545,0.0,1
220,0.0,0.0,220,0.0,1
545,10.651056665654403,447.344379957485,545,0.0,1
545,0.0,0.0,545,0.0,1
545,0.0,0.0,545,0.0,1
35,0.0,0.0,35,0.0,1
545,10.651056665654403,447.344379957485,545,0.0,1
545,0.0,0.0,545,0.0,1
545,0.0,0.0,545,0.0,1
396,0.0,0.0,396,0.0,1
545,10.34498784969618,434.48948968723954,545,0.0,1
545,0.0,0.0,545,0.0,1
545,0.0,0.0,545,0.0,1
545,0.0,0.0,545,0.0,1
123,0.0,0.0,123,0.0,1
545,0.6735050203319233,28.287210853940778,545,0.0,1
545,0.0,0.0,545,0.0,1
545,0.0,0.0,545,0.0,1
545,0.0,0.0,545,0.0,1
150,0.0,0.0,150,0.0,1
545,0.0,0.0,545,0.0,1
545,0.0,0.0,545,0.0,1
545,0.0,0.0,545,0.0,1
545,0.0,0.0,545,0.0,1
131,0.0,0.0,131,0.0,1
545,0.0,0.0,545,0.0,1
545,0.0,0.0,545,0.0,1
545,0.0,0.0,545,0.0,1
419,0.0,0.0,419,0.0,1
545,0.0,0.0,545,0.0,1
545,0.0,0.0,545,0.0,1
545,0.0,0.0,545,0.0,1
332,0.0,0.0,332,0.0,1
545,0.0,0.0,545,0.0,1
545,0.0,0.0,545,0.0,1
545,0.0,0.0,545,0.0,1
308,0.0,0.0,308,0.0,1
545,0.0,0.0,545,0.0,1
545,0.0,0.0,545,0.0,1
545,0.0,0.0,545,0.0,1
200,0.0,0.0,200,0.0,1
545,0.0,0.0,545,0.0,1
545,0.0,0.0,545,0.0,1
545,0.0,0.0,545,0.0,1
121,0.0,0.0,121,0.0,1
545,0.0,0.0,545,0.0,1
545,0.0,0.0,545,0.0,1
545,0.0,0.0,545,0.0,1
81,0.0,0.0,81,0.0,1
545,0.0,0.0,545,0.0,1
545,0.0,0.0,545,0.0,1
545,0.0,0.0,545,0.0,1
168,0.0,0.0,168,0.0,1
545,0.0,0.0,545,0.0,1
545,0.0,0.0,545,0.0,1
545,0.0,0.0,545,0.0,1
441,0.0,0.0,441,0.0,1
545,0.0,0.0,545,0.0,1
545,0.0,0.0,545,0.0,1
545,0.0,0.0,545,0.0,1
473,0.0,0.0,473,0.0,1
545,0.0,0.0,545,0.0,1
545,0.0,0.0,545,0.0,1
545,0.0,0.0,545,0.0,1
377,0.0,0.0,377,0.0,1
545,0.0,0.0,545,0.0,1
545,0.0,0.0,545,0.0,1
545,0.0,0.0,545,0.0,1
472,0.0,0.0,472,0.0,1
545,0.0,0.0,545,0.0,1
545,0.0,0.0,545,0.0,1
545,0.0,0.0,545,0.0,1
376,0.0,0.0,376,0.0,1
545,0.0,0.0,545,0.0,1
545,0.0,0.0,545,0.0,1
545,0.0,0.0,545,0.0,1
192,0.0,0.0,192,0.0,1
545,0.0,0.0,545,0.0,1
545,0.0,0.0,545,0.0,1
353,0.0,0.0,353,0.0,1
545,0.0,0.0,545,0.0,1
506,0.0,0.0,506,0.0,1
545,0.0,0.0,545,0.0,1
300,0.0,0.0,300,0.0,1
545,0.0,0.0,545,0.0,1
325,0.0,0.0,325,0.0,1
545,0.0,0.0,545,0.0,1
445,0.0,0.0,445,0.0,1
545,0.0,0.0,545,0.0,1
545,0.0,0.0,545,0.0,1
107,0.0,0.0,107,0.0,1
545,0.0,0.0,545,0.0,1
545,0.0,0.0,545,0.0,1
362,0.0,0.0,362,0.0,1
545,0.0,0.0,545,0.0,1
545,0.0,0.0,545,0.0,1
545,0.0,0.0,545,0.0,1
112,0.0,0.0,112,0.0,1
545,0.0,0.0,545,0.0,1
545,0.0,0.0,545,0.0,1
545,0.0,0.0,545,0.0,1
384,0.0,0.0,384,0.0,1
545,0.0,0.0,545,0.0,1
545,0.0,0.0,545,0.0,1
545,0.0,0.0,545,0.0,1
529,0.0,0.0,529,0.0,1
545,0.0,0.0,545,0.0,1
545,0.0,0.0,545,0.0,1
545,0.0,0.0,545,0.0,1
429,0.0,0.0,429,0.0,1
545,0.0,0.0,545,0.0,1
545,0.0,0.0,545,0.0,1
545,0.0,0.0,545,0.0,1
354,0.0,0.0,354,0.0,1
545,0.0,0.0,545,0.0,1
545,0.0,0.0,545,0.0,1
545,0.0,0.0,545,0.0,1
61,0.0,0.0,61,0.0,1
545,0.0,0.0,545,0.0,1
545,0.0,0.0,545,0.0,1
162,0.0,0.0,162,0.0,1
545,0.0,0.0,545,0.0,1
295,0.0,0.0,295,0.0,1
488,0.0,0.0,488,0.0,1
225,0.0,0.0,225,0.0,1
545,0.0,0.0,545,0.0,1
545,0.0,0.0,545,0.0,1
545,0.0,0.0,545,0.0,1
110,0.0,0.0,110,0.0,1
100,0.0,0.0,100,0.0,1
122,0.0,0.0,122,0.0,1
545,0.0,0.0,545,0.0,1
456,0.0,0.0,456,0.0,1
341,0.0,0.0,341,0.0,1
269,0.0,0.0,269,0.0,1
545,0.0,0.0,545,0.0,1
179,0.0,0.0,179,0.0,1
545,0.0,0.0,545,0.0,1
545,0.0,0.0,545,0.0,1
545,0.0,0.0,545,0.0,1
51,0.0,0.0,51,0.0,1
545,0.0,0.0,545,0.0,1
545,0.0,0.0,545,0.0,1
545,0.0,0.0,545,0.0,1
132,0.0,0.0,132,0.0,1
545,0.0,0.0,545,0.0,1
545,0.0,0.0,545,0.0,1
545,0.0,0.0,545,0.0,1
521,0.0,0.0,521,0.0,1
545,0.0,0.0,545,0.0,1
545,0.0,0.0,545,0.0,1
545,0.0,0.0,545,0.0,1
464,0.0,0.0,464,0.0,1
545,0.0,0.0,545,0.0,1
545,0.0,0.0,545,0.0,1
545,0.0,0.0,545,0.0,1
519,0.0,0.0,519,0.0,1
545,0.0,0.0,545,0.0,1
545,0.0,0.0,545,0.0,1
545,0.0,0.0,545,0.0,1
509,0.0,0.0,509,0.0,1
545,0.0,0.0,545,0.0,1
545,0.0,0.0,545,0.0,1
545,0.0,0.0,545,0.0,1
533,0.0,0.0,533,0.0,1
545,0.0,0.0,545,0.0,1
545,0.0,0.0,545,0.0,1
545,0.0,0.0,545,0.0,1
454,0.0,0.0,454,0.0,1
545,0.0,0.0,545,0.0,1
545,0.0,0.0,545,0.0,1
545,0.0,0.0,545,0.0,1
486,0.0,0.0,486,0.0,1
545,0.0,0.0,545,0.0,1
545,0.0,0.0,545,0.0,1
545,0.0,0.0,545,0.0,1
545,0.0,0.0,545,0.0,1
28,0.0,0.0,28,0.0,1
545,0.0,0.0,545,0.0,1
545,0.0,0.0,545,0.0,1
545,0.0,0.0,545,0.0,1
545,0.0,0.0,545,0.0,1
41,0.0,0.0,41,0.0,1
545,0.0,0.0,545,0.0,1
545,0.0,0.0,545,0.0,1
545,0.0,0.0,545,0.0,1
545,0.0,0.0,545,0.0,1
61,0.0,0.0,61,0.0,1
545,0.0,0.0,545,0.0,1
545,0.0,0.0,545,0.0,1
545,0.0,0.0,545,0.0,1
526,0.0,0.0,526,0.0,1
545,0.0,0.0,545,0.0,1
545,0.0,0.0,545,0.0,1
545,0.0,0.0,545,0.0,1
545,0.0,0.0,545,0.0,1
61,0.0,0.0,61,0.0,1
545,0.0,0.0,545,0.0,1
545,0.0,0.0,545,0.0,1
545,0.0,0.0,545,0.0,1
545,0.0,0.0,545,0.0,1
142,0.0,0.0,142,0.0,1
545,0.0,0.0,545,0.0,1
545,0.0,0.0,545,0.0,1
545,0.0,0.0,545,0.0,1
545,0.0,0.0,545,0.0,1
221,0.0,0.0,221,0.0,1
545,0.0,0.0,545,0.0,1
545,0.0,0.0,545,0.0,1
545,0.0,0.0,545,0.0,1
545,0.0,0.0,545,0.0,1
258,0.0,0.0,258,0.0,1
545,0.0,0.0,545,0.0,1
545,0.0,0.0,545,0.0,1
545,0.0,0.0,545,0.0,1
545,0.0,0.0,545,0.0,1
545,0.0,0.0,545,0.0,1
545,0.0,0.0,545,0.0,1
545,0.0,0.0,545,0.0,1
455,0.0,0.0,455,0.0,1
520,0.0,0.0,520,0.0,1
464,0.0,0.0,464,0.0,1
161,0.0,0.0,161,0.0,1
1,0,0,1,1.0,1
150,0.0,0.0,150,0.0,1
175,0.0,0.0,175,0.0,1
40,0.0,0.0,40,0.0,1
545,0.0,0.0,545,0.0,1
545,0.0,0.0,545,0.0,1
364,0.0,0.0,364,0.0,1
1,0,0,1,1.0,1
175,0.0,0.0,175,0.0,1
1,0,0,1,1.0,1
1,0,0,1,1.0,1
1,0,0,1,1.0,1
125,0.0,0.0,125,0.0,1
48,0.0,0.0,48,0.0,1
64,0.0,0.0,64,0.0,1
72,0.0,0.0,72,0.0,1
1,0,0,1,1.0,1
1,0,0,1,1.0,1
79,0.0,0.0,79,0.0,1
1,0,0,1,1.0,1
1,0,0,1,1.0,1
1,0,0,1,1.0,1
1,0,0,1,1.0,1
51,0.0,0.0,51,0.0,1
491,0.0,0.0,491,0.0,1
545,0.0,0.0,545,0.0,1
73,0.0,0.0,73,0.0,1
545,0.0,0.0,545,0.0,1
160,0.0,0.0,160,0.0,1
545,0.0,0.0,545,0.0,1
248,0.0,0.0,248,0.0,1
545,0.0,0.0,545,0.0,1
367,0.0,0.0,367,0.0,1
545,0.0,0.0,545,0.0,1
545,0.0,0.0,545,0.0,1
115,0.0,0.0,115,0.0,1
545,0.0,0.0,545,0.0,1
545,0.0,0.0,545,0.0,1
144,0.0,0.0,144,0.0,1
545,0.0,0.0,545,0.0,1
545,0.0,0.0,545,0.0,1
465,0.0,0.0,465,0.0,1
545,0.0,0.0,545,0.0,1
545,0.0,0.0,545,0.0,1
545,0.0,0.0,545,0.0,1
216,0.0,0.0,216,0.0,1
545,0.0,0.0,545,0.0,1
545,0.0,0.0,545,0.0,1
545,0.0,0.0,545,0.0,1
504,0.0,0.0,504,0.0,1
545,0.0,0.0,545,0.0,1
545,0.0,0.0,545,0.0,1
545,0.0,0.0,545,0.0,1
545,0.0,0.0,545,0.0,1
271,0.0,0.0,271,0.0,1
545,0.0,0.0,545,0.0,1
545,0.0,0.0,545,0.0,1
545,0.0,0.0,545,0.0,1
545,0.0,0.0,545,0.0,1
497,0.0,0.0,497,0.0,1
545,0.0,0.0,545,0.0,1
545,0.0,0.0,545,0.0,1
545,0.0,0.0,545,0.0,1
545,0.0,0.0,545,0.0,1
202,0.0,0.0,202,0.0,1
545,0.0,0.0,545,0.0,1
545,0.0,0.0,545,0.0,1
545,0.0,0.0,545,0.0,1
545,0.0,0.0,545,0.0,1
204,0.0,0.0,204,0.0,1
545,0.0,0.0,545,0.0,1
545,0.0,0.0,545,0.0,1
545,0.0,0.0,545,0.0,1
545,0.0,0.0,545,0.0,1
171,0.0,0.0,171,0.0,1
545,0.0,0.0,545,0.0,1
545,0.0,0.0,545,0.0,1
545,0.0,0.0,545,0.0,1
545,0.0,0.0,545,0.0,1
380,0.0,0.0,380,0.0,1
545,0.0,0.0,545,0.0,1
545,0.0,0.0,545,0.0,1
545,0.0,0.0,545,0.0,1
545,0.0,0.0,545,0.0,1
456,0.0,0.0,456,0.0,1
545,0.0,0.0,545,0.0,1
545,0.0,0.0,545,0.0,1
545,0.0,0.0,545,0.0,1
545,0.0,0.0,545,0.0,1
464,0.0,0.0,464,0.0,1
545,0.0,0.0,545,0.0,1
545,0.0,0.0,545,0.0,1
545,0.0,0.0,545,0.0,1
545,0.0,0.0,545,0.0,1
545,0.0,0.0,545,0.0,1
148,0.0,0.0,148,0.0,1
545,0.0,0.0,545,0.0,1
545,0.0,0.0,545,0.0,1
545,0.0,0.0,545,0.0,1
545,0.0,0.0,545,0.0,1
545,0.0,0.0,545,0.0,1
180,0.0,0.0,180,0.0,1
545,0.0,0.0,545,0.0,1
545,0.0,0.0,545,0.0,1
545,0.0,0.0,545,0.0,1
545,0.0,0.0,545,0.0,1
545,0.0,0.0,545,0.0,1
139,0.0,0.0,139,0.0,1
545,0.0,0.0,545,0.0,1
545,0.0,0.0,545,0.0,1
545,0.0,0.0,545,0.0,1
545,0.0,0.0,545,0.0,1
545,0.0,0.0,545,0.0,1
20,0.0,0.0,20,0.0,1
545,0.0,0.0,545,0.0,1
545,0.0,0.0,545,0.0,1
545,0.0,0.0,545,0.0,1
545,0.0,0.0,545,0.0,1
376,0.0,0.0,376,0.0,1
72,0.0,0.0,72,0.0,1
72,0.0,0.0,72,0.0,1
545,0.0,0.0,545,0.0,1
545,0.0,0.0,545,0.0,1
545,0.0,0.0,545,0.0,1
211,0.0,0.0,211,0.0,1
545,0.0,0.0,545,0.0,1
545,0.0,0.0,545,0.0,1
545,0.0,0.0,545,0.0,1
175,0.0,0.0,175,0.0,1
545,0.0,0.0,545,0.0,1
545,0.0,0.0,545,0.0,1
545,0.0,0.0,545,0.0,1
163,0.0,0.0,163,0.0,1
545,0.0,0.0,545,0.0,1
545,0.0,0.0,545,0.0,1
545,0.0,0.0,545,0.0,1
259,0.0,0.0,259,0.0,1
545,0.0,0.0,545,0.0,1
545,0.0,0.0,545,0.0,1
545,0.0,0.0,545,0.0,1
323,0.0,0.0,323,0.0,1
545,0.0,0.0,545,0.0,1
545,0.0,0.0,545,0.0,1
545,0.0,0.0,545,0.0,1
379,0.0,0.0,379,0.0,1
545,0.0,0.0,545,0.0,1
545,0.0,0.0,545,0.0,1
545,0.0,0.0,545,0.0,1
431,0.0,0.0,431,0.0,1
545,0.0,0.0,545,0.0,1
545,0.0,0.0,545,0.0,1
545,0.0,0.0,545,0.0,1
408,0.0,0.0,408,0.0,1
545,0.0,0.0,545,0.0,1
545,0.0,0.0,545,0.0,1
545,0.0,0.0,545,0.0,1
283,0.0,0.0,283,0.0,1
545,0.0,0.0,545,0.0,1
545,0.0,0.0,545,0.0,1
545,0.0,0.0,545,0.0,1
269,0.0,0.0,269,0.0,1
64,0.0,0.0,64,0.0,1
64,0.0,0.0,64,0.0,1
72,0.0,0.0,72,0.0,1
1,0,0,1,1.0,1
1,0,0,1,1.0,1
1,0,0,1,1.0,1
1,0,0,1,1.0,1
1,0,0,1,1.0,1
1,0,0,1,1.0,1
1,0,0,1,1.0,1
1,0,0,1,1.0,1
1,0,0,1,1.0,1
1,0,0,1,1.0,1
1,0,0,1,1.0,1
1,0,0,1,1.0,1
1,0,0,1,1.0,1
1,0,0,1,1.0,1
1,0,0,1,1.0,1
1,0,0,1,1.0,1
1,0,0,1,1.0,1
1,0,0,1,1.0,1
1,0,0,1,1.0,1
1,0,0,1,1.0,1
1,0,0,1,1.0,1
1,0,0,1,1.0,1
1,0,0,1,1.0,1
1,0,0,1,1.0,1
545,0.0,0.0,545,0.0,1
545,8.107500458249637,404.1742715674587,545,0.0,1
44,0.0,0.0,44,0.0,1
125,0.0,0.0,125,0.0,1
75,0.0,0.0,75,0.0,1
80,0.0,0.0,80,0.0,1
88,0.0,0.0,88,0.0,1
96,0.0,0.0,96,0.0,1
112,0.0,0.0,112,0.0,1
128,0.0,0.0,128,0.0,1
112,0.0,0.0,112,0.0,1
112,0.0,0.0,112,0.0,1
120,0.0,0.0,120,0.0,1
128,0.0,0.0,128,0.0,1
143,0.0,0.0,143,0.0,1
545,0.0,0.0,545,0.0,1
410,0.0,0.0,410,0.0,1
545,0.37424145263156244,60.6271153263131,545,0.0,1
545,0.12037448313476666,19.500666267832198,545,0.0,1
545,0.1127048114669146,18.258179457640168,545,0.0,1
372,0.12614142799122233,20.434911334578015,372,0.0,1
545,0.35534238940422147,57.56546708348388,545,0.0,1
545,0.08543403675190497,13.840313953808606,545,0.0,1
545,0.1127048114669146,18.258179457640168,545,0.0,1
434,0.09566991993805472,15.498527029964865,434,0.0,1
545,0.37424145263156244,60.6271153263131,545,0.0,1
545,0.12037448313476666,19.500666267832198,545,0.0,1
545,0.12037448313476666,19.500666267832198,545,0.0,1
545,0.12755748521564145,20.664312604933915,545,0.0,1
545,0.10444130910722166,16.91949207536991,545,0.0,1
545,0.07405639542392017,11.997136058675068,545,0.0,1
545,0.10444130910722166,16.91949207536991,545,0.0,1
163,0.07832604499879574,12.68881928980491,163,0.0,1
545,0.35534238940422147,57.56546708348388,545,0.0,1
545,0.08543403675190497,13.840313953808606,545,0.0,1
545,0.12037448313476666,19.500666267832198,545,0.0,1
545,0.09542983679476028,15.459633560751163,545,0.0,1
545,0.10444130910722166,16.91949207536991,545,0.0,1
545,0.09542983679476028,15.459633560751163,545,0.0,1
545,0.042835293687811936,6.939317577425534,545,0.0,1
218,0.09556167637426553,15.480991572631014,218,0.0,1
545,0.37424145263156244,60.6271153263131,545,0.0,1
545,0.1473822670803959,23.875927267024135,545,0.0,1
545,0.12037448313476666,19.500666267832198,545,0.0,1
545,0.12755748521564145,20.664312604933915,545,0.0,1
545,0.10444130910722166,16.91949207536991,545,0.0,1
545,0.08543403675190497,13.840313953808606,545,0.0,1
545,0.10444130910722166,16.91949207536991,545,0.0,1
545,0.042835293687811936,6.939317577425534,545,0.0,1
545,0.10444130910722166,16.91949207536991,545,0.0,1
545,0.09542983679476028,15.459633560751163,545,0.0,1
150,0.0,0.0,150,0.0,1
545,0.35534238940422147,57.56546708348388,545,0.0,1
545,0.10444130910722166,16.91949207536991,545,0.0,1
545,0.12037448313476666,19.500666267832198,545,0.0,1
545,0.09542983679476028,15.459633560751163,545,0.0,1
545,0.10444130910722166,16.91949207536991,545,0.0,1
545,0.10444130910722166,16.91949207536991,545,0.0,1
545,0.042835293687811936,6.939317577425534,545,0.0,1
545,0.07405639542392017,11.997136058675068,545,0.0,1
545,0.06052254912880909,9.804652958867074,545,0.0,1
545,0.07405639542392017,11.997136058675068,545,0.0,1
217,0.0,0.0,217,0.0,1
545,0.37424145263156244,60.6271153263131,545,0.0,1
545,0.1473822670803959,23.875927267024135,545,0.0,1
545,0.12037448313476666,19.500666267832198,545,0.0,1
545,0.12755748521564145,20.664312604933915,545,0.0,1
545,0.1127048114669146,18.258179457640168,545,0.0,1
545,0.08543403675190497,13.840313953808606,545,0.0,1
545,0.12755748521564145,20.664312604933915,545,0.0,1
545,0.042835293687811936,6.939317577425534,545,0.0,1
545,0.1127048114669146,18.258179457640168,545,0.0,1
545,0.10444130910722166,16.91949207536991,545,0.0,1
545,0.09571217420693838,15.505372221524016,545,0.0,1
545,0.1127048114669146,18.258179457640168,545,0.0,1
258,0.0,0.0,258,0.0,1
545,0.35534238940422147,57.56546708348388,545,0.0,1
545,0.10444130910722166,16.91949207536991,545,0.0,1
545,0.12037448313476666,19.500666267832198,545,0.0,1
545,0.09542983679476028,15.459633560751163,545,0.0,1
545,0.1127048114669146,18.258179457640168,545,0.0,1
545,0.10444130910722166,16.91949207536991,545,0.0,1
545,0.08543403675190497,13.840313953808606,545,0.0,1
545,0.07405639542392017,11.997136058675068,545,0.0,1
545,0.07405639542392017,11.997136058675068,545,0.0,1
545,0.08543403675190497,13.840313953808606,545,0.0,1
545,0.07405639542392017,11.997136058675068,545,0.0,1
545,0.10444130910722166,16.91949207536991,545,0.0,1
342,0.10767084050576102,17.442676161933285,342,0.0,1
545,0.37424145263156244,60.6271153263131,545,0.0,1
545,0.1473822670803959,23.875927267024135,545,0.0,1
545,0.13433191006429504,21.7617694304158,545,0.0,1
545,0.12755748521564145,20.664312604933915,545,0.0,1
545,0.12755748521564145,20.664312604933915,545,0.0,1
545,0.09542983679476028,15.459633560751163,545,0.0,1
545,0.13433191006429504,21.7617694304158,545,0.0,1
545,0.042835293687811936,6.939317577425534,545,0.0,1
545,0.12037448313476666,19.500666267832198,545,0.0,1
545,0.1127048114669146,18.258179457640168,545,0.0,1
545,0.09571217420693838,15.505372221524016,545,0.0,1
545,0.12755748521564145,20.664312604933915,545,0.0,1
545,0.042835293687811936,6.939317577425534,545,0.0,1
545,0.10444130910722166,16.91949207536991,545,0.0,1
129,0.0,0.0,129,0.0,1
545,0.35534238940422147,57.56546708348388,545,0.0,1
545,0.10444130910722166,16.91949207536991,545,0.0,1
545,0.13433191006429504,21.7617694304158,545,0.0,1
545,0.09542983679476028,15.459633560751163,545,0.0,1
545,0.12037448313476666,19.500666267832198,545,0.0,1
545,0.12037448313476666,19.500666267832198,545,0.0,1
545,0.09542983679476028,15.459633560751163,545,0.0,1
545,0.07405639542392017,11.997136058675068,545,0.0,1
545,0.08543403675190497,13.840313953808606,545,0.0,1
545,0.09542983679476028,15.459633560751163,545,0.0,1
545,0.07405639542392017,11.997136058675068,545,0.0,1
545,0.12037448313476666,19.500666267832198,545,0.0,1
545,0.1127048114669146,18.258179457640168,545,0.0,1
545,0.08543403675190497,13.840313953808606,545,0.0,1
212,0.0,0.0,212,0.0,1
545,0.37424145263156244,60.6271153263131,545,0.0,1
545,0.1473822670803959,23.875927267024135,545,0.0,1
545,0.13433191006429504,21.7617694304158,545,0.0,1
545,0.14075676278926008,22.802595571860135,545,0.0,1
545,0.12755748521564145,20.664312604933915,545,0.0,1
545,0.1127048114669146,18.258179457640168,545,0.0,1
545,0.14687792435457794,23.794223745441627,545,0.0,1
545,0.06052254912880909,9.804652958867074,545,0.0,1
545,0.12755748521564145,20.664312604933915,545,0.0,1
545,0.12755748521564145,20.664312604933915,545,0.0,1
545,0.1047637591152644,16.971728976672832,545,0.0,1
545,0.12755748521564145,20.664312604933915,545,0.0,1
545,0.042835293687811936,6.939317577425534,545,0.0,1
545,0.10444130910722166,16.91949207536991,545,0.0,1
545,0.10444130910722166,16.91949207536991,545,0.0,1
199,0.0708881205008336,11.48387552113504,199,0.0,1
545,0.35534238940422147,57.56546708348388,545,0.0,1
545,0.10444130910722166,16.91949207536991,545,0.0,1
545,0.13433191006429504,21.7617694304158,545,0.0,1
545,0.1127048114669146,18.258179457640168,545,0.0,1
545,0.12037448313476666,19.500666267832198,545,0.0,1
545,0.13433191006429504,21.7617694304158,545,0.0,1
545,0.1127048114669146,18.258179457640168,545,0.0,1
545,0.08543403675190497,13.840313953808606,545,0.0,1
545,0.09542983679476028,15.459633560751163,545,0.0,1
545,0.1127048114669146,18.258179457640168,545,0.0,1
545,0.08543403675190497,13.840313953808606,545,0.0,1
545,0.12037448313476666,19.500666267832198,545,0.0,1
545,0.1127048114669146,18.258179457640168,545,0.0,1
545,0.08543403675190497,13.840313953808606,545,0.0,1
545,0.07405639542392017,11.997136058675068,545,0.0,1
281,0.08421412174916221,13.64268772336428,281,0.0,1
545,0.1795125918764526,29.08103988398532,545,0.0,1
545,0.13433191006429504,21.7617694304158,545,0.0,1
545,0.13433191006429504,21.7617694304158,545,0.0,1
545,0.14075676278926008,22.802595571860135,545,0.0,1
545,0.12037448313476666,19.500666267832198,545,0.0,1
545,0.13433191006429504,21.7617694304158,545,0.0,1
545,0.08543403675190497,13.840313953808606,545,0.0,1
545,0.12755748521564145,20.664312604933915,545,0.0,1
545,0.13433191006429504,21.7617694304158,545,0.0,1
545,0.042835293687811936,6.939317577425534,545,0.0,1
545,0.15326100893295505,24.82828344713872,545,0.0,1
545,0.07405639542392017,11.997136058675068,545,0.0,1
545,0.10444130910722166,16.91949207536991,545,0.0,1
545,0.09542983679476028,15.459633560751163,545,0.0,1
545,0.09542983679476028,15.459633560751163,545,0.0,1
386,0.07188803172790963,11.645861139921358,386,0.0,1
545,0.15326100893295505,24.82828344713872,545,0.0,1
545,0.14687792435457794,23.794223745441627,545,0.0,1
545,0.10444130910722166,16.91949207536991,545,0.0,1
545,0.12755748521564145,20.664312604933915,545,0.0,1
545,0.13433191006429504,21.7617694304158,545,0.0,1
545,0.10444130910722166,16.91949207536991,545,0.0,1
545,0.07405639542392017,11.997136058675068,545,0.0,1
545,0.1127048114669146,18.258179457640168,545,0.0,1
545,0.10444130910722166,16.91949207536991,545,0.0,1
545,0.08543403675190497,13.840313953808606,545,0.0,1
545,0.13433191006429504,21.7617694304158,545,0.0,1
545,0.10444130910722166,16.91949207536991,545,0.0,1
545,0.08543403675190497,13.840313953808606,545,0.0,1
545,0.07405639542392017,11.997136058675068,545,0.0,1
545,0.09542983679476028,15.459633560751163,545,0.0,1
294,0.14163298024663332,22.944542799954597,294,0.0,1
545,0.20611928391418208,33.3913239940975,545,0.0,1
545,0.13433191006429504,21.7617694304158,545,0.0,1
545,0.12755748521564145,20.664312604933915,545,0.0,1
545,0.07405639542392017,11.997136058675068,545,0.0,1
545,0.14075676278926008,22.802595571860135,545,0.0,1
545,0.1127048114669146,18.258179457640168,545,0.0,1
545,0.13478311013698088,21.834863842190902,545,0.0,1
545,0.10444130910722166,16.91949207536991,545,0.0,1
545,0.12037448313476666,19.500666267832198,545,0.0,1
545,0.06052254912880909,9.804652958867074,545,0.0,1
545,0.1127048114669146,18.258179457640168,545,0.0,1
545,0.10444130910722166,16.91949207536991,545,0.0,1
545,0.06052254912880909,9.804652958867074,545,0.0,1
164,0.11009225791186351,17.834945781721892,164,0.0,1
545,0.19771700218233582,32.0301543535384,545,0.0,1
545,0.14075676278926008,22.802595571860135,545,0.0,1
545,0.1127048114669146,18.258179457640168,545,0.0,1
545,0.06052254912880909,9.804652958867074,545,0.0,1
545,0.13433191006429504,21.7617694304158,545,0.0,1
545,0.07405639542392017,11.997136058675068,545,0.0,1
545,0.12037448313476666,19.500666267832198,545,0.0,1
545,0.13433191006429504,21.7617694304158,545,0.0,1
545,0.10444130910722166,16.91949207536991,545,0.0,1
545,0.06052254912880909,9.804652958867074,545,0.0,1
545,0.09542983679476028,15.459633560751163,545,0.0,1
545,0.1127048114669146,18.258179457640168,545,0.0,1
545,0.09542983679476028,15.459633560751163,545,0.0,1
190,0.1439390941465382,23.318133251739187,190,0.0,1
545,0.25275065302899596,40.94560579069735,545,0.0,1
545,0.13433191006429504,21.7617694304158,545,0.0,1
545,0.08543403675190497,13.840313953808606,545,0.0,1
545,0.1473822670803959,23.875927267024135,545,0.0,1
545,0.09542983679476028,15.459633560751163,545,0.0,1
545,0.1127048114669146,18.258179457640168,545,0.0,1
545,0.10444130910722166,16.91949207536991,545,0.0,1
545,0.08543403675190497,13.840313953808606,545,0.0,1
545,0.1127048114669146,18.258179457640168,545,0.0,1
545,0.07405639542392017,11.997136058675068,545,0.0,1
545,0.09542983679476028,15.459633560751163,545,0.0,1
379,0.10232461626128087,16.5765878343275,379,0.0,1
545,0.24630293870491862,39.90107607019682,545,0.0,1
545,0.1127048114669146,18.258179457640168,545,0.0,1
545,0.09542983679476028,15.459633560751163,545,0.0,1
545,0.12755748521564145,20.664312604933915,545,0.0,1
545,0.12037448313476666,19.500666267832198,545,0.0,1
545,0.10444130910722166,16.91949207536991,545,0.0,1
545,0.07405639542392017,11.997136058675068,545,0.0,1
545,0.08543403675190497,13.840313953808606,545,0.0,1
545,0.13433191006429504,21.7617694304158,545,0.0,1
545,0.10444130910722166,16.91949207536991,545,0.0,1
545,0.08543403675190497,13.840313953808606,545,0.0,1
383,0.051097613030759596,8.277813310983056,383,0.0,1
545,0.2765575525464461,44.80232351252427,545,0.0,1
545,0.1127048114669146,18.258179457640168,545,0.0,1
545,0.10444130910722166,16.91949207536991,545,0.0,1
545,0.10444130910722166,16.91949207536991,545,0.0,1
545,0.08543403675190497,13.840313953808606,545,0.0,1
545,0.1127048114669146,18.258179457640168,545,0.0,1
545,0.07405639542392017,11.997136058675068,545,0.0,1
545,0.09542983679476028,15.459633560751163,545,0.0,1
545,0.10444130910722166,16.91949207536991,545,0.0,1
545,0.13433191006429504,21.7617694304158,545,0.0,1
405,0.08585299688250475,13.908185494965771,405,0.0,1
545,0.27087683171519994,43.88204673786239,545,0.0,1
545,0.13433191006429504,21.7617694304158,545,0.0,1
545,0.10444130910722166,16.91949207536991,545,0.0,1
545,0.08543403675190497,13.840313953808606,545,0.0,1
545,0.07405639542392017,11.997136058675068,545,0.0,1
545,0.12755748521564145,20.664312604933915,545,0.0,1
545,0.10444130910722166,16.91949207536991,545,0.0,1
545,0.08543403675190497,13.840313953808606,545,0.0,1
545,0.06052254912880909,9.804652958867074,545,0.0,1
545,0.10444130910722166,16.91949207536991,545,0.0,1
398,0.0866008960732427,14.029345163865315,398,0.0,1
545,0.2579941514667368,41.79505253761137,545,0.0,1
545,0.10444130910722166,16.91949207536991,545,0.0,1
545,0.09542983679476028,15.459633560751163,545,0.0,1
545,0.10444130910722166,16.91949207536991,545,0.0,1
545,0.08543403675190497,13.840313953808606,545,0.0,1
545,0.10444130910722166,16.91949207536991,545,0.0,1
545,0.10444130910722166,16.91949207536991,545,0.0,1
545,0.13433191006429504,21.7617694304158,545,0.0,1
545,0.09542983679476028,15.459633560751163,545,0.0,1
545,0.1127048114669146,18.258179457640168,545,0.0,1
429,0.10745271663592992,17.407340095020647,429,0.0,1
545,0.27087683171519994,43.88204673786239,545,0.0,1
545,0.07405639542392017,11.997136058675068,545,0.0,1
545,0.08543403675190497,13.840313953808606,545,0.0,1
545,0.12755748521564145,20.664312604933915,545,0.0,1
545,0.1127048114669146,18.258179457640168,545,0.0,1
545,0.09542983679476028,15.459633560751163,545,0.0,1
545,0.06052254912880909,9.804652958867074,545,0.0,1
545,0.1127048114669146,18.258179457640168,545,0.0,1
545,0.07405639542392017,11.997136058675068,545,0.0,1
545,0.10444130910722166,16.91949207536991,545,0.0,1
427,0.1357479462836612,21.99116729795312,427,0.0,1
545,0.23530760889546573,38.11983264106544,545,0.0,1
545,0.10444130910722166,16.91949207536991,545,0.0,1
545,0.06052254912880909,9.804652958867074,545,0.0,1
545,0.12037448313476666,19.500666267832198,545,0.0,1
545,0.10444130910722166,16.91949207536991,545,0.0,1
545,0.12037448313476666,19.500666267832198,545,0.0,1
545,0.1127048114669146,18.258179457640168,545,0.0,1
545,0.10444130910722166,16.91949207536991,545,0.0,1
545,0.12037448313476666,19.500666267832198,545,0.0,1
545,0.06052254912880909,9.804652958867074,545,0.0,1
545,0.10444130910722166,16.91949207536991,545,0.0,1
147,0.08247860988423225,13.361534801245625,147,0.0,1
545,0.23962553985834126,38.81933745705129,545,0.0,1
545,0.1127048114669146,18.258179457640168,545,0.0,1
545,0.10444130910722166,16.91949207536991,545,0.0,1
545,0.1127048114669146,18.258179457640168,545,0.0,1
545,0.08543403675190497,13.840313953808606,545,0.0,1
545,0.10444130910722166,16.91949207536991,545,0.0,1
545,0.08543403675190497,13.840313953808606,545,0.0,1
545,0.09542983679476028,15.459633560751163,545,0.0,1
545,0.13433191006429504,21.7617694304158,545,0.0,1
545,0.09542983679476028,15.459633560751163,545,0.0,1
545,0.12037448313476666,19.500666267832198,545,0.0,1
162,0.13523488754834656,21.908051782832143,162,0.0,1
545,0.1969992096762317,31.91387196754954,545,0.0,1
545,0.07405639542392017,11.997136058675068,545,0.0,1
545,0.1127048114669146,18.258179457640168,545,0.0,1
545,0.10444130910722166,16.91949207536991,545,0.0,1
545,0.12037448313476666,19.500666267832198,545,0.0,1
545,0.1127048114669146,18.258179457640168,545,0.0,1
545,0.1127048114669146,18.258179457640168,545,0.0,1
545,0.1127048114669146,18.258179457640168,545,0.0,1
545,0.06052254912880909,9.804652958867074,545,0.0,1
545,0.10444130910722166,16.91949207536991,545,0.0,1
545,0.1127048114669146,18.258179457640168,545,0.0,1
455,0.08102074271063414,13.12536031912273,455,0.0,1
545,0.20123405032780353,32.59991615310418,545,0.0,1
545,0.1127048114669146,18.258179457640168,545,0.0,1
545,0.1127048114669146,18.258179457640168,545,0.0,1
545,0.07405639542392017,11.997136058675068,545,0.0,1
545,0.10444130910722166,16.91949207536991,545,0.0,1
545,0.09542983679476028,15.459633560751163,545,0.0,1
545,0.10444130910722166,16.91949207536991,545,0.0,1
545,0.12037448313476666,19.500666267832198,545,0.0,1
545,0.1127048114669146,18.258179457640168,545,0.0,1
545,0.1127048114669146,18.258179457640168,545,0.0,1
545,0.06052254912880909,9.804652958867074,545,0.0,1
374,0.0,0.0,374,0.0,1
545,0.1583483627750032,25.652434769550517,545,0.0,1
545,0.1127048114669146,18.258179457640168,545,0.0,1
545,0.09542983679476028,15.459633560751163,545,0.0,1
545,0.14075676278926008,22.802595571860135,545,0.0,1
545,0.08543403675190497,13.840313953808606,545,0.0,1
545,0.12037448313476666,19.500666267832198,545,0.0,1
545,0.09542983679476028,15.459633560751163,545,0.0,1
545,0.06052254912880909,9.804652958867074,545,0.0,1
545,0.12037448313476666,19.500666267832198,545,0.0,1
545,0.09542983679476028,15.459633560751163,545,0.0,1
545,0.08543403675190497,13.840313953808606,545,0.0,1
545,0.12797986215037138,20.732737668360166,545,0.0,1
545,0.12037448313476666,19.500666267832198,545,0.0,1
373,0.08944078526608111,14.48940721310514,373,0.0,1
545,0.17399778549682227,28.187641250485203,545,0.0,1
545,0.09542983679476028,15.459633560751163,545,0.0,1
545,0.07405639542392017,11.997136058675068,545,0.0,1
545,0.1127048114669146,18.258179457640168,545,0.0,1
545,0.07405639542392017,11.997136058675068,545,0.0,1
545,0.10444130910722166,16.91949207536991,545,0.0,1
545,0.12037448313476666,19.500666267832198,545,0.0,1
545,0.12037448313476666,19.500666267832198,545,0.0,1
545,0.12037448313476666,19.500666267832198,545,0.0,1
545,0.0,0.0,545,0.0,1
545,0.0,0.0,545,0.0,1
545,0.0,0.0,545,0.0,1
545,0.0,0.0,545,0.0,1
351,0.0,0.0,351,0.0,1
545,0.14075676278926008,22.802595571860135,545,0.0,1
545,0.07405639542392017,11.997136058675068,545,0.0,1
545,0.1127048114669146,18.258179457640168,545,0.0,1
545,0.07405639542392017,11.997136058675068,545,0.0,1
545,0.15273191296161098,24.74256989978098,545,0.0,1
545,0.12037448313476666,19.500666267832198,545,0.0,1
545,0.1127048114669146,18.258179457640168,545,0.0,1
545,0.09542983679476028,15.459633560751163,545,0.0,1
545,0.12755748521564145,20.664312604933915,545,0.0,1
545,0.12037448313476666,19.500666267832198,545,0.0,1
545,0.10444130910722166,16.91949207536991,545,0.0,1
545,0.12037448313476666,19.500666267832198,545,0.0,1
545,0.12037448313476666,19.500666267832198,545,0.0,1
545,0.0,0.0,545,0.0,1
545,0.08543403675190497,13.840313953808606,545,0.0,1
545,0.0,0.0,545,0.0,1
545,0.042835293687811936,6.939317577425534,545,0.0,1
545,0.0,0.0,545,0.0,1
545,0.12037448313476666,19.500666267832198,545,0.0,1
545,0.0,0.0,545,0.0,1
545,0.10444130910722166,16.91949207536991,545,0.0,1
545,0.0,0.0,545,0.0,1
545,0.06052254912880909,9.804652958867074,545,0.0,1
545,0.0,0.0,545,0.0,1
545,0.12797986215037138,20.732737668360166,545,0.0,1
435,0.0,0.0,435,0.0,1
545,0.12755748521564145,20.664312604933915,545,0.0,1
545,0.07405639542392017,11.997136058675068,545,0.0,1
545,0.12076612785158558,19.564112711956867,545,0.0,1
522,0.04376881095324085,7.090547374425017,522,0.0,1
545,0.1689624220173425,27.371912366809482,545,0.0,1
545,0.08543403675190497,13.840313953808606,545,0.0,1
545,0.1127048114669146,18.258179457640168,545,0.0,1
545,0.10444130910722166,16.91949207536991,545,0.0,1
545,0.06052254912880909,9.804652958867074,545,0.0,1
545,0.12037448313476666,19.500666267832198,545,0.0,1
545,0.09542983679476028,15.459633560751163,545,0.0,1
545,0.08543403675190497,13.840313953808606,545,0.0,1
545,0.12797986215037138,20.732737668360166,545,0.0,1
545,0.12037448313476666,19.500666267832198,545,0.0,1
545,0.08543403675190497,13.840313953808606,545,0.0,1
545,0.12076612785158558,19.564112711956867,545,0.0,1
545,0.042835293687811936,6.939317577425534,545,0.0,1
545,0.0,0.0,545,0.0,1
545,0.0,0.0,545,0.0,1
171,0.0,0.0,171,0.0,1
545,0.14687792435457794,23.794223745441627,545,0.0,1
545,0.07405639542392017,11.997136058675068,545,0.0,1
545,0.10444130910722166,16.91949207536991,545,0.0,1
545,0.12037448313476666,19.500666267832198,545,0.0,1
545,0.12037448313476666,19.500666267832198,545,0.0,1
545,0.12037448313476666,19.500666267832198,545,0.0,1
545,0.0,0.0,545,0.0,1
545,0.0,0.0,545,0.0,1
545,0.0,0.0,545,0.0,1
545,0.0,0.0,545,0.0,1
545,0.0,0.0,545,0.0,1
545,0.0,0.0,545,0.0,1
545,0.0,0.0,545,0.0,1
545,0.042835293687811936,6.939317577425534,545,0.0,1
545,0.0,0.0,545,0.0,1
138,0.0,0.0,138,0.0,1
545,0.13433191006429504,21.7617694304158,545,0.0,1
545,0.09542983679476028,15.459633560751163,545,0.0,1
545,0.042835293687811936,6.939317577425534,545,0.0,1
545,0.12755748521564145,20.664312604933915,545,0.0,1
545,0.10444130910722166,16.91949207536991,545,0.0,1
545,0.06052254912880909,9.804652958867074,545,0.0,1
545,0.12797986215037138,20.732737668360166,545,0.0,1
545,0.12037448313476666,19.500666267832198,545,0.0,1
545,0.08543403675190497,13.840313953808606,545,0.0,1
545,0.12076612785158558,19.564112711956867,545,0.0,1
545,0.042835293687811936,6.939317577425534,545,0.0,1
545,0.0,0.0,545,0.0,1
545,0.0,0.0,545,0.0,1
545,0.0,0.0,545,0.0,1
266,0.0,0.0,266,0.0,1
545,0.14075676278926008,22.802595571860135,545,0.0,1
545,0.1127048114669146,18.258179457640168,545,0.0,1
545,0.12037448313476666,19.500666267832198,545,0.0,1
545,0.12037448313476666,19.500666267832198,545,0.0,1
545,0.0,0.0,545,0.0,1
545,0.0,0.0,545,0.0,1
545,0.0,0.0,545,0.0,1
545,0.0,0.0,545,0.0,1
545,0.0,0.0,545,0.0,1
545,0.0,0.0,545,0.0,1
545,0.0,0.0,545,0.0,1
545,0.042835293687811936,6.939317577425534,545,0.0,1
545,0.0,0.0,545,0.0,1
545,0.0,0.0,545,0.0,1
230,0.09304665439271644,15.07355801162006,230,0.0,1
545,0.06052254912880909,9.804652958867074,545,0.0,1
545,0.12037448313476666,19.500666267832198,545,0.0,1
545,0.1127048114669146,18.258179457640168,545,0.0,1
545,0.042835293687811936,6.939317577425534,545,0.0,1
545,0.14123520319939317,22.880102918301695,545,0.0,1
545,0.12755748521564145,20.664312604933915,545,0.0,1
545,0.1127048114669146,18.258179457640168,545,0.0,1
545,0.12037448313476666,19.500666267832198,545,0.0,1
545,0.07405639542392017,11.997136058675068,545,0.0,1
545,0.0,0.0,545,0.0,1
545,0.12076612785158558,19.564112711956867,545,0.0,1
545,0.0,0.0,545,0.0,1
545,0.042835293687811936,6.939317577425534,545,0.0,1
545,0.0,0.0,545,0.0,1
545,0.0,0.0,545,0.0,1
545,0.0,0.0,545,0.0,1
545,0.0,0.0,545,0.0,1
545,0.0,0.0,545,0.0,1
545,0.0,0.0,545,0.0,1
545,0.0,0.0,545,0.0,1
545,0.0,0.0,545,0.0,1
545,0.042835293687811936,6.939317577425534,545,0.0,1
545,0.0,0.0,545,0.0,1
545,0.0,0.0,545,0.0,1
545,0.042835293687811936,6.939317577425534,545,0.0,1
545,0.0,0.0,545,0.0,1
477,0.0,0.0,477,0.0,1
545,0.0,0.0,545,0.0,1
545,0.06052254912880909,9.804652958867074,545,0.0,1
545,0.0,0.0,545,0.0,1
545,0.0,0.0,545,0.0,1
386,0.0,0.0,386,0.0,1
545,0.1127048114669146,18.258179457640168,545,0.0,1
545,0.06052254912880909,9.804652958867074,545,0.0,1
545,0.13478311013698088,21.834863842190902,545,0.0,1
545,0.12037448313476666,19.500666267832198,545,0.0,1
545,0.08543403675190497,13.840313953808606,545,0.0,1
545,0.1047637591152644,16.971728976672832,545,0.0,1
545,0.042835293687811936,6.939317577425534,545,0.0,1
545,0.0,0.0,545,0.0,1
545,0.0,0.0,545,0.0,1
545,0.0,0.0,545,0.0,1
545,0.0,0.0,545,0.0,1
545,0.0,0.0,545,0.0,1
545,0.042835293687811936,6.939317577425534,545,0.0,1
545,0.0,0.0,545,0.0,1
153,0.0,0.0,153,0.0,1
545,0.0,0.0,545,0.0,1
545,0.0,0.0,545,0.0,1
545,0.0,0.0,545,0.0,1
545,0.0,0.0,545,0.0,1
545,0.0,0.0,545,0.0,1
545,0.0,0.0,545,0.0,1
545,0.042835293687811936,6.939317577425534,545,0.0,1
545,0.0,0.0,545,0.0,1
545,0.0,0.0,545,0.0,1
545,0.0,0.0,545,0.0,1
545,0.06052254912880909,9.804652958867074,545,0.0,1
545,0.0,0.0,545,0.0,1
545,0.0,0.0,545,0.0,1
545,0.042835293687811936,6.939317577425534,545,0.0,1
95,0.0,0.0,95,0.0,1
545,0.0,0.0,545,0.0,1
545,0.0,0.0,545,0.0,1
545,0.0,0.0,545,0.0,1
545,0.0,0.0,545,0.0,1
545,0.0,0.0,545,0.0,1
545,0.042835293687811936,6.939317577425534,545,0.0,1
545,0.0,0.0,545,0.0,1
545,0.0,0.0,545,0.0,1
545,0.06052254912880909,9.804652958867074,545,0.0,1
545,0.0,0.0,545,0.0,1
545,0.0,0.0,545,0.0,1
545,0.0,0.0,545,0.0,1
545,0.042835293687811936,6.939317577425534,545,0.0,1
545,0.0,0.0,545,0.0,1
545,0.0,0.0,545,0.0,1
545,0.0,0.0,545,0.0,1
545,0.0,0.0,545,0.0,1
189,0.0,0.0,189,0.0,1
545,0.08543403675190497,13.840313953808606,545,0.0,1
545,0.13478311013698088,21.834863842190902,545,0.0,1
545,0.1127048114669146,18.258179457640168,545,0.0,1
545,0.12076612785158558,19.564112711956867,545,0.0,1
545,0.06052254912880909,9.804652958867074,545,0.0,1
545,0.0,0.0,545,0.0,1
545,0.0,0.0,545,0.0,1
545,0.0,0.0,545,0.0,1
545,0.0,0.0,545,0.0,1
545,0.0,0.0,545,0.0,1
545,0.042835293687811936,6.939317577425534,545,0.0,1
545,0.0,0.0,545,0.0,1
545,0.0,0.0,545,0.0,1
545,0.042835293687811936,6.939317577425534,545,0.0,1
545,0.042835293687811936,6.939317577425534,545,0.0,1
545,0.07405639542392017,11.997136058675068,545,0.0,1
545,0.0,0.0,545,0.0,1
146,0.0,0.0,146,0.0,1
545,0.06052254912880909,9.804652958867074,545,0.0,1
545,0.0,0.0,545,0.0,1
545,0.0,0.0,545,0.0,1
545,0.0,0.0,545,0.0,1
545,0.0,0.0,545,0.0,1
545,0.0,0.0,545,0.0,1
545,0.042835293687811936,6.939317577425534,545,0.0,1
545,0.0,0.0,545,0.0,1
545,0.042835293687811936,6.939317577425534,545,0.0,1
545,0.0,0.0,545,0.0,1
545,0.042835293687811936,6.939317577425534,545,0.0,1
545,0.07405639542392017,11.997136058675068,545,0.0,1
545,0.0,0.0,545,0.0,1
545,0.042835293687811936,6.939317577425534,545,0.0,1
50,0.0,0.0,50,0.0,1
545,0.0,0.0,545,0.0,1
545,0.0,0.0,545,0.0,1
545,0.0,0.0,545,0.0,1
545,0.0,0.0,545,0.0,1
545,0.0,0.0,545,0.0,1
545,0.042835293687811936,6.939317577425534,545,0.0,1
545,0.0,0.0,545,0.0,1
545,0.042835293687811936,6.939317577425534,545,0.0,1
545,0.0,0.0,545,0.0,1
545,0.08543403675190497,13.840313953808606,545,0.0,1
545,0.0,0.0,545,0.0,1
545,0.0,0.0,545,0.0,1
545,0.042835293687811936,6.939317577425534,545,0.0,1
545,0.06052254912880909,9.804652958867074,545,0.0,1
545,0.0,0.0,545,0.0,1
545,0.0,0.0,545,0.0,1
545,0.0,0.0,545,0.0,1
245,0.0,0.0,245,0.0,1
545,0.0,0.0,545,0.0,1
545,0.042835293687811936,6.939317577425534,545,0.0,1
545,0.0,0.0,545,0.0,1
545,0.0,0.0,545,0.0,1
545,0.06052254912880909,9.804652958867074,545,0.0,1
545,0.0,0.0,545,0.0,1
545,0.0,0.0,545,0.0,1
545,0.0,0.0,545,0.0,1
545,0.042835293687811936,6.939317577425534,545,0.0,1
545,0.0,0.0,545,0.0,1
545,0.0,0.0,545,0.0,1
545,0.0,0.0,545,0.0,1
545,0.0,0.0,545,0.0,1
545,0.13478311013698088,21.834863842190902,545,0.0,1
52,0.13867504905630726,22.46535794712178,52,0.0,1
545,0.042835293687811936,6.939317577425534,545,0.0,1
545,0.0,0.0,545,0.0,1
545,0.0,0.0,545,0.0,1
545,0.06052254912880909,9.804652958867074,545,0.0,1
545,0.0,0.0,545,0.0,1
545,0.0,0.0,545,0.0,1
545,0.0,0.0,545,0.0,1
545,0.042835293687811936,6.939317577425534,545,0.0,1
545,0.0,0.0,545,0.0,1
545,0.0,0.0,545,0.0,1
545,0.0,0.0,545,0.0,1
545,0.0,0.0,545,0.0,1
545,0.14123520319939317,22.880102918301695,545,0.0,1
545,0.0,0.0,545,0.0,1
545,0.0,0.0,545,0.0,1
545,0.0,0.0,545,0.0,1
545,0.0,0.0,545,0.0,1
333,0.0,0.0,333,0.0,1
545,0.06052254912880909,9.804652958867074,545,0.0,1
545,0.0,0.0,545,0.0,1
545,0.0,0.0,545,0.0,1
545,0.042835293687811936,6.939317577425534,545,0.0,1
545,0.0,0.0,545,0.0,1
545,0.0,0.0,545,0.0,1
545,0.0,0.0,545,0.0,1
545,0.0,0.0,545,0.0,1
545,0.09571217420693838,15.505372221524016,545,0.0,1
545,0.10444130910722166,16.91949207536991,545,0.0,1
545,0.0,0.0,545,0.0,1
545,0.0,0.0,545,0.0,1
545,0.0,0.0,545,0.0,1
545,0.0,0.0,545,0.0,1
545,0.0,0.0,545,0.0,1
545,0.0,0.0,545,0.0,1
545,0.0,0.0,545,0.0,1
43,0.0,0.0,43,0.0,1
545,0.0,0.0,545,0.0,1
545,0.0,0.0,545,0.0,1
545,0.042835293687811936,6.939317577425534,545,0.0,1
545,0.0,0.0,545,0.0,1
545,0.042835293687811936,6.939317577425534,545,0.0,1
545,0.042835293687811936,6.939317577425534,545,0.0,1
545,0.07405639542392017,11.997136058675068,545,0.0,1
545,0.0,0.0,545,0.0,1
545,0.0,0.0,545,0.0,1
545,0.042835293687811936,6.939317577425534,545,0.0,1
545,0.06052254912880909,9.804652958867074,545,0.0,1
545,0.0,0.0,545,0.0,1
545,0.0,0.0,545,0.0,1
545,0.0,0.0,545,0.0,1
545,0.0,0.0,545,0.0,1
545,0.042835293687811936,6.939317577425534,545,0.0,1
545,0.0,0.0,545,0.0,1
37,0.0,0.0,37,0.0,1
545,0.042835293687811936,6.939317577425534,545,0.0,1
545,0.0,0.0,545,0.0,1
545,0.042835293687811936,6.939317577425534,545,0.0,1
545,0.042835293687811936,6.939317577425534,545,0.0,1
545,0.07405639542392017,11.997136058675068,545,0.0,1
545,0.0,0.0,545,0.0,1
545,0.0,0.0,545,0.0,1
545,0.042835293687811936,6.939317577425534,545,0.0,1
545,0.06052254912880909,9.804652958867074,545,0.0,1
545,0.0,0.0,545,0.0,1
545,0.0,0.0,545,0.0,1
545,0.0,0.0,545,0.0,1
545,0.0,0.0,545,0.0,1
545,0.042835293687811936,6.939317577425534,545,0.0,1
545,0.0,0.0,545,0.0,1
472,0.0,0.0,472,0.0,1
545,0.0,0.0,545,0.0,1
545,0.042835293687811936,6.939317577425534,545,0.0,1
545,0.0,0.0,545,0.0,1
545,0.0,0.0,545,0.0,1
545,0.0,0.0,545,0.0,1
545,0.0,0.0,545,0.0,1
545,0.042835293687811936,6.939317577425534,545,0.0,1
545,0.13478311013698088,21.834863842190902,545,0.0,1
545,0.0,0.0,545,0.0,1
545,0.0,0.0,545,0.0,1
545,0.0,0.0,545,0.0,1
545,0.0,0.0,545,0.0,1
545,0.0,0.0,545,0.0,1
545,0.0,0.0,545,0.0,1
545,0.0,0.0,545,0.0,1
460,0.04662524041201569,7.553288946746541,460,0.0,1
545,0.042835293687811936,6.939317577425534,545,0.0,1
545,0.0,0.0,545,0.0,1
545,0.0,0.0,545,0.0,1
545,0.0,0.0,545,0.0,1
545,0.042835293687811936,6.939317577425534,545,0.0,1
545,0.0,0.0,545,0.0,1
545,0.0,0.0,545,0.0,1
545,0.14123520319939317,22.880102918301695,545,0.0,1
545,0.08543403675190497,13.840313953808606,545,0.0,1
545,0.0,0.0,545,0.0,1
545,0.0,0.0,545,0.0,1
545,0.0,0.0,545,0.0,1
545,0.0,0.0,545,0.0,1
545,0.0,0.0,545,0.0,1
545,0.042835293687811936,6.939317577425534,545,0.0,1
545,0.0,0.0,545,0.0,1
545,0.06052254912880909,9.804652958867074,545,0.0,1
545,0.0,0.0,545,0.0,1
545,0.0,0.0,545,0.0,1
545,0.0,0.0,545,0.0,1
545,0.0,0.0,545,0.0,1
545,0.0,0.0,545,0.0,1
545,0.0,0.0,545,0.0,1
545,0.042835293687811936,6.939317577425534,545,0.0,1
545,0.0,0.0,545,0.0,1
545,0.0,0.0,545,0.0,1
545,0.042835293687811936,6.939317577425534,545,0.0,1
545,0.0,0.0,545,0.0,1
545,0.0,0.0,545,0.0,1
545,0.0,0.0,545,0.0,1
545,0.0,0.0,545,0.0,1
43,0.0,0.0,43,0.0,1
545,0.0,0.0,545,0.0,1
545,0.0,0.0,545,0.0,1
545,0.042835293687811936,6.939317577425534,545,0.0,1
43,0.0,0.0,43,0.0,1
545,0.08543403675190497,13.840313953808606,545,0.0,1
545,0.0,0.0,545,0.0,1
545,0.042835293687811936,6.939317577425534,545,0.0,1
545,0.0,0.0,545,0.0,1
545,0.06052254912880909,9.804652958867074,545,0.0,1
545,0.0,0.0,545,0.0,1
545,0.0,0.0,545,0.0,1
545,0.0,0.0,545,0.0,1
545,0.042835293687811936,6.939317577425534,545,0.0,1
545,0.0,0.0,545,0.0,1
545,0.0,0.0,545,0.0,1
545,0.042835293687811936,6.939317577425534,545,0.0,1
545,0.0,0.0,545,0.0,1
545,0.042835293687811936,6.939317577425534,545,0.0,1
545,0.0,0.0,545,0.0,1
233,0.0,0.0,233,0.0,1
545,0.042835293687811936,6.939317577425534,545,0.0,1
545,0.042835293687811936,6.939317577425534,545,0.0,1
545,0.042835293687811936,6.939317577425534,545,0.0,1
545,0.0,0.0,545,0.0,1
545,0.0,0.0,545,0.0,1
545,0.0,0.0,545,0.0,1
545,0.042835293687811936,6.939317577425534,545,0.0,1
545,0.0,0.0,545,0.0,1
545,0.0,0.0,545,0.0,1
545,0.042835293687811936,6.939317577425534,545,0.0,1
545,0.0,0.0,545,0.0,1
545,0.042835293687811936,6.939317577425534,545,0.0,1
545,0.0,0.0,545,0.0,1
545,0.042835293687811936,6.939317577425534,545,0.0,1
545,0.0,0.0,545,0.0,1
545,0.042835293687811936,6.939317577425534,545,0.0,1
545,0.042835293687811936,6.939317577425534,545,0.0,1
230,0.0,0.0,230,0.0,1
545,0.0,0.0,545,0.0,1
545,0.0,0.0,545,0.0,1
545,0.13478311013698088,21.834863842190902,545,0.0,1
545,0.042835293687811936,6.939317577425534,545,0.0,1
545,0.0,0.0,545,0.0,1
545,0.0,0.0,545,0.0,1
545,0.0,0.0,545,0.0,1
545,0.0,0.0,545,0.0,1
545,0.0,0.0,545,0.0,1
545,0.0,0.0,545,0.0,1
545,0.0,0.0,545,0.0,1
545,0.06052254912880909,9.804652958867074,545,0.0,1
545,0.0,0.0,545,0.0,1
545,0.0,0.0,545,0.0,1
545,0.0,0.0,545,0.0,1
231,0.14583753455807524,23.62568059840819,231,0.0,1
545,0.0,0.0,545,0.0,1
545,0.0,0.0,545,0.0,1
545,0.0,0.0,545,0.0,1
545,0.0,0.0,545,0.0,1
545,0.042835293687811936,6.939317577425534,545,0.0,1
545,0.0,0.0,545,0.0,1
545,0.042835293687811936,6.939317577425534,545,0.0,1
545,0.0,0.0,545,0.0,1
545,0.042835293687811936,6.939317577425534,545,0.0,1
545,0.0,0.0,545,0.0,1
545,0.0,0.0,545,0.0,1
545,0.042835293687811936,6.939317577425534,545,0.0,1
545,0.0,0.0,545,0.0,1
545,0.042835293687811936,6.939317577425534,545,0.0,1
545,0.042835293687811936,6.939317577425534,545,0.0,1
545,0.0,0.0,545,0.0,1
545,0.0,0.0,545,0.0,1
545,0.0,0.0,545,0.0,1
56,0.0,0.0,56,0.0,1
545,0.14123520319939317,22.880102918301695,545,0.0,1
545,0.0,0.0,545,0.0,1
545,0.0,0.0,545,0.0,1
545,0.0,0.0,545,0.0,1
545,0.0,0.0,545,0.0,1
545,0.0,0.0,545,0.0,1
545,0.0,0.0,545,0.0,1
545,0.0,0.0,545,0.0,1
545,0.06052254912880909,9.804652958867074,545,0.0,1
545,0.0,0.0,545,0.0,1
545,0.0,0.0,545,0.0,1
545,0.0,0.0,545,0.0,1
545,0.042835293687811936,6.939317577425534,545,0.0,1
545,0.08543403675190497,13.840313953808606,545,0.0,1
545,0.0,0.0,545,0.0,1
545,0.0,0.0,545,0.0,1
545,0.0,0.0,545,0.0,1
281,0.0,0.0,281,0.0,1
545,0.0,0.0,545,0.0,1
545,0.0,0.0,545,0.0,1
545,0.0,0.0,545,0.0,1
545,0.0,0.0,545,0.0,1
545,0.0,0.0,545,0.0,1
545,0.0,0.0,545,0.0,1
545,0.06052254912880909,9.804652958867074,545,0.0,1
545,0.0,0.0,545,0.0,1
545,0.0,0.0,545,0.0,1
545,0.0,0.0,545,0.0,1
545,0.09542983679476028,15.459633560751163,545,0.0,1
545,0.0,0.0,545,0.0,1
545,0.0,0.0,545,0.0,1
545,0.0,0.0,545,0.0,1
545,0.0,0.0,545,0.0,1
545,0.0,0.0,545,0.0,1
545,0.0,0.0,545,0.0,1
545,0.0,0.0,545,0.0,1
87,0.0,0.0,87,0.0,1
545,0.0,0.0,545,0.0,1
545,0.0,0.0,545,0.0,1
545,0.042835293687811936,6.939317577425534,545,0.0,1
545,0.0,0.0,545,0.0,1
545,0.0,0.0,545,0.0,1
545,0.042835293687811936,6.939317577425534,545,0.0,1
545,0.06052254912880909,9.804652958867074,545,0.0,1
545,0.0,0.0,545,0.0,1
545,0.0,0.0,545,0.0,1
545,0.042835293687811936,6.939317577425534,545,0.0,1
545,0.0,0.0,545,0.0,1
545,0.0,0.0,545,0.0,1
545,0.0,0.0,545,0.0,1
545,0.042835293687811936,6.939317577425534,545,0.0,1
545,0.042835293687811936,6.939317577425534,545,0.0,1
545,0.042835293687811936,6.939317577425534,545,0.0,1
545,0.08543403675190497,13.840313953808606,545,0.0,1
545,0.0,0.0,545,0.0,1
545,0.0,0.0,545,0.0,1
545,0.0,0.0,545,0.0,1
545,0.0,0.0,545,0.0,1
545,0.0,0.0,545,0.0,1
545,0.0,0.0,545,0.0,1
545,0.0,0.0,545,0.0,1
545,0.0,0.0,545,0.0,1
166,0.0,0.0,166,0.0,1
545,0.0,0.0,545,0.0,1
545,0.0,0.0,545,0.0,1
545,0.0,0.0,545,0.0,1
41,0.0,0.0,41,0.0,1
545,0.042835293687811936,6.939317577425534,545,0.0,1
545,0.0,0.0,545,0.0,1
545,0.042835293687811936,6.939317577425534,545,0.0,1
545,0.0,0.0,545,0.0,1
545,0.0,0.0,545,0.0,1
545,0.042835293687811936,6.939317577425534,545,0.0,1
545,0.0,0.0,545,0.0,1
545,0.042835293687811936,6.939317577425534,545,0.0,1
545,0.042835293687811936,6.939317577425534,545,0.0,1
545,0.0,0.0,545,0.0,1
545,0.0,0.0,545,0.0,1
545,0.0,0.0,545,0.0,1
545,0.0,0.0,545,0.0,1
545,0.0,0.0,545,0.0,1
168,0.0,0.0,168,0.0,1
545,0.06052254912880909,9.804652958867074,545,0.0,1
545,0.0,0.0,545,0.0,1
545,0.0,0.0,545,0.0,1
545,0.0,0.0,545,0.0,1
545,0.09542983679476028,15.459633560751163,545,0.0,1
545,0.0,0.0,545,0.0,1
545,0.0,0.0,545,0.0,1
545,0.0,0.0,545,0.0,1
545,0.0,0.0,545,0.0,1
545,0.0,0.0,545,0.0,1
545,0.0,0.0,545,0.0,1
545,0.0,0.0,545,0.0,1
545,0.042835293687811936,6.939317577425534,545,0.0,1
545,0.0,0.0,545,0.0,1
180,0.0,0.0,180,0.0,1
545,0.042835293687811936,6.939317577425534,545,0.0,1
545,0.0,0.0,545,0.0,1
545,0.042835293687811936,6.939317577425534,545,0.0,1
545,0.0,0.0,545,0.0,1
545,0.042835293687811936,6.939317577425534,545,0.0,1
545,0.09542983679476028,15.459633560751163,545,0.0,1
545,0.0,0.0,545,0.0,1
545,0.0,0.0,545,0.0,1
545,0.042835293687811936,6.939317577425534,545,0.0,1
545,0.0,0.0,545,0.0,1
545,0.0,0.0,545,0.0,1
545,0.0,0.0,545,0.0,1
545,0.042835293687811936,6.939317577425534,545,0.0,1
545,0.0,0.0,545,0.0,1
545,0.042835293687811936,6.939317577425534,545,0.0,1
545,0.0,0.0,545,0.0,1
545,0.0,0.0,545,0.0,1
545,0.0,0.0,545,0.0,1
545,0.0,0.0,545,0.0,1
545,0.0,0.0,545,0.0,1
545,0.0,0.0,545,0.0,1
545,0.042835293687811936,6.939317577425534,545,0.0,1
545,0.0,0.0,545,0.0,1
545,0.0,0.0,545,0.0,1
545,0.0,0.0,545,0.0,1
545,0.0,0.0,545,0.0,1
545,0.0,0.0,545,0.0,1
545,0.0,0.0,545,0.0,1
545,0.06052254912880909,9.804652958867074,545,0.0,1
545,0.0,0.0,545,0.0,1
545,0.0,0.0,545,0.0,1
116,0.0,0.0,116,0.0,1
388,0.0,0.0,388,0.0,1
545,0.042835293687811936,6.939317577425534,545,0.0,1
545,0.042835293687811936,6.939317577425534,545,0.0,1
545,0.0,0.0,545,0.0,1
545,0.042835293687811936,6.939317577425534,545,0.0,1
545,0.042835293687811936,6.939317577425534,545,0.0,1
545,0.0,0.0,545,0.0,1
545,0.0,0.0,545,0.0,1
545,0.0,0.0,545,0.0,1
545,0.0,0.0,545,0.0,1
545,0.0,0.0,545,0.0,1
545,0.0,0.0,545,0.0,1
545,0.06052254912880909,9.804652958867074,545,0.0,1
545,0.0,0.0,545,0.0,1
545,0.0,0.0,545,0.0,1
545,0.042835293687811936,6.939317577425534,545,0.0,1
338,0.0,0.0,338,0.0,1
545,0.07405639542392017,11.997136058675068,545,0.0,1
545,0.07405639542392017,11.997136058675068,545,0.0,1
545,0.0,0.0,545,0.0,1
545,0.0,0.0,545,0.0,1
545,0.0,0.0,545,0.0,1
545,0.0,0.0,545,0.0,1
545,0.0,0.0,545,0.0,1
545,0.0,0.0,545,0.0,1
545,0.0,0.0,545,0.0,1
545,0.042835293687811936,6.939317577425534,545,0.0,1
545,0.0,0.0,545,0.0,1
545,0.0,0.0,545,0.0,1
545,0.0,0.0,545,0.0,1
545,0.0,0.0,545,0.0,1
545,0.0,0.0,545,0.0,1
394,0.0,0.0,394,0.0,1
545,0.0,0.0,545,0.0,1
545,0.0,0.0,545,0.0,1
545,0.0,0.0,545,0.0,1
545,0.0,0.0,545,0.0,1
545,0.042835293687811936,6.939317577425534,545,0.0,1
545,0.0,0.0,545,0.0,1
545,0.0,0.0,545,0.0,1
545,0.0,0.0,545,0.0,1
545,0.042835293687811936,6.939317577425534,545,0.0,1
545,0.0,0.0,545,0.0,1
545,0.042835293687811936,6.939317577425534,545,0.0,1
545,0.042835293687811936,6.939317577425534,545,0.0,1
545,0.0,0.0,545,0.0,1
545,0.0,0.0,545,0.0,1
545,0.0,0.0,545,0.0,1
545,0.0,0.0,545,0.0,1
545,0.0,0.0,545,0.0,1
545,0.0,0.0,545,0.0,1
545,0.0,0.0,545,0.0,1
545,0.0,0.0,545,0.0,1
545,0.0,0.0,545,0.0,1
545,0.0,0.0,545,0.0,1
545,0.0,0.0,545,0.0,1
545,0.0,0.0,545,0.0,1
545,0.06052254912880909,9.804652958867074,545,0.0,1
545,0.0,0.0,545,0.0,1
545,0.0,0.0,545,0.0,1
545,0.0,0.0,545,0.0,1
545,0.0,0.0,545,0.0,1
545,0.0,0.0,545,0.0,1
545,0.042835293687811936,6.939317577425534,545,0.0,1
17,0.0,0.0,17,0.0,1
545,0.0,0.0,545,0.0,1
545,0.042835293687811936,6.939317577425534,545,0.0,1
545,0.06052254912880909,9.804652958867074,545,0.0,1
89,0.0,0.0,89,0.0,1
545,0.0,0.0,545,0.0,1
545,0.0,0.0,545,0.0,1
545,0.0,0.0,545,0.0,1
545,0.0,0.0,545,0.0,1
545,0.0,0.0,545,0.0,1
545,0.06052254912880909,9.804652958867074,545,0.0,1
545,0.0,0.0,545,0.0,1
545,0.0,0.0,545,0.0,1
545,0.042835293687811936,6.939317577425534,545,0.0,1
545,0.0,0.0,545,0.0,1
545,0.042835293687811936,6.939317577425534,545,0.0,1
545,0.0,0.0,545,0.0,1
545,0.06052254912880909,9.804652958867074,545,0.0,1
425,0.0,0.0,425,0.0,1
545,67.50829249896047,10936.343384831594,545,0.0,1
545,0.0,0.0,545,0.0,1
545,0.0,0.0,545,0.0,1
545,0.15405124567006476,24.956301798550495,545,0.0,1
96,0.0,0.0,96,0.0,1
545,67.50829249896047,10936.343384831594,545,0.0,1
545,0.0,0.0,545,0.0,1
545,0.042835293687811936,6.939317577425534,545,0.0,1
545,0.15405124567006476,24.956301798550495,545,0.0,1
545,0.34783076133676,56.34858333655512,545,0.0,1
545,0.1047637591152644,16.971728976672832,545,0.0,1
545,0.2134192127915364,34.5739124722289,545,0.0,1
449,0.15591656277192464,25.258483169051793,449,0.0,1
545,67.50829249896047,10936.343384831594,545,0.0,1
545,0.06052254912880909,9.804652958867074,545,0.0,1
545,0.042835293687811936,6.939317577425534,545,0.0,1
545,0.15405124567006476,24.956301798550495,545,0.0,1
545,0.34783076133676,56.34858333655512,545,0.0,1
545,0.11306336426495488,18.31626501092269,545,0.0,1
545,0.2134192127915364,34.5739124722289,545,0.0,1
545,0.14779363100767506,23.94256822324336,545,0.0,1
545,0.12076612785158558,19.564112711956867,545,0.0,1
545,0.1765380335227691,28.599161430688596,545,0.0,1
462,0.1537241196950152,24.903307390592463,462,0.0,1
545,67.50829249896047,10936.343384831594,545,0.0,1
545,0.06052254912880909,9.804652958867074,545,0.0,1
545,0.042835293687811936,6.939317577425534,545,0.0,1
545,0.15405124567006476,24.956301798550495,545,0.0,1
545,0.350362159402953,56.758669823278396,545,0.0,1
545,0.11306336426495488,18.31626501092269,545,0.0,1
545,0.22540962293382924,36.516358915280335,545,0.0,1
545,0.14779363100767506,23.94256822324336,545,0.0,1
545,0.12797986215037138,20.732737668360166,545,0.0,1
545,0.18156764738642725,29.413958876601217,545,0.0,1
545,0.2563021102557149,41.52094186142582,545,0.0,1
545,0.6835907228076524,110.74169709483968,545,0.0,1
545,0.15370053093925595,24.899486012159464,545,0.0,1
51,0.0,0.0,51,0.0,1
545,67.50829249896047,10936.343384831594,545,0.0,1
545,0.06052254912880909,9.804652958867074,545,0.0,1
545,0.07405639542392017,11.997136058675068,545,0.0,1
545,0.15405124567006476,24.956301798550495,545,0.0,1
545,0.3528658401337502,57.164266101667536,545,0.0,1
545,0.12797986215037138,20.732737668360166,545,0.0,1
545,0.2292376911639726,37.13650596856356,545,0.0,1
545,0.14779363100767506,23.94256822324336,545,0.0,1
545,0.13478311013698088,21.834863842190902,545,0.0,1
545,0.18644355193249385,30.203855413064005,545,0.0,1
545,0.2563021102557149,41.52094186142582,545,0.0,1
545,0.6858812444508718,111.11276160104123,545,0.0,1
545,0.15370053093925595,24.899486012159464,545,0.0,1
545,0.3772128450770142,61.10848090247631,545,0.0,1
490,0.376559539691843,61.002645430078566,490,0.0,1
545,67.50829249896047,10936.343384831594,545,0.0,1
545,0.06052254912880909,9.804652958867074,545,0.0,1
545,0.07405639542392017,11.997136058675068,545,0.0,1
545,0.16522809627676666,26.766951596836194,545,0.0,1
545,0.3528658401337502,57.164266101667536,545,0.0,1
545,0.14123520319939317,22.880102918301695,545,0.0,1
545,0.23666542517960926,38.3397988790967,545,0.0,1
545,0.15370053093925595,24.899486012159464,545,0.0,1
545,0.14123520319939317,22.880102918301695,545,0.0,1
545,0.19577981398487015,31.716329865548964,545,0.0,1
545,0.25970114419412293,42.071585359447916,545,0.0,1
545,0.6858812444508718,111.11276160104123,545,0.0,1
545,0.15370053093925595,24.899486012159464,545,0.0,1
545,0.3772128450770142,61.10848090247631,545,0.0,1
545,0.35957903972117145,58.25180443482977,545,0.0,1
545,0.5740028073814737,92.98845479579875,545,0.0,1
34,0.0,0.0,34,0.0,1
545,0.12755748521564145,20.664312604933915,545,0.0,1
545,0.08543403675190497,13.840313953808606,545,0.0,1
545,0.37751673908485256,61.157711731746126,545,0.0,1
545,0.13478311013698088,21.834863842190902,545,0.0,1
545,0.15890121223875045,25.741996382677574,545,0.0,1
545,0.22150018364452922,35.88302975041373,545,0.0,1
545,0.13478311013698088,21.834863842190902,545,0.0,1
545,0.1473822670803959,23.875927267024135,545,0.0,1
545,0.2134192127915364,34.5739124722289,545,0.0,1
545,0.48948054451005363,79.29584821062869,545,0.0,1
545,0.5376225873335542,87.09485914803577,545,0.0,1
545,0.3772128450770142,61.10848090247631,545,0.0,1
545,0.3492050180486088,56.571212923874626,545,0.0,1
545,0.5595898968631794,90.65356329183507,545,0.0,1
545,0.31913688915653,51.70017604335785,545,0.0,1
478,0.25778749300751486,41.76157386721741,478,0.0,1
545,0.0,0.0,545,0.0,1
545,0.0,0.0,545,0.0,1
545,0.06052254912880909,9.804652958867074,545,0.0,1
545,0.0,0.0,545,0.0,1
545,0.0,0.0,545,0.0,1
545,0.042835293687811936,6.939317577425534,545,0.0,1
545,0.0,0.0,545,0.0,1
545,0.042835293687811936,6.939317577425534,545,0.0,1
545,0.0,0.0,545,0.0,1
545,0.06052254912880909,9.804652958867074,545,0.0,1
545,0.0,0.0,545,0.0,1
509,0.0,0.0,509,0.0,1
545,0.21017043940470853,34.047611183562786,545,0.0,1
545,0.23298839922110628,37.74412067381922,545,0.0,1
545,0.16481931757953197,26.700729447884182,545,0.0,1
545,0.13478311013698088,21.834863842190902,545,0.0,1
545,0.20462475363534052,33.14921008892516,545,0.0,1
545,0.15370053093925595,24.899486012159464,545,0.0,1
545,0.7128645950829848,115.48406440344354,545,0.0,1
545,0.15370053093925595,24.899486012159464,545,0.0,1
545,0.3772128450770142,61.10848090247631,545,0.0,1
545,0.37608450842113383,60.925690364223684,545,0.0,1
545,0.5602645662914709,90.7628597392183,545,0.0,1
545,0.3156192142395544,51.130312706807814,545,0.0,1
545,0.33006810528804564,53.47103305666339,545,0.0,1
301,0.17240401698331242,27.929450751296613,301,0.0,1
545,0.0,0.0,545,0.0,1
545,0.0,0.0,545,0.0,1
545,0.06052254912880909,9.804652958867074,545,0.0,1
545,0.0,0.0,545,0.0,1
545,0.0,0.0,545,0.0,1
545,0.042835293687811936,6.939317577425534,545,0.0,1
545,0.0,0.0,545,0.0,1
545,0.042835293687811936,6.939317577425534,545,0.0,1
545,0.042835293687811936,6.939317577425534,545,0.0,1
545,0.042835293687811936,6.939317577425534,545,0.0,1
545,0.0,0.0,545,0.0,1
439,0.0,0.0,439,0.0,1
545,0.25589382832758356,41.45480018906853,545,0.0,1
545,0.19577981398487015,31.716329865548964,545,0.0,1
545,0.25970114419412293,42.071585359447916,545,0.0,1
545,0.6870162773570077,111.29663693183524,545,0.0,1
545,0.1700766469541886,27.552416806578552,545,0.0,1
545,0.37947723009390294,61.47531127521228,545,0.0,1
545,0.5657522011950484,91.65185659359786,545,0.0,1
545,0.37687290884668007,61.05341123316217,545,0.0,1
545,0.3330386356950546,53.95225898259885,545,0.0,1
545,0.3069838298274018,49.731380432039096,545,0.0,1
545,0.13513300198138428,21.891546320984254,545,0.0,1
498,0.2188280325306256,35.45014126996134,498,0.0,1
545,0.7226904147074208,117.07584718260216,545,0.0,1
545,0.16481931757953197,26.700729447884182,545,0.0,1
545,0.37947723009390294,61.47531127521228,545,0.0,1
545,0.5657522011950484,91.65185659359786,545,0.0,1
545,0.37687290884668007,61.05341123316217,545,0.0,1
545,0.3330386356950546,53.95225898259885,545,0.0,1
545,0.3069838298274018,49.731380432039096,545,0.0,1
545,0.14161679174541186,22.941920262756724,545,0.0,1
545,0.22186534424464402,35.942185767632324,545,0.0,1
545,0.2134192127915364,34.5739124722289,545,0.0,1
531,0.22506794624851792,36.4610072922599,531,0.0,1
545,0.28584146425515966,46.30631720933587,545,0.0,1
545,0.5671812315119258,91.88335950493197,545,0.0,1
545,0.37687290884668007,61.05341123316217,545,0.0,1
545,0.3330386356950546,53.95225898259885,545,0.0,1
545,0.3097402424757856,50.177919281077266,545,0.0,1
545,0.14161679174541186,22.941920262756724,545,0.0,1
545,0.22186534424464402,35.942185767632324,545,0.0,1
545,0.21750498564482648,35.235807674461896,545,0.0,1
545,0.22216918627176055,35.99140817602521,545,0.0,1
545,0.20025954556757994,32.44204638194795,545,0.0,1
545,0.2563021102557149,41.52094186142582,545,0.0,1
79,0.1125087900926024,18.22642399500159,79,0.0,1
545,0.6091030093382311,98.67468751279347,545,0.0,1
545,0.3330386356950546,53.95225898259885,545,0.0,1
545,0.2951990373757444,47.82224405487059,545,0.0,1
545,0.14779363100767506,23.94256822324336,545,0.0,1
545,0.2257983378339873,36.57933072910595,545,0.0,1
545,0.22964930207339074,37.2031869358893,545,0.0,1
545,0.22612672852990975,36.63253002184538,545,0.0,1
545,0.10444130910722166,16.91949207536991,545,0.0,1
545,0.3049444138212358,49.4009950390402,545,0.0,1
545,0.08543403675190497,13.840313953808606,545,0.0,1
545,0.15405124567006476,24.95630179855049,545,0.0,1
545,0.0,0.0,545,0.0,1
166,0.0,0.0,166,0.0,1
545,0.3728418741783877,60.4003836168988,545,0.0,1
545,0.3097402424757856,50.177919281077266,545,0.0,1
545,0.14779363100767506,23.94256822324336,545,0.0,1
545,0.22186534424464402,35.942185767632324,545,0.0,1
545,0.21750498564482648,35.235807674461896,545,0.0,1
545,0.22216918627176055,35.99140817602521,545,0.0,1
545,0.20025954556757994,32.44204638194795,545,0.0,1
545,0.2563021102557149,41.52094186142582,545,0.0,1
545,0.11306336426495488,18.31626501092269,545,0.0,1
545,0.12829573230293037,20.78390863307472,545,0.0,1
545,0.0,0.0,545,0.0,1
545,0.0,0.0,545,0.0,1
545,0.0,0.0,545,0.0,1
545,0.0,0.0,545,0.0,1
545,0.0,0.0,545,0.0,1
545,0.0,0.0,545,0.0,1
327,0.0,0.0,327,0.0,1
545,0.2546120717279855,41.24715561993365,545,0.0,1
545,0.22216918627176055,35.99140817602521,545,0.0,1
545,0.20025954556757994,32.44204638194795,545,0.0,1
545,0.2563021102557149,41.52094186142582,545,0.0,1
545,0.11306336426495488,18.31626501092269,545,0.0,1
545,0.12829573230293037,20.78390863307472,545,0.0,1
545,0.0,0.0,545,0.0,1
545,0.0,0.0,545,0.0,1
545,0.0,0.0,545,0.0,1
545,0.0,0.0,545,0.0,1
545,0.0,0.0,545,0.0,1
545,0.0,0.0,545,0.0,1
545,0.0,0.0,545,0.0,1
545,0.0,0.0,545,0.0,1
545,0.0,0.0,545,0.0,1
545,0.0,0.0,545,0.0,1
58,0.0,0.0,58,0.0,1
545,0.3213906641230094,52.065287587927514,545,0.0,1
545,0.07405639542392017,11.997136058675068,545,0.0,1
545,0.12829573230293037,20.78390863307472,545,0.0,1
545,0.09571217420693838,15.505372221524016,545,0.0,1
545,0.0,0.0,545,0.0,1
545,0.0,0.0,545,0.0,1
545,0.0,0.0,545,0.0,1
545,0.0,0.0,545,0.0,1
545,0.0,0.0,545,0.0,1
545,0.0,0.0,545,0.0,1
545,0.0,0.0,545,0.0,1
545,0.0,0.0,545,0.0,1
545,0.0,0.0,545,0.0,1
545,0.0,0.0,545,0.0,1
545,0.0,0.0,545,0.0,1
545,0.0,0.0,545,0.0,1
545,0.0,0.0,545,0.0,1
22,0.0,0.0,22,0.0,1
545,0.0,0.0,545,0.0,1
545,0.0,0.0,545,0.0,1
545,0.0,0.0,545,0.0,1
545,0.0,0.0,545,0.0,1
545,0.0,0.0,545,0.0,1
545,0.0,0.0,545,0.0,1
545,0.042835293687811936,6.939317577425534,545,0.0,1
545,0.0,0.0,545,0.0,1
545,0.0,0.0,545,0.0,1
545,0.0,0.0,545,0.0,1
545,0.042835293687811936,6.939317577425534,545,0.0,1
