SSIP,SDFP,SDFB,SFE,NIFE,label
2,197.9898987322333,1876964225.6476352,2,1.0,0
3,35036.10230414717,1328481847.7567544,4,1.0,0
2,197.28279195104676,1876964178.9785876,2,1.0,0
3,35036.68358544608,1328547470.3327098,4,1.0,0
2,2322.8457761978084,12882385245.569895,2,1.0,0
2,2322.8457761978084,12882385245.569895,2,1.0,0
3,239785.38862630195,9118266223.523468,4,1.0,0
3,239786.26376334266,9118364459.067654,4,1.0,0
2,5537.353203471854,24048541973.342785,2,1.0,0
2,5535.93898990948,24048541348.26039,2,1.0,0
3,447102.7979160199,17021788273.379242,4,1.0,0
3,447103.6755886901,17021854304.955866,4,1.0,0
2,9458.967411932446,35070624828.95022,2,1.0,0
2,9458.26030515126,35070578175.45901,2,1.0,0
3,651258.9593466897,24823238250.67483,4,1.0,0
3,651260.1379605029,24823369519.143623,4,1.0,0
2,683750.2342149507,30116780175.280125,3,0.6666666666666666,0
2,683749.3510717213,30116780060.964867,3,0.6666666666666666,0
3,648719.5622206101,23337082220.86528,5,0.8,0
3,648719.7448151243,23337082229.154182,5,0.8,0
2,683595.5144896237,30116662940.19193,3,0.6666666666666666,0
2,683594.6313425328,30116662825.87667,3,0.6666666666666666,0
3,648669.7446981013,23337036776.29031,5,0.8,0
3,648669.5620695486,23337036768.001328,5,0.8,0
2,683440.794768891,30116545706.46476,3,0.6666666666666666,0
2,683439.9116179369,30116545592.149498,3,0.6666666666666666,0
3,648619.7626296935,23336991324.7441,5,0.8,0
3,648619.5799671022,23336991316.45504,5,0.8,0
3,486270.83856908156,16411760503.866184,10,1.0,0
2,0.0,0.0,2,1.0,0
4,452374.6339631266,15026830343.369888,12,1.0,0
5,424164.61515639094,13940918421.33211,14,1.0,0
3,486270.18497933156,16411761142.27709,10,1.0,0
2,0.0,0.0,2,1.0,0
3,492219.8668588504,17236178787.773865,10,1.0,0
5,439469.6671473145,14764829942.475527,14,1.0,0
4,464477.57045689283,15860875153.135683,12,1.0,0
2,0.0,0.0,2,1.0,0
2,0.0,0.0,2,1.0,0
3,492219.2896885606,17236185065.876026,10,1.0,0
3,539156.447109948,19268506457.95386,10,1.0,0
5,487932.3509768564,16579931288.64063,14,1.0,0
3,539155.9630970636,19268506533.470028,10,1.0,0
4,513056.1029024772,17778674354.890903,12,1.0,0
2,0.0,0.0,2,1.0,0
2,0.0,0.0,2,1.0,0
3,508379.0076146437,16846034914.553488,9,0.8888888888888888,0
2,0.0,0.0,2,1.0,0
2,0.0,0.0,2,1.0,0
5,432966.4331788054,14017642671.613937,13,0.9230769230769231,0
4,466378.1288395618,15238395216.475039,11,0.9090909090909091,0
3,508378.78668291663,16846034892.553509,9,0.8888888888888888,0
3,508362.1269453116,16846018002.221247,9,0.8888888888888888,0
2,0.0,0.0,2,1.0,0
4,466365.9063343445,15238382967.01084,11,0.9090909090909091,0
5,432956.9460784341,14017633268.451216,13,0.9230769230769231,0
3,508361.9060135702,16846017980.22127,9,0.8888888888888888,0
2,0.0,0.0,2,1.0,0
3,508345.2614142883,16846001090.95504,9,0.8888888888888888,0
5,432947.4031349625,14017623861.64525,13,0.9230769230769231,0
2,0.0,0.0,2,1.0,0
2,0.0,0.0,2,1.0,0
3,508345.0404825392,16846001068.955065,9,0.8888888888888888,0
4,466353.607517807,15238370712.596518,11,0.9090909090909091,0
3,508328.41102308064,16845984180.754871,9,0.8888888888888888,0
2,0.0,0.0,2,1.0,0
2,0.0,0.0,2,1.0,0
4,466341.3223188277,15238358459.151644,11,0.9090909090909091,0
5,432937.8726521736,14017614455.733603,13,0.9230769230769231,0
3,508328.19009133044,16845984158.754896,9,0.8888888888888888,0
4,441803.01574024395,14831643308.940416,12,1.0,0
6,448777.6070698418,14589857540.384037,12,1.0,0
4,11.547005383792516,1131.6065276116665,4,1.0,0
7,418675.7916367829,13507872394.503723,14,1.0,0
4,486112.2902353712,15981894315.106007,10,1.0,0
4,11.547005383792516,1131.6065276116665,4,1.0,0
4,483730.3755801695,16649030928.164858,12,1.0,0
6,448777.1397883431,14589857509.470575,12,1.0,0
4,486111.9738588471,15981894294.410692,10,1.0,0
7,418675.2467253766,13507872358.17873,14,1.0,0
4,11.547005383792516,1131.6065276116665,4,1.0,0
4,11.547005383792516,1131.6065276116665,4,1.0,0
4,567329.8823773212,19644567032.127026,12,1.0,0
7,418674.70181893045,13507872321.853737,14,1.0,0
4,486111.65748540853,15981894273.715378,10,1.0,0
4,11.547005383792516,1131.6065276116665,4,1.0,0
4,11.547005383792516,1131.6065276116665,4,1.0,0
6,448776.67251121957,14589857478.557114,12,1.0,0
4,545894.616377024,17812378518.277122,11,0.9090909090909091,0
4,314.29774327629434,476730.22639853664,8,1.0,0
7,253.44588807439388,388873.75999634765,12,1.0,0
4,10.969655114602888,1075.0262012310832,4,1.0,0
4,10.969655114602888,1075.0262012310832,4,1.0,0
6,278.48488887789466,426079.52473483945,10,1.0,0
4,545882.3524601915,17812366308.743187,11,0.9090909090909091,0
6,278.1502591526146,426038.74224378547,10,1.0,0
7,253.06844205399526,388828.0523768206,12,1.0,0
4,10.969655114602888,1075.0262012310832,4,1.0,0
4,10.969655114602888,1075.0262012310832,4,1.0,0
4,314.0191076988787,476700.68211404944,8,1.0,0
4,545870.0552329947,17812354054.374977,11,0.9090909090909091,0
4,10.969655114602888,1075.0262012310832,4,1.0,0
6,277.82386506562034,425998.00995575864,10,1.0,0
4,313.7463716352521,476671.17485537136,8,1.0,0
7,252.70014569913417,388782.4000176901,12,1.0,0
4,10.969655114602888,1075.0262012310832,4,1.0,0
4,486745.14514912956,15749628952.147959,14,1.0,0
4,10.969655114602888,1075.0262012310832,4,1.0,0
4,32827.924682603174,1135193375.4390721,6,1.0,0
4,22.808989455914087,2228.199497352066,4,1.0,0
4,10.969655114602888,1075.0262012310832,4,1.0,0
6,17.443241289011244,1709.437646323102,6,1.0,0
4,489940.0170905876,16248583448.563402,14,1.0,0
4,10.969655114602888,1075.0262012310832,4,1.0,0
4,22.808989455914087,2228.199497352066,4,1.0,0
6,17.443241289011244,1709.437646323102,6,1.0,0
4,231338.7943756948,8006357740.998424,6,1.0,0
4,10.969655114602888,1075.0262012310832,4,1.0,0
4,531524.9505093604,17913986024.033543,14,1.0,0
4,10.969655114602888,1075.0262012310832,4,1.0,0
4,431082.7705976738,14917381071.275343,6,1.0,0
4,10.969655114602888,1075.0262012310832,4,1.0,0
6,17.443241289011244,1709.437646323102,6,1.0,0
4,22.808989455914087,2228.199497352066,4,1.0,0
4,601338.625310543,20387488653.056637,14,1.0,0
4,11.547005383792516,1131.6065276116665,4,1.0,0
4,23.386249521175188,2284.774751844625,4,1.0,0
6,17.88854381999832,1753.0772943598352,6,1.0,0
4,11.547005383792516,1131.6065276116665,4,1.0,0
4,625199.6344882703,21645905701.147625,6,1.0,0
4,477736.80377544387,15456657899.570013,13,0.9230769230769231,0
4,22.808989455914087,2228.199497352066,4,1.0,0
6,17.443241289011244,1709.437646323102,6,1.0,0
4,11.547005383792516,1131.6065276116665,4,1.0,0
4,620772.964556938,21061265395.407097,7,0.8571428571428571,0
4,11.547005383792516,1131.6065276116665,4,1.0,0
4,477727.2536661855,15456648492.22641,13,0.9230769230769231,0
4,11.547005383792516,1131.6065276116665,4,1.0,0
4,11.547005383792516,1131.6065276116665,4,1.0,0
6,17.443241289011244,1709.437646323102,6,1.0,0
4,620745.6558834244,21061239751.445503,7,0.8571428571428571,0
4,22.808989455914087,2228.199497352066,4,1.0,0
4,477717.7488912712,15456639120.689766,13,0.9230769230769231,0
6,17.443241289011244,1709.437646323102,6,1.0,0
4,10.969655114602888,1075.0262012310832,4,1.0,0
4,10.969655114602888,1075.0262012310832,4,1.0,0
4,22.808989455914087,2228.199497352066,4,1.0,0
4,620718.4597383905,21061214203.968834,7,0.8571428571428571,0
5,456477.72689614247,14854806206.836523,14,1.0,0
4,22.808989455914087,2228.199497352066,4,1.0,0
4,11.547005383792516,1131.6065276116665,4,1.0,0
4,495186.68103774945,16087619596.865273,12,1.0,0
6,17.443241289011244,1709.437646323102,6,1.0,0
4,11.547005383792516,1131.6065276116665,4,1.0,0
5,468757.6428590053,15636486454.24361,14,1.0,0
4,10.969655114602888,1075.0262012310832,4,1.0,0
4,10.969655114602888,1075.0262012310832,4,1.0,0
4,22.808989455914087,2228.199497352066,4,1.0,0
4,495186.2137845446,16087619565.951834,12,1.0,0
6,17.443241289011244,1709.437646323102,6,1.0,0
5,521349.08382184163,17633828512.967243,14,1.0,0
4,495185.74653530493,16087619535.038399,12,1.0,0
4,22.808989455914087,2228.199497352066,4,1.0,0
4,10.969655114602888,1075.0262012310832,4,1.0,0
6,17.443241289011244,1709.437646323102,6,1.0,0
4,10.969655114602888,1075.0262012310832,4,1.0,0
5,490075.9184593044,15855532308.85652,13,0.9230769230769231,0
4,10.969655114602888,1075.0262012310832,4,1.0,0
4,22.808989455914087,2228.199497352066,4,1.0,0
6,17.443241289011244,1709.437646323102,6,1.0,0
4,277.2916635361883,425960.06726974354,10,1.0,0
4,10.969655114602888,1075.0262012310832,4,1.0,0
5,490066.42873685755,15855522970.969467,13,0.9230769230769231,0
4,10.969655114602888,1075.0262012310832,4,1.0,0
4,22.808989455914087,2228.199497352066,4,1.0,0
4,276.98086576512827,425919.43007808935,10,1.0,0
6,17.443241289011244,1709.437646323102,6,1.0,0
4,10.969655114602888,1075.0262012310832,4,1.0,0
5,490056.8817108809,15855513563.865145,13,0.9230769230769231,0
4,10.969655114602888,1075.0262012310832,4,1.0,0
6,17.443241289011244,1709.437646323102,6,1.0,0
4,22.808989455914087,2228.199497352066,4,1.0,0
4,10.969655114602888,1075.0262012310832,4,1.0,0
4,276.67839332577694,425878.8431312883,10,1.0,0
5,490047.41401088564,15855504162.089117,13,0.9230769230769231,0
6,17.88854381999832,1753.0772943598352,6,1.0,0
4,11.547005383792516,1131.6065276116665,4,1.0,0
4,11.547005383792516,1131.6065276116665,4,1.0,0
4,276.42527622005434,425845.01209524577,10,1.0,0
4,23.386249521175188,2284.774751844625,4,1.0,0
6,467302.32970970235,15312958771.09079,14,1.0,0
4,13.279056191361393,1301.3475067534164,4,1.0,0
4,13.279056191361393,1301.3475067534164,4,1.0,0
6,120863.05261038213,4182304789.596756,6,1.0,0
7,108336.17116567894,3622293381.0513163,8,1.0,0
5,120852.33534924622,4182304181.860119,6,1.0,0
6,484942.6724436067,16211612826.400055,14,1.0,0
4,14.433756729740644,1414.508159514583,4,1.0,0
6,296860.7303453928,10271305376.48159,6,1.0,0
7,266103.72262159624,8895954147.699978,8,1.0,0
5,296849.4978643218,10271304715.298388,6,1.0,0
4,14.433756729740644,1414.508159514583,4,1.0,0
6,531367.5797456321,17962196957.844933,14,1.0,0
4,16.165807537309522,1584.2491386563331,4,1.0,0
5,472142.8201374735,16336518648.170364,6,1.0,0
4,16.165807537309522,1584.2491386563331,4,1.0,0
7,423240.41462194646,14149059081.302633,8,1.0,0
6,472154.82684757834,16336519357.450245,6,1.0,0
6,427283.2728213486,13814439444.75297,13,0.9230769230769231,0
5,555211.9338630541,18823580245.91886,7,0.8571428571428571,0
7,501744.56927465706,16601881967.080734,9,0.8888888888888888,0
4,17.897858344878397,1753.990117798083,4,1.0,0
4,17.897858344878397,1753.990117798083,4,1.0,0
6,555221.3520208898,18823580830.1888,7,0.8571428571428571,0
6,427273.71882932796,13814430037.164383,13,0.9230769230769231,0
5,555184.6189433617,18823554601.631832,7,0.8571428571428571,0
4,19.629909152447276,1923.7310969398332,4,1.0,0
6,555194.6243933615,18823555223.013634,7,0.8571428571428571,0
7,501726.56244088773,16601864981.732868,9,0.8888888888888888,0
4,19.629909152447276,1923.7310969398332,4,1.0,0
6,427264.1774629633,13814420630.483265,13,0.9230769230769231,0
6,555167.9138269362,18823529617.049187,7,0.8571428571428571,0
5,555157.3208907716,18823528958.55482,7,0.8571428571428571,0
4,21.361959960016154,2093.472076081583,4,1.0,0
4,21.361959960016154,2093.472076081583,4,1.0,0
7,501708.57061373565,16601847997.465372,9,0.8888888888888888,0
5,413075.89563063945,13310524312.049604,14,1.0,0
8,413185.35339187173,13312061007.393652,14,1.0,0
6,40.02332653174479,3922.28600011099,6,1.0,0
9,388645.0189722782,12452488852.909952,16,1.0,0
6,40.27902680055713,3947.344626454599,6,1.0,0
6,388556.71625919576,12451246025.506144,16,1.0,0
5,413317.5325416376,13710630561.792889,14,1.0,0
6,442890.20152608724,14378360605.504023,12,1.0,0
7,413184.8387629179,13312060973.086563,14,1.0,0
6,391861.75251194567,12867003074.348528,16,1.0,0
6,40.04330988650497,3924.2443688774874,6,1.0,0
6,40.288956303185614,3948.3177177121906,6,1.0,0
5,457287.02641514374,15439034165.552124,14,1.0,0
6,442889.7342706914,14378360574.590427,12,1.0,0
7,413184.293860859,13312060936.761408,14,1.0,0
6,435689.8291434515,14515932748.173565,16,1.0,0
6,40.288956303185614,3948.3177177121906,6,1.0,0
6,40.04330988650497,3924.2443688774874,6,1.0,0
5,532935.3510428903,18076077904.484406,14,1.0,0
6,442889.2670197289,14378360543.676834,12,1.0,0
7,413183.7489638263,13312060900.436255,14,1.0,0
6,40.04330988650497,3924.2443688774874,6,1.0,0
6,40.288956303185614,3948.3177177121906,6,1.0,0
6,508394.31451023655,17002903929.559198,16,1.0,0
5,472639.3279231709,15296887373.194267,13,0.9230769230769231,0
7,253.62660456950204,388759.290376059,12,1.0,0
6,40.04330988650497,3924.2443688774874,6,1.0,0
6,277.3730740757333,425817.0138534992,10,1.0,0
6,40.288956303185614,3948.3177177121906,6,1.0,0
6,442856.0232822961,14240887092.521553,15,0.9333333333333333,0
5,472629.7769797581,15296877965.863024,13,0.9230769230769231,0
6,277.0941276092937,425776.56371471536,10,1.0,0
6,442848.2904165779,14240879575.282871,15,0.9333333333333333,0
7,253.27527245343876,388713.7310158241,12,1.0,0
6,40.04330988650497,3924.2443688774874,6,1.0,0
6,40.288956303185614,3948.3177177121906,6,1.0,0
5,472620.2714951684,15296868594.347118,13,0.9230769230769231,0
6,40.288956303185614,3948.3177177121906,6,1.0,0
6,40.04330988650497,3924.244368877487,6,1.0,0
6,276.82356996630347,425736.1638732504,10,1.0,0
7,252.93315681851956,388668.2269670329,12,1.0,0
6,442840.5951058946,14240872086.73196,15,0.9333333333333333,0
5,452124.89647376427,14697322979.71399,14,1.0,0
8,50651.850609084366,1692478890.890968,8,1.0,0
6,56508.37781072821,1954218133.5963643,6,1.0,0
6,426168.2767519383,13760651478.005669,16,1.0,0
6,10.158740079360236,995.5565277773031,6,1.0,0
9,46137.3692213445,1513892374.8556325,10,1.0,0
5,458405.5914598009,15236926910.383566,14,1.0,0
6,434739.7307622114,14301038304.419146,16,1.0,0
6,227766.29703448227,7879333978.424591,6,1.0,0
8,204171.35351984372,6824244922.210467,8,1.0,0
6,11.696153213770756,1146.2230149495342,6,1.0,0
9,185968.66112439483,6104082517.04551,10,1.0,0
5,495255.0186728922,16701762436.631157,14,1.0,0
6,13.236313686219438,1297.1587412495048,6,1.0,0
8,358984.0115954231,12000208052.261204,8,1.0,0
6,471623.31157308427,15700209075.43329,16,1.0,0
6,400467.3096250179,13855506647.357452,6,1.0,0
9,326978.3367495637,10733826173.585487,10,1.0,0
5,431287.8238317367,14000416910.580448,12,1.0,0
6,14.778362561528933,1448.2795310298354,6,1.0,0
6,572214.2419966202,19796372999.713078,6,1.0,0
9,467210.0681646319,15336259967.304039,10,1.0,0
8,512942.57266507705,17145639109.340939,8,1.0,0
6,402358.9042946239,12962145633.877022,14,1.0,0
5,416086.73379025626,13451314161.010729,13,0.9230769230769231,0
9,448232.9885845286,14622784919.415049,11,0.9090909090909091,0
6,540670.9973159014,18328780127.48726,7,0.8571428571428571,0
6,15.807171368295679,1549.1027940929764,6,1.0,0
6,389867.05136455846,12522721819.255938,15,0.9333333333333333,0
8,488605.2736623,16165484798.042374,9,0.8888888888888888,0
5,416077.45998047973,13451304772.049911,13,0.9230769230769231,0
9,448220.15160144033,14622772629.513927,11,0.9090909090909091,0
6,17.351272767917248,1700.4247312558903,6,1.0,0
8,488587.6548179456,16165467837.81808,9,0.8888888888888888,0
6,540644.2800147053,18328754520.957146,7,0.8571428571428571,0
6,389859.5385966714,12522714316.713902,15,0.9333333333333333,0
5,416068.130903554,13451295379.483702,13,0.9230769230769231,0
8,488570.0514947791,16165450878.703781,9,0.8888888888888888,0
9,448207.328628413,14622760340.622416,11,0.9090909090909091,0
6,540617.5802348204,18328728915.670444,7,0.8571428571428571,0
6,18.89620773241728,1851.8283577768937,6,1.0,0
6,389851.9837523809,12522706811.420404,15,0.9333333333333333,0
5,396755.3073839116,12988300060.025751,14,1.0,0
4,1.7320508075688772,169.74097914175,4,1.0,0
8,378462.65598245733,12125168023.772356,16,1.0,0
6,431290.8993754486,14000417088.7767,12,1.0,0
6,402363.5354857239,12962145941.652573,14,1.0,0
8,402360.8714280442,12962145758.531895,14,1.0,0
5,421987.7989783252,14162502086.938541,14,1.0,0
6,402363.1722116474,12962145917.435776,14,1.0,0
4,1.7320508075688772,169.74097914175,4,1.0,0
8,378462.07022302225,12125167984.508226,16,1.0,0
6,431290.43208396615,14000417057.86306,12,1.0,0
8,402360.32651836035,12962145722.206701,14,1.0,0
5,490424.82466584776,16623237392.407045,14,1.0,0
8,402359.7816138377,12962145685.881508,14,1.0,0
4,1.7320508075688772,169.74097914175,4,1.0,0
6,402362.8089421588,12962145893.218979,14,1.0,0
6,431289.96479703626,14000417026.94942,12,1.0,0
8,378461.4844690221,12125167945.244099,16,1.0,0
5,489942.8433871335,15854476337.79527,13,0.9230769230769231,0
6,278.61881566836877,426095.66161727894,10,1.0,0
8,233.6617260010766,359902.3063409548,14,1.0,0
8,252.7409141729326,388773.0201259061,12,1.0,0
4,1.7320508075688772,169.74097914175,4,1.0,0
6,254.94937108802958,389027.64870456967,12,1.0,0
5,489933.4926726646,15854466943.654701,13,0.9230769230769231,0
8,233.28075807471154,359854.6403886308,14,1.0,0
6,254.71820436781437,388997.3085663689,12,1.0,0
8,252.3840267720938,388727.4354225359,12,1.0,0
6,278.28075351661994,426054.8592332526,10,1.0,0
4,1.7320508075688772,169.74097914175,4,1.0,0
5,489924.15301733837,15854457550.305042,13,0.9230769230769231,0
6,277.95091493123584,426014.1070465468,10,1.0,0
8,232.9093584010081,359807.0314787337,14,1.0,0
8,252.03637303638004,388681.90602272004,12,1.0,0
4,1.7320508075688772,169.74097914175,4,1.0,0
6,254.49540092290292,388967.01993294386,12,1.0,0
5,489914.8244217874,15854448157.746298,13,0.9230769230769231,0
8,232.5475728240861,359759.47963390977,14,1.0,0
4,1.7320508075688772,169.74097914175,4,1.0,0
6,254.28098273724322,388936.7828163276,12,1.0,0
8,251.6979912273413,388636.4319458951,12,1.0,0
6,277.62932922233637,425973.4050715686,10,1.0,0
3,550079.1828464941,18076118462.50405,10,1.0,0
6,26.837784309936367,2630.102862373764,6,1.0,0
8,28.054793326122162,2749.3697459599716,8,1.0,0
4,22.516660498395403,2206.6327288427497,4,1.0,0
8,24.561939843768222,2407.0701046892855,10,1.0,0
4,1.7320508075688772,169.74097914175,4,1.0,0
3,550078.8665052797,18076118441.80878,10,1.0,0
8,28.054793326122162,2749.3697459599716,8,1.0,0
4,22.516660498395403,2206.6327288427497,4,1.0,0
8,24.561939843768222,2407.0701046892855,10,1.0,0
6,26.837784309936367,2630.102862373764,6,1.0,0
4,1.7320508075688772,169.74097914175,4,1.0,0
3,550078.6556126517,18076118428.01194,10,1.0,0
8,24.70807335445014,2421.3911887361132,10,1.0,0
4,23.094010767585033,2263.213055223333,4,1.0,0
6,26.93696345173301,2639.822418269835,6,1.0,0
4,1.7320508075688772,169.74097914175,4,1.0,0
8,28.21347195933177,2764.920252014513,8,1.0,0
3,312.63305738745635,476543.7380891706,8,1.0,0
4,23.094010767585033,2263.213055223333,4,1.0,0
8,24.482193075330848,2399.254921382423,10,1.0,0
4,1.1547005383792515,113.16065276116666,4,1.0,0
8,27.942543089091128,2738.3692227309302,8,1.0,0
6,26.93696345173301,2639.822418269835,6,1.0,0
3,312.3920384937582,476514.42841744045,8,1.0,0
4,1.1547005383792515,113.16065276116666,4,1.0,0
8,24.482193075330848,2399.254921382423,10,1.0,0
4,23.094010767585033,2263.213055223333,4,1.0,0
6,26.93696345173301,2639.822418269835,6,1.0,0
8,27.942543089091128,2738.3692227309302,8,1.0,0
3,312.1570117745235,476485.155814953,8,1.0,0
6,26.93696345173301,2639.822418269835,6,1.0,0
8,27.942543089091128,2738.3692227309302,8,1.0,0
4,23.094010767585033,2263.213055223333,4,1.0,0
8,24.482193075330848,2399.254921382423,10,1.0,0
4,1.1547005383792515,113.16065276116666,4,1.0,0
2,0.0,0.0,2,1.0,0
6,26.93696345173301,2639.822418269835,6,1.0,0
4,23.094010767585033,2263.213055223333,4,1.0,0
8,24.482193075330848,2399.254921382423,10,1.0,0
8,27.942543089091128,2738.3692227309302,8,1.0,0
4,1.1547005383792515,113.16065276116666,4,1.0,0
2,0.0,0.0,2,1.0,0
8,27.416105798286836,2686.77836823211,8,1.0,0
8,24.04625172916191,2356.532669457867,10,1.0,0
6,26.93696345173301,2639.822418269835,6,1.0,0
4,0.0,0.0,4,1.0,0
4,23.094010767585033,2263.213055223333,4,1.0,0
2,0.0,0.0,2,1.0,0
6,26.837784309936367,2630.1028623737643,6,1.0,0
8,23.532483459630388,2306.183379043778,10,1.0,0
8,26.758176320519304,2622.3012794108918,8,1.0,0
4,22.516660498395403,2206.6327288427497,4,1.0,0
4,1.1547005383792515,113.16065276116666,4,1.0,0
2,0.0,0.0,2,1.0,0
8,26.04803255526221,2552.707190415697,8,1.0,0
6,26.837784309936367,2630.1028623737643,6,1.0,0
8,22.96470722168645,2250.541307725272,10,1.0,0
4,22.516660498395403,2206.6327288427497,4,1.0,0
4,2.886751345948129,282.9016319029166,4,1.0,0
2,0.0,0.0,2,1.0,0
4,4.618802153517006,452.64261104466664,4,1.0,0
4,22.516660498395403,2206.6327288427497,4,1.0,0
6,26.837784309936367,2630.1028623737643,6,1.0,0
8,25.394037545399172,2488.615679449119,8,1.0,0
8,22.45390339735561,2200.4825329408495,10,1.0,0
2,0.0,0.0,2,1.0,0
6,26.837784309936367,2630.1028623737643,6,1.0,0
4,22.516660498395403,2206.6327288427497,4,1.0,0
8,24.800633632458435,2430.4620959809267,8,1.0,0
8,22.004040033088874,2156.3959232427096,10,1.0,0
4,6.3508529610858835,622.3835901864165,4,1.0,0
2,0.0,0.0,2,1.0,0
4,8.082903768654761,792.1245693281666,4,1.0,0
8,21.61892175335712,2118.654331828998,10,1.0,0
6,26.837784309936367,2630.1028623737643,6,1.0,0
4,22.516660498395403,2206.6327288427497,4,1.0,0
8,24.272265183597042,2378.68198799251,8,1.0,0
2,0.0,0.0,2,1.0,0
6,27.08320512790168,2654.154102534365,6,1.0,0
6,27.08320512790168,2654.154102534365,6,1.0,0
4,34.06366588218792,3338.239256454416,4,1.0,0
2,0.7071067811865476,69.29646455628166,2,1.0,0
6,30.90076281998784,3028.274756358808,8,1.0,0
2,0.0,0.0,2,1.0,0
6,28.5499562171293,2797.8957092786713,6,1.0,0
6,32.128091846766836,3148.55300098315,8,1.0,0
2,0.7071067811865476,69.29646455628166,2,1.0,0
6,28.5499562171293,2797.8957092786713,6,1.0,0
4,35.795716689756794,3507.980235596166,4,1.0,0
2,0.0,0.0,2,1.0,0
6,30.024989592004857,2942.448980016476,6,1.0,0
6,30.024989592004857,2942.448980016476,6,1.0,0
6,33.368077131122966,3270.0715588500507,8,1.0,0
4,37.52776749732568,3677.7212147379164,4,1.0,0
2,0.7071067811865476,69.29646455628166,2,1.0,0
2,0.0,0.0,2,1.0,0
6,31.134653790698664,3051.196071488469,6,1.0,0
6,31.134653790698664,3051.196071488469,6,1.0,0
2,0.7071067811865476,69.29646455628166,2,1.0,0
4,38.68246803570492,3790.881867499083,4,1.0,0
6,34.47980775551312,3379.021160040286,8,1.0,0
2,0.0,0.0,2,1.0,0
6,35.74013350362787,3502.5330833555304,8,1.0,0
6,32.6276978450314,3197.514388813077,6,1.0,0
6,32.6276978450314,3197.514388813077,6,1.0,0
4,40.414518843273804,3960.622846640833,4,1.0,0
2,0.7071067811865476,69.29646455628166,2,1.0,0
2,0.0,0.0,2,1.0,0
4,42.14656965084268,4130.363825782582,4,1.0,0
6,34.12574785505318,3344.3232897952116,6,1.0,0
2,0.7071067811865476,69.29646455628166,2,1.0,0
6,37.009651250914075,3626.945822589579,8,1.0,0
6,34.12574785505318,3344.3232897952116,6,1.0,0
2,0.0,0.0,2,1.0,0
6,35.62817237337143,3491.5608925903994,6,1.0,0
4,43.878620458411554,4300.104804924333,4,1.0,0
6,35.62817237337143,3491.5608925903994,6,1.0,0
2,0.7071067811865476,69.29646455628166,2,1.0,0
6,38.28744665590239,3752.1697722784347,8,1.0,0
2,0.0,0.0,2,1.0,0
4,10.969655114602888,1075.0262012310832,4,1.0,0
4,10.969655114602888,1075.0262012310832,4,1.0,0
2,0.0,0.0,2,1.0,0
4,36.63195326487519,3589.9314199577684,6,1.0,0
2,0.0,0.0,2,1.0,0
4,38.140529624010206,3737.771903153,6,1.0,0
4,10.969655114602888,1075.0262012310832,4,1.0,0
4,10.969655114602888,1075.0262012310832,4,1.0,0
2,0.0,0.0,2,1.0,0
2,0.0,0.0,2,1.0,0
2,0.0,0.0,2,1.0,0
4,10.969655114602888,1075.0262012310832,4,1.0,0
4,39.652238272258984,3885.9193506813804,6,1.0,0
4,10.969655114602888,1075.0262012310832,4,1.0,0
2,0.0,0.0,2,1.0,0
4,11.547005383792516,1131.6065276116665,4,1.0,0
2,0.0,0.0,2,1.0,0
4,41.009348527703615,4018.916155714954,6,1.0,0
4,11.547005383792516,1131.6065276116665,4,1.0,0
2,0.0,0.0,2,1.0,0
4,42.52254304091733,4167.209218009898,6,1.0,0
4,11.547005383792516,1131.6065276116665,4,1.0,0
2,0.0,0.0,2,1.0,0
4,11.547005383792516,1131.6065276116665,4,1.0,0
2,0.0,0.0,2,1.0,0
4,44.03824095790688,4315.747613874873,6,1.0,0
4,11.547005383792516,1131.6065276116665,4,1.0,0
4,11.547005383792516,1131.6065276116665,4,1.0,0
2,0.0,0.0,2,1.0,0
2,0.0,0.0,2,1.0,0
4,44.746508243660756,4385.157807878754,4,1.0,0
4,39.635421868155596,3884.2713430792487,6,1.0,0
4,44.45597072760118,4356.685131304916,4,1.0,0
2,0.7071067811865476,69.29646455628166,2,1.0,0
2,0.0,0.0,2,1.0,0
4,45.610671265980436,4469.845784066082,4,1.0,0
4,45.610671265980436,4469.845784066082,4,1.0,0
2,0.7071067811865476,69.29646455628166,2,1.0,0
4,45.901161931553176,4498.313869292211,4,1.0,0
2,0.0,0.0,2,1.0,0
4,47.63314672228433,4668.048378783865,4,1.0,0
4,47.34272207354931,4639.5867632078325,4,1.0,0
4,47.34272207354931,4639.5867632078325,4,1.0,0
2,0.7071067811865476,69.29646455628166,2,1.0,0
2,0.0,0.0,2,1.0,0
4,49.07477288111819,4809.327742349583,4,1.0,0
2,0.7071067811865476,69.29646455628166,2,1.0,0
4,49.36513614552953,4837.783342261894,4,1.0,0
4,49.07477288111819,4809.327742349583,4,1.0,0
2,0.0,0.0,2,1.0,0
4,50.80682368868707,4979.068721491332,4,1.0,0
4,51.0971297302174,5007.518713561305,4,1.0,0
4,50.80682368868707,4979.068721491332,4,1.0,0
2,0.7071067811865476,69.29646455628166,2,1.0,0
2,0.0,0.0,2,1.0,0
2,0.7071067811865476,69.29646455628166,2,1.0,0
4,52.53887449625594,5148.809700633083,4,1.0,0
4,52.53887449625594,5148.809700633083,4,1.0,0
4,52.82912706705144,5177.254452571041,4,1.0,0
2,0.0,0.0,2,1.0,0
2,0.7071067811865476,69.29646455628166,2,1.0,0
4,54.56112779870543,5346.990524273133,4,1.0,0
4,54.270925303824825,5318.550679774832,4,1.0,0
4,54.270925303824825,5318.550679774832,4,1.0,0
2,84.8528137423857,1849108611.0162098,2,1.0,0
2,0.0,0.0,2,1.0,0
2,0.7071067811865476,69.29646455628166,2,1.0,0
3,34683.77466962518,1308871912.6700656,4,1.0,0
2,82.73149339882606,1849108471.0090673,2,1.0,0
2,442.64884502277874,12691663588.547033,2,1.0,0
2,440.5275246792191,12691663448.53989,2,1.0,0
3,237135.2137761633,8983432671.977617,4,1.0,0
2,0.0,0.0,2,1.0,0
2,0.7071067811865476,69.29646455628166,2,1.0,0
2,663.2661607529816,23565767433.368546,2,1.0,0
3,440253.41815935966,16680329426.107634,4,1.0,0
2,0.0,0.0,2,1.0,0
2,660.4377336282354,23565721171.614494,2,1.0,0
2,0.7071067811865476,69.29646455628166,2,1.0,0
2,1224.7089450151004,34610938485.036835,2,1.0,0
3,646403.7683967996,24498298894.54022,4,1.0,0
2,0.7071067811865476,69.29646455628166,2,1.0,0
2,1222.5876246715407,34610938345.02969,2,1.0,0
2,0.0,0.0,2,1.0,0
2,680077.5938883739,29762747282.67805,3,0.6666666666666666,0
2,0.7071067811865476,69.29646455628166,2,1.0,0
2,0.0,0.0,2,1.0,0
3,645241.7152124465,23062845467.462284,5,0.8,0
2,680076.7255155847,29762747168.362797,3,0.6666666666666666,0
2,679922.8642061785,29762630044.185535,3,0.6666666666666666,0
2,0.0,0.0,2,1.0,0
2,679921.9958328553,29762629929.870277,3,0.6666666666666666,0
2,0.7071067811865476,69.29646455628166,2,1.0,0
3,645192.8068947297,23062800079.234543,5,0.8,0
2,679768.1345240694,29762512807.070206,3,0.6666666666666666,0
2,0.7071067811865476,69.29646455628166,2,1.0,0
2,0.0,0.0,2,1.0,0
2,679767.2661502121,29762512692.754944,3,0.6666666666666666,0
3,645143.9171353164,23062754692.34141,5,0.8,0
3,486766.2204490297,16211024915.08153,10,1.0,0
3,66934.52738310774,2534085206.684256,4,1.0,0
4,451681.94354880153,14828860436.81256,12,1.0,0
4,451681.7828740331,14828860577.488699,12,1.0,0
3,486061.8702698591,16843405751.18698,10,1.0,0
4,457837.260635683,15490546503.072433,12,1.0,0
4,457837.52327323466,15490546623.922178,12,1.0,0
3,266848.71927788976,10108830468.027655,4,1.0,0
3,527382.1751686869,18719799991.410126,10,1.0,0
4,501477.7169109735,17268686929.055412,12,1.0,0
3,466542.64574089757,17674751128.768166,4,1.0,0
4,501478.4090731578,17268696667.837177,12,1.0,0
3,508194.236517151,16812968177.796223,9,0.8888888888888888,0
4,466209.42393930454,15208485320.081877,11,0.9090909090909091,0
4,466208.00738778705,15208485148.32492,11,0.9090909090909091,0
3,631300.5117184684,22552786366.359013,5,0.8,0
3,508177.41630458157,16812951328.311779,9,0.8888888888888888,0
3,631250.6776133393,22552741080.663742,5,0.8,0
4,466195.73785405944,15208472938.38698,11,0.9090909090909091,0
4,466197.15440559346,15208473110.14396,11,0.9090909090909091,0
3,508160.548210351,16812934416.786789,9,0.8888888888888888,0
3,631200.67947587,22552695626.96674,5,0.8,0
4,466184.8535249432,15208460855.511997,11,0.9090909090909091,0
4,466183.43697343394,15208460683.754988,11,0.9090909090909091,0
3,508143.6952612694,16812917506.329933,9,0.8888888888888888,0
4,466171.1497152287,15208448430.094345,11,0.9090909090909091,0
3,631150.6998868813,22552650174.63323,5,0.8,0
4,466172.5662666718,15208448601.85138,11,0.9090909090909091,0
3,439546.9499396768,14593627722.89026,12,1.0,0
4,448611.75201682583,14561219071.1474,12,1.0,0
4,448613.11508134985,14561219235.334902,12,1.0,0
4,448611.75201682583,14561219071.1474,12,1.0,0
3,466412.76693142613,15957813309.051878,12,1.0,0
4,448611.36260613526,14561219045.386057,12,1.0,0
4,448612.72567066026,14561219209.573557,12,1.0,0
4,448611.36260613526,14561219045.386057,12,1.0,0
3,537818.0488005552,18606030688.00176,12,1.0,0
4,448612.25837710296,14561219178.659945,12,1.0,0
4,448610.89531257655,14561219014.472445,12,1.0,0
4,448610.89531257655,14561219014.472445,12,1.0,0
3,522459.0249025189,17058618511.84464,11,0.9090909090909091,0
4,279.52054188079507,426223.7968775454,10,1.0,0
4,279.52054188079507,426223.7968775454,10,1.0,0
4,279.52054188079507,426223.7968775454,10,1.0,0
3,522446.71434890246,17058606256.547562,11,0.9090909090909091,0
4,279.15634806800773,426182.8354956487,10,1.0,0
4,279.15634806800773,426182.8354956487,10,1.0,0
4,279.15634806800773,426182.8354956487,10,1.0,0
3,522434.41595019196,17058594002.116482,11,0.9090909090909091,0
4,278.80028694389824,426141.92426550935,10,1.0,0
4,278.80028694389824,426141.92426550935,10,1.0,0
4,278.80028694389824,426141.92426550935,10,1.0,0
4,502709.277888678,16332138532.109367,12,1.0,0
2,0.0,0.0,2,1.0,0
5,17.443241289011244,1709.437646323102,6,1.0,0
6,195.29976958511753,6426428.637594245,8,1.0,0
5,212.43634340667793,7393029.547749059,6,1.0,0
2,0.0,0.0,2,1.0,0
4,494315.09964225587,16562371456.904575,12,1.0,0
5,17.88854381999832,1753.0772943598352,6,1.0,0
6,168872.74976992927,5653640906.354215,8,1.0,0
2,0.0,0.0,2,1.0,0
2,0.0,0.0,2,1.0,0
5,188380.06653544848,6527647503.975876,6,1.0,0
4,524906.6456579121,17985522181.497093,12,1.0,0
6,335309.17103888723,11226634924.418556,8,1.0,0
2,0.0,0.0,2,1.0,0
5,17.88854381999832,1753.0772943598352,6,1.0,0
5,374047.97450416256,12962233959.72522,6,1.0,0
2,0.0,0.0,2,1.0,0
2,0.0,0.0,2,1.0,0
4,588927.6416099048,20376697884.153904,12,1.0,0
2,0.0,0.0,2,1.0,0
5,561683.779495812,19462945546.455738,6,1.0,0
5,17.88854381999832,1753.0772943598352,6,1.0,0
6,503510.12876065506,16856900157.164766,8,1.0,0
4,487641.3174913411,15935190889.644693,11,0.9090909090909091,0
6,531599.9182803684,17616396567.918423,9,0.8888888888888888,0
5,588242.8264687572,19973860547.511066,7,0.8571428571428571,0
5,17.88854381999832,1753.0772943598352,6,1.0,0
2,0.0,0.0,2,1.0,0
2,0.0,0.0,2,1.0,0
4,487629.01144595945,15935178634.717813,11,0.9090909090909091,0
2,0.0,0.0,2,1.0,0
5,588215.5175755048,19973834903.681553,7,0.8571428571428571,0
5,17.88854381999832,1753.0772943598352,6,1.0,0
2,0.0,0.0,2,1.0,0
6,531581.9169923651,17616379582.948383,9,0.8888888888888888,0
4,487616.71842361824,15935166380.71799,11,0.9090909090909091,0
2,0.0,0.0,2,1.0,0
6,531563.9298600404,17616362598.9965,9,0.8888888888888888,0
2,0.0,0.0,2,1.0,0
5,17.88854381999832,1753.0772943598352,6,1.0,0
5,588188.224602708,19973809260.99238,7,0.8571428571428571,0
5,462675.6102017242,15193434251.494322,12,1.0,0
7,408131.94858945947,13187192568.022535,16,1.0,0
7,49910.050516618685,1669136082.215101,8,1.0,0
4,62260.32165030952,2359838116.4538817,4,1.0,0
4,62260.03262326482,2359805503.4867983,4,1.0,0
6,432961.45656809444,14084461576.689505,14,1.0,0
4,248059.5395711481,9402946761.416351,4,1.0,0
5,465569.5514624338,15721157518.857622,12,1.0,0
7,198880.96364619536,6650795744.312786,8,1.0,0
4,248059.5395711481,9402946761.416351,4,1.0,0
6,439550.83684328466,14623606564.943544,14,1.0,0
7,416910.4223794963,13726024595.36026,16,1.0,0
5,500986.52553681977,17227464371.06632,12,1.0,0
7,453171.16562548693,15096429047.072618,16,1.0,0
4,434465.2823693166,16469737559.015211,4,1.0,0
4,434464.99325147015,16469737150.015625,4,1.0,0
6,475836.8578671928,16058978665.039516,14,1.0,0
7,348338.0208340077,11649205787.592718,8,1.0,0
5,452539.53833744366,14861111834.96656,10,1.0,0
4,619719.4014162108,23489686523.96305,4,1.0,0
7,389760.1668593954,12560590881.55051,14,1.0,0
6,417782.38679378724,13566697476.699394,12,1.0,0
7,496871.75134233583,16614485312.592813,8,1.0,0
4,619719.4014162108,23489686523.96305,4,1.0,0
5,434163.1576913956,14169745660.004713,11,0.9090909090909091,0
6,403057.15156342665,13034605084.566017,13,0.9230769230769231,0
4,587880.5262077491,21012416000.623047,5,0.8,0
4,587880.5262077491,21012416000.623047,5,0.8,0
7,377659.245711162,12134779735.274435,15,0.9333333333333333,0
7,473297.6495597142,15664694379.067678,9,0.8888888888888888,0
5,434150.8550376135,14169733405.299515,11,0.9090909090909091,0
7,377651.57069015724,12134772221.91328,15,0.9333333333333333,0
7,473279.7776576709,15664677402.549324,9,0.8888888888888888,0
4,587830.8906349682,21012370568.858326,5,0.8,0
4,587830.8906349682,21012370568.858326,5,0.8,0
6,403047.6046733317,13034595677.500933,13,0.9230769230769231,0
5,434138.5670112712,14169721151.636875,11,0.9090909090909091,0
7,377643.85391205875,12134764705.828247,15,0.9333333333333333,0
4,587780.9097757429,21012325116.60212,5,0.8,0
7,473261.79564380646,15664660418.995407,9,0.8888888888888888,0
6,403038.0711681415,13034586271.397612,13,0.9230769230769231,0
4,587780.9097757429,21012325116.60212,5,0.8,0
5,384350.51180604135,12558178659.254353,14,1.0,0
4,452540.0653724854,14861111855.310795,10,1.0,0
6,362862.7567510373,11765633077.621916,16,1.0,0
8,344498.00034977956,11106092137.163506,18,1.0,0
5,384351.62659660494,12558180005.35072,14,1.0,0
8,344497.9768964757,11106092155.407366,18,1.0,0
5,400470.1304970636,13393508955.823263,14,1.0,0
8,362987.2899725611,11897899770.165695,18,1.0,0
8,362987.36411474063,11897905514.38006,18,1.0,0
4,452539.74902646214,14861111834.615374,10,1.0,0
5,400471.1018903889,13393515224.660511,14,1.0,0
6,380532.3452388717,12580203452.25696,16,1.0,0
5,449047.743163143,15194698292.884016,14,1.0,0
8,409351.0941461103,13527035723.757982,18,1.0,0
6,428111.58944878203,14289554877.57404,16,1.0,0
4,452539.4326837534,14861111813.919958,10,1.0,0
5,449048.5203442771,15194708141.884708,14,1.0,0
8,409351.15139379795,13527044578.28408,18,1.0,0
5,409115.2563638284,13226317648.547375,13,0.9230769230769231,0
6,383329.07626082964,12313252440.531328,15,0.9333333333333333,0
5,409114.77733397216,13226317528.556644,13,0.9230769230769231,0
8,361804.4186757252,11566449105.848515,17,0.9411764705882353,0
8,361804.60678352264,11566449105.522175,17,0.9411764705882353,0
4,311.2081297138621,476358.7363930675,8,1.0,0
5,409105.70078859915,13226308240.826126,13,0.9230769230769231,0
8,361798.0013905428,11566442921.19256,17,0.9411764705882353,0
6,383321.39266612194,12313244926.553984,15,0.9333333333333333,0
5,409105.2219462522,13226308120.83622,13,0.9230769230769231,0
4,311.00528245398937,476329.6616084285,8,1.0,0
8,361798.1895011585,11566442920.866217,17,0.9411764705882353,0
5,409096.1583996591,13226298834.052696,13,0.9230769230769231,0
8,361791.73937537236,11566436734.065516,17,0.9411764705882353,0
8,361791.5512619212,11566436734.391861,17,0.9411764705882353,0
4,310.80850788134575,476300.6239361859,8,1.0,0
6,383313.66715633566,12313237409.839787,15,0.9333333333333333,0
5,409095.6797448458,13226298714.063616,13,0.9230769230769231,0
5,409086.08518440224,13226288868.340696,13,0.9230769230769231,0
5,409085.60672929685,13226288748.352488,13,0.9230769230769231,0
6,383310.72355445276,12313229794.876442,15,0.9333333333333333,0
4,310.61781753696704,476271.62338312785,8,1.0,0
8,361789.2025079192,11566430466.637634,17,0.9411764705882353,0
8,361789.05872187496,11566430469.939976,17,0.9411764705882353,0
6,373214.896588631,12232354058.474974,16,1.0,0
9,352304.23175166943,11240632688.152164,18,1.0,0
9,352304.3731187073,11240632685.133802,18,1.0,0
7,372113.72490149096,11922344061.078205,16,1.0,0
6,395611.5886237562,12745325371.169502,14,1.0,0
4,34.06366588218792,3338.239256454416,4,1.0,0
6,417130.5378086447,13904423082.072828,16,1.0,0
9,352303.74654308014,11240632655.489117,18,1.0,0
7,372113.2856093188,11922344031.630125,16,1.0,0
9,352303.88790936663,11240632652.470753,18,1.0,0
6,395611.04371120536,12745325334.844301,14,1.0,0
4,34.06366588218792,3338.239256454416,4,1.0,0
6,495432.58391301753,16576572318.394257,16,1.0,0
4,34.06366588218792,3338.239256454416,4,1.0,0
7,372112.84632267465,11922344002.182047,16,1.0,0
6,395610.4988039039,12745325298.519102,14,1.0,0
9,352303.26134050137,11240632622.826069,18,1.0,0
9,352303.40270603634,11240632619.807705,18,1.0,0
6,464887.1233396134,14954413383.730246,15,0.9333333333333333,0
7,234.93141388662613,359656.324573616,14,1.0,0
9,218.84240905272452,336532.125470759,16,1.0,0
4,34.06366588218792,3338.239256454416,4,1.0,0
6,252.99832314691633,388774.62808676186,12,1.0,0
9,218.87544974254195,336534.2603325601,16,1.0,0
6,464879.3886327425,14954405866.345978,15,0.9333333333333333,0
9,218.62113347066884,336494.0126686754,16,1.0,0
9,218.65557962238236,336496.15563566744,16,1.0,0
4,34.06366588218792,3338.239256454416,4,1.0,0
7,234.7084700944257,359621.4481123416,14,1.0,0
6,252.64179936795648,388729.0435719508,12,1.0,0
6,464871.66400351824,14954398349.689484,15,0.9333333333333333,0
9,218.44647513750365,336458.1151299272,16,1.0,0
6,252.29450083486788,388683.51436050946,12,1.0,0
4,34.06366588218792,3338.239256454416,4,1.0,0
7,234.4954368215081,359586.63166426023,14,1.0,0
9,218.4106224522974,336455.96405631845,16,1.0,0
7,425090.20157249115,13628374815.070232,18,1.0,0
8,30.94960060772639,3032.0276237381336,10,1.0,0
6,26.93696345173301,2639.822418269835,6,1.0,0
4,34.06366588218792,3338.239256454416,4,1.0,0
8,30.857969565645202,3024.08101743323,8,1.0,0
7,18.492759200755923,6368.252860871654,8,1.0,0
7,434822.2254479146,14199937879.878838,18,1.0,0
8,31.34485603731496,3070.7416476588623,10,1.0,0
4,34.06366588218792,3338.239256454416,4,1.0,0
6,26.93696345173301,2639.822418269835,6,1.0,0
7,18.976959714348343,6397.57145329382,8,1.0,0
8,31.490361337127542,3086.055411038499,8,1.0,0
7,480637.76966493897,15868374350.718838,18,1.0,0
8,31.970298716152154,3132.0055981218593,10,1.0,0
8,32.46536616149585,3181.6058838265935,8,1.0,0
7,19.76242827763257,6443.694941568851,8,1.0,0
4,34.06366588218792,3338.239256454416,4,1.0,0
6,26.93696345173301,2639.822418269835,6,1.0,0
7,554079.7257196083,18348614990.598614,18,1.0,0
7,20.611629865546433,6492.344145222125,8,1.0,0
8,32.63280557966171,3196.904231700829,10,1.0,0
8,33.46960241344802,3280.0210365179064,8,1.0,0
4,34.06366588218792,3338.239256454416,4,1.0,0
6,26.93696345173301,2639.822418269835,6,1.0,0
7,442449.9331654989,14148105164.392025,17,0.9411764705882353,0
8,33.01531631093531,3234.322357327901,10,1.0,0
8,34.213614666846134,3352.9342373509207,8,1.0,0
7,21.42720233721612,6548.272787537184,8,1.0,0
4,34.06366588218792,3338.239256454416,4,1.0,0
6,26.837784309936367,2630.1028623737643,6,1.0,0
7,442443.61071511137,14148098986.079554,17,0.9411764705882353,0
4,34.06366588218792,3338.239256454416,4,1.0,0
8,35.26532088529547,3456.0014467589563,8,1.0,0
7,22.376246972435492,6601.452605298322,8,1.0,0
6,26.837784309936367,2630.1028623737643,6,1.0,0
8,33.74429993017751,3305.740791075092,10,1.0,0
7,442437.29764838365,14148092808.446709,17,0.9411764705882353,0
6,26.837784309936367,2630.1028623737643,6,1.0,0
8,36.339667425162666,3561.2874076659414,8,1.0,0
7,23.369317491103587,6656.990348498336,8,1.0,0
8,34.5042670469095,3380.197633932733,10,1.0,0
4,34.06366588218792,3338.239256454416,4,1.0,0
6,450382.95159008383,14594649695.755423,16,1.0,0
4,22.23173407541571,2178.7099393907397,4,1.0,0
8,27.006612946779217,2646.648068784363,8,1.0,0
8,24.17436658942691,2365.1035213424943,10,1.0,0
7,81048.99527028218,2663708563.3812914,10,1.0,0
8,27.134256156063262,2659.1571032941997,8,1.0,0
4,23.96351393264352,2348.4243653990648,4,1.0,0
6,469758.0064723928,15516205563.509169,16,1.0,0
8,24.84082660997147,2430.4591610091566,10,1.0,0
8,27.920486590111057,2736.2076858308837,8,1.0,0
7,245097.365785042,8048166649.320481,10,1.0,0
8,27.784887978899608,2722.9190219321617,8,1.0,0
6,521187.11222927977,17387906362.55252,16,1.0,0
7,404040.60431160737,13273725130.433353,10,1.0,0
8,25.552560210932548,2500.2563068613586,10,1.0,0
8,28.609439001839934,2803.7250221803138,8,1.0,0
4,25.695330315059195,2518.142370875801,4,1.0,0
8,28.752329098204,2817.728251623992,8,1.0,0
6,444869.09504704975,14297148491.850618,15,0.9333333333333333,0
7,511461.5462361493,16694781792.07213,11,0.9090909090909091,0
8,29.476382798049407,2888.6855142088416,8,1.0,0
4,27.427176303804956,2687.8632777728853,4,1.0,0
8,29.62594181745837,2903.34229811092,8,1.0,0
8,26.30589287593181,2574.1336924617312,10,1.0,0
6,444861.4381854518,14297141005.76473,15,0.9333333333333333,0
4,29.159046623646667,2857.586569117373,4,1.0,0
8,30.382090589217665,2977.4448777433313,8,1.0,0
8,27.11211291409555,2653.1789234802845,10,1.0,0
8,30.537740116592968,2992.6985314261105,8,1.0,0
7,511448.56294818514,16694769535.251877,11,0.9090909090909091,0
6,444853.7106260674,14297133488.888653,15,0.9333333333333333,0
7,511435.45702234464,16694757227.732756,11,0.9090909090909091,0
8,27.933253778725216,2733.7054706021277,10,1.0,0
8,31.4844065712355,3085.471843981079,8,1.0,0
4,30.890937182286976,3027.3118438641236,4,1.0,0
8,31.323199982486738,3069.6735982837004,8,1.0,0
6,444845.9935982446,14297125972.773804,15,0.9333333333333333,0
4,32.62284475639732,3197.0387861269373,4,1.0,0
8,28.786570943178813,2817.3863064904676,10,1.0,0
8,32.46289090198662,3181.363308394689,8,1.0,0
7,511422.3633030638,16694744921.097654,11,0.9090909090909091,0
8,32.29661636412441,3165.068403684192,8,1.0,0
6,428248.06169942755,13943280480.444214,16,1.0,0
6,26.837784309936367,2630.1028623737643,6,1.0,0
8,29.518544077315948,2889.1843447204574,10,1.0,0
7,33.29950664585202,3263.351651293498,8,1.0,0
8,388455.2074431931,12506896346.606932,20,1.0,0
2,0.0,0.0,2,1.0,0
6,455124.11736645625,15085962266.394888,16,1.0,0
8,29.518544077315948,2889.1843447204574,10,1.0,0
7,33.29950664585202,3263.351651293498,8,1.0,0
6,26.837784309936367,2630.1028623737643,6,1.0,0
2,0.0,0.0,2,1.0,0
8,416009.97065285523,13574176547.357597,20,1.0,0
6,513898.12317253114,17170556539.902298,16,1.0,0
2,0.0,0.0,2,1.0,0
6,26.837784309936367,2630.1028623737643,6,1.0,0
8,29.518544077315948,2889.1843447204574,10,1.0,0
7,33.29950664585202,3263.351651293498,8,1.0,0
8,471364.03170343104,15470728778.27675,20,1.0,0
6,444623.2227372596,14294702565.734585,15,0.9333333333333333,0
8,29.518544077315948,2889.1843447204574,10,1.0,0
7,33.29950664585202,3263.351651293498,8,1.0,0
2,0.0,0.0,2,1.0,0
8,398425.96156048577,12701485147.34067,19,0.9473684210526315,0
6,26.837784309936367,2630.1028623737643,6,1.0,0
6,444615.48605665995,14294695048.231028,15,0.9333333333333333,0
8,398420.4390710194,12701479937.429193,19,0.9473684210526315,0
8,29.518544077315948,2889.1843447204574,10,1.0,0
2,0.0,0.0,2,1.0,0
6,26.837784309936367,2630.1028623737643,6,1.0,0
7,33.29950664585202,3263.351651293498,8,1.0,0
6,444607.7599129479,14294687531.488829,15,0.9333333333333333,0
6,26.837784309936367,2630.1028623737643,6,1.0,0
8,29.518544077315948,2889.1843447204574,10,1.0,0
8,398414.92588106287,12701474728.195435,19,0.9473684210526315,0
2,0.0,0.0,2,1.0,0
7,33.29950664585202,3263.351651293498,8,1.0,0
6,458868.82706133224,14796301337.972057,14,1.0,0
7,30.745208685953934,3013.030451223485,8,1.0,0
8,408637.20347746403,13049472327.22369,18,1.0,0
6,34.33032811627976,3364.3721553954165,8,1.0,0
8,29.072514702225384,2849.106440818088,10,1.0,0
2,0.0,0.0,2,1.0,0
6,458868.463849008,14796301313.755426,14,1.0,0
2,0.0,0.0,2,1.0,0
6,35.05403991390599,3435.295911562787,8,1.0,0
8,29.519296890151175,2892.891095234815,10,1.0,0
7,31.37759664838229,3075.004471541464,8,1.0,0
8,408636.7182830937,13049472294.560848,18,1.0,0
6,458868.1006598174,14796301289.538803,14,1.0,0
8,30.43554208852246,2982.6831246752013,10,1.0,0
7,32.35268811971316,3170.563435731889,8,1.0,0
8,408636.2331103157,13049472261.898012,18,1.0,0
6,35.8010374949426,3508.5016745043745,8,1.0,0
2,0.0,0.0,2,1.0,0
6,458867.7374746501,14796301265.322182,14,1.0,0
8,31.376034732826827,3074.851403817029,10,1.0,0
2,0.0,0.0,2,1.0,0
8,408635.7479427196,13049472229.235176,18,1.0,0
6,36.585516259853435,3585.3805934656366,8,1.0,0
7,33.357104619127675,3268.9962526745117,8,1.0,0
6,251.98316442079053,388522.5351039967,12,1.0,0
8,217.5271630547934,336395.35529096314,16,1.0,0
6,37.405118060806295,3665.7015699590165,8,1.0,0
8,32.338659355157084,3169.1886168053943,10,1.0,0
2,0.0,0.0,2,1.0,0
7,34.388276656857514,3370.051112372036,8,1.0,0
6,251.8951200701425,388493.0634597787,12,1.0,0
6,38.25758561570316,3749.2433903389096,8,1.0,0
2,0.0,0.0,2,1.0,0
8,33.32149789883736,3265.506794086061,10,1.0,0
7,35.44386910514789,3473.499172304493,8,1.0,0
8,217.34320018502228,336357.466836301,16,1.0,0
6,251.81570942884304,388463.6435207992,12,1.0,0
6,39.14077158156185,3835.7956149930615,8,1.0,0
8,217.17013299868532,336319.64264808164,16,1.0,0
8,34.322813922456234,3363.635764400711,10,1.0,0
7,36.521764548201745,3579.1329257237708,8,1.0,0
2,0.0,0.0,2,1.0,0
3,44.45597072760118,4356.685131304916,4,1.0,0
5,26.59636566650915,2606.4438353178966,6,1.0,0
6,30.90076281998784,3028.274756358808,8,1.0,0
6,30.494730223902152,2988.483561942411,8,1.0,0
2,0.0,0.0,2,1.0,0
5,26.746339313383928,2621.141252711625,6,1.0,0
3,46.188021535170066,4526.426110446666,4,1.0,0
2,0.0,0.0,2,1.0,0
5,28.060054644755535,2749.8853551860425,6,1.0,0
5,27.91713929948172,2735.8796513492084,6,1.0,0
6,32.128091846766836,3148.55300098315,8,1.0,0
6,31.71750305430741,3108.3152993221265,8,1.0,0
3,47.92007234273894,4696.167089588416,4,1.0,0
5,29.12330109494229,2854.083507304344,6,1.0,0
5,29.532468008391486,2894.1818648223657,6,1.0,0
6,32.95343034387424,3229.4361736996752,8,1.0,0
6,33.368077131122966,3270.0715588500507,8,1.0,0
2,0.0,0.0,2,1.0,0
3,49.652123150307816,4865.908068730166,4,1.0,0
2,0.0,0.0,2,1.0,0
5,31.012363126125468,3039.2115863602958,6,1.0,0
6,34.61935874622752,3392.697157130297,8,1.0,0
5,30.360610446212487,2975.3398237288234,6,1.0,0
6,34.20108603121085,3351.706431058663,8,1.0,0
3,51.3841739578767,5035.649047871916,4,1.0,0
5,31.160338038388907,3053.713127762113,6,1.0,0
5,32.12942576517669,3148.683724987316,6,1.0,0
2,0.0,0.0,2,1.0,0
6,35.3189548462093,3461.2575749285115,8,1.0,0
6,35.74013350362787,3502.5330833555304,8,1.0,0
3,53.11622476544557,5205.3900270136655,4,1.0,0
6,37.009651250914075,3626.945822589579,8,1.0,0
2,0.0,0.0,2,1.0,0
5,33.6258828880373,3295.336523027656,6,1.0,0
5,32.45561071165765,3180.6498497424495,6,1.0,0
6,36.585516259853435,3585.3805934656366,8,1.0,0
3,54.270925303824825,5318.550679774832,4,1.0,0
6,38.002819444276575,3724.276305539104,8,1.0,0
2,0.0,0.0,2,1.0,0
6,37.57658845611187,3682.5056686989633,8,1.0,0
5,34.98809321278693,3428.8331348531187,6,1.0,0
5,33.7860918130523,3311.0369976791258,6,1.0,0
2,0.0,0.0,2,1.0,0
5,36.23626176451796,3551.1536529227606,6,1.0,0
3,11.547005383792516,1131.6065276116665,4,1.0,0
3,23.094010767585033,2263.213055223333,4,1.0,0
5,36.48789753694595,3575.8139586207035,6,1.0,0
2,0.0,0.0,2,1.0,0
3,23.094010767585033,2263.213055223333,4,1.0,0
5,37.99166575272354,3723.183243766907,6,1.0,0
3,11.547005383792516,1131.6065276116665,4,1.0,0
5,37.73945768909069,3698.466853530888,6,1.0,0
2,0.0,0.0,2,1.0,0
5,39.24623124156849,3846.130661673712,6,1.0,0
3,11.547005383792516,1131.6065276116665,4,1.0,0
3,23.094010767585033,2263.213055223333,4,1.0,0
5,39.49894513359397,3870.8966230922088,6,1.0,0
2,0.0,0.0,2,1.0,0
5,40.75618562459773,3994.1061912105774,6,1.0,0
5,41.009348527703615,4018.916155714954,6,1.0,0
3,11.547005383792516,1131.6065276116665,4,1.0,0
3,23.094010767585033,2263.213055223333,4,1.0,0
2,0.0,0.0,2,1.0,0
5,42.52254304091733,4167.209218009898,6,1.0,0
5,42.26897995772629,4142.360035857177,6,1.0,0
3,23.094010767585033,2263.213055223333,4,1.0,0
3,11.547005383792516,1131.6065276116665,4,1.0,0
2,0.0,0.0,2,1.0,0
5,44.03824095790688,4315.747613874873,6,1.0,0
5,43.784319872149055,4290.863347470608,6,1.0,0
3,11.547005383792516,1131.6065276116665,4,1.0,0
3,23.094010767585033,2263.213055223333,4,1.0,0
2,0.0,0.0,2,1.0,0
5,39.640467538446956,3884.7658187678016,6,1.0,0
3,44.45597072760118,4356.685131304916,4,1.0,0
3,33.20015060206806,3253.6147590026694,4,1.0,0
5,39.635421868155596,3884.2713430792487,6,1.0,0
3,45.610671265980436,4469.845784066082,4,1.0,0
3,34.35476677260377,3366.7671437151694,4,1.0,0
3,45.901161931553176,4498.313869292211,4,1.0,0
3,45.610671265980436,4469.845784066082,4,1.0,0
3,47.34272207354931,4639.5867632078325,4,1.0,0
3,36.08670115153226,3536.4967128501617,4,1.0,0
3,47.63314672228433,4668.048378783865,4,1.0,0
3,47.34272207354931,4639.5867632078325,4,1.0,0
3,49.36513614552953,4837.783342261894,4,1.0,0
3,37.818646194701365,3706.2273270807336,4,1.0,0
3,49.07477288111819,4809.327742349583,4,1.0,0
3,49.07477288111819,4809.327742349583,4,1.0,0
3,51.0971297302174,5007.518713561305,4,1.0,0
3,50.80682368868707,4979.068721491332,4,1.0,0
3,39.5506005011302,3875.9588491107593,4,1.0,0
3,50.80682368868707,4979.068721491332,4,1.0,0
3,51.96152422706632,5092.229374252499,4,1.0,0
3,51.96152422706632,5092.229374252499,4,1.0,0
3,41.28256290493603,4045.6911646837307,4,1.0,0
3,52.25179422756696,5120.675834301563,4,1.0,0
3,53.693575034635195,5261.970353394249,4,1.0,0
3,53.693575034635195,5261.970353394249,4,1.0,0
3,53.983793864455286,5290.411798716618,4,1.0,0
3,43.014532428006234,4215.424177944611,4,1.0,0
2,0.0,0.0,2,1.0,0
2,0.0,0.0,2,1.0,0
2,0.0,0.0,2,1.0,0
2,0.0,0.0,2,1.0,0
2,0.0,0.0,2,1.0,0
2,0.0,0.0,2,1.0,0
2,0.0,0.0,2,1.0,0
2,0.0,0.0,2,1.0,0
2,0.0,0.0,2,1.0,0
2,0.0,0.0,2,1.0,0
2,0.0,0.0,2,1.0,0
2,0.0,0.0,2,1.0,0
2,0.0,0.0,2,1.0,0
2,0.0,0.0,2,1.0,0
2,0.0,0.0,2,1.0,0
2,0.0,0.0,2,1.0,0
2,0.0,0.0,2,1.0,0
2,0.0,0.0,2,1.0,0
2,0.0,0.0,2,1.0,0
2,0.0,0.0,2,1.0,0
2,0.0,0.0,2,1.0,0
2,0.0,0.0,2,1.0,0
2,0.0,0.0,2,1.0,0
2,0.0,0.0,2,1.0,0
2,0.0,0.0,2,1.0,0
2,0.0,0.0,2,1.0,0
2,0.0,0.0,2,1.0,0
2,0.0,0.0,2,1.0,0
2,188.79751057680818,3444166431.148253,2,1.0,0
2,188.09040379562165,3444166384.4792056,2,1.0,0
3,64273.320407848856,2437842091.114464,4,1.0,0
2,185.969083452062,3444166244.4720626,2,1.0,0
2,187.3832970144351,3444166337.810158,2,1.0,0
2,999.8489885977782,13702827849.763996,2,1.0,0
2,997.7276682542185,13702827709.756855,2,1.0,0
2,999.1418818165916,13702827803.09495,2,1.0,0
2,996.3134546918454,13702827616.418758,2,1.0,0
3,255588.4153099797,9699095857.865864,4,1.0,0
2,1656.751188320081,23981274232.08285,2,1.0,0
3,447364.049741278,16974327142.52081,4,1.0,0
2,1653.9227611953347,23981227970.3288,2,1.0,0
2,1655.3369747577078,23981228063.666897,2,1.0,0
2,1653.215654414148,23981227923.65975,2,1.0,0
2,4107.583291912654,34568953300.06918,2,1.0,0
2,4106.876185131468,34568953253.40013,2,1.0,0
2,4104.754864787908,34568953113.39299,2,1.0,0
2,4104.047758006722,34568953066.723946,2,1.0,0
3,644063.1212634235,24468443828.322323,4,1.0,0
2,643938.2960519845,28246556842.29435,3,0.6666666666666666,0
2,643936.8414195086,28246556651.76892,3,0.6666666666666666,0
3,610970.6211054669,21887941502.819786,5,0.8,0
2,643937.1323452314,28246556689.874004,3,0.6666666666666666,0
2,643938.0051247169,28246556804.189262,3,0.6666666666666666,0
2,643784.1450985986,28246440042.630486,3,0.6666666666666666,0
2,643783.8541707923,28246440004.5254,3,0.6666666666666666,0
3,610921.9000046569,21887896284.604233,5,0.8,0
2,643782.6904634306,28246439852.105053,3,0.6666666666666666,0
2,643782.9813896916,28246439890.21014,3,0.6666666666666666,0
2,643629.4168015732,28246322806.963104,3,0.6666666666666666,0
2,643627.9621637021,28246322616.43767,3,0.6666666666666666,0
2,643629.1258732262,28246322768.85802,3,0.6666666666666666,0
3,610873.015991458,21887850898.435707,5,0.8,0
2,643628.2530905036,28246322654.54276,3,0.6666666666666666,0
3,457680.0358341209,15397930920.183292,10,1.0,0
2,516330.13119985274,17306681476.92666,8,1.0,0
3,457679.886723473,15397930004.063019,10,1.0,0
3,457679.3038768036,15397930836.793137,10,1.0,0
4,425917.61334454536,14101062966.621378,12,1.0,0
3,465504.6739371988,16300869632.039965,10,1.0,0
3,465504.34416610026,16300869493.618778,10,1.0,0
4,439637.2857838107,15005608419.07496,12,1.0,0
2,516330.13119985274,17306681476.92666,8,1.0,0
3,465503.73601264827,16300869529.193344,10,1.0,0
3,508227.5166791717,18199472570.833397,10,1.0,0
4,483641.24004406785,16793556417.276299,12,1.0,0
2,516330.13119985274,17306681476.92666,8,1.0,0
3,508226.395076009,18199461437.1066,10,1.0,0
3,508227.1326155484,18199439279.400406,10,1.0,0
3,477087.19395343354,16075945512.220888,9,0.8888888888888888,0
4,437669.3229880294,14541779522.55631,11,0.9090909090909091,0
2,364.1574750937658,550606.1023417739,6,1.0,0
3,477086.29284569685,16075945424.22098,9,0.8888888888888888,0
3,477086.29284569685,16075945424.22098,9,0.8888888888888888,0
3,477070.31653243856,16075928600.811155,9,0.8888888888888888,0
2,364.1574750937658,550606.1023417739,6,1.0,0
3,477069.41542403214,16075928512.811247,9,0.8888888888888888,0
4,437657.0131658933,14541767267.83397,11,0.9090909090909091,0
3,477069.41542403214,16075928512.811247,9,0.8888888888888888,0
3,477053.51812823664,16075911753.614555,9,0.8888888888888888,0
3,477052.6170191933,16075911665.614647,9,0.8888888888888888,0
3,477052.6170191933,16075911665.614647,9,0.8888888888888888,0
2,364.1574750937658,550606.1023417739,6,1.0,0
4,437644.7626978051,14541755059.782148,11,0.9090909090909091,0
3,477036.67291178985,16075894844.434864,9,0.8888888888888888,0
3,477035.7718021376,16075894756.434956,9,0.8888888888888888,0
4,437632.481842304,14541742807.087791,11,0.9090909090909091,0
3,477035.7718021376,16075894756.434956,9,0.8888888888888888,0
2,364.1574750937658,550606.1023417739,6,1.0,0
3,441698.43346776516,15305351889.352943,10,1.0,0
5,388873.1455030754,13046276107.33065,14,1.0,0
3,157847.9732126242,6055994752.4733515,4,1.0,0
3,441697.59627506085,15305351802.66953,10,1.0,0
3,441697.59627506085,15305351802.66953,10,1.0,0
3,462400.6959748343,16548148648.281206,10,1.0,0
3,343561.39820561913,13187391842.658096,4,1.0,0
3,462399.8967550346,16548148663.144587,10,1.0,0
5,415638.0920390047,14207664565.998924,14,1.0,0
3,462399.8967550346,16548148663.144587,10,1.0,0
3,521263.2278616161,18896338330.642857,10,1.0,0
3,521262.5139199058,18896338241.264442,10,1.0,0
3,535252.703661473,20525227780.51592,4,1.0,0
3,521262.5139199058,18896338241.264442,10,1.0,0
5,472862.4886280307,16272189810.577547,14,1.0,0
3,482018.49016349984,16125665583.15868,9,0.8888888888888888,0
3,598786.6737472536,21630920891.37837,5,0.8,0
3,482018.0434931295,16125665539.15873,9,0.8888888888888888,0
5,410516.28722381487,13418208006.278025,13,0.9230769230769231,0
3,482018.0434931295,16125665539.15873,9,0.8888888888888888,0
3,482001.61597544927,16125648671.71865,9,0.8888888888888888,0
3,598736.671541672,21630875438.835617,5,0.8,0
3,482001.1693048864,16125648627.718699,9,0.8888888888888888,0
3,482001.1693048864,16125648627.718699,9,0.8888888888888888,0
5,410506.8052506435,13418198603.71482,13,0.9230769230769231,0
3,481984.7577540993,16125631761.392277,9,0.8888888888888888,0
3,598686.6888896896,21630829987.714462,5,0.8,0
5,410497.2681157261,13418189197.548437,13,0.9230769230769231,0
3,481984.3110833588,16125631717.392326,9,0.8888888888888888,0
3,481984.3110833588,16125631717.392326,9,0.8888888888888888,0
3,456262.6514250074,15235874277.361368,10,1.0,0
2,0.0,0.0,2,1.0,0
3,456262.2235350583,15235874234.58842,10,1.0,0
3,456262.2667876813,15235874235.952194,10,1.0,0
6,371401.07582301885,12070828353.005013,16,1.0,0
4,425513.01918510406,13965959500.997818,12,1.0,0
3,448332.2260915695,15626192197.26512,10,1.0,0
3,448331.8385366531,15626192202.047535,10,1.0,0
4,425512.551903557,13965959470.08522,12,1.0,0
6,377052.1070071306,12536613720.020111,16,1.0,0
3,448331.79822687624,15626187379.429062,10,1.0,0
2,0.0,0.0,2,1.0,0
3,486792.23538869456,17468870820.96151,10,1.0,0
4,425512.08462662424,13965959439.172623,12,1.0,0
2,0.0,0.0,2,1.0,0
3,486791.8939191001,17468880925.44204,10,1.0,0
6,419041.6223407686,14126052214.272278,16,1.0,0
3,486791.7255266477,17468870649.41972,10,1.0,0
3,560267.9028404278,20263442255.198963,10,1.0,0
6,485218.3969260131,16417855365.02493,16,1.0,0
4,425511.6952285391,13965959413.412127,12,1.0,0
2,0.0,0.0,2,1.0,0
3,560267.8867830301,20263456003.09842,10,1.0,0
3,560267.7567778146,20263442206.426716,10,1.0,0
3,499764.28226484376,16748581293.450796,9,0.8888888888888888,0
6,398807.1148258206,12974441204.57951,15,0.9333333333333333,0
3,499763.83480425033,16748581249.450842,9,0.8888888888888888,0
2,0.0,0.0,2,1.0,0
3,499764.058534486,16748581271.45082,9,0.8888888888888888,0
4,279.3296738025996,426203.2610951936,10,1.0,0
3,499747.41326919344,16748564382.434324,9,0.8888888888888888,0
3,499747.18953873176,16748564360.43435,9,0.8888888888888888,0
2,0.0,0.0,2,1.0,0
3,499746.9658083923,16748564338.43437,9,0.8888888888888888,0
6,398799.38591867755,12974433687.81087,15,0.9333333333333333,0
4,278.96953238660313,426162.3247826792,10,1.0,0
3,499730.55967360496,16748547472.490093,9,0.8888888888888888,0
6,398791.6687592778,12974426171.881063,15,0.9333333333333333,0
3,499730.3359430464,16748547450.490118,9,0.8888888888888888,0
2,0.0,0.0,2,1.0,0
4,278.6175395292502,426121.43862915155,10,1.0,0
3,499730.11221261,16748547428.490139,9,0.8888888888888888,0
3,465263.69807693164,15800052537.913277,10,1.0,0
6,77634.66145706808,2597853770.658053,8,1.0,0
3,465263.5085035862,15800052870.562231,10,1.0,0
5,86610.09422405681,2999485527.666325,6,1.0,0
3,465263.34098783956,15800052848.447779,10,1.0,0
7,383168.75620831765,12574004336.729227,16,1.0,0
3,470622.93020992697,16567295270.463507,10,1.0,0
5,251700.6714556002,8758489047.78133,6,1.0,0
7,398960.9084936351,13325960476.503775,16,1.0,0
6,225624.7780014737,7585720035.961425,8,1.0,0
3,470622.69689640385,16567301484.629309,10,1.0,0
3,470622.4635831429,16567301531.25327,10,1.0,0
3,512239.9036829542,18396789085.770798,10,1.0,0
3,512239.55820217123,18396799637.926735,10,1.0,0
3,512239.48296978784,18396810316.06753,10,1.0,0
7,441592.10793061054,14882432389.393864,16,1.0,0
5,415534.92787510256,14471301138.84286,6,1.0,0
6,372488.28698610014,12533580652.947678,8,1.0,0
3,471745.94361295545,15729507069.125671,9,0.8888888888888888,0
3,471745.4985735894,15729507025.12572,9,0.8888888888888888,0
7,376444.3157628015,12185012642.841198,15,0.9333333333333333,0
3,471745.0535347456,15729506981.125769,9,0.8888888888888888,0
6,471789.718441678,15729562514.706896,9,0.8888888888888888,0
5,522071.67934320867,17834542378.25041,7,0.8571428571428571,0
3,471729.06361591123,15729490157.144398,9,0.8888888888888888,0
7,376436.6326457691,12185005129.043667,15,0.9333333333333333,0
3,471728.1735374139,15729490069.144493,9,0.8888888888888888,0
6,471771.8376414717,15729545537.81849,9,0.8888888888888888,0
3,471728.6185764014,15729490113.144444,9,0.8888888888888888,0
5,522044.561002493,17834516746.83022,7,0.8571428571428571,0
3,471712.26282672695,15729473309.402855,9,0.8888888888888888,0
7,376428.9347996511,12184997640.442148,15,0.9333333333333333,0
3,471711.8177870892,15729473265.4029,9,0.8888888888888888,0
5,522017.3628746188,17834491199.720642,7,0.8571428571428571,0
3,471711.3727479737,15729473221.40295,9,0.8888888888888888,0
6,471753.90967425425,15729528616.986076,9,0.8888888888888888,0
3,471695.4153985387,15729456399.700735,9,0.8888888888888888,0
3,471694.5253195594,15729456311.70083,9,0.8888888888888888,0
3,471694.97035878786,15729456355.70078,9,0.8888888888888888,0
7,376421.22237098514,12184990124.806992,15,0.9333333333333333,0
5,521990.0851752245,17834465558.481697,7,0.8571428571428571,0
6,471735.9347304674,15729511634.193666,9,0.8888888888888888,0
3,408352.30724813935,13712545556.330338,12,1.0,0
6,388502.54061310936,12612582767.610237,14,1.0,0
3,408351.54361351184,13712547147.497824,12,1.0,0
3,408351.4732605765,13712548201.972744,12,1.0,0
7,388498.9687331625,12612582529.483875,14,1.0,0
5,416437.215170028,13622858086.069284,12,1.0,0
3,438893.5966678978,15139569408.811865,12,1.0,0
6,388501.9957352179,12612582731.285873,14,1.0,0
5,416436.7479027768,13622858055.156357,12,1.0,0
3,438892.21942697716,15139569259.283537,12,1.0,0
3,438892.0530004985,15139566872.058935,12,1.0,0
7,388498.4238903142,12612582493.159521,14,1.0,0
3,508150.32024463714,17660500379.427525,12,1.0,0
6,388501.45086267195,12612582694.961508,14,1.0,0
5,416436.28064024064,13622858024.243435,12,1.0,0
3,508148.41035030095,17660509022.230606,12,1.0,0
7,388497.87905281154,12612582456.83517,14,1.0,0
3,508148.74875544035,17660512261.238445,12,1.0,0
3,500974.35630947305,16365533066.37408,11,0.9090909090909091,0
3,500971.857461529,16365528032.315212,11,0.9090909090909091,0
7,249.2636428289606,388283.87681117427,12,1.0,0
3,500972.3298995301,16365532867.376818,11,0.9090909090909091,0
5,277.24710197864204,425951.66873333306,10,1.0,0
6,251.17499634294572,388580.1697320254,12,1.0,0
3,500962.04597274633,16365520811.11467,11,0.9090909090909091,0
3,500960.01956273004,16365520612.117405,11,0.9090909090909091,0
7,249.00803199896987,388238.88909122424,12,1.0,0
3,500959.54709185124,16365515777.05213,11,0.9090909090909091,0
5,276.9376985693513,425911.0419689904,10,1.0,0
6,250.85719709295432,388534.81857622566,12,1.0,0
3,500949.7483122343,16365508556.75794,11,0.9090909090909091,0
3,500947.24939844984,16365503522.69173,11,0.9090909090909091,0
7,248.76202574859664,388193.9568836302,12,1.0,0
5,276.6366248749833,425870.46545247897,10,1.0,0
6,250.54879159496454,388489.5228060348,12,1.0,0
3,500947.7219021961,16365508357.760674,11,0.9090909090909091,0
3,482040.9274712401,15668633123.124104,12,1.0,0
3,482038.6266975365,15668628345.833126,12,1.0,0
6,144.87235761179562,5265250.442751255,8,1.0,0
3,482039.0942818677,15668632957.496328,12,1.0,0
5,157.57577542249317,5289384.014116625,8,1.0,0
6,153.59263142667822,5288982.8455895465,8,1.0,0
3,473406.63023454027,15843854650.876259,12,1.0,0
5,152798.63965924006,5115643998.330619,8,1.0,0
6,152786.9093214468,5115620144.182653,8,1.0,0
6,152794.31893234776,5115666950.104926,8,1.0,0
3,473404.6843792125,15843851196.130964,12,1.0,0
3,473404.23449547053,15843849918.667328,12,1.0,0
3,498725.74434509414,17065372660.937626,12,1.0,0
3,498723.42008396034,17065368260.276428,12,1.0,0
6,305116.21365751186,10212819603.424807,8,1.0,0
5,305120.53376514174,10212796615.303211,8,1.0,0
6,305108.573264385,10212772764.453878,8,1.0,0
3,498723.8095317904,17065364854.504261,12,1.0,0
3,553352.3532035457,19139808968.7366,12,1.0,0
6,457534.2884864321,15324314068.13105,8,1.0,0
6,457526.4173340939,15324290260.259628,8,1.0,0
3,553350.2129404783,19139805038.615868,12,1.0,0
5,457538.1474653234,15324314114.406565,8,1.0,0
3,553350.4170974111,19139797761.36979,12,1.0,0
3,442384.95632814476,14465564822.176022,11,0.9090909090909091,0
6,482257.88267726754,15991725068.309303,9,0.8888888888888888,0
3,442384.55058869725,14465564782.37657,11,0.9090909090909091,0
5,482261.5989509739,15991725309.633793,9,0.8888888888888888,0
6,482251.644939767,15991724663.374434,9,0.8888888888888888,0
3,442384.2807847247,14465564333.092567,11,0.9090909090909091,0
3,442372.6512582103,14465552567.350975,11,0.9090909090909091,0
3,442371.9756775451,14465552078.263374,11,0.9090909090909091,0
3,442372.24551873835,14465552527.551521,11,0.9090909090909091,0
6,482240.2597448185,15991708108.03399,9,0.8888888888888888,0
6,482233.6429032612,15991707678.55354,9,0.8888888888888888,0
5,482243.59846462565,15991708324.819021,9,0.8888888888888888,0
3,442360.36054371286,14465540313.547163,11,0.9090909090909091,0
6,482222.65253756085,15991691148.88074,9,0.8888888888888888,0
6,482215.656471021,15991690694.854233,9,0.8888888888888888,0
3,442359.68492582225,14465539824.45542,11,0.9090909090909091,0
3,442359.95480422955,14465540273.74771,11,0.9090909090909091,0
5,482225.6135823367,15991691341.12584,9,0.8888888888888888,0
4,425696.1835394855,13849924224.503056,12,1.0,0
7,373551.0523240822,11994830555.240189,16,1.0,0
4,425695.7931378879,13849924186.397982,12,1.0,0
4,425695.5595190119,13849923795.354465,12,1.0,0
5,397141.2275409684,12822812302.369766,14,1.0,0
5,397136.5349858068,12822811989.571503,14,1.0,0
4,425695.79413732124,13849924198.741869,12,1.0,0
5,397140.9248523393,12822812282.18925,14,1.0,0
4,425695.4037357224,13849924160.636793,12,1.0,0
7,373550.7106803517,11994830532.336279,16,1.0,0
4,425695.1701194088,13849923769.593298,12,1.0,0
5,397136.05065682746,12822811957.282671,14,1.0,0
4,425695.3268488296,13849924167.828442,12,1.0,0
7,373550.27141403046,11994830502.888395,16,1.0,0
5,397135.5057945698,12822811920.957735,14,1.0,0
5,397140.56161199964,12822812257.972626,14,1.0,0
4,425694.9364472293,13849924129.723368,12,1.0,0
4,425694.70283322193,13849923738.67989,12,1.0,0
4,278.69170541418464,426102.5658158426,10,1.0,0
4,278.5742270921702,425619.30277885136,10,1.0,0
5,254.5034827409494,388844.27243115613,12,1.0,0
4,278.69170541418464,426102.5658158426,10,1.0,0
5,250.33825601422254,388401.43533189833,12,1.0,0
7,234.2266207972738,359800.14334627497,14,1.0,0
4,278.3522947633089,426061.75507647294,10,1.0,0
5,250.058659784726,388356.30610639765,12,1.0,0
5,254.32660640851702,388814.2615486295,12,1.0,0
7,234.039068777599,359764.9928854198,14,1.0,0
4,278.23898600543623,425579.13081018854,10,1.0,0
4,278.3522947633089,426061.75507647294,10,1.0,0
4,278.0211023165927,426020.99453201186,10,1.0,0
5,249.78857726752307,388311.23234364775,12,1.0,0
4,277.9119764721677,425539.0092148492,10,1.0,0
4,278.0211023165927,426020.99453201186,10,1.0,0
5,254.15819161230345,388784.3022461949,12,1.0,0
7,233.86151626808717,359729.9023605178,14,1.0,0
4,277.73560568761553,425986.96681659174,10,1.0,0
7,233.69398606057266,359694.8717891105,14,1.0,0
5,249.5280393547836,388266.2140629646,12,1.0,0
4,277.6287689223387,425505.3236392388,10,1.0,0
4,277.73560568761553,425986.96681659174,10,1.0,0
5,253.9982551836993,388754.3945357773,12,1.0,0
5,129561.07830665096,4332531283.854039,8,1.0,0
3,22.516660498395403,2206.6327288427497,4,1.0,0
4,11.265729744080792,1104.0415149199177,4,1.0,0
5,27.983328370061102,7902.852312087494,6,1.0,0
4,34.88266044899672,3418.5007240016785,6,1.0,0
6,36.559084598313824,3582.790290634754,6,1.0,0
5,327275.9532801191,10949805189.06919,8,1.0,0
4,12.996794476587935,1273.6858587056176,4,1.0,0
4,36.23258202226278,3550.7930381817523,6,1.0,0
3,22.516660498395403,2206.6327288427497,4,1.0,0
5,28.366647081857714,7927.749844691115,6,1.0,0
6,37.64793044334132,3689.49718344745,6,1.0,0
5,520182.1827641426,17440595024.71209,8,1.0,0
4,37.59787228022352,3684.5914834619048,6,1.0,0
3,22.516660498395403,2206.6327288427497,4,1.0,0
4,14.72809107341025,1443.3529251942045,4,1.0,0
6,38.7681140457808,3799.2751764865184,6,1.0,0
5,28.36664708185771,7927.749844691115,6,1.0,0
5,619960.1462384497,20583092203.18084,9,0.8888888888888888,0
4,38.97691624538812,3819.7377920480353,6,1.0,0
3,22.516660498395403,2206.6327288427497,4,1.0,0
5,28.36664708185771,7927.749844691115,6,1.0,0
4,16.45954636879968,1613.0355441423685,4,1.0,0
6,39.91699721505448,3911.8657270753383,6,1.0,0
5,619942.1385510057,20583075217.849087,9,0.8888888888888888,0
3,22.516660498395403,2206.6327288427497,4,1.0,0
4,40.3683043983767,3956.093831040917,6,1.0,0
5,28.36664708185771,7927.749844691115,6,1.0,0
4,18.191115047370424,1782.7292746423016,4,1.0,0
6,41.09217281510758,4027.0329358805434,6,1.0,0
5,619924.1430012045,20583058233.388733,9,0.8888888888888888,0
4,19.922767545365446,1952.4312194458134,4,1.0,0
6,42.291449096320484,4144.562011439407,6,1.0,0
5,28.36664708185771,7927.749844691115,6,1.0,0
3,22.516660498395403,2206.6327288427497,4,1.0,0
4,41.77080320032163,4093.53871363152,6,1.0,0
6,32.015342304231936,7419.60398923978,8,0.75,0
4,29.69623994155938,2910.2315142728194,6,1.0,0
4,34.88266044899672,3418.5007240016785,6,1.0,0
4,21.654483754332883,2122.1394079246224,4,1.0,0
6,19.633305036765123,1924.063893602982,6,1.0,0
6,494684.86095401715,15944853584.014767,15,0.9333333333333333,0
6,477347.9095247642,15621025568.788824,16,1.0,0
4,22.808989455914087,2235.2809666795806,4,1.0,0
6,139561.91829678245,4587388667.894008,10,1.0,0
4,35.33081752049713,3462.420117008718,6,1.0,0
2,0.0,0.0,2,1.0,0
3,34.06366588218792,3338.239256454416,4,1.0,0
6,505381.0685850002,16798515735.883635,16,1.0,0
6,296811.3988253596,9781658735.387316,10,1.0,0
4,35.33081752049713,3462.420117008718,6,1.0,0
4,24.540782383616055,2404.996673594373,4,1.0,0
2,0.0,0.0,2,1.0,0
3,35.795716689756794,3507.980235596166,4,1.0,0
6,565747.9945888598,18953709606.43359,16,1.0,0
3,37.52776749732568,3677.7212147379164,4,1.0,0
4,34.88266044899672,3418.5007240016785,6,1.0,0
2,0.0,0.0,2,1.0,0
4,26.272609310839304,2574.7157124622518,4,1.0,0
6,463545.13737629814,15273989364.94703,10,1.0,0
6,454834.1144051469,14665598641.270891,15,0.9333333333333333,0
4,28.00446392988089,2744.4374651283274,4,1.0,0
2,0.0,0.0,2,1.0,0
3,39.25981830489455,3847.4621938796663,4,1.0,0
6,522916.8088446505,17125023813.128304,11,0.9090909090909091,0
4,34.88266044899672,3418.5007240016785,6,1.0,0
6,454826.43381568673,14665591127.57052,15,0.9333333333333333,0
4,34.88266044899672,3418.5007240016785,6,1.0,0
2,0.0,0.0,2,1.0,0
6,522903.7843765942,17125011511.045038,11,0.9090909090909091,0
4,29.736341402398512,2914.161457435054,4,1.0,0
3,40.99186911246343,4017.203173021416,4,1.0,0
6,454818.70937047934,14665583610.991571,15,0.9333333333333333,0
6,522890.6819447584,17124999203.904213,11,0.9090909090909091,0
4,34.88266044899672,3418.5007240016785,6,1.0,0
2,0.0,0.0,2,1.0,0
4,31.468237955119125,3083.8873196016743,4,1.0,0
3,42.72391992003231,4186.944152163166,4,1.0,0
6,469408.29339167476,15180214092.7131,14,1.0,0
4,34.06366588218792,3338.239256454416,4,1.0,0
6,441527.3140410833,14200011462.979065,16,1.0,0
3,44.45597072760118,4356.685131304916,4,1.0,0
5,25.534290669607408,2502.360485621526,8,1.0,0
4,33.20015060206806,3253.6147590026694,4,1.0,0
6,469407.86962606903,15180214064.460632,14,1.0,0
5,25.97251294294467,2545.306268408578,8,1.0,0
2,0.0,0.0,2,1.0,0
4,34.06366588218792,3338.239256454416,4,1.0,0
6,441526.82596100547,14200011430.259483,16,1.0,0
2,0.0,0.0,2,1.0,0
6,469407.5064159412,15180214040.244236,14,1.0,0
4,34.06366588218792,3338.239256454416,4,1.0,0
6,441526.3867044075,14200011400.811865,16,1.0,0
5,26.67663504160255,2614.31023407705,8,1.0,0
2,0.0,0.0,2,1.0,0
2,0.0,0.0,2,1.0,0
6,469407.14320974617,15180214016.027842,14,1.0,0
2,0.0,0.0,2,1.0,0
4,34.06366588218792,3338.239256454416,4,1.0,0
5,27.43303535104033,2688.4374644019526,8,1.0,0
6,441525.9474524685,14200011371.364248,16,1.0,0
2,0.0,0.0,2,1.0,0
6,252.7406144287423,388710.3888008359,12,1.0,0
6,233.68393466107446,359844.43072879076,14,1.0,0
2,0.0,0.0,2,1.0,0
2,0.0,0.0,2,1.0,0
4,34.06366588218792,3338.239256454416,4,1.0,0
5,28.21347195933177,2764.920252014513,8,1.0,0
6,252.5981357449381,388680.5899640319,12,1.0,0
2,0.0,0.0,2,1.0,0
2,0.0,0.0,2,1.0,0
4,34.06366588218792,3338.239256454416,4,1.0,0
5,29.0553658678442,2847.4258550487316,8,1.0,0
6,233.48380417747782,359809.208056464,14,1.0,0
6,252.46421888691833,388650.842757664,12,1.0,0
2,0.0,0.0,2,1.0,0
2,0.0,0.0,2,1.0,0
4,34.06366588218792,3338.239256454416,4,1.0,0
6,233.2936766404944,359774.0452986117,14,1.0,0
5,29.93803123596664,2933.9270611247307,8,1.0,0
4,11.547005383792516,1131.6065276116665,4,1.0,0
2,0.7071067811865476,69.29646455628166,2,1.0,0
2,0.0,0.0,2,1.0,0
4,34.06366588218792,3338.239256454416,4,1.0,0
6,17.22498185775532,1693.2240253433686,6,1.0,0
5,26.837784309936367,2630.1028623737643,6,1.0,0
4,11.547005383792516,1131.6065276116665,4,1.0,0
2,0.7071067811865476,69.29646455628166,2,1.0,0
4,34.06366588218792,3338.239256454416,4,1.0,0
2,0.0,0.0,2,1.0,0
5,26.93696345173301,2639.822418269835,6,1.0,0
6,17.668238923748646,1736.7143307598594,6,1.0,0
4,11.547005383792516,1131.6065276116665,4,1.0,0
2,0.7071067811865476,69.29646455628166,2,1.0,0
4,34.06366588218792,3338.239256454416,4,1.0,0
2,0.0,0.0,2,1.0,0
6,17.668238923748646,1736.7143307598594,6,1.0,0
5,26.93696345173301,2639.822418269835,6,1.0,0
4,11.547005383792516,1131.6065276116665,4,1.0,0
2,0.7071067811865476,69.29646455628166,2,1.0,0
2,0.0,0.0,2,1.0,0
6,17.668238923748646,1736.7143307598594,6,1.0,0
4,34.06366588218792,3338.239256454416,4,1.0,0
5,26.93696345173301,2639.822418269835,6,1.0,0
4,11.547005383792516,1131.6065276116665,4,1.0,0
2,0.7071067811865476,69.29646455628166,2,1.0,0
6,17.668238923748646,1736.7143307598594,6,1.0,0
5,26.93696345173301,2639.822418269835,6,1.0,0
4,34.06366588218792,3338.239256454416,4,1.0,0
2,0.0,0.0,2,1.0,0
4,10.969655114602888,1075.0262012310832,4,1.0,0
5,26.837784309936367,2630.1028623737643,6,1.0,0
2,0.0,0.0,2,1.0,0
6,17.221111075266503,1692.9384710221061,6,1.0,0
2,0.7071067811865476,69.29646455628166,2,1.0,0
4,34.06366588218792,3338.239256454416,4,1.0,0
2,0.0,0.0,2,1.0,0
3,11.547005383792516,1131.6065276116665,4,1.0,0
2,0.7071067811865476,69.29646455628166,2,1.0,0
2,0.0,0.0,2,1.0,0
4,11.265729744080792,1110.655512148869,4,1.0,0
4,45.033320996790806,4413.265457685499,4,1.0,0
5,27.08320512790168,2654.154102534365,6,1.0,0
2,0.7071067811865476,69.29646455628166,2,1.0,0
4,22.516660498395403,2206.6327288427497,4,1.0,0
6,36.70785565334302,3595.508457320976,6,1.0,0
4,46.76537180435969,4583.00643682725,4,1.0,0
6,38.21866908549625,3743.5161368246654,6,1.0,0
4,24.24871130596428,2376.3737079844996,4,1.0,0
5,28.5499562171293,2797.8957092786713,6,1.0,0
2,0.7071067811865476,69.29646455628166,2,1.0,0
4,48.49742261192856,4752.747415968999,4,1.0,0
6,39.73243846867024,3891.8176044962165,6,1.0,0
5,30.024989592004857,2942.448980016476,6,1.0,0
4,25.98076211353316,2546.1146871262495,4,1.0,0
2,0.7071067811865476,69.29646455628166,2,1.0,0
4,50.22947341949744,4922.4883951107495,4,1.0,0
5,31.134653790698664,3051.196071488469,6,1.0,0
6,41.088522322744424,4024.739627189151,6,1.0,0
4,27.712812921102035,2715.855666268,4,1.0,0
2,0.7071067811865476,69.29646455628166,2,1.0,0
4,51.96152422706632,5092.229374252499,4,1.0,0
4,29.444863728670914,2885.5966454097497,4,1.0,0
2,0.7071067811865476,69.29646455628166,2,1.0,0
6,42.603599221974974,4173.173308966052,6,1.0,0
5,32.6276978450314,3197.5143888130774,6,1.0,0
4,53.693575034635195,5261.970353394249,4,1.0,0
5,34.12574785505318,3344.3232897952116,6,1.0,0
6,44.12104562073146,4321.842323207392,6,1.0,0
2,0.7071067811865476,69.29646455628166,2,1.0,0
4,31.176914536239792,3055.3376245514996,4,1.0,0
4,0.5773502691896257,56.58032638058333,4,1.0,0
4,32.90896534380867,3225.0786036932495,4,1.0,0
2,0.7071067811865476,69.29646455628166,2,1.0,0
5,35.62817237337143,3491.5608925903994,6,1.0,0
6,40.02707417069934,3916.4047628745766,6,1.0,0
2,0.0,0.0,2,1.0,0
2,0.0,0.0,2,1.0,0
3,10.969655114602888,1075.0262012310832,4,1.0,0
4,46.19162983340885,4519.7759531493,4,1.0,0
2,0.0,0.0,2,1.0,0
4,47.92355023020171,4689.506868175658,4,1.0,0
2,0.0,0.0,2,1.0,0
3,10.969655114602888,1075.0262012310832,4,1.0,0
2,0.0,0.0,2,1.0,0
2,0.0,0.0,2,1.0,0
4,49.655479724464115,4859.2384862925455,4,1.0,0
3,11.547005383792516,1131.6065276116665,4,1.0,0
2,0.0,0.0,2,1.0,0
3,11.547005383792516,1131.6065276116665,4,1.0,0
2,0.0,0.0,2,1.0,0
4,51.387417396349726,5028.97073631043,4,1.0,0
2,0.0,0.0,2,1.0,0
3,11.547005383792516,1131.6065276116665,4,1.0,0
4,53.11936244597319,5198.703556336586,4,1.0,0
2,0.0,0.0,2,1.0,0
2,0.0,0.0,2,1.0,0
3,11.547005383792516,1131.6065276116665,4,1.0,0
2,0.0,0.0,2,1.0,0
4,54.85131417447231,5368.4368923054935,4,1.0,0
2,0.0,0.0,2,1.0,0
2,0.0,0.0,2,1.0,0
3,44.746508243660756,4385.157807878754,4,1.0,0
3,46.47848964843845,4554.891985546968,4,1.0,0
2,0.0,0.0,2,1.0,0
2,0.0,0.0,2,1.0,0
3,48.21047603996459,4724.62665191653,4,1.0,0
2,0.0,0.0,2,1.0,0
2,0.0,0.0,2,1.0,0
2,0.0,0.0,2,1.0,0
3,49.94246689942338,4894.361756143491,4,1.0,0
2,0.0,0.0,2,1.0,0
2,0.0,0.0,2,1.0,0
3,51.674461777555074,5064.097254200397,4,1.0,0
2,0.0,0.0,2,1.0,0
3,53.406460283377704,5233.8331077710145,4,1.0,0
2,0.0,0.0,2,1.0,0
2,0.0,0.0,2,1.0,0
2,0.0,0.0,2,1.0,0
3,55.13846207503434,5403.569283353365,4,1.0,0
2,0.0,0.0,2,1.0,0
2,8887.625132733716,4438160230.529697,2,1.0,0
2,8886.91802595253,4438114108.782787,2,1.0,0
3,78780.92025939192,3141112966.7995453,4,1.0,0
3,78783.43730072118,3141080650.826293,4,1.0,0
2,26488.22002324807,13846349188.690638,2,1.0,0
3,246659.98218938286,9799791996.996353,4,1.0,0
3,246657.7376141212,9799824302.009563,4,1.0,0
2,26487.512916466883,13846303066.943727,2,1.0,0
2,44189.9311834721,23256259065.151863,2,1.0,0
2,44189.224076690916,23256212943.404953,2,1.0,0
3,414425.03050250234,16459714232.320644,4,1.0,0
3,414422.524452601,16459746548.29354,4,1.0,0
2,566133.6627531818,25775190589.509666,3,0.6666666666666666,0
3,536592.6057454576,19972337529.690807,5,0.8,0
3,536589.9898235151,19972337264.046173,5,0.8,0
2,566133.6627531818,25775190589.509666,3,0.6666666666666666,0
2,565979.2592545537,25775073370.566463,3,0.6666666666666666,0
2,565979.2592545537,25775073370.566463,3,0.6666666666666666,0
3,536543.748036169,19972292147.41251,5,0.8,0
3,536541.1321007925,19972291881.76787,5,0.8,0
2,565824.8559342369,25774956153.213684,3,0.6666666666666666,0
2,565824.8559342369,25774956153.213684,3,0.6666666666666666,0
3,536494.9126527669,19972246766.675365,5,0.8,0
3,536492.2967040626,19972246501.03073,5,0.8,0
2,565670.4527923774,25774838937.451347,3,0.6666666666666666,0
3,536446.0996013486,19972201387.4794,5,0.8,0
3,536443.4836394232,19972201121.83476,5,0.8,0
2,565670.4527923774,25774838937.451347,3,0.6666666666666666,0
3,399807.3731004859,14159357951.084837,10,1.0,0
4,374021.0255598992,12989215013.692135,12,1.0,0
3,399807.3685874792,14159357934.649918,10,1.0,0
4,412905.7771725221,14125263846.12516,10,1.0,0
2,0.0,0.0,2,1.0,0
3,429537.8158406105,15688802019.102682,10,1.0,0
4,412905.5664219927,14125263832.329939,10,1.0,0
2,0.0,0.0,2,1.0,0
4,407916.20693993656,14464548470.011145,12,1.0,0
3,429537.5795542613,15688802072.038363,10,1.0,0
3,507266.6556545318,18547491549.364223,10,1.0,0
2,0.0,0.0,2,1.0,0
4,412905.2502992262,14125263811.637108,10,1.0,0
3,507266.00009779003,18547491464.03814,10,1.0,0
4,483645.7306647135,17123934588.537378,12,1.0,0
3,542081.7717681068,18011071260.1451,9,0.8888888888888888,0
2,0.0,0.0,2,1.0,0
4,314.3919301036299,476740.08272013377,8,1.0,0
4,497295.1962302398,16292247016.777401,11,0.9090909090909091,0
3,542080.441911761,18011071128.145245,9,0.8888888888888888,0
3,542064.893478657,18011054348.111504,9,0.8888888888888888,0
2,0.0,0.0,2,1.0,0
4,314.11133149160435,476710.5260952395,8,1.0,0
4,497282.88603978173,16292234761.629915,11,0.9090909090909091,0
3,542063.5636221037,18011054216.111645,9,0.8888888888888888,0
3,542048.0293864137,18011037437.074986,9,0.8888888888888888,0
4,313.83662719865663,476681.0064938606,8,1.0,0
2,0.0,0.0,2,1.0,0
4,497270.5886193333,16292222507.389168,11,0.9090909090909091,0
3,542046.699529688,18011037305.075127,9,0.8888888888888888,0
3,518193.1770429613,17085317582.708967,10,1.0,0
5,478529.5293192944,15598858438.574572,12,1.0,0
4,10.969655114602888,1075.0262012310832,4,1.0,0
4,10.969655114602888,1075.0262012310832,4,1.0,0
4,478423.643859921,15597477507.019876,12,1.0,0
2,0.0,0.0,2,1.0,0
3,502696.50240959943,17297932595.499123,10,1.0,0
2,0.0,0.0,2,1.0,0
4,11.547005383792516,1131.6065276116665,4,1.0,0
4,471577.0182458631,15886104637.300451,12,1.0,0
4,11.547005383792516,1131.6065276116665,4,1.0,0
5,478529.13992031745,15598858412.813618,12,1.0,0
3,536754.31764868,19036099485.719276,10,1.0,0
2,0.0,0.0,2,1.0,0
4,11.547005383792516,1131.6065276116665,4,1.0,0
5,478528.6726408609,15598858381.900473,12,1.0,0
4,11.547005383792516,1131.6065276116665,4,1.0,0
4,509601.00674975483,17551768651.84075,12,1.0,0
2,0.0,0.0,2,1.0,0
3,613974.1973610581,21986223831.065727,10,1.0,0
5,478528.2053655075,15598858350.987328,12,1.0,0
4,11.547005383792516,1131.6065276116665,4,1.0,0
4,585357.2701454073,20298221922.69648,12,1.0,0
4,11.547005383792516,1131.6065276116665,4,1.0,0
3,561109.226411623,18572783519.42856,9,0.8888888888888888,0
5,279.3982422596423,426210.13751205447,10,1.0,0
4,11.547005383792516,1131.6065276116665,4,1.0,0
4,514753.880160995,16800359642.654839,11,0.9090909090909091,0
2,0.0,0.0,2,1.0,0
4,11.547005383792516,1131.6065276116665,4,1.0,0
3,561092.3524165706,18572766607.504433,9,0.8888888888888888,0
2,0.0,0.0,2,1.0,0
4,11.547005383792516,1131.6065276116665,4,1.0,0
4,514741.5738186405,16800347387.645119,11,0.9090909090909091,0
5,279.03675584250743,426169.19284580444,10,1.0,0
4,11.547005383792516,1131.6065276116665,4,1.0,0
3,561075.5550235142,18572749759.64602,9,0.8888888888888888,0
4,514729.3246565793,16800335179.171185,11,0.9090909090909091,0
2,0.0,0.0,2,1.0,0
5,278.6834125749942,426128.29833612836,10,1.0,0
4,11.547005383792516,1131.6065276116665,4,1.0,0
4,11.547005383792516,1131.6065276116665,4,1.0,0
3,527026.8648451846,17516663453.3396,10,1.0,0
5,55560.95721787618,1923009728.162093,6,1.0,0
7,49801.51832148293,1665518339.9120378,8,1.0,0
6,55551.79321588098,1923008915.0829988,6,1.0,0
7,49800.669707918016,1665495000.2000062,8,1.0,0
4,488678.53758691234,16018660337.13808,12,1.0,0
5,221041.70977841865,7656812371.255905,6,1.0,0
7,198141.05779595504,6631540455.466154,8,1.0,0
3,521546.55155656475,17954049442.373466,10,1.0,0
4,489989.63926989405,16497644906.216179,12,1.0,0
6,221032.2883668809,7656785247.718594,6,1.0,0
7,198141.90644905955,6631563795.178183,8,1.0,0
3,550132.7875312873,19422512323.60931,10,1.0,0
6,386071.2614429708,13383651563.365545,6,1.0,0
7,346085.68214055954,11591554472.0424,8,1.0,0
5,386080.9391827919,13383652387.123978,6,1.0,0
4,521884.5831538199,17904066715.127796,12,1.0,0
7,346086.53079860576,11591577811.754417,8,1.0,0
3,472074.01429236826,15648512624.569572,9,0.8888888888888888,0
7,472118.0488244204,15648568087.431107,9,0.8888888888888888,0
7,472117.9858263716,15648568084.342564,9,0.8888888888888888,0
5,522434.7964026115,17742697723.509155,7,0.8571428571428571,0
6,522428.3101481371,17742697358.16836,7,0.8571428571428571,0
4,433072.9585120733,14155153986.339033,11,0.9090909090909091,0
3,472057.19405891676,15648495775.188576,9,0.8888888888888888,0
6,522401.0889420212,17742671809.07981,7,0.8571428571428571,0
7,472100.03877859405,15648551161.87367,9,0.8888888888888888,0
5,522407.57652699633,17742672174.42551,7,0.8571428571428571,0
7,472100.1017866279,15648551164.962244,9,0.8888888888888888,0
4,433060.688822668,14155141776.481249,11,0.9090909090909091,0
3,472040.32710034424,15648478863.846758,9,0.8888888888888888,0
6,522373.7880615848,17742646165.86107,7,0.8571428571428571,0
5,522380.27698201773,17742646531.21169,7,0.8571428571428571,0
4,433048.38882602734,14155129522.001858,11,0.9090909090909091,0
7,472082.04466899723,15648534177.444536,9,0.8888888888888888,0
7,472082.1076870527,15648534180.53314,9,0.8888888888888888,0
3,472023.47644594026,15648461953.652557,9,0.8888888888888888,0
5,522352.9953650209,17742620889.281612,7,0.8571428571428571,0
6,522346.7003789816,17742620536.294907,7,0.8571428571428571,0
7,472064.2555632949,15648517205.430914,9,0.8888888888888888,0
4,433036.1034942174,14155117268.566103,11,0.9090909090909091,0
7,472064.1925352949,15648517202.342281,9,0.8888888888888888,0
3,437146.5741354952,14856953802.740257,10,1.0,0
8,363308.92489000206,11865714600.749931,16,1.0,0
7,388771.49342563824,12547645941.186419,14,1.0,0
7,388771.46314981545,12547645939.662579,14,1.0,0
5,416725.19829855463,13552716592.983267,12,1.0,0
6,384108.4221030925,12655432407.526049,14,1.0,0
3,460628.58088027686,16262315708.588652,10,1.0,0
7,388771.00906866655,12547645908.897509,14,1.0,0
7,388770.97879317356,12547645907.373669,14,1.0,0
8,394536.04119906353,13128043047.240646,16,1.0,0
6,414511.14359419065,13968020513.908966,14,1.0,0
5,416724.7310182615,13552716562.069777,12,1.0,0
3,529665.5772372265,18956120134.63512,10,1.0,0
7,388770.4339056775,12547645871.048647,14,1.0,0
8,458569.03489732783,15357035184.385204,16,1.0,0
5,416724.2637426801,13552716531.156286,12,1.0,0
6,480742.20796860865,16326717541.02139,14,1.0,0
7,388770.4641808738,12547645872.57249,14,1.0,0
3,535621.9340458342,17764712492.807556,9,0.8888888888888888,0
7,251.15012714238543,388578.2332999562,12,1.0,0
5,277.21714312871137,425949.0924245395,10,1.0,0
8,427417.41526942956,13761613648.94173,15,0.9333333333333333,0
6,456166.96560186194,14782075658.146538,13,0.9230769230769231,0
7,251.17499634294572,388580.1697320254,12,1.0,0
3,535605.1186881992,17764695643.785786,9,0.8888888888888888,0
6,456157.4459506897,14782066285.596632,13,0.9230769230769231,0
8,427409.7063538183,13761606159.42059,15,0.9333333333333333,0
5,276.9084285062081,425908.4688198732,10,1.0,0
7,250.83284002770378,388532.8844633672,12,1.0,0
7,250.85719709295432,388534.81857622566,12,1.0,0
3,535588.2546933274,17764678732.668087,9,0.8888888888888888,0
7,250.52494885739424,388487.59101320396,12,1.0,0
7,250.54879159496454,388489.5228060348,12,1.0,0
5,276.6080459985051,425867.8954639442,10,1.0,0
8,427401.98133180477,13761598642.760231,15,0.9333333333333333,0
6,456147.9039844536,14782056878.891993,13,0.9230769230769231,0
2,701118.6575723113,26638601726.399952,4,1.0,0
5,562270.2132413739,18841814644.714046,8,1.0,0
7,512146.7353655157,16853447506.05152,10,1.0,0
4,10.688779163215974,1054.0972440908856,4,1.0,0
6,17.443241289011244,1709.437646323102,6,1.0,0
6,17.22498185775532,1693.2240253433686,6,1.0,0
3,496186.5736725451,16841460222.473763,10,1.0,0
7,110819.05977668684,3647026832.0782237,10,1.0,0
6,121672.70107011033,4077329366.582742,8,1.0,0
7,411777.1535266577,13443328399.143202,16,1.0,0
7,121661.04862368351,4077328580.327468,8,1.0,0
5,435487.4696777568,14339821522.124813,14,1.0,0
3,509429.87606622017,17848635716.944923,10,1.0,0
7,244763.09923962984,8048579623.18989,10,1.0,0
7,433531.17619773996,14377038279.225655,16,1.0,0
5,456082.2723266526,15304435245.631983,14,1.0,0
7,268716.3226141424,8998201891.32841,8,1.0,0
6,268728.2060483829,8998202966.791653,8,1.0,0
3,556683.927609924,19849088028.340534,10,1.0,0
7,480444.8282822172,16063977300.854593,16,1.0,0
7,418339.594998724,14010002570.931137,8,1.0,0
5,503994.71897456155,17082188143.793934,14,1.0,0
6,418351.24642534874,14010003357.187487,8,1.0,0
7,381045.7281525262,12531504470.547562,10,1.0,0
3,469339.34901273134,15560465420.078714,9,0.8888888888888888,0
5,399716.6168146744,12947917646.967422,13,0.9230769230769231,0
6,469378.2220361079,15560520564.113981,9,0.8888888888888888,0
7,374525.2325554886,12054075343.214397,15,0.9333333333333333,0
7,469368.33125994983,15560519920.943455,9,0.8888888888888888,0
7,430588.08538515616,14075550184.64037,11,0.9090909090909091,0
3,469322.47401443264,15560448508.180248,9,0.8888888888888888,0
6,469360.2193124168,15560503579.128847,9,0.8888888888888888,0
7,469350.4529560271,15560502944.132626,9,0.8888888888888888,0
7,430575.06249735365,14075537882.675951,11,0.9090909090909091,0
7,374517.60730491695,12054067833.21347,15,0.9333333333333333,0
5,399707.1340166544,12947908244.169827,13,0.9230769230769231,0
3,469305.6782888893,15560431660.533537,9,0.8888888888888888,0
5,399697.630436097,12947898872.797852,13,0.9230769230769231,0
7,469332.5275603582,15560486023.389645,9,0.8888888888888888,0
7,374509.91322847514,12054060344.796753,15,0.9333333333333333,0
6,469342.295473144,15560486658.392027,9,0.8888888888888888,0
7,430562.00904756185,14075525621.494678,11,0.9090909090909091,0
3,443693.4291618231,14697972298.549625,10,1.0,0
8,342485.5160216526,10985266297.237104,18,1.0,0
8,361413.69948554685,11646860517.985361,16,1.0,0
6,383770.17041202076,12444339116.201395,14,1.0,0
7,361412.6685060941,11646859910.986362,16,1.0,0
8,361414.6480376741,11646860045.647182,16,1.0,0
3,437032.11607850465,15104733729.609102,10,1.0,0
8,367950.7067389541,12121490358.185852,16,1.0,0
8,367949.39049412194,12121476558.338043,16,1.0,0
7,367947.92034396663,12121485640.50671,16,1.0,0
6,387947.2162099072,12914225808.74532,14,1.0,0
8,350509.207960245,11457966067.954264,18,1.0,0
3,468912.58705619466,16669059175.475077,10,1.0,0
8,385219.28275228257,12752246706.047743,18,1.0,0
7,403128.7739538023,13474203434.212736,16,1.0,0
6,423216.05317880755,14332081094.498323,14,1.0,0
8,403132.11358961364,13474203666.138363,16,1.0,0
8,403130.5760260925,13474187034.276794,16,1.0,0
3,529394.9422022592,19038408829.742176,10,1.0,0
7,458363.7863570085,15424376452.12562,16,1.0,0
8,458367.6117863577,15424387405.197485,16,1.0,0
6,480517.8473891418,16398145907.606192,14,1.0,0
8,458365.86245727335,15424355058.642834,16,1.0,0
8,438447.9564404095,14603463074.824726,18,1.0,0
3,455592.19833421207,15260772266.783932,9,0.8888888888888888,0
8,343142.46866133116,11104890496.842827,17,0.9411764705882353,0
6,388005.9822422118,12698528640.125662,13,0.9230769230769231,0
8,363556.1307498996,11821899306.032179,15,0.9333333333333333,0
7,363554.4515679283,11821899194.235975,15,0.9333333333333333,0
8,363557.69390877517,11821899426.390718,15,0.9333333333333333,0
3,455575.33038833924,15260755355.82638,9,0.8888888888888888,0
8,363548.61910632293,11821891803.820078,15,0.9333333333333333,0
8,343136.2374876542,11104884324.905342,17,0.9411764705882353,0
7,363546.8313234407,11821891684.781487,15,0.9333333333333333,0
6,387996.5045363133,12698519237.955568,13,0.9230769230769231,0
8,363550.18240195565,11821891924.179268,15,0.9333333333333333,0
3,455558.47933583433,15260738446.045607,9,0.8888888888888888,0
8,363541.0662598552,11821884298.908173,15,0.9333333333333333,0
8,363542.6296933447,11821884419.268013,15,0.9333333333333333,0
6,387986.97244470427,12698509832.235243,13,0.9230769230769231,0
7,363539.11566390656,11821884169.006357,15,0.9333333333333333,0
8,343129.9298291628,11104878147.882092,17,0.9411764705882353,0
3,394329.5405453375,13196113187.54907,12,1.0,0
7,349379.18746177485,11473988599.221636,16,1.0,0
7,349380.8866700197,11473991881.201334,16,1.0,0
7,375207.5452799863,12236733876.022324,14,1.0,0
7,375207.5452799863,12236733876.022324,14,1.0,0
7,349381.0451257099,11473990339.949986,16,1.0,0
3,412949.8594395865,14246136714.977425,12,1.0,0
7,372195.01021780126,12467396735.281576,16,1.0,0
7,375207.18208609626,12236733851.806389,14,1.0,0
7,375207.18208609626,12236733851.806389,14,1.0,0
7,372192.9457859189,12467383434.383867,16,1.0,0
7,372194.92894178897,12467396675.120134,16,1.0,0
3,471542.7854272048,16456855723.242329,12,1.0,0
7,428055.0254182866,14438886734.209782,16,1.0,0
7,375206.81889712653,12236733827.590456,14,1.0,0
7,375206.81889712653,12236733827.590456,14,1.0,0
7,428055.0963728024,14438896698.758213,16,1.0,0
7,428052.89905475854,14438866501.983946,16,1.0,0
3,466209.71729235566,15301720000.72516,11,0.9090909090909091,0
7,405531.40270214766,13104178399.485374,15,0.9333333333333333,0
7,252.62740560082958,388633.17998182797,12,1.0,0
7,405532.5124904056,13104178474.152147,15,0.9333333333333333,0
7,252.62740560082958,388633.17998182797,12,1.0,0
7,405531.47598106484,13104178471.736002,15,0.9333333333333333,0
3,466197.45019840135,15301707791.172258,11,0.9090909090909091,0
7,405523.9090576652,13104170924.412748,15,0.9333333333333333,0
7,252.5137259995619,388608.3740293009,12,1.0,0
7,405523.92831205175,13104170993.043304,15,0.9333333333333333,0
7,252.5137259995619,388608.3740293009,12,1.0,0
7,405524.9648418466,13104170995.459469,15,0.9333333333333333,0
3,466185.1517667631,15301695536.920837,11,0.9090909090909091,0
7,405517.40171554143,13104163489.667229,15,0.9333333333333333,0
7,252.4024564064304,388578.7617476454,12,1.0,0
7,405516.36516524036,13104163487.251049,15,0.9333333333333333,0
7,405516.3458029892,13104163418.619907,15,0.9333333333333333,0
7,252.4024564064304,388578.7617476454,12,1.0,0
3,466172.82215139916,15301683237.981709,11,0.9090909090909091,0
7,405508.7866715215,13104155954.368534,15,0.9333333333333333,0
5,278.9235060410331,426094.352873007,10,1.0,0
5,278.9235060410331,426094.352873007,10,1.0,0
5,432781.479539232,14075863262.36222,13,0.9230769230769231,0
7,405509.8232423805,13104155956.784735,15,0.9333333333333333,0
3,439915.64280014543,14757967051.89638,12,1.0,0
5,128207.04416733504,4359952821.55195,6,1.0,0
4,30.46746899016501,2985.8119610361714,4,1.0,0
5,413808.54862992954,13709355958.470995,14,1.0,0
5,413814.5658533754,13709356331.32866,14,1.0,0
5,413807.4787062056,13709350199.53109,14,1.0,0
3,461914.756540666,15911547999.35665,12,1.0,0
5,437875.7128182282,14823214951.840673,14,1.0,0
5,437867.4016063539,14823200164.153294,14,1.0,0
5,275596.4905860689,9413180239.851477,6,1.0,0
5,437868.6149960892,14823214621.194582,14,1.0,0
4,31.27085970463023,3064.5442510537628,4,1.0,0
3,516878.44664148573,18037260414.029125,12,1.0,0
5,491867.4498490366,16825165067.602858,14,1.0,0
5,491866.1965984446,16825133820.877975,14,1.0,0
5,491875.382690944,16825165509.502121,14,1.0,0
4,32.12890702570921,3148.6328885195026,4,1.0,0
5,430159.06559575646,14625175178.193306,6,1.0,0
3,442564.58703737654,14686508834.17385,11,0.9090909090909091,0
5,410852.4803636633,13509958785.895765,13,0.9230769230769231,0
5,410857.5015264588,13509959090.83403,13,0.9230769230769231,0
4,32.72919186292262,3207.4608025664165,4,1.0,0
5,410852.3437478513,13509958778.48782,13,0.9230769230769231,0
5,482467.54959142074,16235996522.983335,7,0.8571428571428571,0
3,442552.2786737075,14686496579.535603,11,0.9090909090909091,0
5,410842.79112960794,13509949371.380014,13,0.9230769230769231,0
5,482449.9251986619,16235979563.08217,7,0.8571428571428571,0
5,410842.9277636375,13509949378.788027,13,0.9230769230769231,0
5,410848.1546773168,13509949697.342064,13,0.9230769230769231,0
4,33.668976818430345,3299.559728206174,4,1.0,0
3,442539.98465946555,14686484325.903229,11,0.9090909090909091,0
5,410833.3882942804,13509939972.608213,13,0.9230769230769231,0
5,410833.2516420369,13509939965.200132,13,0.9230769230769231,0
5,410838.8210163477,13509940304.778267,13,0.9230769230769231,0
4,34.652561232901675,3395.9510008243637,4,1.0,0
5,482432.3165241536,16235962604.286179,7,0.8571428571428571,0
4,425762.90363280935,14059962269.284933,12,1.0,0
7,397299.5236281694,13018649697.965286,14,1.0,0
7,373638.12497618154,12177072455.770601,16,1.0,0
5,33.80088756231114,3312.486981106492,6,1.0,0
6,397298.5402307898,13018649605.733234,14,1.0,0
6,373698.0395214832,12178017437.77945,14,1.0,0
4,421939.4801321415,14440079716.75258,12,1.0,0
7,377672.32535192906,12604192182.955698,16,1.0,0
7,397299.160394702,13018649673.749693,14,1.0,0
5,397294.7266930834,13018649350.481245,12,1.0,0
5,425862.9469472971,14061455818.754223,12,1.0,0
4,36.736902427940215,3600.2164379381416,4,1.0,0
4,468809.0566441074,16352071406.64976,12,1.0,0
5,425862.47971349536,14061455787.842144,12,1.0,0
4,36.736902427940215,3600.2164379381416,4,1.0,0
5,397294.18185767083,13018649314.157862,12,1.0,0
7,424787.93199177634,14336952521.57506,16,1.0,0
7,397298.7971651068,13018649649.5341,14,1.0,0
4,554737.1779889227,19385670429.967545,12,1.0,0
7,503844.4047375762,17012064927.359825,16,1.0,0
5,397293.6370274856,13018649277.83448,12,1.0,0
5,425862.0124843044,14061455756.930065,12,1.0,0
4,36.736902427940215,3600.2164379381416,4,1.0,0
7,397298.4339401581,13018649625.31851,14,1.0,0
4,520044.71228712634,17040189526.523811,11,0.9090909090909091,0
5,252.74253278541755,388671.8545630164,10,1.0,0
7,254.82287371760208,389008.8113728235,12,1.0,0
5,278.4244561416575,426070.2948458675,10,1.0,0
7,452366.4203622988,14592982094.683983,15,0.9333333333333333,0
4,36.736902427940215,3600.2164379381416,4,1.0,0
4,520032.4055340118,17040177271.647257,11,0.9090909090909091,0
7,254.5973053250719,388978.50347973383,12,1.0,0
7,452358.8505204795,14592974588.363823,15,0.9333333333333333,0
5,278.09191126516265,426029.5238929392,10,1.0,0
5,252.40833919854884,388626.3995295131,10,1.0,0
4,36.736902427940215,3600.2164379381416,4,1.0,0
4,520020.11099241505,17040165017.63764,11,0.9090909090909091,0
4,36.736902427940215,3600.2164379381416,4,1.0,0
5,277.76760870275075,425988.80314633204,10,1.0,0
5,252.0834397695743,388580.99984430533,10,1.0,0
7,452351.29107372585,14592967082.789629,15,0.9333333333333333,0
7,254.38011405029764,388948.24709893385,12,1.0,0
4,500424.4419687424,16314972560.388437,12,1.0,0
5,27.42748013702073,2676.1120056280656,6,1.0,0
6,17.12923565970514,1678.665094651104,6,1.0,0
4,17.001960671248085,1666.1921457823123,4,1.0,0
5,466857.93776308553,15105050499.692951,14,1.0,0
5,27.42748013702073,2676.1120056280656,6,1.0,0
4,500424.13047040463,16314972539.779703,12,1.0,0
5,27.325202042558928,2666.1620855954475,6,1.0,0
4,18.33757526683031,1797.0823761493702,4,1.0,0
5,27.325202042558928,2666.1620855954475,6,1.0,0
6,18.10238737215146,1774.0339624708429,6,1.0,0
5,466857.51396752684,15105050471.440502,14,1.0,0
4,500423.66322616773,16314972508.866602,12,1.0,0
5,27.325202042558928,2666.1620855954475,6,1.0,0
4,19.70448341537191,1931.0393747064472,4,1.0,0
5,466856.9690947958,15105050435.115925,14,1.0,0
5,27.325202042558928,2666.1620855954475,6,1.0,0
6,18.901530550271772,1852.3499939266337,6,1.0,0
4,277.9923260331719,425970.8536245174,10,1.0,0
5,253.1411601650292,388786.35156003566,12,1.0,0
4,21.096603202095512,2067.4671138053604,4,1.0,0
6,19.766042309259294,1937.072146307411,6,1.0,0
5,27.325202042558928,2666.1620855954475,6,1.0,0
5,27.325202042558928,2666.1620855954475,6,1.0,0
4,277.68087198557026,425930.20844265085,10,1.0,0
5,27.325202042558928,2666.1620855954475,6,1.0,0
6,20.68772928228574,2027.3974696640025,6,1.0,0
5,27.325202042558928,2666.1620855954475,6,1.0,0
5,252.7832194996457,388740.75336293445,12,1.0,0
4,22.50925735484551,2205.90722077486,4,1.0,0
4,277.3777208068449,425889.6135028418,10,1.0,0
4,23.93881088664737,2346.0034668914423,4,1.0,0
5,27.325202042558928,2666.1620855954475,6,1.0,0
5,27.325202042558928,2666.1620855954475,6,1.0,0
5,252.4344949534913,388695.2104643291,12,1.0,0
6,21.659293617290476,2122.6107744944666,6,1.0,0
4,277.0828997490342,425849.06881945865,10,1.0,0
6,22.30911088706649,2186.292866932516,6,1.0,0
5,252.0950247727065,388649.72288365965,12,1.0,0
5,27.325202042558928,2666.1620855954475,6,1.0,0
4,24.985329028585287,2448.5622448013582,4,1.0,0
5,27.325202042558928,2666.1620855954475,6,1.0,0
3,34.64101615137755,3380.9631763744483,4,1.0,0
6,17.443241289011244,1709.437646323102,6,1.0,0
5,27.325202042558928,2666.1620855954475,6,1.0,0
5,27.325202042558928,2666.1620855954475,6,1.0,0
5,28.591956910991595,2765.248270951453,6,1.0,0
4,10.969655114602888,1075.0262012310832,4,1.0,0
3,34.64101615137755,3380.9631763744483,4,1.0,0
4,10.969655114602888,1075.0262012310832,4,1.0,0
6,17.443241289011244,1709.437646323102,6,1.0,0
5,28.591956910991595,2765.248270951453,6,1.0,0
5,27.325202042558928,2666.1620855954475,6,1.0,0
5,27.325202042558928,2666.1620855954475,6,1.0,0
3,34.64101615137755,3380.9631763744483,4,1.0,0
5,27.325202042558928,2666.1620855954475,6,1.0,0
6,17.443241289011244,1709.437646323102,6,1.0,0
5,27.325202042558928,2666.1620855954475,6,1.0,0
4,10.969655114602888,1075.0262012310832,4,1.0,0
5,28.591956910991595,2765.248270951453,6,1.0,0
3,34.64101615137755,3380.9631763744483,4,1.0,0
5,28.591956910991595,2765.248270951453,6,1.0,0
4,10.969655114602888,1075.0262012310832,4,1.0,0
6,17.443241289011244,1709.437646323102,6,1.0,0
5,27.325202042558928,2666.1620855954475,6,1.0,0
5,27.325202042558928,2666.1620855954475,6,1.0,0
3,34.64101615137755,3380.9631763744483,4,1.0,0
4,11.547005383792516,1131.6065276116665,4,1.0,0
5,27.42748013702073,2676.1120056280656,6,1.0,0
6,17.443241289011244,1709.437646323102,6,1.0,0
5,27.42748013702073,2676.1120056280656,6,1.0,0
5,28.701335625135403,2775.770427587027,6,1.0,0
3,34.64101615137755,3380.9631763744483,4,1.0,0
5,28.701335625135403,2775.770427587027,6,1.0,0
4,11.547005383792516,1131.6065276116665,4,1.0,0
6,17.443241289011244,1709.437646323102,6,1.0,0
5,27.42748013702073,2676.1120056280656,6,1.0,0
5,27.42748013702073,2676.1120056280656,6,1.0,0
2,0.0,0.0,2,1.0,0
6,17.443241289011244,1709.437646323102,6,1.0,0
4,10.969655114602888,1075.0262012310832,4,1.0,0
4,11.547005383792516,1131.6065276116665,4,1.0,0
4,10.969655114602888,1075.0262012310832,4,1.0,0
4,10.969655114602888,1075.0262012310832,4,1.0,0
3,23.96351393264352,2348.4243653990648,4,1.0,0
5,27.67489837379715,2712.1400406321204,6,1.0,0
5,27.42748013702073,2687.8930534280316,6,1.0,0
5,27.67489837379715,2712.1400406321204,6,1.0,0
4,11.547005383792516,1131.6065276116665,4,1.0,0
6,17.443241289011244,1709.437646323102,6,1.0,0
3,25.11805459558257,2461.569350367092,4,1.0,0
5,29.04077593086429,2845.9960412247005,6,1.0,0
5,29.04077593086429,2845.9960412247005,6,1.0,0
4,11.547005383792516,1131.6065276116665,4,1.0,0
5,28.793517789020964,2821.7647433240545,6,1.0,0
6,17.88854381999832,1753.0772943598352,6,1.0,0
3,26.849891371599004,2631.2893544167023,4,1.0,0
5,30.26989703759606,2966.449909684414,6,1.0,0
4,11.547005383792516,1131.6065276116665,4,1.0,0
6,17.88854381999832,1753.0772943598352,6,1.0,0
5,30.518300520616588,2990.7934510204254,6,1.0,0
5,30.518300520616588,2990.7934510204254,6,1.0,0
3,28.58175408659634,2801.0119004864414,4,1.0,0
4,11.547005383792516,1131.6065276116665,4,1.0,0
5,32.00260406071148,3136.255197949725,6,1.0,0
5,32.00260406071148,3136.255197949725,6,1.0,0
5,31.753215060315807,3111.815075910949,6,1.0,0
6,17.88854381999832,1753.0772943598352,6,1.0,0
3,30.313638294778585,2970.736552888301,4,1.0,0
6,17.88854381999832,1753.0772943598352,6,1.0,0
5,33.49278529275621,3282.2929586901087,6,1.0,0
4,11.547005383792516,1131.6065276116665,4,1.0,0
5,33.49278529275621,3282.2929586901087,6,1.0,0
5,33.24254302346117,3257.7692162991943,6,1.0,0
3,32.045540511382654,3140.4629701154995,4,1.0,0
5,34.98809321278693,3428.8331348531187,6,1.0,0
4,10.969655114602888,1075.0262012310832,4,1.0,0
5,34.98809321278693,3428.8331348531187,6,1.0,0
6,17.443241289011244,1709.437646323102,6,1.0,0
5,34.737107920301405,3404.2365761895376,6,1.0,0
2,0.0,0.0,2,1.0,0
4,11.547005383792516,1131.6065276116665,4,1.0,0
4,11.547005383792516,1131.6065276116665,4,1.0,0
6,35.73606954698106,3502.134815604143,6,1.0,0
4,11.547005383792516,1131.6065276116665,4,1.0,0
4,44.746508243660756,4385.157807878754,4,1.0,0
2,0.0,0.0,2,1.0,0
4,11.547005383792516,1131.6065276116665,4,1.0,0
4,11.547005383792516,1131.6065276116665,4,1.0,0
6,37.23797345005051,3649.3213981049503,6,1.0,0
4,11.547005383792516,1131.6065276116665,4,1.0,0
4,46.47848964843845,4554.891985546968,4,1.0,0
2,0.0,0.0,2,1.0,0
4,11.547005383792516,1131.6065276116665,4,1.0,0
6,38.74360162228941,3796.872958984362,6,1.0,0
4,11.547005383792516,1131.6065276116665,4,1.0,0
4,48.21047603996459,4724.62665191653,4,1.0,0
4,11.547005383792516,1131.6065276116665,4,1.0,0
2,0.0,0.0,2,1.0,0
4,49.94246689942338,4894.361756143491,4,1.0,0
4,11.547005383792516,1131.6065276116665,4,1.0,0
4,11.547005383792516,1131.6065276116665,4,1.0,0
4,11.547005383792516,1131.6065276116665,4,1.0,0
6,40.2525361519826,3944.7485428942955,6,1.0,0
2,0.0,0.0,2,1.0,0
4,11.547005383792516,1131.6065276116665,4,1.0,0
4,51.674461777555074,5064.097254200397,4,1.0,0
6,41.76441866788842,4092.913029453065,6,1.0,0
4,11.547005383792516,1131.6065276116665,4,1.0,0
4,11.547005383792516,1131.6065276116665,4,1.0,0
2,0.0,0.0,2,1.0,0
4,10.969655114602888,1075.0262012310832,4,1.0,0
4,52.82912706705144,5177.254452571041,4,1.0,0
6,42.93561070564464,4207.689849153175,6,1.0,0
4,10.969655114602888,1075.0262012310832,4,1.0,0
4,10.969655114602888,1075.0262012310832,4,1.0,0
2,0.0,0.0,2,1.0,0
4,10.969655114602888,1075.0262012310832,4,1.0,0
6,44.45522091573347,4356.61164974188,6,1.0,0
4,10.969655114602888,1075.0262012310832,4,1.0,0
4,54.56112779870543,5346.990524273133,4,1.0,0
4,10.969655114602888,1075.0262012310832,4,1.0,0
2,0.0,0.0,2,1.0,0
2,0.0,0.0,2,1.0,0
4,45.32383478921438,4441.735809343009,4,1.0,0
4,45.32383478921438,4441.735809343009,4,1.0,0
4,45.32383478921438,4441.735809343009,4,1.0,0
4,45.033320996790806,4413.265457685499,4,1.0,0
2,0.0,0.0,2,1.0,0
4,47.055817918722866,4611.470156034841,4,1.0,0
2,0.0,0.0,2,1.0,0
4,47.055817918722866,4611.470156034841,4,1.0,0
4,47.055817918722866,4611.470156034841,4,1.0,0
4,46.76537180435969,4583.00643682725,4,1.0,0
2,0.0,0.0,2,1.0,0
4,48.78780585351221,4781.204973644196,4,1.0,0
2,0.0,0.0,2,1.0,0
4,48.78780585351221,4781.204973644196,4,1.0,0
4,48.78780585351221,4781.204973644196,4,1.0,0
4,48.49742261192856,4752.747415968999,4,1.0,0
2,0.0,0.0,2,1.0,0
4,50.51979809935903,4950.940213737184,4,1.0,0
2,0.0,0.0,2,1.0,0
4,50.51979809935903,4950.940213737184,4,1.0,0
4,50.22947341949744,4922.4883951107495,4,1.0,0
4,50.51979809935903,4950.940213737184,4,1.0,0
2,0.0,0.0,2,1.0,0
4,52.25179422756696,5120.675834301563,4,1.0,0
2,0.0,0.0,2,1.0,0
4,51.96152422706632,5092.229374252499,4,1.0,0
4,52.25179422756696,5120.675834301563,4,1.0,0
4,52.25179422756696,5120.675834301563,4,1.0,0
2,0.0,0.0,2,1.0,0
2,0.0,0.0,2,1.0,0
4,53.983793864455286,5290.411798716618,4,1.0,0
4,53.983793864455286,5290.411798716618,4,1.0,0
4,53.693575034635195,5261.970353394249,4,1.0,0
4,53.983793864455286,5290.411798716618,4,1.0,0
2,0.0,0.0,2,1.0,0
4,0.5,49.0,4,1.0,0
4,0.9574271077563381,93.82785656012113,4,1.0,0
4,0.5,49.0,4,1.0,0
4,0.816496580927726,80.01666493091716,4,1.0,0
2,0.0,0.0,2,1.0,0
2,0.0,0.0,2,1.0,0
2,0.7071067811865476,69.29646455628166,2,1.0,0
2,0.0,0.0,2,1.0,0
2,0.7071067811865476,69.29646455628166,2,1.0,0
2,0.0,0.0,2,1.0,0
2,0.0,0.0,2,1.0,0
2,0.7071067811865476,69.29646455628166,2,1.0,0
2,0.7071067811865476,69.29646455628166,2,1.0,0
2,0.0,0.0,2,1.0,0
2,0.0,0.0,2,1.0,0
2,0.0,0.0,2,1.0,0
2,0.7071067811865476,69.29646455628166,2,1.0,0
2,0.7071067811865476,69.29646455628166,2,1.0,0
2,0.0,0.0,2,1.0,0
2,0.0,0.0,2,1.0,0
2,0.0,0.0,2,1.0,0
2,0.0,0.0,2,1.0,0
2,0.0,0.0,2,1.0,0
2,0.7071067811865476,69.29646455628166,2,1.0,0
2,0.7071067811865476,69.29646455628166,2,1.0,0
2,0.0,0.0,2,1.0,0
2,0.0,0.0,2,1.0,0
2,0.7071067811865476,69.29646455628166,2,1.0,0
2,0.7071067811865476,69.29646455628166,2,1.0,0
2,0.0,0.0,2,1.0,0
2,0.0,0.0,2,1.0,0
2,0.7071067811865476,69.29646455628166,2,1.0,0
2,0.0,0.0,2,1.0,0
2,0.7071067811865476,69.29646455628166,2,1.0,0
2,0.0,0.0,2,1.0,0
2,0.0,0.0,2,1.0,0
2,0.0,0.0,2,1.0,0
2,0.0,0.0,2,1.0,0
2,0.0,0.0,2,1.0,0
2,0.0,0.0,2,1.0,0
2,0.0,0.0,2,1.0,0
2,0.0,0.0,2,1.0,0
2,0.0,0.0,2,1.0,0
2,0.0,0.0,2,1.0,0
2,0.0,0.0,2,1.0,0
2,0.0,0.0,2,1.0,0
2,0.0,0.0,2,1.0,0
2,0.0,0.0,2,1.0,0
2,0.0,0.0,2,1.0,0
2,0.0,0.0,2,1.0,0
2,0.0,0.0,2,1.0,0
2,0.0,0.0,2,1.0,0
2,0.0,0.0,2,1.0,0
2,0.0,0.0,2,1.0,0
2,0.0,0.0,2,1.0,0
2,0.0,0.0,2,1.0,0
2,0.0,0.0,2,1.0,0
2,0.0,0.0,2,1.0,0
2,0.0,0.0,2,1.0,0
3,30672.650869028803,1166505676.9416301,4,1.0,0
4,27439.796562049556,952665362.3496656,6,1.0,0
4,27438.504300830005,952664985.214464,6,1.0,0
4,27438.242293679574,952611723.1157008,6,1.0,0
3,30683.03541046746,1166538779.5469618,4,1.0,0
3,30683.03541046746,1166538779.5469618,4,1.0,0
3,212816.2411416635,8081595733.587264,4,1.0,0
4,190352.29972212052,6599890538.814285,6,1.0,0
4,190352.56186420677,6599944140.209408,6,1.0,0
3,212826.338834232,8081596223.228603,4,1.0,0
3,212826.338834232,8081596223.228603,4,1.0,0
4,190353.5946565409,6599944183.398073,6,1.0,0
3,396325.1746427211,15041719045.467524,4,1.0,0
3,396335.85087481886,15041752137.121479,4,1.0,0
3,396335.85087481886,15041752137.121479,4,1.0,0
4,354487.90151527035,12283975069.274094,6,1.0,0
4,354487.9040439885,12284002042.294918,6,1.0,0
4,354489.1944032521,12284002080.133673,6,1.0,0
3,580269.7080998197,22016668226.958733,4,1.0,0
3,580279.8075227732,22016669081.913525,4,1.0,0
3,580279.8075227732,22016669081.913525,4,1.0,0
4,519012.600353177,17980114770.98987,6,1.0,0
4,519014.151787566,17980168410.22352,6,1.0,0
4,519012.861356505,17980168372.38471,6,1.0,0
3,577725.745091302,20671824202.26882,5,0.8,0
4,514693.81712154154,17473080939.399265,7,0.8571428571428571,0
3,577731.3112015827,20671824471.830345,5,0.8,0
4,514693.81712154154,17473080939.399265,7,0.8571428571428571,0
4,514694.306116701,17473080989.29052,7,0.8571428571428571,0
3,577731.3112015827,20671824471.830345,5,0.8,0
3,577675.7446727359,20671778748.735687,5,0.8,0
4,514666.5148946544,17473055295.958515,7,0.8571428571428571,0
4,514666.5148946544,17473055295.958515,7,0.8571428571428571,0
3,577681.312235215,20671779018.301773,5,0.8,0
4,514667.00388984755,17473055345.84977,7,0.8571428571428571,0
3,577681.312235215,20671779018.301773,5,0.8,0
3,577625.7645210262,20671733296.690098,5,0.8,0
4,514639.2308641814,17473029653.821304,7,0.8571428571428571,0
3,577631.3335357596,20671733566.260742,5,0.8,0
3,577631.3335357596,20671733566.260742,5,0.8,0
4,514639.7198593909,17473029703.712563,7,0.8571428571428571,0
4,514639.2308641814,17473029653.821304,7,0.8571428571428571,0
4,402449.92281509854,13333800843.936892,12,1.0,0
6,383031.12531499506,12356989044.069416,14,1.0,0
5,410571.22863472643,13346787640.71218,12,1.0,0
3,444723.1232684619,14620220510.3081,10,1.0,0
5,377671.04369659995,12374622616.683859,14,1.0,0
6,356721.0780541757,11595881376.714752,16,1.0,0
4,422559.3268306095,14447617906.321386,12,1.0,0
3,444722.8068993714,14620220489.612734,10,1.0,0
5,410570.76131902443,13346787609.79862,12,1.0,0
5,400559.0202902908,13458525738.554308,14,1.0,0
6,383030.58038241987,12356989007.744318,14,1.0,0
6,380972.36138469307,12645677956.857351,16,1.0,0
4,485018.3839845661,16798313749.167902,12,1.0,0
6,383030.0354552664,12356988971.41922,14,1.0,0
3,444722.49053365353,14620220468.917364,10,1.0,0
5,461690.27189859893,15670729229.887142,14,1.0,0
6,440347.9035623187,14739381040.084362,16,1.0,0
5,410570.29400810465,13346787578.885065,12,1.0,0
4,487928.14941552054,15976688502.835556,11,0.9090909090909091,0
5,452971.05951376806,14696789140.053211,13,0.9230769230769231,0
6,424426.42822483997,13682214264.480566,15,0.9333333333333333,0
6,253.53100342358465,388883.92474767,12,1.0,0
3,312.63305738745635,476543.7380891706,8,1.0,0
5,279.52054188079507,426223.7968775454,10,1.0,0
4,487915.8367112844,15976676247.52107,11,0.9090909090909091,0
6,253.1932427649249,388843.28211091406,12,1.0,0
6,424418.7449046048,13682206750.552692,15,0.9333333333333333,0
3,312.4717130054678,476524.19418955006,8,1.0,0
5,279.2087232002451,426189.61008535995,10,1.0,0
5,452961.57199048327,14696779736.93714,13,0.9230769230769231,0
4,487903.5818854526,15976664038.788584,11,0.9090909090909091,0
6,424411.0454614556,13682199261.724094,15,0.9333333333333333,0
5,452952.06213267596,14696770365.133366,13,0.9230769230769231,0
6,252.82189203253165,388797.6113294874,12,1.0,0
3,312.2346873747374,476494.9092298888,8,1.0,0
5,278.8512945002129,426148.69049090263,10,1.0,0
4,487891.2951636032,15976651785.319942,11,0.9090909090909091,0
6,252.45971775891118,388751.9958214382,12,1.0,0
5,452942.53008053504,14696760959.182566,13,0.9230769230769231,0
3,312.0036629821607,476465.6613440259,8,1.0,0
5,278.50202472832717,426107.82106024656,10,1.0,0
6,424403.33002528665,13682191745.76345,15,0.9333333333333333,0
3,460750.4382914109,15438865235.94273,12,1.0,0
5,433628.40046709153,14344141889.556181,14,1.0,0
2,0.0,0.0,2,1.0,0
4,10.969655114602888,1075.0262012310832,4,1.0,0
6,17.443241289011244,1709.437646323102,6,1.0,0
7,390332.5897382822,12707788728.059881,18,1.0,0
3,489698.42695258977,16833033834.927582,12,1.0,0
5,464592.90828674426,15685423138.115702,14,1.0,0
6,17.443241289011244,1709.437646323102,6,1.0,0
2,0.0,0.0,2,1.0,0
7,422196.9213735117,13947747375.057055,18,1.0,0
4,10.969655114602888,1075.0262012310832,4,1.0,0
3,555387.1560948191,19300054857.813534,12,1.0,0
4,10.969655114602888,1075.0262012310832,4,1.0,0
7,482285.6201536562,16032832022.660223,18,1.0,0
2,0.0,0.0,2,1.0,0
5,528677.0436265601,18004661686.483654,14,1.0,0
6,17.443241289011244,1709.437646323102,6,1.0,0
3,490905.35511631233,16173443731.119583,11,0.9090909090909091,0
7,403036.2091176049,13010648872.521585,17,0.9411764705882353,0
6,17.88854381999832,1753.0772943598352,6,1.0,0
5,455733.57938719424,14877778424.330605,13,0.9230769230769231,0
2,0.0,0.0,2,1.0,0
4,11.547005383792516,1131.6065276116665,4,1.0,0
3,490893.0469591851,16173431476.333559,11,0.9090909090909091,0
2,0.0,0.0,2,1.0,0
4,11.547005383792516,1131.6065276116665,4,1.0,0
7,403029.7511995766,13010642685.273808,17,0.9411764705882353,0
6,17.88854381999832,1753.0772943598352,6,1.0,0
5,455724.027511323,14877769017.125051,13,0.9230769230769231,0
3,490880.7517383978,16173419222.460932,11,0.9090909090909091,0
2,0.0,0.0,2,1.0,0
4,11.547005383792516,1131.6065276116665,4,1.0,0
7,403023.3035497506,13010636498.764929,17,0.9411764705882353,0
6,17.88854381999832,1753.0772943598352,6,1.0,0
5,455714.48747297516,14877759610.762112,13,0.9230769230769231,0
4,438558.4963318794,14305666817.622942,14,1.0,0
6,18173.19425840079,699005250.560807,8,1.0,0
6,412826.60975619755,13387027710.826214,16,1.0,0
7,16544.679859566808,625232415.4302061,10,1.0,0
8,372393.7821639142,11980209305.56491,20,1.0,0
4,20292.48361996793,807087065.1242094,6,1.0,0
4,438208.9250112074,14644282633.824318,14,1.0,0
6,165866.13372057214,5674873665.652055,8,1.0,0
6,415098.771128491,13739059798.0284,16,1.0,0
4,185040.9194015385,6552237199.471182,6,1.0,0
8,377538.6480600886,12338078406.579243,20,1.0,0
7,151073.83421437786,5075994471.857552,10,1.0,0
4,468665.38675944385,15926444498.679745,14,1.0,0
6,446039.9676978837,14968342949.67224,16,1.0,0
8,408121.7576747358,13473912315.091688,20,1.0,0
7,289173.22382429073,9619262527.129646,10,1.0,0
6,317483.0381767325,10754159556.510067,8,1.0,0
4,354174.651160695,12416761261.327213,6,1.0,0
4,522258.4254935797,17877391424.170883,14,1.0,0
6,498051.4966767953,16814219390.144405,16,1.0,0
6,462973.866346822,15665787934.389294,8,1.0,0
7,421691.79823125695,14012563426.453064,10,1.0,0
4,516476.96006633894,18087740330.509945,6,1.0,0
8,456871.46128972695,15150272455.5382,20,1.0,0
4,396068.43439272925,12953274383.34345,13,0.9230769230769231,0
6,465091.07112639776,15566972335.628096,9,0.8888888888888888,0
8,332548.74924931914,10715012522.94242,19,0.9473684210526315,0
7,426657.852381976,14081378519.333117,11,0.9090909090909091,0
4,514657.19804059865,17650195852.12554,7,0.8571428571428571,0
6,371108.16757683747,12059059219.5952,15,0.9333333333333333,0
4,396058.92006104736,12953265011.40563,13,0.9230769230769231,0
6,371100.4636361323,12059051730.617727,15,0.9333333333333333,0
6,465073.13475973863,15566955414.379892,9,0.8888888888888888,0
8,332543.250151234,10715007332.826307,19,0.9473684210526315,0
4,514629.9902475009,17650170304.61018,7,0.8571428571428571,0
7,426644.78754400916,14081366257.597204,11,0.9090909090909091,0
4,396049.38522568246,12953255605.434881,13,0.9230769230769231,0
4,514602.7031022504,17650144662.977238,7,0.8571428571428571,0
8,332537.7436630974,10715002124.213987,19,0.9473684210526315,0
7,426631.6924193513,14081353951.249357,11,0.9090909090909091,0
6,465055.1516127176,15566938431.182013,9,0.8888888888888888,0
6,371092.74526800285,12059044214.61452,15,0.9333333333333333,0
4,377973.1366546794,12458772950.230602,14,1.0,0
5,383001.15372942603,12482214155.9755,14,1.0,0
9,324636.12617604574,10443751911.502396,20,1.0,0
8,341075.1196785903,11008578410.392641,18,1.0,0
6,338400.14546076854,11012736969.165014,18,1.0,0
7,360248.73705066036,11676222570.31447,16,1.0,0
4,396601.74721978436,13414246477.456135,14,1.0,0
5,383000.6693971211,12482214123.687416,14,1.0,0
9,324635.68147653894,10443751881.468033,20,1.0,0
8,341074.715352934,11008578383.174244,18,1.0,0
6,359754.2779460725,11919218566.10245,18,1.0,0
7,360248.24896011525,11676222537.595348,16,1.0,0
4,456984.5672259418,15595480962.301191,14,1.0,0
9,324635.168360293,10443751846.813,20,1.0,0
5,383000.1245134865,12482214087.36332,14,1.0,0
8,341074.23015966266,11008578350.512169,18,1.0,0
7,360247.66324659094,11676222498.3324,16,1.0,0
6,416826.7481203374,13886503402.891293,18,1.0,0
4,471851.11246727244,15275489556.019197,13,0.9230769230769231,0
6,417286.4434068518,13358452990.798794,17,0.9411764705882353,0
7,232.66436940625178,359668.97021362226,14,1.0,0
8,218.95348630854605,336550.0514789987,16,1.0,0
9,205.90657187149048,317240.11565485515,18,1.0,0
5,252.9230928742785,388698.3265046496,12,1.0,0
4,471841.7939989023,15275480196.770195,13,0.9230769230769231,0
6,417280.13522939984,13358446834.908056,17,0.9411764705882353,0
9,205.6714176207861,317200.4480005738,18,1.0,0
8,218.727294059673,336511.9086144154,16,1.0,0
5,252.58373948959078,388652.83921990974,12,1.0,0
7,232.33413083670757,359621.59152224025,14,1.0,0
4,471832.4528589952,15275470803.33817,13,0.9230769230769231,0
9,205.44744728219732,317160.84663482284,18,1.0,0
6,417273.81484950485,13358440656.780317,17,0.9411764705882353,0
5,252.25366021310592,388607.40727215674,12,1.0,0
7,232.01365297075768,359574.2699861406,14,1.0,0
8,218.51185131856502,336473.8299293374,16,1.0,0
4,471823.1232028831,15275461410.727034,13,0.9230769230769231,0
6,417267.5044193596,13358434479.37238,17,0.9411764705882353,0
5,251.9328914972831,388562.0306808012,12,1.0,0
8,218.3071899106089,336435.81544555665,16,1.0,0
7,231.70297630969102,359527.005627892,14,1.0,0
9,205.2486456373043,317123.94572708686,18,1.0,0
4,479242.5933002765,15907889570.906925,12,1.0,0
6,425167.5841042565,13840035424.776546,16,1.0,0
8,84776.68430663866,2771901824.9900675,14,1.0,0
6,17.653409221531607,1720.234120278815,8,1.0,0
8,30.836666486505965,3020.9043899688936,10,1.0,0
8,31.669122711772953,3085.5820700657296,10,1.0,0
6,18.629853154854136,1816.0719778057885,8,1.0,0
4,496357.3953034718,16950408057.197323,12,1.0,0
8,32.48999846106491,3165.80268915589,10,1.0,0
6,446647.4016765677,14827534423.494854,16,1.0,0
8,211990.55587252666,6946608721.609599,14,1.0,0
8,31.637706055345486,3099.3663940303095,10,1.0,0
4,546444.3018625808,18975022188.34827,12,1.0,0
6,19.43487292765985,1895.0998465968564,8,1.0,0
6,495424.6299718892,16642307790.323265,16,1.0,0
8,336279.77108628786,11025096009.853415,14,1.0,0
8,33.14614105241614,3229.96569641227,10,1.0,0
8,32.27813157197575,3162.1009120168474,10,1.0,0
4,463553.6062755359,15405971010.09871,11,0.9090909090909091,0
8,32.954682688672804,3228.3780929610944,10,1.0,0
6,20.30306099370944,1980.336695759443,8,1.0,0
6,403222.8179493082,13193444921.120207,15,0.9333333333333333,0
8,403237.77583453286,13193469219.189163,15,0.9333333333333333,0
8,33.83686352683022,3297.541953233246,10,1.0,0
4,463541.34290909115,15405958801.176031,11,0.9090909090909091,0
8,403229.74620904337,13193461708.5368,15,0.9333333333333333,0
6,21.226667863125115,2071.0160377388265,8,1.0,0
8,33.66518148539295,3297.9843608550427,10,1.0,0
6,403215.27336733567,13193437442.845907,15,0.9333333333333333,0
8,34.56009259246856,3368.3260333089293,10,1.0,0
4,463529.0482967501,15405946547.550673,11,0.9090909090909091,0
6,22.198777315107115,2166.454575699991,8,1.0,0
8,403221.7010586112,13193454170.78105,15,0.9333333333333333,0
8,35.31383109585629,3442.120044391247,10,1.0,0
6,403207.71338536806,13193429937.468,15,0.9333333333333333,0
8,34.407525016742746,3370.7134820061137,10,1.0,0
4,446021.2390155537,14749775987.015226,12,1.0,0
8,24.043710196223877,2352.310835469383,10,1.0,0
8,352720.858697878,11426178676.972118,20,1.0,0
6,23.328400839197823,2277.448886050229,8,1.0,0
6,391396.5174864605,12774256831.683138,16,1.0,0
8,26.073400664704675,2508.6723890447624,10,1.0,0
4,439983.3183414199,15063128722.87315,12,1.0,0
7,26.411239490576193,2538.286922315915,8,1.0,0
5,17.95550054997075,1749.495012853709,6,1.0,0
7,24.494532917717432,2396.328963226877,8,1.0,0
7,370580.7438270529,12044139266.097046,18,1.0,0
4,414854.6910845298,14005496996.165842,14,1.0,0
4,475462.1962283041,16663155151.47962,12,1.0,0
7,27.86414747100141,2683.3271324980115,8,1.0,0
7,370580.1374409653,12044139225.270557,18,1.0,0
7,26.087421709102866,2552.6849590186407,8,1.0,0
4,451557.4573852853,15533032842.629875,14,1.0,0
5,18.15488914865635,1769.6788409200128,6,1.0,0
4,548361.178439959,19381439214.440697,12,1.0,0
5,18.482424083436676,1802.468529544968,6,1.0,0
7,27.77428152600377,2718.233341712959,8,1.0,0
7,29.420291831125187,2838.374975227903,8,1.0,0
7,370579.53106594924,12044139184.44407,18,1.0,0
4,522098.1301047157,18081953818.01459,14,1.0,0
4,484323.567256812,16191939422.167679,11,0.9090909090909091,0
7,31.064161711804534,3001.8801608325407,8,1.0,0
5,18.93145530591877,1847.1928973445085,6,1.0,0
7,29.539017780362492,2891.3955972851586,8,1.0,0
7,217.2957661805678,336354.8759223409,16,1.0,0
4,449619.59747071826,14894782472.518803,13,0.9230769230769231,0
4,484311.30930472247,16191927213.743958,11,0.9090909090909091,0
7,31.368489648963703,3070.883993250152,8,1.0,0
7,217.0829334609241,336307.6157409067,16,1.0,0
7,32.78256287375087,3172.5353425927347,8,1.0,0
5,19.493588689617926,1903.0106673374166,6,1.0,0
4,449609.87908429274,14894773087.256329,13,0.9230769230769231,0
4,484299.01954068907,16191914960.572962,11,0.9090909090909091,0
4,449600.1385301821,14894763667.835861,13,0.9230769230769231,0
5,20.159365069366643,1968.978618472024,6,1.0,0
7,33.25201390249061,3255.652392378523,8,1.0,0
7,216.8913322380588,336260.48172679066,16,1.0,0
7,34.564380922727786,3349.2477513614904,8,1.0,0
4,458834.7303682267,15439267931.705376,12,1.0,0
7,35.180910002037024,3444.851303031816,8,1.0,0
5,20.91889098398861,2044.1142825194486,6,1.0,0
5,405079.31881023315,13404959184.588957,16,1.0,0
5,22.69287700285415,2179.1497118524617,6,1.0,0
8,37.36323207527838,3655.996650861583,10,1.0,0
4,467517.6973078375,16217559358.32396,12,1.0,0
8,38.7901763050618,3795.988414687859,10,1.0,0
7,36.08694857067936,3533.7391669448384,8,1.0,0
5,21.472462985569837,2098.816682482457,6,1.0,0
5,23.140872930812268,2225.3935981454306,6,1.0,0
5,419805.87530519685,14173231167.856028,16,1.0,0
4,514351.3893471033,18184719120.473057,12,1.0,0
5,466082.27069359313,15945722638.955782,16,1.0,0
7,36.87406173140448,3611.0054693949164,8,1.0,0
5,22.366641828103447,2187.0962179718263,6,1.0,0
5,23.88095475478315,2301.3729525365216,6,1.0,0
8,40.26592162666147,3940.8114280070686,10,1.0,0
4,488727.9578846405,16371980491.373623,11,0.9090909090909091,0
5,24.696153546655804,2384.6084514373983,6,1.0,0
8,41.78529778655539,4089.9013897376276,10,1.0,0
7,37.69591679289871,3691.673401047281,8,1.0,0
5,23.32952349849149,2282.0708724022284,6,1.0,0
5,425111.3496475057,14020710860.719894,15,0.9333333333333333,0
4,488715.69132044265,16371968282.400034,11,0.9090909090909091,0
7,38.55029182768919,3775.5249303904748,8,1.0,0
5,425103.47659472725,14020703360.599154,15,0.9333333333333333,0
8,43.34371670470563,4242.808509047332,10,1.0,0
5,24.352960121239196,2382.9402566297517,6,1.0,0
5,25.579288496750646,2474.3679327591253,6,1.0,0
4,488703.4376530134,16371956074.322046,11,0.9090909090909091,0
5,26.52357441974969,2569.9679116025295,6,1.0,0
5,25.4296414970142,2488.9877996218997,6,1.0,0
8,44.937116556855806,4399.1347684642615,10,1.0,0
7,39.43507322168934,3862.3527156384876,8,1.0,0
5,425095.6144443383,14020695861.248692,15,0.9333333333333333,0
4,488691.152072219,16371943821.488071,11,0.9090909090909091,0
5,27.045640437354532,2647.779044155057,6,1.0,0
5,28.024394135585993,2719.827862200106,6,1.0,0
8,46.565246936124176,4558.833208423206,10,1.0,0
5,425087.7362454328,14020688334.748114,15,0.9333333333333333,0
7,40.452573642300116,3962.167651677551,8,1.0,0
3,509414.9314142429,17170800076.808655,10,1.0,0
7,47.8005113873156,4684.450115956929,10,1.0,0
7,47.8005113873156,4684.450115956929,10,1.0,0
5,438729.9630052561,14512698315.921797,14,1.0,0
5,53.44685834234475,5237.792117549786,6,1.0,0
5,53.44685834234475,5237.792117549786,6,1.0,0
3,509414.9314142429,17170800076.808655,10,1.0,0
7,49.472775903071735,4848.33203850103,10,1.0,0
5,56.129908842493826,5500.7310665643945,6,1.0,0
5,56.129908842493826,5500.7310665643945,6,1.0,0
5,438729.4184384501,14512698279.599602,14,1.0,0
7,49.472775903071735,4848.33203850103,10,1.0,0
3,509414.9314142429,17170800076.808655,10,1.0,0
5,58.812980426659784,5763.672081812659,6,1.0,0
5,58.812980426659784,5763.672081812659,6,1.0,0
5,438728.8738826904,14512698243.277409,14,1.0,0
7,51.1685667399647,5014.519540516541,10,1.0,0
7,51.1685667399647,5014.519540516541,10,1.0,0
3,315.16888896499376,476819.08133798506,8,1.0,0
5,61.046703432699786,5982.576936404579,6,1.0,0
7,52.597422835048576,5154.54743783476,10,1.0,0
7,52.597422835048576,5154.54743783476,10,1.0,0
5,254.0169404992629,388506.33175511844,12,1.0,0
5,61.046703432699786,5982.576936404579,6,1.0,0
3,315.16888896499376,476819.08133798506,8,1.0,0
7,54.33067478158377,5324.406128595209,10,1.0,0
7,54.33067478158377,5324.406128595209,10,1.0,0
5,254.02391917918183,388462.9880387577,12,1.0,0
5,63.72989879169745,6245.53008158635,6,1.0,0
5,63.72989879169745,6245.53008158635,6,1.0,0
3,315.16888896499376,476819.08133798506,8,1.0,0
7,56.0816864542745,5496.005272518901,10,1.0,0
5,66.41310111717416,6508.483909483068,6,1.0,0
7,56.0816864542745,5496.005272518901,10,1.0,0
5,254.05344224228,388419.78109725093,12,1.0,0
5,66.41310111717416,6508.483909483068,6,1.0,0
3,315.16888896499376,476819.08133798506,8,1.0,0
5,39.635421868155596,3884.2713430792487,6,1.0,0
5,255.77932012979588,389129.1498352637,12,1.0,0
7,30.409062976538937,2980.0881717008156,10,1.0,0
7,30.209637902865076,2960.5445144807777,10,1.0,0
5,39.635421868155596,3884.2713430792487,6,1.0,0
4,43.878620458411554,4300.104804924333,4,1.0,0
4,43.878620458411554,4300.104804924333,4,1.0,0
6,30.547387075539817,2993.6439334029023,8,1.0,0
6,30.240701050074883,2963.5887029073383,8,1.0,0
4,20.784609690826528,2036.8917497009998,4,1.0,0
4,43.878620458411554,4300.104804924333,4,1.0,0
4,20.784609690826528,2036.8917497009998,4,1.0,0
6,30.547387075539817,2993.6439334029023,8,1.0,0
6,30.240701050074883,2963.5887029073383,8,1.0,0
4,43.878620458411554,4300.104804924333,4,1.0,0
6,30.240701050074883,2963.5887029073383,8,1.0,0
6,30.547387075539817,2993.6439334029023,8,1.0,0
4,20.784609690826528,2036.8917497009998,4,1.0,0
4,43.878620458411554,4300.104804924333,4,1.0,0
4,43.878620458411554,4300.104804924333,4,1.0,0
6,30.547387075539817,2993.6439334029023,8,1.0,0
4,20.784609690826528,2036.8917497009998,4,1.0,0
6,30.240701050074883,2963.5887029073383,8,1.0,0
4,43.878620458411554,4300.104804924333,4,1.0,0
4,43.878620458411554,4300.104804924333,4,1.0,0
6,30.240701050074883,2963.5887029073383,8,1.0,0
4,20.784609690826528,2036.8917497009998,4,1.0,0
6,30.547387075539817,2993.6439334029023,8,1.0,0
4,43.878620458411554,4300.104804924333,4,1.0,0
4,43.878620458411554,4300.104804924333,4,1.0,0
6,29.974989574643725,2937.548978315085,8,1.0,0
4,43.30127018922193,4243.524478543749,4,1.0,0
6,30.279648988341044,2967.4056008574225,8,1.0,0
4,43.30127018922193,4243.524478543749,4,1.0,0
4,20.784609690826528,2036.8917497009998,4,1.0,0
4,20.784609690826528,2036.8917497009998,4,1.0,0
4,12.12435565298214,1188.1868539922498,4,1.0,0
6,22.778043939598625,2232.2483060806653,8,1.0,0
4,12.419742348374221,1217.1347501406735,4,1.0,0
6,22.674324686746463,2222.083819301153,8,1.0,0
6,23.772357897356333,2329.6910739409204,8,1.0,0
4,13.856406460551018,1357.927833134,4,1.0,0
6,23.685061597073016,2321.1360365131554,8,1.0,0
4,20.784609690826528,2036.8917497009998,4,1.0,0
4,14.150971698084906,1386.7952264123207,4,1.0,0
4,15.588457268119896,1527.6688122757498,4,1.0,0
6,24.833373282166654,2433.670581652332,8,1.0,0
6,24.908045171906092,2440.9884268467968,8,1.0,0
4,15.88238017426859,1556.473257078322,4,1.0,0
4,20.784609690826528,2036.8917497009998,4,1.0,0
6,26.0051505887364,2548.5047576961674,8,1.0,0
4,20.784609690826528,2036.8917497009998,4,1.0,0
4,17.320508075688775,1697.4097914174997,4,1.0,0
6,26.068248338324757,2554.688337155826,8,1.0,0
4,17.613914953808536,1726.1636654732367,4,1.0,0
4,19.345542122153102,1895.8631279710041,4,1.0,0
4,20.784609690826528,2036.8917497009998,4,1.0,0
4,19.05255888325765,1867.1507705592496,4,1.0,0
6,27.249836172508843,2670.483944905867,8,1.0,0
6,27.19736069127717,2665.3413477451627,8,1.0,0
6,28.450144363178797,2788.114147591522,8,1.0,0
4,21.07723890835799,2065.569413019083,4,1.0,0
4,20.784609690826528,2036.8917497009998,4,1.0,0
6,28.407431120344953,2783.928249793805,8,1.0,0
4,20.784609690826528,2036.8917497009998,4,1.0,0
6,29.666900748140172,2907.356273317737,8,1.0,0
6,29.707803207719206,2911.364714356482,8,1.0,0
4,21.939310229205777,2150.0524024621664,4,1.0,0
4,22.23173407541571,2178.7099393907397,4,1.0,0
4,21.361959960016154,2093.472076081583,4,1.0,0
2,0.0,0.0,2,1.0,0
5,17.001960671248085,1666.1921457823123,6,1.0,0
2,0.0,0.0,2,1.0,0
5,16.565023392678924,1623.3722924825347,6,1.0,0
4,21.361959960016154,2093.472076081583,4,1.0,0
4,23.094010767585033,2263.213055223333,4,1.0,0
2,0.0,0.0,2,1.0,0
5,18.33757526683031,1797.0823761493702,6,1.0,0
5,17.88854381999832,1753.0772943598352,6,1.0,0
2,0.0,0.0,2,1.0,0
5,19.245778757951054,1886.0863182792032,6,1.0,0
2,0.0,0.0,2,1.0,0
2,0.0,0.0,2,1.0,0
5,19.70448341537191,1931.0393747064472,6,1.0,0
4,24.826061575153908,2432.954034365083,4,1.0,0
4,26.558112382722786,2602.6950135068328,4,1.0,0
5,20.630075133164205,2021.747363050092,6,1.0,0
5,21.096603202095512,2067.4671138053604,6,1.0,0
2,0.0,0.0,2,1.0,0
2,0.0,0.0,2,1.0,0
5,22.096756926451146,2165.4821787922124,6,1.0,0
4,27.712812921102035,2715.855666268,4,1.0,0
2,0.0,0.0,2,1.0,0
2,0.0,0.0,2,1.0,0
5,21.620977467882128,2118.8557918524484,6,1.0,0
2,0.0,0.0,2,1.0,0
4,29.444863728670914,2885.5966454097497,4,1.0,0
2,0.0,0.0,2,1.0,0
5,22.984052442218857,2252.437139337448,6,1.0,0
5,23.46060527778429,2299.13931722286,6,1.0,0
2,0.0,0.0,2,1.0,0
5,24.899799195977465,2440.1803212057916,6,1.0,0
2,0.0,0.0,2,1.0,0
5,24.41857216682963,2393.0200723493035,6,1.0,0
4,31.176914536239792,3055.3376245514996,4,1.0,0
3,45.610671265980436,4469.845784066082,4,1.0,0
2,0.0,0.0,2,1.0,0
3,45.033320996790806,4413.265457685499,4,1.0,0
3,47.34272207354931,4639.5867632078325,4,1.0,0
2,0.0,0.0,2,1.0,0
3,46.76537180435969,4583.00643682725,4,1.0,0
2,0.0,0.0,2,1.0,0
3,48.49742261192856,4752.747415968999,4,1.0,0
3,49.07477288111819,4809.327742349583,4,1.0,0
3,50.22947341949744,4922.4883951107495,4,1.0,0
3,50.80682368868707,4979.068721491332,4,1.0,0
2,0.0,0.0,2,1.0,0
3,51.96152422706632,5092.229374252499,4,1.0,0
3,52.53887449625594,5148.809700633083,4,1.0,0
2,0.0,0.0,2,1.0,0
3,54.270925303824825,5318.550679774832,4,1.0,0
3,53.693575034635195,5261.970353394249,4,1.0,0
2,0.0,0.0,2,1.0,0
3,0.5,49.0,4,1.0,0
2,0.0,0.0,2,1.0,0
3,0.5773502691896257,56.58032638058333,4,1.0,0
2,57.982756057296896,9020917835.487665,2,1.0,0
3,168572.42505226054,6385148543.115411,4,1.0,0
3,168572.7137278846,6385148559.481586,4,1.0,0
2,55.86143571373726,9020917695.480522,2,1.0,0
2,544.4722215136416,20004728496.965393,2,1.0,0
2,542.3509011700819,20004728356.958252,2,1.0,0
3,373613.8816889258,14159688949.826286,4,1.0,0
3,373614.17036418285,14159688966.192427,4,1.0,0
2,975.8073580374356,31086314948.238243,2,1.0,0
2,972.9789309126894,31086314761.562054,2,1.0,0
3,580500.2738077879,22003438086.035877,4,1.0,0
3,580499.6968517009,22003438080.625526,4,1.0,0
2,682303.4384035693,29864611125.90279,3,0.6666666666666666,0
3,647336.592059108,23141769936.131676,5,0.8,0
2,682302.5702240417,29864611011.587532,3,0.6666666666666666,0
3,647336.4094679056,23141769925.154274,5,0.8,0
2,682148.7086913917,29864493887.20422,3,0.6666666666666666,0
2,682147.8405113757,29864493772.88896,3,0.6666666666666666,0
3,647287.6805954984,23141724547.68503,5,0.8,0
3,647287.497969797,23141724536.70752,5,0.8,0
2,681993.9789792869,29864376649.87813,3,0.6666666666666666,0
3,647238.6049694502,23141679149.590824,5,0.8,0
3,647238.7876296507,23141679160.568447,5,0.8,0
2,681993.1107987822,29864376535.562878,3,0.6666666666666666,0
3,492065.4789011655,16290565159.49739,10,1.0,0
2,547051.6174690955,18298078628.749104,8,1.0,0
2,547051.6174690955,18298078628.749104,8,1.0,0
3,492065.2613347588,16290566258.610136,10,1.0,0
3,487027.24906244554,16863852809.53891,10,1.0,0
2,547051.6174690955,18298078628.749104,8,1.0,0
2,547051.6174690955,18298078628.749104,8,1.0,0
3,487026.37475809373,16863852713.449461,10,1.0,0
3,534892.7817572519,19021813056.300163,10,1.0,0
2,547051.6174690955,18298078628.749104,8,1.0,0
2,547051.6174690955,18298078628.749104,8,1.0,0
3,534891.4757554823,19021802221.99376,10,1.0,0
3,624205.8013085197,22323605343.237858,10,1.0,0
2,547051.6174690955,18298078628.749104,8,1.0,0
2,547051.6174690955,18298078628.749104,8,1.0,0
3,624203.9542067872,22323605017.993496,10,1.0,0
3,572575.368186582,18973166606.534397,9,0.8888888888888888,0
2,364.1574750937658,550606.1023417739,6,1.0,0
2,364.1574750937658,550606.1023417739,6,1.0,0
3,572573.600844856,18973166430.534588,9,0.8888888888888888,0
3,572558.4962497525,18973149694.805996,9,0.8888888888888888,0
2,364.1574750937658,550606.1023417739,6,1.0,0
2,364.1574750937658,550606.1023417739,6,1.0,0
3,572556.7289079553,18973149518.80619,9,0.8888888888888888,0
3,572541.6377543597,18973132784.024117,9,0.8888888888888888,0
2,364.1574750937658,550606.1023417739,6,1.0,0
2,364.1574750937658,550606.1023417739,6,1.0,0
3,572539.8704125329,18973132608.02431,9,0.8888888888888888,0
3,537867.74959659,17894653895.085228,10,1.0,0
3,537866.1724398654,17894654300.51784,10,1.0,0
3,62835.748028093054,2384014162.520041,4,1.0,0
3,62835.749630153485,2384014206.4758663,4,1.0,0
3,62835.1706789279,2383981560.5087066,4,1.0,0
3,62835.749630153485,2384046786.443094,4,1.0,0
3,532057.1764551563,18328111737.102043,10,1.0,0
3,249835.80845627392,9484265806.62968,4,1.0,0
3,532055.527584397,18328111513.692516,10,1.0,0
3,249836.38379414103,9484298364.68517,4,1.0,0
3,249835.51877635415,9484265773.629715,4,1.0,0
3,249836.09813685852,9484298795.59656,4,1.0,0
3,560968.8914108141,19818309550.749527,10,1.0,0
3,560967.2752627673,19818300507.70328,10,1.0,0
3,438773.61843846465,16657601747.329876,4,1.0,0
3,438773.04109024676,16657569145.318516,4,1.0,0
3,438773.6206157453,16657634371.253052,4,1.0,0
3,438773.3308528068,16657569178.318483,4,1.0,0
3,479540.87400904746,15887550625.997501,9,0.8888888888888888,0
3,595711.7704695787,21311452680.45491,5,0.8,0
3,595711.4959749392,21311452650.938843,5,0.8,0
3,479540.43226287095,15887550581.99755,9,0.8888888888888888,0
3,595711.4959749392,21311452650.938843,5,0.8,0
3,595711.4959749392,21311452650.938843,5,0.8,0
3,479524.0537688849,15887533776.585167,9,0.8888888888888888,0
3,595661.9369565257,21311407395.009926,5,0.8,0
3,479523.61202268006,15887533732.585217,9,0.8888888888888888,0
3,595661.6624618375,21311407365.49386,5,0.8,0
3,595661.6624618375,21311407365.49386,5,0.8,0
3,595661.6624618375,21311407365.49386,5,0.8,0
3,479507.18655018904,15887516865.194662,9,0.8888888888888888,0
3,595611.9405194124,21311361941.643417,5,0.8,0
3,595611.6660246842,21311361912.12735,5,0.8,0
3,595611.6660246842,21311361912.12735,5,0.8,0
3,595611.6660246842,21311361912.12735,5,0.8,0
3,479506.7448039704,15887516821.19471,9,0.8888888888888888,0
3,479490.33538174676,15887499954.934505,9,0.8888888888888888,0
3,479489.8936355292,15887499910.934553,9,0.8888888888888888,0
3,595561.6892446994,21311316460.203747,5,0.8,0
3,595561.6892446994,21311316460.203747,5,0.8,0
3,595561.9637394585,21311316489.71981,5,0.8,0
3,595561.6892446994,21311316460.203747,5,0.8,0
3,444165.2770837675,15068270136.290886,10,1.0,0
4,414849.6646614526,13817176208.92531,12,1.0,0
3,458532.266854241,15072574563.929916,10,1.0,0
5,389979.25160288624,12831674970.24746,14,1.0,0
3,444164.88415722374,15068267809.39161,10,1.0,0
5,423319.56496606744,13759741148.497519,12,1.0,0
3,464746.43063322414,16367286227.045532,10,1.0,0
5,417755.2000579479,14052938740.295944,14,1.0,0
3,458531.95048933674,15072574543.234558,10,1.0,0
4,440390.89336902014,15082117095.22708,12,1.0,0
3,464745.8834661272,16367269427.263784,10,1.0,0
5,423319.17554617213,13759741122.736238,12,1.0,0
3,530087.6328989911,18941034809.759674,10,1.0,0
5,481007.1791776325,16312371272.324562,14,1.0,0
3,530087.1169828702,18941021961.18068,10,1.0,0
3,458531.6341277036,15072574522.539202,10,1.0,0
4,505267.626512643,17485671622.726654,12,1.0,0
5,423318.70824152423,13759741091.822697,12,1.0,0
3,527839.8029307756,17465202839.41129,9,0.8888888888888888,0
3,312.63305738745635,476543.7380891706,8,1.0,0
5,279.52054188079507,426223.7968775454,10,1.0,0
3,527839.3617471239,17465202795.411335,9,0.8888888888888888,0
4,484231.22389954835,15798476805.783861,11,0.9090909090909091,0
5,449540.75536024425,14532857020.024925,13,0.9230769230769231,0
3,527822.9245657213,17465185927.16422,9,0.8888888888888888,0
3,312.3920384937582,476514.42841744045,8,1.0,0
4,484218.91349328577,15798464550.489332,11,0.9090909090909091,0
5,449531.201779727,14532847612.413866,13,0.9230769230769231,0
3,527822.4833820658,17465185883.16427,9,0.8888888888888888,0
5,279.15634806800773,426182.8354956487,10,1.0,0
3,527806.0607809569,17465169015.945393,9,0.8888888888888888,0
3,527805.6195973097,17465168971.945442,9,0.8888888888888888,0
3,312.1570117745235,476485.155814953,8,1.0,0
4,484206.61620155873,15798452296.129875,11,0.9090909090909091,0
5,449521.66019974026,14532838205.665413,13,0.9230769230769231,0
5,278.80028694389824,426141.92426550935,10,1.0,0
3,504674.3558577595,16568673182.499372,10,1.0,0
5,465957.693206048,15126104594.446985,12,1.0,0
4,465926.0272893747,15125632218.583916,12,1.0,0
4,11.547005383792516,1131.6065276116665,4,1.0,0
4,504718.9290962292,16569304136.33704,10,1.0,0
2,0.0,0.0,2,1.0,0
3,490428.98282128706,16866246954.13994,10,1.0,0
5,465957.2259408013,15126104563.533422,12,1.0,0
4,11.547005383792516,1131.6065276116665,4,1.0,0
4,460662.2549443865,15496871086.338182,12,1.0,0
2,0.0,0.0,2,1.0,0
4,504718.61276138586,16569304115.641668,10,1.0,0
3,530242.2906521236,18795629240.937588,10,1.0,0
5,465956.7586797686,15126104532.61986,12,1.0,0
2,0.0,0.0,2,1.0,0
4,503902.7615864539,17335629125.2378,12,1.0,0
4,504718.29642951436,16569304094.946295,10,1.0,0
4,11.547005383792516,1131.6065276116665,4,1.0,0
3,613402.6806318361,21933217704.040897,10,1.0,0
4,584869.7124203792,20249953390.685402,12,1.0,0
2,0.0,0.0,2,1.0,0
4,504717.98010061466,16569304074.250923,10,1.0,0
5,465956.2914229497,15126104501.706299,12,1.0,0
4,11.547005383792516,1131.6065276116665,4,1.0,0
3,576484.4276589592,19098288293.622047,9,0.8888888888888888,0
2,0.0,0.0,2,1.0,0
4,11.547005383792516,1131.6065276116665,4,1.0,0
5,277.1430436916407,425938.120896347,10,1.0,0
4,311.072224043595,476339.34908004396,8,1.0,0
4,528857.3108901527,17275709030.427105,11,0.9090909090909091,0
3,576467.5534546108,19098271381.723118,9,0.8888888888888888,0
4,11.547005383792516,1131.6065276116665,4,1.0,0
5,276.8364137898048,425897.5108796847,10,1.0,0
4,310.87342394338845,476310.299036248,8,1.0,0
2,0.0,0.0,2,1.0,0
4,528845.0043171612,17275696775.429,11,0.9090909090909091,0
3,576450.7554892361,19098254533.86335,9,0.8888888888888888,0
4,11.547005383792516,1131.6065276116665,4,1.0,0
5,276.5381227486245,425856.95111564297,10,1.0,0
4,310.68070426082147,476281.28610937466,8,1.0,0
2,0.0,0.0,2,1.0,0
4,528832.7545981553,17275684566.942577,11,0.9090909090909091,0
3,540317.0314471249,18007494995.844856,10,1.0,0
5,26.837784309936367,2630.102862373764,6,1.0,0
3,34.06366588218792,3338.239256454416,4,1.0,0
4,501342.48329650005,16471836009.020458,12,1.0,0
4,65765.63156543089,2276658565.318941,6,1.0,0
5,26.837784309936367,2630.102862373764,6,1.0,0
3,538665.1354574875,18662740238.424667,10,1.0,0
5,26.93696345173301,2639.822418269835,6,1.0,0
4,507150.4171678634,17161241276.605743,12,1.0,0
4,258000.3484189508,8943439553.786575,6,1.0,0
3,34.06366588218792,3338.239256454416,4,1.0,0
5,26.93696345173301,2639.822418269835,6,1.0,0
3,582077.3807627775,20670321016.20343,10,1.0,0
5,26.93696345173301,2639.822418269835,6,1.0,0
4,553319.4604771252,19066360314.074287,12,1.0,0
3,34.06366588218792,3338.239256454416,4,1.0,0
4,453318.427453705,15711502641.379517,6,1.0,0
5,26.93696345173301,2639.822418269835,6,1.0,0
3,549109.1003194276,18200407630.51735,9,0.8888888888888888,0
5,26.93696345173301,2639.822418269835,6,1.0,0
3,34.06366588218792,3338.239256454416,4,1.0,0
5,26.93696345173301,2639.822418269835,6,1.0,0
4,607672.2524757506,20636092877.329815,7,0.8571428571428571,0
4,503741.6344527853,16463516616.892603,11,0.9090909090909091,0
3,549092.2802023152,18200390781.12769,9,0.8888888888888888,0
5,26.93696345173301,2639.822418269835,6,1.0,0
4,503729.364659834,16463504407.012747,11,0.9090909090909091,0
5,26.93696345173301,2639.822418269835,6,1.0,0
3,34.06366588218792,3338.239256454416,4,1.0,0
4,607645.0304042257,20636067328.145714,7,0.8571428571428571,0
3,549075.4110775677,18200373869.61657,9,0.8888888888888888,0
5,26.93696345173301,2639.822418269835,6,1.0,0
3,34.06366588218792,3338.239256454416,4,1.0,0
5,26.93696345173301,2639.822418269835,6,1.0,0
4,607617.726144999,20636041684.651405,7,0.8571428571428571,0
4,503717.0625058187,16463492152.36514,11,0.9090909090909091,0
3,549058.5559693165,18200356959.092155,9,0.8888888888888888,0
4,607590.4372982557,20636016042.26084,7,0.8571428571428571,0
3,34.06366588218792,3338.239256454416,4,1.0,0
5,26.837784309936367,2630.1028623737643,6,1.0,0
5,26.837784309936367,2630.1028623737643,6,1.0,0
4,503704.7729590853,16463479898.614847,11,0.9090909090909091,0
4,475154.2055093719,15745789843.232298,12,1.0,0
3,34.06366588218792,3338.239256454416,4,1.0,0
7,33.29950664585202,3263.351651293498,8,1.0,0
6,484728.812285696,15762835976.906332,12,1.0,0
6,452212.76663752156,14593861917.400831,14,1.0,0
5,26.837784309936367,2630.1028623737643,6,1.0,0
4,495718.32818852155,16922297798.183287,12,1.0,0
6,484728.3450163248,15762835945.992962,12,1.0,0
7,33.29950664585202,3263.351651293498,8,1.0,0
5,26.837784309936367,2630.1028623737643,6,1.0,0
3,34.06366588218792,3338.239256454416,4,1.0,0
6,452212.2217606682,14593861881.07595,14,1.0,0
4,561874.2434686113,19436032065.072315,12,1.0,0
3,34.06366588218792,3338.239256454416,4,1.0,0
5,26.837784309936367,2630.1028623737643,6,1.0,0
7,33.29950664585202,3263.351651293498,8,1.0,0
6,452211.67688840727,14593861844.751072,14,1.0,0
6,484727.8777510042,15762835915.079596,12,1.0,0
4,549217.8933301592,17927775242.03395,11,0.9090909090909091,0
6,278.61881566836877,426095.66161727894,10,1.0,0
3,34.06366588218792,3338.239256454416,4,1.0,0
7,33.13177154506359,3246.9136114162325,8,1.0,0
5,26.93696345173301,2639.822418269835,6,1.0,0
6,252.90871511637985,388696.9845165286,12,1.0,0
4,549205.6255508413,17927763032.23582,11,0.9090909090909091,0
6,252.5693424136681,388651.49872518616,12,1.0,0
5,26.93696345173301,2639.822418269835,6,1.0,0
7,33.13177154506359,3246.9136114162325,8,1.0,0
6,278.28075351661994,426054.8592332526,10,1.0,0
3,34.06366588218792,3338.239256454416,4,1.0,0
4,549193.3243762164,17927750777.597107,11,0.9090909090909091,0
3,34.06366588218792,3338.239256454416,4,1.0,0
7,33.13177154506359,3246.9136114162325,8,1.0,0
6,277.95091493123584,426014.1070465468,10,1.0,0
6,252.2392442972274,388606.0682713709,12,1.0,0
5,26.93696345173301,2639.822418269835,6,1.0,0
4,549179.9589350388,17927737428.05643,11,0.9090909090909091,0
6,254.84784527718543,389036.63794448914,12,1.0,0
6,277.62932922233637,425973.4050715686,10,1.0,0
3,22.23173407541571,2178.7099393907397,4,1.0,0
7,30.588279734938627,2997.6514140239856,8,1.0,0
5,34.660736672302086,3396.7521938856044,6,1.0,0
4,517845.12066700874,17219373922.55082,12,1.0,0
8,121640.73174448324,3993942493.7615533,10,1.0,0
7,133542.48997657208,4465126197.698204,8,1.0,0
9,112292.43223779058,3646102546.1376233,12,1.0,0
7,121634.77893248935,3993942087.9263725,10,1.0,0
3,22.808989455914087,2235.2809666795806,4,1.0,0
4,536611.8778846391,18266059185.241074,12,1.0,0
7,293213.1588827486,9803701698.645601,8,1.0,0
9,246555.53572632567,8005391059.223596,12,1.0,0
7,267069.3244996096,8769158023.464998,10,1.0,0
8,267075.489545559,8769158427.012745,10,1.0,0
3,24.540782383616055,2404.996673594373,4,1.0,0
4,586679.264769161,20230362617.99069,12,1.0,0
3,26.272609310839304,2574.7157124622518,4,1.0,0
8,413292.7790187807,13568177709.469786,10,1.0,0
7,453742.9579804596,15168934249.28558,8,1.0,0
7,413286.71888547577,13568177312.819979,10,1.0,0
9,381541.14111571084,12386409476.966442,12,1.0,0
4,465956.81661846966,15204005430.255198,11,0.9090909090909091,0
9,432595.7231764152,13986039852.562105,13,0.9230769230769231,0
3,28.00446392988089,2744.4374651283274,4,1.0,0
7,507959.6405830662,16808069594.527277,9,0.8888888888888888,0
7,465984.90356943774,15204045338.669678,11,0.9090909090909091,0
8,465990.1618798991,15204045684.956573,11,0.9090909090909091,0
4,465944.55364611006,15203993220.808434,11,0.9090909090909091,0
7,465972.1054129352,15204033094.058392,11,0.9090909090909091,0
8,465977.36444238655,15204033440.348328,11,0.9090909090909091,0
7,507941.70008150977,16808052672.459173,9,0.8888888888888888,0
9,432585.79934246157,13986030453.165623,13,0.9230769230769231,0
3,29.736341402398512,2914.161457435054,4,1.0,0
4,465932.2593590969,15203980966.66974,11,0.9090909090909091,0
3,31.468237955119125,3083.8873196016743,4,1.0,0
7,465959.2758041883,15204020804.75587,11,0.9090909090909091,0
8,465964.53555530676,15204021151.048855,11,0.9090909090909091,0
9,432575.8537438764,13986021019.66353,13,0.9230769230769231,0
7,507923.71142081957,16808035688.353413,9,0.8888888888888888,0
4,444239.9160064914,14507018741.57084,12,1.0,0
7,370561.823516353,11865785423.014248,18,1.0,0
7,393455.2620312971,12607144863.062649,16,1.0,0
3,33.20015060206806,3253.6147590026694,4,1.0,0
9,352965.04682190483,11260686411.876215,20,1.0,0
10,337629.93486288376,10739586117.408993,22,1.0,0
4,445587.01107057714,15038704343.781258,12,1.0,0
2,0.0,0.0,2,1.0,0
9,363787.4918954855,11802132482.73827,20,1.0,0
7,380354.6179134222,12414558371.057426,18,1.0,0
8,380355.0533100962,12414549272.053066,18,1.0,0
6,418298.9890466842,13477392670.548357,14,1.0,0
4,488875.636344061,16827946806.01178,12,1.0,0
8,423187.45816563704,13963371972.753359,18,1.0,0
7,423187.293392897,13963380198.675308,18,1.0,0
6,418298.6258104186,13477392646.331608,14,1.0,0
2,0.0,0.0,2,1.0,0
9,405723.80949313415,13287349050.027723,20,1.0,0
4,564824.3289948185,19543938396.498837,12,1.0,0
6,418298.2625785664,13477392622.114859,14,1.0,0
8,490760.95349779545,16238541110.166967,18,1.0,0
2,0.0,0.0,2,1.0,0
9,470802.96418519475,15456169551.247234,20,1.0,0
7,490760.9656398868,16238562268.958569,18,1.0,0
4,485550.95581461984,15841887747.073412,11,0.9090909090909091,0
2,0.0,0.0,2,1.0,0
6,253.52477316045585,388814.0490794352,12,1.0,0
8,398641.7598051096,12743944507.199104,17,0.9411764705882353,0
9,378474.8597354931,12054693610.02416,19,0.9473684210526315,0
7,398642.24743285327,12743944578.715446,17,0.9411764705882353,0
4,485538.6517137436,15841875492.243692,11,0.9090909090909091,0
2,0.0,0.0,2,1.0,0
8,398635.3051235811,12743938320.035025,17,0.9411764705882353,0
6,253.35439007385872,388784.0807778435,12,1.0,0
7,398635.79265321547,12743938391.550905,17,0.9411764705882353,0
9,378469.45413863985,12054688407.989286,19,0.9473684210526315,0
4,485526.36069207505,15841863238.346487,11,0.9090909090909091,0
6,253.1925097029866,388754.16406691214,12,1.0,0
9,378464.0583596062,12054683206.668615,19,0.9473684210526315,0
8,398628.86082355515,12743932133.625303,17,0.9411764705882353,0
2,0.0,0.0,2,1.0,0
7,398629.3482550643,12743932205.140728,17,0.9411764705882353,0
5,429797.84653700417,14062920936.777817,14,1.0,0
9,388173.99572542356,12384962602.023907,18,1.0,0
8,409997.7019274163,13136078536.591959,16,1.0,0
2,0.0,0.0,2,1.0,0
9,388178.4638831134,12384962940.144808,18,1.0,0
4,23.094010767585033,2263.213055223333,4,1.0,0
5,455422.4370192524,15277166556.23734,14,1.0,0
9,388177.9786667333,12384962907.481834,18,1.0,0
4,23.094010767585033,2263.213055223333,4,1.0,0
9,388173.38920448936,12384962561.19519,18,1.0,0
2,0.0,0.0,2,1.0,0
8,409997.11622542236,13136078497.327936,16,1.0,0
5,523153.96537222323,17726032721.78432,14,1.0,0
2,0.0,0.0,2,1.0,0
8,409996.5793267823,13136078461.335915,16,1.0,0
9,388177.4934558081,12384962874.818863,18,1.0,0
4,22.516660498395403,2206.6327288427497,4,1.0,0
9,388172.8231110173,12384962523.088387,18,1.0,0
5,510852.39734315,16522462892.472982,13,0.9230769230769231,0
8,231.1600938981229,359524.27859903127,14,1.0,0
9,217.25373030936277,336390.5961855454,16,1.0,0
4,22.516660498395403,2206.6327288427497,4,1.0,0
9,219.16811469737107,336667.2780608722,16,1.0,0
2,0.0,0.0,2,1.0,0
5,510842.841043051,16522453484.690739,13,0.9230769230769231,0
9,216.91457612003242,336342.55968739174,16,1.0,0
9,218.90834269163886,336628.93805630656,16,1.0,0
8,230.85726525946052,359477.06984280545,14,1.0,0
4,22.516660498395403,2206.6327288427497,4,1.0,0
2,0.0,0.0,2,1.0,0
5,510833.29530304373,16522444077.667227,13,0.9230769230769231,0
9,216.58527958597125,336294.58058384864,16,1.0,0
4,22.516660498395403,2206.6327288427497,4,1.0,0
8,230.56433394589044,359429.9183095364,14,1.0,0
2,0.0,0.0,2,1.0,0
9,218.6592383138659,336590.6621641733,16,1.0,0
5,510823.72609403107,16522434636.407463,13,0.9230769230769231,0
6,250.32972196079652,388454.4194719282,12,1.0,0
2,0.0,0.0,2,1.0,0
9,218.42083806267203,336552.450406347,16,1.0,0
8,232.2973653188213,359689.9595510641,14,1.0,0
5,529506.2933258292,17196926862.889553,12,1.0,0
8,29.36816114244964,2878.0797919600645,10,1.0,0
6,30.46746899016501,2985.8119610361714,6,1.0,0
4,0.0,0.0,4,1.0,0
7,23.547823678633232,2307.686720506057,8,1.0,0
7,31.420818849018833,3079.2402472038457,8,1.0,0
5,529505.8261084103,17196926831.976143,12,1.0,0
6,31.27085970463023,3064.5442510537628,6,1.0,0
8,30.275769556234607,2967.0254165109914,10,1.0,0
4,1.7320508075688772,169.74097914175,4,1.0,0
7,32.645006181212906,3199.2106057588644,8,1.0,0
7,23.547823678633232,2307.686720506057,8,1.0,0
5,529505.4367533501,17196926806.214966,12,1.0,0
4,3.4641016151377544,339.4819582835,4,1.0,0
7,33.576937238016725,3290.5398493256394,8,1.0,0
6,32.12890702570921,3148.6328885195026,6,1.0,0
7,23.188667182791807,2272.489383913597,8,1.0,0
8,30.919249667480614,3030.0864674131,10,1.0,0
5,276.0064411486724,425692.3550204354,10,1.0,0
7,34.829944013736224,3413.3345133461503,8,1.0,0
7,23.547823678633232,2307.686720506057,8,1.0,0
8,32.00277765722497,3136.272210408047,10,1.0,0
6,33.03735259772893,3237.660554577435,6,1.0,0
4,5.196152422706632,509.22293742524994,4,1.0,0
5,275.75222372428635,425652.05548903963,10,1.0,0
6,33.99215595790692,3331.2312838748776,6,1.0,0
7,23.547823678633232,2307.686720506057,8,1.0,0
7,36.09288612138725,3537.1028398959506,8,1.0,0
4,6.928203230275509,678.963916567,4,1.0,0
8,32.97541171506093,3231.5903480759716,10,1.0,0
5,275.5064830856476,425611.8062982328,10,1.0,0
8,33.96730454095199,3328.795845013295,10,1.0,0
4,8.660254037844387,848.7048957087499,4,1.0,0
7,23.547823678633232,2307.686720506057,8,1.0,0
6,34.9895222411891,3428.9731796365313,6,1.0,0
7,37.36475612124345,3661.7460998818583,8,1.0,0
4,22.23173407541571,2178.7099393907397,4,1.0,0
7,30.698708674563402,3008.4734501072135,8,1.0,0
4,9.814954576223638,961.8655484699166,4,1.0,0
8,32.2586766967001,3161.35031627661,10,1.0,0
7,36.658413573343374,3592.5245301876507,8,1.0,0
6,35.67632268045573,3496.2796226846617,6,1.0,0
4,23.386249521175188,2291.8524530751683,4,1.0,0
4,34.06366588218792,3338.239256454416,4,1.0,0
2,0.0,0.0,2,1.0,0
7,31.513885828313843,3088.3608111747567,8,1.0,0
5,36.88179315958847,3614.4157296396697,6,1.0,0
7,31.30837405095138,3068.220656993235,8,1.0,0
4,25.11805459558257,2461.569350367092,4,1.0,0
7,32.747682578859134,3209.2728927281955,8,1.0,0
4,34.06366588218792,3338.239256454416,4,1.0,0
7,32.54008516978932,3188.9283466393535,8,1.0,0
2,0.0,0.0,2,1.0,0
5,38.39097116076469,3762.31517375494,6,1.0,0
4,26.849891371599004,2631.2893544167023,4,1.0,0
4,34.06366588218792,3338.239256454416,4,1.0,0
7,33.99343423999069,3331.3565555190876,8,1.0,0
5,39.90321624464207,3910.515191974923,6,1.0,0
7,33.783977605621615,3310.8298053509184,8,1.0,0
2,0.0,0.0,2,1.0,0
4,28.58175408659634,2801.0119004864414,4,1.0,0
4,34.06366588218792,3338.239256454416,4,1.0,0
7,35.1097768231504,3440.7581286687387,8,1.0,0
2,0.0,0.0,2,1.0,0
7,34.898833382056935,3420.0856714415795,8,1.0,0
5,41.26015026632841,4043.494726100184,6,1.0,0
4,30.313638294778585,2970.736552888301,4,1.0,0
2,0.0,0.0,2,1.0,0
7,36.16233241529486,3543.908576698897,8,1.0,0
7,36.37478522273362,3564.7289518278944,8,1.0,0
4,34.06366588218792,3338.239256454416,4,1.0,0
5,42.77382377108691,4191.834729566517,6,1.0,0
4,32.045540511382654,3140.4629701154995,4,1.0,0
5,44.28995371413251,4340.415463984986,6,1.0,0
7,37.434705059037704,3668.6010957856947,8,1.0,0
2,0.0,0.0,2,1.0,0
4,34.06366588218792,3338.239256454416,4,1.0,0
7,37.64851543269288,3689.5545124039027,8,1.0,0
2,0.0,0.0,2,1.0,0
6,35.87756959438585,3516.001820249813,6,1.0,0
6,35.87756959438585,3516.001820249813,6,1.0,0
4,44.746508243660756,4385.157807878754,4,1.0,0
4,22.23173407541571,2178.7099393907397,4,1.0,0
2,0.0,0.0,2,1.0,0
2,0.0,0.0,2,1.0,0
2,0.0,0.0,2,1.0,0
4,46.47848964843845,4554.891985546968,4,1.0,0
4,23.96351393264352,2348.4243653990648,4,1.0,0
6,37.3844887620521,3663.6798986811064,6,1.0,0
6,37.3844887620521,3663.6798986811064,6,1.0,0
2,0.0,0.0,2,1.0,0
2,0.0,0.0,2,1.0,0
4,48.21047603996459,4724.62665191653,4,1.0,0
6,38.894729720104756,3811.683512570266,6,1.0,0
4,25.695330315059195,2518.142370875801,4,1.0,0
6,38.894729720104756,3811.683512570266,6,1.0,0
2,0.0,0.0,2,1.0,0
6,40.2525361519826,3944.7485428942955,6,1.0,0
4,49.94246689942338,4894.361756143491,4,1.0,0
2,0.0,0.0,2,1.0,0
6,40.2525361519826,3944.7485428942955,6,1.0,0
4,27.427176303804956,2687.8632777728853,4,1.0,0
2,0.0,0.0,2,1.0,0
4,51.674461777555074,5064.097254200397,4,1.0,0
6,41.76441866788842,4092.913029453065,6,1.0,0
2,0.0,0.0,2,1.0,0
4,29.159046623646667,2857.586569117373,4,1.0,0
6,41.76441866788842,4092.913029453065,6,1.0,0
2,0.0,0.0,2,1.0,0
4,30.890937182286976,3027.3118438641236,4,1.0,0
4,53.406460283377704,5233.8331077710145,4,1.0,0
2,0.0,0.0,2,1.0,0
6,43.27894022115915,4241.336141673596,6,1.0,0
6,43.27894022115915,4241.336141673596,6,1.0,0
2,0.0,0.0,2,1.0,0
4,55.13846207503434,5403.569283353365,4,1.0,0
6,44.79583313955291,4389.9916476761855,6,1.0,0
6,44.79583313955291,4389.9916476761855,6,1.0,0
4,32.62284475639732,3197.0387861269373,4,1.0,0
2,0.0,0.0,2,1.0,0
2,0.0,0.0,2,1.0,0
2,0.0,0.0,2,1.0,0
2,0.0,0.0,2,1.0,0
4,45.610671265980436,4469.845784066082,4,1.0,0
2,0.0,0.0,2,1.0,0
4,45.033320996790806,4413.265457685499,4,1.0,0
2,0.0,0.0,2,1.0,0
4,46.76537180435969,4583.00643682725,4,1.0,0
4,47.34272207354931,4639.5867632078325,4,1.0,0
2,0.0,0.0,2,1.0,0
2,0.0,0.0,2,1.0,0
2,0.0,0.0,2,1.0,0
2,0.0,0.0,2,1.0,0
2,0.0,0.0,2,1.0,0
4,48.49742261192856,4752.747415968999,4,1.0,0
2,0.0,0.0,2,1.0,0
4,49.07477288111819,4809.327742349583,4,1.0,0
2,0.0,0.0,2,1.0,0
2,0.0,0.0,2,1.0,0
2,0.0,0.0,2,1.0,0
4,50.80682368868707,4979.068721491332,4,1.0,0
4,50.22947341949744,4922.4883951107495,4,1.0,0
2,0.0,0.0,2,1.0,0
2,0.0,0.0,2,1.0,0
2,0.0,0.0,2,1.0,0
2,0.0,0.0,2,1.0,0
2,0.0,0.0,2,1.0,0
4,52.53887449625594,5148.809700633083,4,1.0,0
2,0.0,0.0,2,1.0,0
4,51.96152422706632,5092.229374252499,4,1.0,0
2,0.0,0.0,2,1.0,0
4,54.270925303824825,5318.550679774832,4,1.0,0
2,0.0,0.0,2,1.0,0
2,0.0,0.0,2,1.0,0
2,0.0,0.0,2,1.0,0
4,53.693575034635195,5261.970353394249,4,1.0,0
2,0.0,0.0,2,1.0,0
2,0.0,0.0,2,1.0,0
2,0.0,0.0,2,1.0,0
4,1.1547005383792515,113.16065276116666,4,1.0,0
4,0.0,0.0,4,1.0,0
2,0.0,0.0,2,1.0,0
2,0.0,0.0,2,1.0,0
2,0.0,0.0,2,1.0,0
2,0.0,0.0,2,1.0,0
2,0.0,0.0,2,1.0,0
2,0.0,0.0,2,1.0,0
2,0.0,0.0,2,1.0,0
2,0.0,0.0,2,1.0,0
2,0.0,0.0,2,1.0,0
2,0.0,0.0,2,1.0,0
2,0.0,0.0,2,1.0,0
2,0.0,0.0,2,1.0,0
2,0.0,0.0,2,1.0,0
2,0.0,0.0,2,1.0,0
2,0.0,0.0,2,1.0,0
2,0.0,0.0,2,1.0,0
2,0.0,0.0,2,1.0,0
2,0.0,0.0,2,1.0,0
2,0.0,0.0,2,1.0,0
2,0.0,0.0,2,1.0,0
2,0.0,0.0,2,1.0,0
2,0.0,0.0,2,1.0,0
2,0.0,0.0,2,1.0,0
2,0.0,0.0,2,1.0,0
2,0.0,0.0,2,1.0,0
2,0.0,0.0,2,1.0,0
2,0.0,0.0,2,1.0,0
2,0.0,0.0,2,1.0,0
2,0.0,0.0,2,1.0,0
2,0.0,0.0,2,1.0,0
2,0.0,0.0,2,1.0,0
2,6.363961030678928,4727109.2413949985,2,1.0,0
3,103.35859906171329,3346324.577979847,4,1.0,0
2,3.5355339059327378,4726922.565204766,2,1.0,0
2,2.8284271247461903,4726875.896157207,2,1.0,0
2,5.656854249492381,4727062.572347441,2,1.0,0
3,103.93106689852975,3346330.001656541,4,1.0,0
2,13755.348214421909,8817364478.58381,2,1.0,0
2,13752.519787297162,8817318216.82976,2,1.0,0
2,13749.691360172417,8817271423.331408,2,1.0,0
3,158193.5162272251,6240663053.028046,4,1.0,0
3,158192.03369823442,6240597412.680208,4,1.0,0
2,13748.98425339123,8817225301.584497,2,1.0,0
2,27376.346140418373,18087579837.005985,2,1.0,0
3,325373.0308209077,12801853279.962698,4,1.0,0
2,27372.103499731256,18087533481.913837,2,1.0,0
2,27371.396392950068,18087533435.24479,2,1.0,0
3,325371.5891484688,12801820263.545454,4,1.0,0
2,27374.931926856,18087579743.66789,2,1.0,0
2,32683.182533223415,27870458289.100803,2,1.0,0
3,505794.44810515665,19726160417.41974,4,1.0,0
2,32681.76831966104,27870458195.762707,2,1.0,0
2,32678.939892536295,27870457477.342216,2,1.0,0
3,505795.0402821285,19726193046.75464,4,1.0,0
2,32679.64699931748,27870458055.75556,2,1.0,0
2,564433.2818225729,25398710138.737812,3,0.6666666666666666,0
3,535298.7313768826,19680814548.34839,5,0.8,0
3,535298.5488743641,19680814537.37203,5,0.8,0
2,564433.2818225729,25398710138.737812,3,0.6666666666666666,0
2,564431.7292395363,25398709948.212368,3,0.6666666666666666,0
2,564432.0397553042,25398709986.31746,3,0.6666666666666666,0
2,564278.7035555509,25398592914.33786,3,0.6666666666666666,0
2,564278.7035555509,25398592914.33786,3,0.6666666666666666,0
2,564277.4614646592,25398592761.917503,3,0.6666666666666666,0
2,564277.1509429859,25398592723.812412,3,0.6666666666666666,0
3,535249.6715812164,19680769153.86629,5,0.8,0
3,535249.8541254355,19680769164.84278,5,0.8,0
2,564124.1253716537,25398475691.551853,3,0.6666666666666666,0
2,564122.5727295442,25398475501.026405,3,0.6666666666666666,0
3,535200.816664362,19680723771.92454,5,0.8,0
2,564122.8832571263,25398475539.131496,3,0.6666666666666666,0
2,564124.1253716537,25398475691.551853,3,0.6666666666666666,0
3,535200.9992502817,19680723782.901154,5,0.8,0
3,402732.63850958104,13832488982.606337,10,1.0,0
3,402732.63850958104,13832488982.664032,10,1.0,0
4,411995.65387545864,13919171558.57244,10,1.0,0
2,452320.14354816056,15561386439.37199,8,1.0,0
4,374043.21537088783,12657302280.270359,12,1.0,0
4,411995.65387545864,13919171558.57244,10,1.0,0
3,409370.4420313519,14687015827.872849,10,1.0,0
2,452320.14354816056,15561386439.37199,8,1.0,0
4,411995.44302442094,13919171544.776667,10,1.0,0
4,386877.0799846568,13521085280.26722,12,1.0,0
3,409370.5398560223,14687029781.506327,10,1.0,0
4,411995.44302442094,13919171544.776667,10,1.0,0
4,411995.1267508985,13919171524.083004,10,1.0,0
3,461224.82006231096,16836662957.805273,10,1.0,0
2,452320.14354816056,15561386439.37199,8,1.0,0
4,439373.2161189357,15539821130.722353,12,1.0,0
4,411995.1267508985,13919171524.083004,10,1.0,0
3,461224.8148505841,16836651056.366444,10,1.0,0
3,486081.8153396207,16466181235.267303,9,0.8888888888888888,0
4,445919.41607838846,14894769114.291656,11,0.9090909090909091,0
4,314.48677010556196,476749.94315468986,8,1.0,0
4,314.48677010556196,476749.94315468986,8,1.0,0
2,364.1574750937658,550606.1023417739,6,1.0,0
3,486081.5893533204,16466181213.267324,9,0.8888888888888888,0
3,486064.99925261486,16466164386.992954,9,0.8888888888888888,0
4,314.2042102109482,476720.37419015355,8,1.0,0
4,445907.1494717462,14894756905.21334,11,0.9090909090909091,0
3,486064.7732661255,16466164364.992973,9,0.8888888888888888,0
4,314.2042102109482,476720.37419015355,8,1.0,0
2,364.1574750937658,550606.1023417739,6,1.0,0
3,486048.1359873503,16466147476.705048,9,0.8888888888888888,0
3,486047.91000067856,16466147454.705067,9,0.8888888888888888,0
4,313.9275394099728,476690.8422468382,8,1.0,0
4,445894.85214773956,14894744651.464611,11,0.9090909090909091,0
2,364.1574750937658,550606.1023417739,6,1.0,0
4,313.9275394099728,476690.8422468382,8,1.0,0
3,486031.28855661134,16466130567.507772,9,0.8888888888888888,0
4,445882.5690661979,14894732398.707693,11,0.9090909090909091,0
2,364.1574750937658,550606.1023417739,6,1.0,0
3,486031.0625697646,16466130545.507792,9,0.8888888888888888,0
4,313.6567732866157,476661.34733162494,8,1.0,0
4,313.6567732866157,476661.34733162494,8,1.0,0
3,451488.7282617733,15556221752.309679,10,1.0,0
4,109695.8359601676,4330040128.158387,4,1.0,0
5,98083.48412381498,3536118796.142997,6,1.0,0
4,420595.5684887007,14252059766.863688,12,1.0,0
2,0.0,0.0,2,1.0,0
3,451488.48938531464,15556221720.866852,10,1.0,0
3,458600.85988648364,16379656464.169487,10,1.0,0
4,432823.8904791854,15075379395.257383,12,1.0,0
4,279913.2307631242,11010101138.02973,4,1.0,0
3,458600.69350986957,16379656508.10073,10,1.0,0
5,250301.41002399486,8991394257.379133,6,1.0,0
2,0.0,0.0,2,1.0,0
3,503841.21835558914,18364228340.62109,10,1.0,0
2,0.0,0.0,2,1.0,0
5,419797.8075362789,14911390181.10949,6,1.0,0
4,479508.4846439507,16945525348.698662,12,1.0,0
4,469403.64833513316,18259153540.518448,4,1.0,0
3,503841.03854384914,18364228295.19063,10,1.0,0
3,448457.5459220688,15266428371.937191,9,0.8888888888888888,0
3,448457.09153360233,15266428327.937233,9,0.8888888888888888,0
4,557151.2295842126,20478471391.582222,5,0.8,0
5,496316.6823853017,17309533097.185047,7,0.8571428571428571,0
4,411400.44291669707,13809508298.438192,11,0.9090909090909091,0
2,0.0,0.0,2,1.0,0
3,448440.73469052487,15266411524.118757,9,0.8888888888888888,0
4,557101.7874502827,20478426132.535797,5,0.8,0
3,448440.28030156303,15266411480.1188,9,0.8888888888888888,0
5,496289.67206844984,17309507562.85174,7,0.8571428571428571,0
4,411388.2700379511,13809496095.648998,11,0.9090909090909091,0
2,0.0,0.0,2,1.0,0
3,448423.87762522686,15266394614.374023,9,0.8888888888888888,0
4,411375.9777478063,13809483842.349459,11,0.9090909090909091,0
3,448423.42323578504,15266394570.374065,9,0.8888888888888888,0
2,0.0,0.0,2,1.0,0
4,557051.818873433,20478380683.690414,5,0.8,0
5,496262.3879795273,17309481922.06179,7,0.8571428571428571,0
2,587109.2555530018,22892681165.30291,4,1.0,0
2,0.0,0.0,2,1.0,0
4,556993.66987561,20478327933.175594,5,0.8,0
4,556993.66987561,20478327933.175594,5,0.8,0
2,587108.6508472402,22892681099.302967,4,1.0,0
5,496230.74260060955,17309452168.452515,7,0.8571428571428571,0
4,390406.0645114982,13468853009.62371,12,1.0,0
4,428807.5398838168,14483301679.716333,10,1.0,0
4,428807.5398838168,14483301679.716333,10,1.0,0
2,0.0,0.0,2,1.0,0
4,390405.5913912324,13468860926.358637,12,1.0,0
5,395871.2685443739,13221774903.203745,12,1.0,0
4,433599.6864931636,15279303685.358162,12,1.0,0
4,428807.2236459461,14483301659.022652,10,1.0,0
4,433599.0130372518,15279322805.579056,12,1.0,0
4,428807.2236459461,14483301659.022652,10,1.0,0
5,395870.80141497153,13221774872.29266,12,1.0,0
2,0.0,0.0,2,1.0,0
4,518507.2526247094,18269730295.47704,12,1.0,0
4,518506.6112144701,18269756434.633926,12,1.0,0
5,395870.3342905293,13221774841.381575,12,1.0,0
4,428806.9074115736,14483301638.32897,10,1.0,0
2,0.0,0.0,2,1.0,0
4,428806.9074115736,14483301638.32897,10,1.0,0
4,514478.9024424263,16923133142.02206,11,0.9090909090909091,0
4,311.13983994339264,476349.04067500756,8,1.0,0
2,0.0,0.0,2,1.0,0
4,311.13983994339264,476349.04067500756,8,1.0,0
5,277.24710197864204,425951.66873333306,10,1.0,0
4,514477.26926548727,16923132982.824244,11,0.9090909090909091,0
4,514466.594465074,16923120887.15822,11,0.9090909090909091,0
4,310.9390156100894,476319.9782604127,8,1.0,0
4,514464.9612877971,16923120727.960403,11,0.9090909090909091,0
2,0.0,0.0,2,1.0,0
4,310.9390156100894,476319.9782604127,8,1.0,0
5,276.9376985693513,425911.0419689904,10,1.0,0
4,514454.3436806525,16923108678.823278,11,0.9090909090909091,0
5,276.6366248749833,425870.46545247897,10,1.0,0
4,310.7442678473732,476290.95296047773,8,1.0,0
2,0.0,0.0,2,1.0,0
4,310.7442678473732,476290.95296047773,8,1.0,0
4,514452.71050307783,16923108519.625462,11,0.9090909090909091,0
4,491183.2066413172,16153726805.309937,12,1.0,0
6,25804.039527340898,866711682.3214294,8,1.0,0
4,28787.035341741368,1000696434.9122752,6,1.0,0
2,0.0,0.0,2,1.0,0
4,28787.295264867567,1000707102.4286761,6,1.0,0
4,491181.72852260555,16153727013.324087,12,1.0,0
4,487528.8131995069,16487849030.469954,12,1.0,0
6,176082.08576825753,5962613966.483232,8,1.0,0
2,0.0,0.0,2,1.0,0
4,196431.37678767106,6884427776.798978,6,1.0,0
4,196431.13215340042,6884428121.447365,6,1.0,0
4,487527.2493904129,16487844950.868565,12,1.0,0
4,515230.3899791071,17786650405.862675,12,1.0,0
4,515228.90567193675,17786634402.18359,12,1.0,0
4,361868.1287162033,12672282080.785887,6,1.0,0
2,0.0,0.0,2,1.0,0
6,324381.8454642394,10975442353.73023,8,1.0,0
4,361868.1116746358,12672228813.33388,6,1.0,0
4,564967.1703587512,19737231300.20838,12,1.0,0
4,515675.66126293637,18162313964.73916,6,1.0,0
2,0.0,0.0,2,1.0,0
4,564965.788457457,19737209326.13764,12,1.0,0
6,462252.63148874324,15730336363.21664,8,1.0,0
4,515675.8777895278,18162260352.636196,6,1.0,0
4,426608.4357303012,14162892508.304274,11,0.9090909090909091,0
6,465066.2931636736,15657136643.563002,9,0.8888888888888888,0
2,0.0,0.0,2,1.0,0
4,514629.731533172,17752439151.158142,7,0.8571428571428571,0
4,426608.0238388311,14162892468.504818,11,0.9090909090909091,0
4,514629.731533172,17752439151.158142,7,0.8571428571428571,0
4,426596.1351989405,14162880254.227705,11,0.9090909090909091,0
2,0.0,0.0,2,1.0,0
4,514602.43227619067,17752413509.00337,7,0.8571428571428571,0
6,465048.2985094427,15657119659.756418,9,0.8888888888888888,0
4,514602.43227619067,17752413509.00337,7,0.8571428571428571,0
4,426595.723307272,14162880214.428247,11,0.9090909090909091,0
4,426583.84955419105,14162868001.194199,11,0.9090909090909091,0
4,514575.1512182045,17752387868.13163,7,0.8571428571428571,0
6,465030.3200367095,15657102677.095396,9,0.8888888888888888,0
4,514575.1512182045,17752387868.13163,7,0.8571428571428571,0
2,0.0,0.0,2,1.0,0
4,426583.4376623385,14162867961.394743,11,0.9090909090909091,0
5,402489.776273619,13539266419.253231,12,1.0,0
5,402489.3730658857,13539269153.089212,12,1.0,0
8,360227.39868236356,11743840816.27607,16,1.0,0
6,356613.7832807772,11772492338.546507,16,1.0,0
4,34.06366588218792,3338.239256454416,4,1.0,0
5,377618.0309542994,12564028286.151691,14,1.0,0
5,420781.95181781036,14589871308.192911,12,1.0,0
6,379170.90413319337,12767361698.276228,16,1.0,0
4,34.06366588218792,3338.239256454416,4,1.0,0
5,420781.6646025099,14589885622.76205,12,1.0,0
8,360226.8130148872,11743840777.01391,16,1.0,0
5,398747.04687148565,13589299696.998777,14,1.0,0
5,472249.8227843404,16602060182.002676,12,1.0,0
6,428526.36771442275,14564609893.766298,16,1.0,0
5,449389.1767617389,15486060713.157675,14,1.0,0
5,472249.8466833253,16602093147.502949,12,1.0,0
8,360226.2273531211,11743840737.751755,16,1.0,0
4,34.06366588218792,3338.239256454416,4,1.0,0
5,452580.3099857126,15070709598.193968,11,0.9090909090909091,0
4,34.06366588218792,3338.239256454416,4,1.0,0
6,393673.75997794344,12906329531.03431,15,0.9333333333333333,0
8,232.7999660133656,359677.9747701675,14,1.0,0
5,420150.425160335,13863377812.687569,13,0.9230769230769231,0
5,452580.10317801,15070709578.29424,11,0.9090909090909091,0
5,452568.0448821531,15070697389.191103,11,0.9090909090909091,0
8,232.50730816825597,359634.6130154455,14,1.0,0
5,420140.9734984108,13863368445.067833,13,0.9230769230769231,0
4,34.06366588218792,3338.239256454416,4,1.0,0
6,393666.1051646735,12906322045.430986,15,0.9333333333333333,0
5,452567.8380743297,15070697369.291376,11,0.9090909090909091,0
5,452555.7488576106,15070685135.506546,11,0.9090909090909091,0
5,420131.4322362217,13863359038.81363,13,0.9230769230769231,0
5,452555.54204967234,15070685115.60682,11,0.9090909090909091,0
6,393658.38103731995,12906314529.121357,15,0.9333333333333333,0
8,232.18323571062348,359587.2761041469,14,1.0,0
4,34.06366588218792,3338.239256454416,4,1.0,0
5,452543.46686597157,15070672882.802225,11,0.9090909090909091,0
5,420127.2321202996,13863349987.382051,13,0.9230769230769231,0
5,452543.2600579248,15070672862.902496,11,0.9090909090909091,0
4,34.06366588218792,3338.239256454416,4,1.0,0
4,452545.0589236592,15070672981.290049,11,0.9090909090909091,0
7,252.06811248813946,388653.192286575,12,1.0,0
5,401345.69727057545,13466794653.969143,14,1.0,0
6,379591.61643376685,12626021640.655676,16,1.0,0
6,360856.0307810384,11924775555.718393,18,1.0,0
8,98759.10966171295,3259800650.7781,12,1.0,0
5,401345.568608871,13466804959.955963,14,1.0,0
5,117445.56262614364,3992120648.6576314,8,1.0,0
5,423159.8936105919,14487192211.586956,14,1.0,0
6,402389.74894340103,13611354902.527142,16,1.0,0
6,384036.35699661565,12875861627.108414,18,1.0,0
5,423160.15839702275,14487212937.00733,14,1.0,0
8,218693.82214762692,7268425980.7196455,12,1.0,0
5,260081.9163894055,8901277347.219112,8,1.0,0
5,471217.9684049833,16267420081.026403,14,1.0,0
6,449287.4190864166,15298787074.47833,16,1.0,0
8,338548.33166905656,11200893010.262182,12,1.0,0
5,402617.40529136785,13717199433.018795,8,1.0,0
5,471218.26268380904,16267440206.541258,14,1.0,0
6,429619.04117680027,14482668768.498415,18,1.0,0
5,384834.13032141986,12650953632.146168,13,0.9230769230769231,0
8,384856.62097794825,12650984296.550047,13,0.9230769230769231,0
5,451904.08418724337,15203662309.591003,9,0.8888888888888888,0
6,360585.11077216076,11777606576.53725,15,0.9333333333333333,0
6,340336.84886787704,11063282585.729805,17,0.9411764705882353,0
5,384834.0961654442,12650953630.433075,13,0.9230769230769231,0
5,384826.25116859475,12650945809.194683,13,0.9230769230769231,0
6,360578.8114957606,11777600330.754623,15,0.9333333333333333,0
6,340331.5642757874,11063277443.424185,17,0.9411764705882353,0
5,451889.04120456136,15203648172.96887,9,0.8888888888888888,0
8,384848.2670260266,12650976442.084232,13,0.9230769230769231,0
5,384826.21700850496,12650945807.481575,13,0.9230769230769231,0
5,384816.713424616,12650936403.11613,13,0.9230769230769231,0
8,384838.3232772346,12650967009.077984,13,0.9230769230769231,0
6,360571.25348757353,11777592825.491423,15,0.9333333333333333,0
5,451871.0552709638,15203631189.771276,9,0.8888888888888888,0
6,340325.25166429783,11063271266.057898,17,0.9411764705882353,0
5,384816.679259665,12650936401.403008,13,0.9230769230769231,0
5,372118.1964046881,12190655066.672968,14,1.0,0
8,315417.25170513586,10199862408.876944,20,1.0,0
5,372118.28703019384,12190653733.080626,14,1.0,0
5,372135.71552216314,12190885025.5533,14,1.0,0
6,350019.4419465808,11403515685.018822,16,1.0,0
9,301535.4415981407,9725272011.616936,22,1.0,0
5,371035.2063742339,12490774320.018349,14,1.0,0
5,372135.29175096645,12190884997.301733,14,1.0,0
5,371035.0619442562,12490782402.47554,14,1.0,0
7,334750.2308359067,11075679836.490288,18,1.0,0
8,319979.18954244425,10526663823.142448,20,1.0,0
5,371036.0493895349,12490782449.13636,14,1.0,0
5,406390.7958011747,13919933707.744442,14,1.0,0
5,406391.4913437453,13919950849.212101,14,1.0,0
5,406390.2883605681,13919942294.52433,14,1.0,0
8,354524.6401470121,11783850933.334923,20,1.0,0
5,372134.9285344284,12190884973.086107,14,1.0,0
7,369861.57460297336,12384463219.226307,18,1.0,0
5,470198.393624471,16191009389.172037,14,1.0,0
5,470198.2310163226,16191032388.461632,14,1.0,0
5,470199.62008531403,16191043965.29412,14,1.0,0
8,411602.3338062448,13724404922.155722,20,1.0,0
5,372134.5653228513,12190884948.870485,14,1.0,0
7,429055.98720614676,14419196681.223717,18,1.0,0
5,405274.3216249983,13284897268.742481,13,0.9230769230769231,0
8,340281.1353276712,10989329308.216862,19,0.9473684210526315,0
5,405274.6998722927,13284897266.25208,13,0.9230769230769231,0
7,358413.1753769786,11617668969.426256,17,0.9411764705882353,0
5,405273.7154628512,13284897212.114115,13,0.9230769230769231,0
5,253.78317815637726,388896.5421725782,12,1.0,0
5,405264.77335564216,13284887861.892675,13,0.9230769230769231,0
8,340275.7295996571,10989324106.349527,19,0.9473684210526315,0
5,405265.15178266075,13284887859.403084,13,0.9230769230769231,0
7,358406.7205912038,11617662782.467901,17,0.9411764705882353,0
5,405264.16718868824,13284887805.264294,13,0.9230769230769231,0
5,253.59002645047286,388866.42975280987,12,1.0,0
5,405255.23839789646,13284878455.98651,13,0.9230769230769231,0
5,405254.6322261553,13284878399.358112,13,0.9230769230769231,0
7,358400.27735219785,11617656596.337046,17,0.9411764705882353,0
5,405255.61700463534,13284878453.497728,13,0.9230769230769231,0
5,253.40533765395543,388836.36889052665,12,1.0,0
8,340270.3347914619,10989318905.265633,19,0.9473684210526315,0
6,387117.6741770766,12769174646.619595,14,1.0,0
8,330124.12735194253,10711721544.493088,20,1.0,0
6,387117.08857899,12769173555.204012,14,1.0,0
8,330124.1667909491,10711721548.140347,20,1.0,0
6,387111.46253728814,12769173170.82524,14,1.0,0
3,9.556847457887633,968.7166768462283,4,1.0,0
6,398250.19782864506,13459116374.941236,14,1.0,0
8,344967.2344350639,11362663649.042248,20,1.0,0
6,398242.5320713139,13459110241.887604,14,1.0,0
3,9.0,913.4199472312831,4,1.0,0
8,344967.19289390784,11362663653.4136,20,1.0,0
6,398249.4722027435,13459110713.07384,14,1.0,0
6,438991.0215279071,15051342426.953184,14,1.0,0
8,383417.44921697635,12747862425.112627,20,1.0,0
8,383417.5524366834,12747862420.424288,20,1.0,0
6,438990.05623738474,15051323774.465462,14,1.0,0
3,9.0,913.4199472312831,4,1.0,0
6,438982.4853128608,15051323253.847715,14,1.0,0
6,407091.50457823265,13332857329.507597,13,0.9230769230769231,0
8,341799.2495117839,11029001205.139954,19,0.9473684210526315,0
6,407085.37260427204,13332856917.004045,13,0.9230769230769231,0
6,407091.2460298091,13332857307.220707,13,0.9230769230769231,0
8,341799.28661379876,11029001207.029243,19,0.9473684210526315,0
3,9.0,913.4199472312831,4,1.0,0
6,407082.1868754137,13332847970.60284,13,0.9230769230769231,0
6,407075.8491452901,13332847544.483385,13,0.9230769230769231,0
8,341793.7431312866,11028996014.519236,19,0.9473684210526315,0
3,9.0,913.4199472312831,4,1.0,0
6,407081.9283173874,13332847948.315912,13,0.9230769230769231,0
8,341793.78023800545,11028996016.40854,19,0.9473684210526315,0
6,407072.848327261,13332838577.635727,13,0.9230769230769231,0
6,407066.30477973196,13332838137.900106,13,0.9230769230769231,0
8,341788.26614340604,11028990807.266909,19,0.9473684210526315,0
6,407072.5897596026,13332838555.348764,13,0.9230769230769231,0
3,9.0,913.4199472312831,4,1.0,0
8,341788.2290319651,11028990805.377586,19,0.9473684210526315,0
6,407063.5230899756,13332829185.609114,13,0.9230769230769231,0
6,407056.7736670534,13332828732.257076,13,0.9230769230769231,0
8,341782.7257733207,11028985597.016432,19,0.9473684210526315,0
8,341782.7628894828,11028985598.90577,19,0.9473684210526315,0
6,407063.2645126931,13332829163.322115,13,0.9230769230769231,0
3,9.0,913.4199472312831,4,1.0,0
4,413496.1016007193,13928218819.681067,12,1.0,0
7,367541.0023786008,12125526384.747955,16,1.0,0
9,319620.41010229103,10382928144.310051,22,1.0,0
3,9.0,913.4199472312831,4,1.0,0
5,388678.89563616714,12934129586.78464,14,1.0,0
8,350557.34414631553,11331166128.163998,18,1.0,0
4,438383.24381191924,15158198584.807543,12,1.0,0
7,395648.54665049637,13271620303.049013,16,1.0,0
5,415816.300517091,14122918070.042032,14,1.0,0
8,350556.89941601944,11331166098.224003,18,1.0,0
9,347748.88109991443,11413796130.8051,22,1.0,0
3,9.556847457887633,968.7166768462283,4,1.0,0
4,501813.363392087,17508922075.845043,12,1.0,0
3,9.556847457887633,968.7166768462283,4,1.0,0
8,350556.4142653296,11331166065.562191,18,1.0,0
7,455639.1562111404,15363061859.222319,16,1.0,0
5,477704.52778622066,16333721675.144491,14,1.0,0
9,402111.39659181715,13234067547.651886,22,1.0,0
4,473157.9762786132,15537200055.462318,11,0.9090909090909091,0
9,351843.7066697845,11245853848.702478,21,0.9523809523809523,0
7,411581.8003502145,13305840866.628521,15,0.9333333333333333,0
5,439260.9145540484,14292507274.453655,13,0.9230769230769231,0
3,9.556847457887633,968.7166768462283,4,1.0,0
8,217.56392738687174,336404.4040072157,16,1.0,0
4,473145.6657356936,15537187800.400967,11,0.9090909090909091,0
5,439251.3609144453,14292497867.021032,13,0.9230769230769231,0
9,351838.99412566813,11245849388.841747,21,0.9523809523809523,0
3,9.556847457887633,968.7166768462283,4,1.0,0
7,411574.2274756072,13305833360.139698,15,0.9333333333333333,0
8,217.3776954979512,336366.5001979983,16,1.0,0
4,473133.368614236,15537175546.290417,11,0.9090909090909091,0
7,411566.6660260638,13305825854.468998,15,0.9333333333333333,0
5,439241.81955622585,14292488460.465528,13,0.9230769230769231,0
9,351834.29113733966,11245844929.67403,21,0.9523809523809523,0
8,217.20235380860862,336328.6606500403,16,1.0,0
3,9.556847457887633,968.7166768462283,4,1.0,0
5,455303.9450031421,14875945518.28824,12,1.0,0
3,46.82947789587238,4544.651361765828,4,1.0,0
6,424764.34226343554,13772741479.950129,14,1.0,0
4,455302.23036698543,14875945399.39925,12,1.0,0
9,360034.8120342926,11523526677.632643,20,1.0,0
8,32.68366904468074,3195.6690414093605,10,1.0,0
5,455303.5556463202,14875945492.52741,12,1.0,0
6,31.675813215403686,3097.021195554574,8,1.0,0
4,455301.7241924621,14875945366.541046,12,1.0,0
7,378264.5071890443,12146749504.963257,18,1.0,0
4,455301.7631342443,14875945368.486252,12,1.0,0
3,47.982635748084256,4657.705873066697,4,1.0,0
5,455303.0884031587,14875945461.614408,12,1.0,0
4,455301.29590581567,14875945337.573256,12,1.0,0
7,378264.0220154747,12146749472.30086,18,1.0,0
6,32.90679478249352,3217.6926959724237,8,1.0,0
3,49.712506809990316,4827.296966212044,4,1.0,0
4,455301.25696439284,14875945335.628048,12,1.0,0
5,455302.6211643097,14875945430.701408,12,1.0,0
4,455300.78974063613,14875945304.715054,12,1.0,0
4,455300.82868169964,14875945306.66026,12,1.0,0
7,378263.5368475031,12146749439.638468,18,1.0,0
3,51.44252456220761,4996.898237907192,4,1.0,0
6,34.149879732061805,3339.550311900434,8,1.0,0
5,277.36548291218776,425814.54232152394,10,1.0,0
4,275.86915175294405,425671.3643775755,10,1.0,0
7,217.51650320531238,336394.14906463027,16,1.0,0
4,275.9022371138814,425673.9562823484,10,1.0,0
6,35.40379317853627,3462.468813681112,8,1.0,0
3,53.172674686659626,5166.508685756756,4,1.0,0
5,277.0872505988762,425774.0953544366,10,1.0,0
7,217.33299143633639,336356.2626301414,16,1.0,0
6,36.66742423459821,3586.3391202888615,8,1.0,0
4,275.6522769319669,425633.67987539084,10,1.0,0
3,54.90294466905517,5336.127434760156,4,1.0,0
4,275.61988720377605,425631.09113299823,10,1.0,0
5,276.81740873322576,425733.69868556195,10,1.0,0
3,56.633323523640506,5505.7537177029635,4,1.0,0
4,275.4108042744713,425593.4538155711,10,1.0,0
4,275.3791124169652,425590.86823646334,10,1.0,0
7,217.18017673504795,336321.62637548306,16,1.0,0
6,37.94639075628368,3711.735481646596,8,1.0,0
4,10.392304845413264,1018.4458748504999,4,1.0,0
2,0.7071067811865476,69.29646455628166,2,1.0,0
5,36.05921056632641,3532.040920865253,6,1.0,0
4,21.654483754332883,2115.0498024081294,4,1.0,0
6,30.479208369922322,2985.272600617907,8,1.0,0
4,21.939310229205777,2150.0524024621664,4,1.0,0
4,12.12435565298214,1188.1868539922498,4,1.0,0
4,23.386249521175188,2284.774751844625,4,1.0,0
5,37.56416732295109,3679.4694545092593,6,1.0,0
6,31.69243938679562,3104.1527829667148,8,1.0,0
2,0.7071067811865476,69.29646455628166,2,1.0,0
4,23.671361036774655,2319.7933816039163,4,1.0,0
4,13.856406460551018,1357.927833134,4,1.0,0
5,39.07258203224694,3827.2414434768375,6,1.0,0
4,25.11805459558257,2454.50191824465,4,1.0,0
4,25.403411844343534,2489.534360745666,4,1.0,0
2,0.7071067811865476,69.29646455628166,2,1.0,0
6,32.91954478074429,3224.3945943386025,8,1.0,0
4,15.588457268119896,1527.6688122757498,4,1.0,0
2,0.7071067811865476,69.29646455628166,2,1.0,0
5,40.584069124062296,3975.3185868137243,6,1.0,0
4,26.849891371599004,2624.2308714491314,4,1.0,0
4,27.135462651912412,2659.275339887416,4,1.0,0
6,34.1590293438541,3345.851236979911,8,1.0,0
4,17.320508075688775,1697.4097914174997,4,1.0,0
5,42.09829766946244,4123.6680112087915,6,1.0,0
4,28.58175408659634,2793.9612858210235,4,1.0,0
4,28.867513459481287,2829.016319029166,4,1.0,0
6,35.409593131159895,3468.395089951547,8,1.0,0
2,0.7071067811865476,69.29646455628166,2,1.0,0
4,18.475208614068023,1810.5704441786665,4,1.0,0
5,43.27431878916948,4238.8235474794965,6,1.0,0
4,30.313638294778585,2963.692910317576,4,1.0,0
6,36.37674885339339,3563.1284708806106,8,1.0,0
4,30.599564267050166,2998.7572981709163,4,1.0,0
2,0.7071067811865476,69.29646455628166,2,1.0,0
4,20.207259421636902,1980.3114233204165,4,1.0,0
5,44.79583313955291,4387.894741976688,6,1.0,0
4,32.045540511382654,3133.4255482884328,4,1.0,0
6,37.65041263291242,3687.9398720695,8,1.0,0
2,0.7071067811865476,69.29646455628166,2,1.0,0
4,32.331615074619044,3168.4982773126662,4,1.0,0
2,0.0,0.0,2,1.0,0
2,0.7071067811865476,52.32590180780452,2,1.0,0
2,0.0,0.0,2,1.0,0
3,45.32383478921438,4434.730318745436,4,1.0,0
4,36.66969684448818,3589.234050137531,6,1.0,0
2,0.0,0.0,2,1.0,0
2,0.0,0.0,2,1.0,0
2,0.7071067811865476,52.32590180780452,2,1.0,0
3,47.055817918722866,4604.467504500385,4,1.0,0
4,38.17154262885725,3736.462212664095,6,1.0,0
2,0.0,0.0,2,1.0,0
2,0.0,0.0,2,1.0,0
3,48.78780585351221,4774.20495999072,4,1.0,0
4,39.6770294587015,3884.0440093627503,6,1.0,0
2,0.7071067811865476,52.32590180780452,2,1.0,0
2,0.0,0.0,2,1.0,0
4,41.18575805623428,4031.940608028182,6,1.0,0
2,0.0,0.0,2,1.0,0
3,50.51979809935903,4943.942657434449,4,1.0,0
2,0.7071067811865476,52.32590180780452,2,1.0,0
2,0.0,0.0,2,1.0,0
2,0.0,0.0,2,1.0,0
3,52.25179422756696,5113.680572738192,4,1.0,0
4,42.69738477549493,4180.118594808844,6,1.0,0
2,0.7071067811865476,52.32590180780452,2,1.0,0
2,0.0,0.0,2,1.0,0
2,0.0,0.0,2,1.0,0
3,53.406460283377704,5226.83929349277,4,1.0,0
2,0.7071067811865476,52.32590180780452,2,1.0,0
4,43.86798376948729,4294.913642903662,6,1.0,0
2,0.0,0.0,2,1.0,0
2,0.0,0.0,2,1.0,0
2,0.7071067811865476,52.32590180780452,2,1.0,0
3,0.5773502691896257,56.58032638058333,4,1.0,0
4,39.76765855147455,3897.2305380445055,6,1.0,0
2,0.0,0.0,2,1.0,0
2,0.0,0.0,2,1.0,0
2,0.7071067811865476,52.32590180780452,2,1.0,0
2,0.0,0.0,2,1.0,0
3,45.901161931553176,4498.313869292211,4,1.0,0
2,0.0,0.0,2,1.0,0
2,0.0,0.0,2,1.0,0
3,47.63314672228433,4668.048378783865,4,1.0,0
2,0.0,0.0,2,1.0,0
2,0.7071067811865476,52.32590180780452,2,1.0,0
2,0.0,0.0,2,1.0,0
2,0.0,0.0,2,1.0,0
2,0.0,0.0,2,1.0,0
2,0.7071067811865476,52.32590180780452,2,1.0,0
3,49.36513614552953,4837.783342261894,4,1.0,0
2,0.0,0.0,2,1.0,0
2,0.7071067811865476,52.32590180780452,2,1.0,0
2,0.0,0.0,2,1.0,0
3,51.0971297302174,5007.518713561305,4,1.0,0
2,0.0,0.0,2,1.0,0
2,0.0,0.0,2,1.0,0
3,52.82912706705144,5177.254452571041,4,1.0,0
2,0.0,0.0,2,1.0,0
2,0.7071067811865476,52.32590180780452,2,1.0,0
2,0.0,0.0,2,1.0,0
2,0.0,0.0,2,1.0,0
2,0.0,0.0,2,1.0,0
2,0.7071067811865476,52.32590180780452,2,1.0,0
3,53.983793864455286,5290.411798716618,4,1.0,0
2,0.0,0.0,2,1.0,0
2,0.0,0.0,2,1.0,0
2,0.0,0.0,2,1.0,0
3,0.5,49.0,4,1.0,0
2,0.0,0.0,2,1.0,0
2,0.0,0.0,2,1.0,0
2,0.0,0.0,2,1.0,0
2,0.0,0.0,2,1.0,0
2,0.0,0.0,2,1.0,0
2,0.0,0.0,2,1.0,0
2,0.0,0.0,2,1.0,0
2,0.0,0.0,2,1.0,0
2,0.0,0.0,2,1.0,0
2,0.0,0.0,2,1.0,0
2,0.0,0.0,2,1.0,0
2,0.0,0.0,2,1.0,0
2,0.0,0.0,2,1.0,0
2,0.0,0.0,2,1.0,0
2,0.0,0.0,2,1.0,0
2,0.0,0.0,2,1.0,0
2,0.0,0.0,2,1.0,0
2,0.0,0.0,2,1.0,0
2,0.0,0.0,2,1.0,0
2,0.0,0.0,2,1.0,0
2,0.0,0.0,2,1.0,0
2,0.0,0.0,2,1.0,0
2,0.0,0.0,2,1.0,0
2,0.0,0.0,2,1.0,0
2,0.0,0.0,2,1.0,0
2,0.0,0.0,2,1.0,0
3,36632.95201841278,1395132557.4311721,4,1.0,0
3,255579.89199644924,9958877287.992172,4,1.0,0
3,477817.7275833502,18519604183.888336,4,1.0,0
3,687950.0920567688,26739808826.609222,4,1.0,0
3,687077.2998456579,25164241393.18242,5,0.8,0
3,687028.4112590977,25164196008.790504,5,0.8,0
3,686979.5401034881,25164150625.621765,5,0.8,0
4,478966.7787202564,16207669557.205574,12,1.0,0
2,0.0,0.0,2,1.0,0
2,0.0,0.0,2,1.0,0
4,493242.64308672847,17160648866.886116,12,1.0,0
2,0.0,0.0,2,1.0,0
2,0.0,0.0,2,1.0,0
4,550117.3739199374,19396739921.144936,12,1.0,0
2,0.0,0.0,2,1.0,0
2,0.0,0.0,2,1.0,0
4,510536.1102978462,16925784086.8024,11,0.9090909090909091,0
2,0.0,0.0,2,1.0,0
2,0.0,0.0,2,1.0,0
4,510523.84424223786,16925771877.597704,11,0.9090909090909091,0
2,0.0,0.0,2,1.0,0
2,0.0,0.0,2,1.0,0
4,510511.545672235,16925759623.603329,11,0.9090909090909091,0
2,0.0,0.0,2,1.0,0
2,0.0,0.0,2,1.0,0
4,510499.2595418902,16925747370.481752,11,0.9090909090909091,0
2,0.0,0.0,2,1.0,0
2,0.0,0.0,2,1.0,0
3,453178.8969597661,15151468326.649347,14,1.0,0
3,157028.46030290177,5446055026.149654,6,1.0,0
3,157028.46215734267,5446081659.873909,6,1.0,0
3,481446.956026647,16381682247.78575,14,1.0,0
3,344803.7950311259,11966772226.502144,6,1.0,0
3,344803.7925410141,11966771887.205292,6,1.0,0
3,540533.9608323869,18514368963.340263,14,1.0,0
3,530411.331708766,18429549375.899403,6,1.0,0
3,530411.3285116247,18429549036.602474,6,1.0,0
3,455248.83833676536,14779307603.466312,13,0.9230769230769231,0
3,591556.4105087125,20138326634.829964,7,0.8571428571428571,0
3,591556.4105087125,20138326634.829964,7,0.8571428571428571,0
3,455239.2867696769,14779298196.11023,13,0.9230769230769231,0
3,591529.1002861024,20138300991.023544,7,0.8571428571428571,0
3,591529.1002861024,20138300991.023544,7,0.8571428571428571,0
3,455229.74705272977,14779288789.602377,13,0.9230769230769231,0
3,591501.8058946389,20138275348.348145,7,0.8571428571428571,0
3,591501.8058946389,20138275348.348145,7,0.8571428571428571,0
4,440210.58040942304,14241633542.174368,14,1.0,0
2,0.0,0.0,2,1.0,0
4,440210.3676618901,14241633522.839087,14,1.0,0
4,440210.3676618901,14241633522.839087,14,1.0,0
3,146.3588626174263,5019611.904591396,4,1.0,0
2,0.0,0.0,2,1.0,0
4,437565.21104870003,14528264248.463247,14,1.0,0
2,0.0,0.0,2,1.0,0
4,437564.95686393883,14528264264.797356,14,1.0,0
3,204554.95912732923,7803808044.495455,4,1.0,0
4,437564.9326800814,14528260526.44242,14,1.0,0
2,0.0,0.0,2,1.0,0
4,472394.3172194272,15972204804.5748,14,1.0,0
4,472394.1451850107,15972212851.46836,14,1.0,0
2,0.0,0.0,2,1.0,0
4,472394.14274083264,15972204763.343683,14,1.0,0
2,0.0,0.0,2,1.0,0
3,413073.1491511723,15732764631.328077,4,1.0,0
4,538446.5455266088,18325972966.00895,14,1.0,0
2,0.0,0.0,2,1.0,0
4,538446.3205929366,18325972782.29853,14,1.0,0
4,538446.4301572209,18325983944.567028,14,1.0,0
3,623274.0471677901,23721253079.78551,4,1.0,0
2,0.0,0.0,2,1.0,0
4,450555.5781797169,14626274624.645164,13,0.9230769230769231,0
3,657170.063238961,23578311080.050995,5,0.8,0
2,0.0,0.0,2,1.0,0
4,450555.13242150395,14626274584.608692,13,0.9230769230769231,0
2,0.0,0.0,2,1.0,0
4,450555.13242150395,14626274584.608692,13,0.9230769230769231,0
4,450546.0283804502,14626265217.440933,13,0.9230769230769231,0
2,0.0,0.0,2,1.0,0
4,450545.5826138987,14626265177.404428,13,0.9230769230769231,0
2,0.0,0.0,2,1.0,0
3,657120.0588565989,23578265626.536922,5,0.8,0
4,450545.5826138987,14626265177.404428,13,0.9230769230769231,0
4,450536.55887237843,14626255815.631407,13,0.9230769230769231,0
2,0.0,0.0,2,1.0,0
4,450536.11309756746,14626255775.594877,13,0.9230769230769231,0
2,0.0,0.0,2,1.0,0
4,450536.11309756746,14626255775.594877,13,0.9230769230769231,0
3,657070.0722900869,23578220174.32703,5,0.8,0
5,430341.2856678055,14059123711.625282,14,1.0,0
2,0.0,0.0,2,1.0,0
4,10.969655114602888,1075.0262012310832,4,1.0,0
6,405851.33936479746,13166015534.620913,16,1.0,0
5,430340.8871217453,14059123132.564854,14,1.0,0
5,467018.26853200974,15223340638.26203,12,1.0,0
5,443677.6736198102,14870495241.780298,14,1.0,0
4,11.547005383792516,1131.6065276116665,4,1.0,0
6,421345.1843946115,13964497453.539072,16,1.0,0
2,0.0,0.0,2,1.0,0
5,443677.121187999,14870495210.785086,14,1.0,0
5,467017.879131241,15223340612.501066,12,1.0,0
5,495542.8274953961,16838784953.245644,14,1.0,0
5,467017.4118495006,15223340581.587912,12,1.0,0
5,495542.09292197827,16838775320.257154,14,1.0,0
2,0.0,0.0,2,1.0,0
4,11.547005383792516,1131.6065276116665,4,1.0,0
6,472364.4992239044,15834790732.794329,16,1.0,0
5,454382.90315152734,14828017389.973007,13,0.9230769230769231,0
5,454382.83485609246,14828017386.54678,13,0.9230769230769231,0
5,279.61698009161665,426234.9012218497,10,1.0,0
2,0.0,0.0,2,1.0,0
4,11.547005383792516,1131.6065276116665,4,1.0,0
6,425749.9814981961,13804380568.131323,15,0.9333333333333333,0
5,454373.3794794789,14828008017.33845,13,0.9230769230769231,0
5,279.25076345265177,426193.92628286016,10,1.0,0
2,0.0,0.0,2,1.0,0
4,11.547005383792516,1131.6065276116665,4,1.0,0
6,425742.2692516817,13804373078.504902,15,0.9333333333333333,0
5,454373.3111758408,14828008013.912193,13,0.9230769230769231,0
5,454363.8335232132,14827998610.546219,13,0.9230769230769231,0
4,11.547005383792516,1131.6065276116665,4,1.0,0
6,425734.5409288796,13804365561.736418,15,0.9333333333333333,0
5,454363.76521134,14827998607.119938,13,0.9230769230769231,0
2,0.0,0.0,2,1.0,0
5,278.8926715104257,426153.00149171776,10,1.0,0
5,454354.2994401576,14827989204.599428,13,0.9230769230769231,0
5,454354.23112005054,14827989201.173119,13,0.9230769230769231,0
5,278.54273560004316,426112.1268628717,10,1.0,0
4,11.547005383792516,1131.6065276116665,4,1.0,0
6,425726.82361057826,13804358045.756338,15,0.9333333333333333,0
2,0.0,0.0,2,1.0,0
5,409743.2762478182,13452899009.99526,16,1.0,0
2,0.0,0.0,2,1.0,0
6,389344.9890190218,12703275856.434595,18,1.0,0
4,11.547005383792516,1131.6065276116665,4,1.0,0
5,409742.97057155235,13452901170.536297,16,1.0,0
6,112472.05584086844,3764283644.5559916,8,1.0,0
5,433211.78681559727,14463764147.686155,16,1.0,0
4,11.547005383792516,1131.6065276116665,4,1.0,0
6,273405.9500757789,9181006648.94208,8,1.0,0
5,433211.25165135466,14463770519.771334,16,1.0,0
6,413392.97042605415,13681179842.69197,18,1.0,0
2,0.0,0.0,2,1.0,0
5,482469.2112726253,16239342109.104559,16,1.0,0
5,482468.6122639439,16239360810.354109,16,1.0,0
6,461325.1752644029,15372708507.166323,18,1.0,0
6,426792.0534392096,14366932954.908077,8,1.0,0
4,11.547005383792516,1131.6065276116665,4,1.0,0
2,0.0,0.0,2,1.0,0
5,407153.72113221505,13151827145.244968,15,0.9333333333333333,0
5,407151.89942587184,13151827108.218353,15,0.9333333333333333,0
6,510273.4921281049,16977608752.86394,9,0.8888888888888888,0
6,384291.32444200414,12354158143.793968,17,0.9411764705882353,0
4,11.547005383792516,1131.6065276116665,4,1.0,0
2,0.0,0.0,2,1.0,0
5,407145.9852363359,13151819627.887594,15,0.9333333333333333,0
6,510255.4867745177,16977591767.799566,9,0.8888888888888888,0
4,11.547005383792516,1131.6065276116665,4,1.0,0
5,407144.1635001164,13151819590.86096,15,0.9333333333333333,0
6,384284.86464352923,12354151956.369297,17,0.9411764705882353,0
2,0.0,0.0,2,1.0,0
5,407138.2608470984,13151812111.35774,15,0.9333333333333333,0
5,407136.439081053,13151812074.331083,15,0.9333333333333333,0
6,510237.49616798817,16977574783.791655,9,0.8888888888888888,0
6,384278.4156140705,12354145769.72279,17,0.9411764705882353,0
4,11.547005383792516,1131.6065276116665,4,1.0,0
2,0.0,0.0,2,1.0,0
6,374163.9662501313,12005567386.690474,18,1.0,0
2,0.0,0.0,2,1.0,0
8,356133.7083252803,11389648658.710722,20,1.0,0
7,439.59031251512226,14940611.650294375,8,1.0,0
6,374162.4544311091,12005569153.849447,18,1.0,0
8,374162.97190571955,12005567308.278364,18,1.0,0
6,376946.25997695525,12324657274.586725,18,1.0,0
2,0.0,0.0,2,1.0,0
8,376944.68453381944,12324657177.948105,18,1.0,0
6,376944.5253861305,12324650027.10341,18,1.0,0
7,160302.02336209654,5370827136.819046,8,1.0,0
8,360244.50436410104,11712842210.74233,20,1.0,0
6,410880.86135041085,13593669862.440863,18,1.0,0
7,318951.6000018095,10682677831.258514,8,1.0,0
8,393750.14078258467,12933219515.09724,20,1.0,0
6,410879.0566967564,13593655134.502668,18,1.0,0
8,410878.86084905564,13593677000.920498,18,1.0,0
2,0.0,0.0,2,1.0,0
6,470153.4518055843,15616617941.742918,18,1.0,0
7,479890.13045718527,16078144349.76903,8,1.0,0
2,0.0,0.0,2,1.0,0
8,470151.01142032957,15616617936.145336,18,1.0,0
6,470151.5872805788,15616598072.695217,18,1.0,0
8,451005.6792461038,14863841174.811558,20,1.0,0
6,382069.02100715734,12240445323.04333,17,0.9411764705882353,0
7,507309.74984424235,16821326478.014095,9,0.8888888888888888,0
8,382067.54726234754,12240445219.611326,17,0.9411764705882353,0
8,362738.3787785957,11578425323.816505,19,0.9473684210526315,0
6,382068.67733915476,12240445298.53344,17,0.9411764705882353,0
2,0.0,0.0,2,1.0,0
6,382062.69811040757,12240439144.753569,17,0.9411764705882353,0
6,382062.3544218697,12240439120.243607,17,0.9411764705882353,0
7,507291.74857466825,16821309493.13084,9,0.8888888888888888,0
2,0.0,0.0,2,1.0,0
8,362732.97186246444,11578420121.726168,19,0.9473684210526315,0
8,382061.0912616709,12240439032.393051,17,0.9411764705882353,0
6,382056.38608031406,12240432967.249352,17,0.9411764705882353,0
2,0.0,0.0,2,1.0,0
7,507273.76213860104,16821292509.31386,9,0.8888888888888888,0
8,362727.5751900474,11578414920.379414,19,0.9473684210526315,0
6,382056.04237125,12240432942.739319,17,0.9411764705882353,0
8,382054.64609282045,12240432845.960169,17,0.9411764705882353,0
7,352536.18347260694,11269568831.870113,20,1.0,0
9,352531.12222388474,11269568477.100626,20,1.0,0
2,0.0,0.0,2,1.0,0
7,352535.9300599914,11269568803.015217,20,1.0,0
9,337214.5636230705,10748015237.855124,22,1.0,0
7,417764.15529810544,13488020863.145376,14,1.0,0
6,380068.76142772625,12435211471.66739,18,1.0,0
2,0.0,0.0,2,1.0,0
9,363515.0899455677,11821933579.251371,20,1.0,0
6,380068.34341591556,12435216004.859936,18,1.0,0
7,417763.610438591,13488020826.820482,14,1.0,0
8,363518.76113828813,11821938229.79243,20,1.0,0
6,420965.98568212555,13925941844.302202,18,1.0,0
9,403568.5162114131,13251538178.250994,20,1.0,0
6,420965.56836712145,13925949940.244585,18,1.0,0
7,417763.06558404764,13488020790.495592,14,1.0,0
8,403572.70057047636,13251546224.101595,20,1.0,0
2,0.0,0.0,2,1.0,0
6,486360.93749340856,16157533280.564873,18,1.0,0
9,466571.9119023319,15379042734.047873,20,1.0,0
7,417762.6418141837,13488020762.2429,14,1.0,0
8,466576.1993534192,15379052947.68291,20,1.0,0
2,0.0,0.0,2,1.0,0
6,486360.404113494,16157543667.12699,18,1.0,0
6,391788.2994817219,12598742298.474886,17,0.9411764705882353,0
6,391787.8102527435,12598742259.44569,17,0.9411764705882353,0
7,250.12481732611866,388366.3600056009,12,1.0,0
8,371965.001510604,11917343026.375317,19,0.9473684210526315,0
2,0.0,0.0,2,1.0,0
9,371961.5608914621,11917342806.462093,19,0.9473684210526315,0
7,249.8526232268401,388321.2739196057,12,1.0,0
2,0.0,0.0,2,1.0,0
6,391781.97839152196,12598736120.359053,17,0.9411764705882353,0
6,391781.48914553836,12598736081.329798,17,0.9411764705882353,0
9,371956.0438075747,11917337597.019642,19,0.9473684210526315,0
8,371959.59618068027,11917337824.441017,19,0.9473684210526315,0
6,391775.6678984536,12598729943.00642,17,0.9411764705882353,0
6,391775.1786354775,12598729903.977108,17,0.9411764705882353,0
2,0.0,0.0,2,1.0,0
8,371954.20084041316,11917332623.22915,19,0.9473684210526315,0
7,249.58996677581314,388276.2433113826,12,1.0,0
9,371950.5366850206,11917332388.299503,19,0.9473684210526315,0
6,398854.22275157436,12985613879.218342,16,1.0,0
5,78842.59982437582,2816281021.909945,6,1.0,0
9,64353.67352209887,2181713874.324322,10,1.0,0
9,360923.9916949128,11636636015.329252,20,1.0,0
11,345540.30734371394,11102567810.07714,22,1.0,0
7,378512.12038368033,12255890220.704367,18,1.0,0
6,408244.8075147997,13535793741.539637,16,1.0,0
9,371946.91446518066,12164668291.640333,20,1.0,0
5,218947.44704791604,7809355292.382292,6,1.0,0
11,356927.2189697782,11618244326.53796,22,1.0,0
7,388921.1645535164,12795811894.693789,18,1.0,0
9,178737.72056175247,6049822128.7027,10,1.0,0
6,443183.78180898796,14910665518.421295,16,1.0,0
7,423429.44534778094,14111253629.516062,18,1.0,0
9,309662.0270156374,10430344893.987871,10,1.0,0
5,379301.1233833439,13463855296.176695,6,1.0,0
11,390117.61648084386,12832741122.019272,22,1.0,0
9,405836.8955333502,13426903883.820692,20,1.0,0
6,352841.2931971918,11559662194.723673,15,0.9333333333333333,0
11,301629.1233619999,9770007982.977491,21,0.9523809523809523,0
9,316176.56378887285,10271270938.305573,19,0.9473684210526315,0
9,405667.96396128065,13498245645.200037,11,0.9090909090909091,0
7,333028.39492461627,10858555655.217012,17,0.9411764705882353,0
5,489361.1196035286,16919308341.44736,7,0.8571428571428571,0
6,352833.61162289674,11559654681.226006,15,0.9333333333333333,0
9,405655.12016304064,13498233355.443045,11,0.9090909090909091,0
11,301624.4423465174,9770003525.381996,21,0.9523809523809523,0
9,316171.0787565706,10271265731.15881,19,0.9473684210526315,0
5,489334.39879624825,16919282735.845814,7,0.8571428571428571,0
7,333021.97955863876,10858549470.9567,17,0.9411764705882353,0
6,352825.91614906717,11559647192.971413,15,0.9333333333333333,0
9,316165.5867990511,10271260541.642393,19,0.9473684210526315,0
5,489307.7947583563,16919257226.988577,7,0.8571428571428571,0
7,333015.5543770573,10858543307.554504,17,0.9411764705882353,0
11,301619.7565556515,9769999082.958807,21,0.9523809523809523,0
9,405642.33666367177,13498221112.432182,11,0.9090909090909091,0
6,352817.61435677996,11559639115.742882,15,0.9333333333333333,0
7,333008.6351787778,10858536660.208296,17,0.9411764705882353,0
11,301617.7932448457,9769994500.170702,21,0.9523809523809523,0
9,316163.24579333846,10271255185.541912,19,0.9473684210526315,0
9,405637.2601706648,13498208480.14163,11,0.9090909090909091,0
5,489279.1658800584,16919229716.233889,7,0.8571428571428571,0
6,328445.15039051155,10908226973.833513,18,1.0,0
7,342511.4437776739,11192674794.243473,16,1.0,0
3,422802.3983443487,14156806684.063318,10,1.0,0
9,324279.24796497857,10552677629.896719,18,1.0,0
7,364145.503294145,11965291200.293995,14,1.0,0
9,324279.2884090579,10552677632.618488,18,1.0,0
6,378112.3906277368,12691380963.172329,18,1.0,0
9,324278.7628577844,10552677597.235546,18,1.0,0
3,422802.08203634317,14156806663.36913,10,1.0,0
9,324278.803302408,10552677599.957315,18,1.0,0
7,342510.8581611197,11192674754.981615,16,1.0,0
7,364145.14011282055,11965291176.078615,14,1.0,0
6,463126.0232229459,15510748871.705873,18,1.0,0
3,422801.7657318853,14156806642.674944,10,1.0,0
9,324278.35861621035,10552677570.017906,18,1.0,0
7,342510.3213385693,11192674718.99158,16,1.0,0
9,324278.3181710878,10552677567.296137,18,1.0,0
7,364144.7769365659,11965291151.863235,14,1.0,0
6,450451.7837361845,14509111729.308994,17,0.9411764705882353,0
7,231.0093594983203,359492.76114434743,14,1.0,0
7,253.52943466671528,388819.5180795404,12,1.0,0
9,217.60698518200192,336403.51322263764,16,1.0,0
9,217.5551654178774,336400.1295948026,16,1.0,0
3,312.55205280766546,476536.35733428417,8,1.0,0
6,450445.32472387323,14509105541.961515,17,0.9411764705882353,0
3,312.31302978170567,476507.0569922638,8,1.0,0
7,230.71447793684368,359445.5911224127,14,1.0,0
9,217.42308985018127,336365.62288993405,16,1.0,0
7,253.35654299581032,388789.53337993537,12,1.0,0
9,217.37030615978807,336362.2331704319,16,1.0,0
6,450438.87489884766,14509099355.276625,17,0.9411764705882353,0
3,312.08000347896143,476477.7937212064,8,1.0,0
9,217.2500863060818,336327.796821692,16,1.0,0
7,230.42952010596153,359398.4783386122,14,1.0,0
9,217.19633974816426,336324.40100979886,16,1.0,0
7,253.192150651467,388759.60026774043,12,1.0,0
2,0.0,0.0,2,1.0,0
5,463286.15157826146,14955559362.685484,16,1.0,0
7,30.950421183379255,3029.78108591552,8,1.0,0
9,32.76329246784171,3208.5551265328136,10,1.0,0
8,34.53957357665469,3383.9084650740774,8,1.0,0
10,32.87441669029692,3219.050565843063,12,1.0,0
5,463285.66353201115,14955559329.966312,16,1.0,0
8,33.58968095511874,3289.4853092847216,10,1.0,0
7,31.761387159343567,3109.2335757500477,8,1.0,0
2,0.0,0.0,2,1.0,0
6,35.33128924904949,3462.412280477298,6,1.0,0
7,31.8767156401032,3122.6738428102653,8,1.0,0
5,463285.22430841223,14955559300.519062,16,1.0,0
6,35.33128924904949,3462.412280477298,6,1.0,0
8,34.32783127434648,3361.780321992104,10,1.0,0
7,32.98917571394766,3229.526811867557,8,1.0,0
2,0.0,0.0,2,1.0,0
7,33.10993592779752,3243.4204057709553,8,1.0,0
5,463284.88269504596,14955559277.615648,16,1.0,0
6,34.88504932871196,3418.6342107143705,6,1.0,0
7,34.054315858220214,3335.8057390338886,8,1.0,0
7,33.92849624051819,3321.4724789724555,8,1.0,0
2,0.0,0.0,2,1.0,0
8,34.813790371058424,3409.3144569937613,10,1.0,0
5,233.20958125945165,359693.7405094677,14,1.0,0
2,0.0,0.0,2,1.0,0
8,35.61273180572738,3487.5755093378743,10,1.0,0
7,35.31465701376696,3459.227649139534,8,1.0,0
7,35.18420912040757,3444.5117837759576,8,1.0,0
6,34.88504932871196,3418.6342107143705,6,1.0,0
5,233.05219195670352,359658.7724400406,14,1.0,0
2,0.0,0.0,2,1.0,0
8,36.438075324217294,3568.4273286701523,10,1.0,0
6,34.88504932871196,3418.6342107143705,6,1.0,0
7,36.584296006424864,3583.56748625883,8,1.0,0
7,36.449573777637355,3568.499324445982,8,1.0,0
5,232.90488791175426,359623.8643598015,14,1.0,0
8,37.28806779654854,3651.6978334285363,10,1.0,0
2,0.0,0.0,2,1.0,0
7,37.72361897500595,3693.3396037423136,8,1.0,0
7,37.862297492737696,3708.732927641384,8,1.0,0
6,34.88504932871196,3418.6342107143705,6,1.0,0
4,34.660736672302086,3396.7521938856044,6,1.0,0
2,0.0,0.0,2,1.0,0
6,33.22192692441889,3249.5439570148037,8,1.0,0
6,26.801119379608007,2620.5213985006876,6,1.0,0
5,36.383604366069434,3559.4528605765613,6,1.0,0
5,36.23626176451796,3542.510446938254,6,1.0,0
4,36.00786951024271,3528.7712120037854,6,1.0,0
5,37.73945768909069,3689.913747862769,6,1.0,0
6,27.96247485470483,2734.411454042716,6,1.0,0
2,0.0,0.0,2,1.0,0
5,37.8915118023373,3707.21877782613,6,1.0,0
6,34.238397409091114,3349.1921307341313,8,1.0,0
4,37.370665857951565,3662.325254079253,6,1.0,0
6,35.280255506039474,3451.330747490224,8,1.0,0
6,29.15990397789403,2851.8377934237424,6,1.0,0
5,39.402622586151125,3855.2998154056277,6,1.0,0
2,0.0,0.0,2,1.0,0
5,39.24623124156849,3837.6615101734374,6,1.0,0
4,38.747473035885406,3797.2523575167697,6,1.0,0
5,40.60541835765272,3970.83003917317,6,1.0,0
2,0.0,0.0,2,1.0,0
6,36.171960332358466,3538.7743540061197,8,1.0,0
5,40.75986588136259,3988.318425936759,6,1.0,0
6,29.9159934928905,2926.0286852091294,6,1.0,0
4,40.13684923691279,3933.411225217453,6,1.0,0
6,37.25754957052329,3645.201219215673,8,1.0,0
6,31.179587339582714,3049.9396496761483,6,1.0,0
2,0.0,0.0,2,1.0,0
5,42.272528510448325,4136.55226809316,6,1.0,0
5,42.11413064518844,4118.760590274701,6,1.0,0
4,41.53753322799353,4070.6782563433662,6,1.0,0
6,38.362695793849376,3753.545514386555,8,1.0,0
5,43.62568051045164,4266.964447941886,6,1.0,0
5,43.787745622110606,4285.037300498873,6,1.0,0
6,32.46793289796359,3176.2744004047677,6,1.0,0
2,0.0,0.0,2,1.0,0
4,42.94841867480881,4208.945030131264,6,1.0,0
6,39.48575692575742,3863.645937268506,8,1.0,0
5,45.13978289712966,4415.414091566045,6,1.0,0
5,45.30526091599812,4433.748286344937,6,1.0,0
6,33.778198096800054,3304.754978310293,6,1.0,0
2,0.0,0.0,2,1.0,0
3,34.93207694941714,3423.343541042879,4,1.0,0
4,22.808989455914087,2228.199497352066,4,1.0,0
4,45.901161931553176,4491.309348805386,4,1.0,0
4,45.610671265980436,4469.845784066082,4,1.0,0
2,0.0,0.0,2,1.0,0
5,35.78081422587623,3501.118602199398,6,1.0,0
3,36.66401505563732,3593.0734754524574,4,1.0,0
4,47.34272207354931,4639.5867632078325,4,1.0,0
2,0.0,0.0,2,1.0,0
5,37.1357868728625,3633.9738395682857,6,1.0,0
4,22.808989455914087,2228.199497352066,4,1.0,0
4,47.63314672228433,4661.046627815116,4,1.0,0
3,37.818646194701365,3706.2273270807336,4,1.0,0
2,0.0,0.0,2,1.0,0
4,22.808989455914087,2228.199497352066,4,1.0,0
4,49.36513614552953,4830.784166847725,4,1.0,0
5,38.505410875183074,3768.2621281788065,6,1.0,0
4,49.07477288111819,4809.327742349583,4,1.0,0
3,39.5506005011302,3875.9588491107593,4,1.0,0
5,39.88817702862173,3903.835583969523,6,1.0,0
4,22.808989455914087,2228.199497352066,4,1.0,0
2,0.0,0.0,2,1.0,0
4,51.0971297302174,5000.5219394245905,4,1.0,0
4,50.80682368868707,4979.068721491332,4,1.0,0
3,41.28256290493603,4045.6911646837307,4,1.0,0
4,52.53887449625594,5148.809700633083,4,1.0,0
2,0.0,0.0,2,1.0,0
4,22.808989455914087,2228.199497352066,4,1.0,0
4,52.82912706705144,5170.259922544192,4,1.0,0
5,41.28276476529481,4040.564845002078,6,1.0,0
3,43.014532428006234,4215.424177944611,4,1.0,0
4,54.270925303824825,5318.550679774832,4,1.0,0
2,0.0,0.0,2,1.0,0
4,22.808989455914087,2228.199497352066,4,1.0,0
4,54.56112779870543,5339.998096129499,4,1.0,0
5,42.68801549225106,4178.336447279786,6,1.0,0
3,44.746508243660756,4385.157807878754,4,1.0,0
4,0.5,49.0,4,1.0,0
4,33.77745796632225,3310.1908806995807,4,1.0,0
5,30.082663889134995,2948.10106113523,6,1.0,0
4,0.5,49.0,4,1.0,0
2,0.0,0.0,2,1.0,0
2,0.0,0.0,2,1.0,0
4,34.64101615137755,3394.8195828349994,4,1.0,0
4,34.93207694941714,3423.343541042879,4,1.0,0
2,0.0,0.0,2,1.0,0
2,0.7071067811865476,69.29646455628166,2,1.0,0
2,0.7071067811865476,69.29646455628166,2,1.0,0
2,0.0,0.0,2,1.0,0
2,0.0,0.0,2,1.0,0
4,36.373066958946424,3564.5605619767493,4,1.0,0
2,0.7071067811865476,69.29646455628166,2,1.0,0
4,36.66401505563732,3593.0734754524574,4,1.0,0
2,0.7071067811865476,69.29646455628166,2,1.0,0
2,0.0,0.0,2,1.0,0
2,0.7071067811865476,69.29646455628166,2,1.0,0
4,38.39596332949598,3762.804406290606,4,1.0,0
2,0.7071067811865476,69.29646455628166,2,1.0,0
2,0.0,0.0,2,1.0,0
4,38.1051177665153,3734.3015411184992,4,1.0,0
2,0.0,0.0,2,1.0,0
4,39.5506005011302,3875.9588491107593,4,1.0,0
4,39.25981830489455,3847.4621938796663,4,1.0,0
2,0.0,0.0,2,1.0,0
2,0.7071067811865476,69.29646455628166,2,1.0,0
2,0.7071067811865476,69.29646455628166,2,1.0,0
2,0.0,0.0,2,1.0,0
4,40.99186911246343,4017.203173021416,4,1.0,0
2,0.0,0.0,2,1.0,0
2,0.7071067811865476,69.29646455628166,2,1.0,0
2,0.7071067811865476,69.29646455628166,2,1.0,0
4,41.28256290493603,4045.6911646837307,4,1.0,0
2,0.0,0.0,2,1.0,0
2,0.0,0.0,2,1.0,0
4,42.72391992003231,4186.944152163166,4,1.0,0
4,43.014532428006234,4215.424177944611,4,1.0,0
2,0.7071067811865476,69.29646455628166,2,1.0,0
2,0.7071067811865476,69.29646455628166,2,1.0,0
2,0.7071067811865476,69.29646455628166,2,1.0,0
2,0.0,0.0,2,1.0,0
2,0.0,0.0,2,1.0,0
2,0.7071067811865476,69.29646455628166,2,1.0,0
2,0.0,0.0,2,1.0,0
2,0.0,0.0,2,1.0,0
2,0.7071067811865476,69.29646455628166,2,1.0,0
2,0.0,0.0,2,1.0,0
2,0.0,0.0,2,1.0,0
2,0.7071067811865476,69.29646455628166,2,1.0,0
2,0.0,0.0,2,1.0,0
2,0.0,0.0,2,1.0,0
2,0.7071067811865476,69.29646455628166,2,1.0,0
2,0.0,0.0,2,1.0,0
2,0.0,0.0,2,1.0,0
2,0.7071067811865476,69.29646455628166,2,1.0,0
2,0.0,0.0,2,1.0,0
2,0.0,0.0,2,1.0,0
2,0.7071067811865476,69.29646455628166,2,1.0,0
2,0.0,0.0,2,1.0,0
2,0.0,0.0,2,1.0,0
2,1064.9028124669405,3675092400.66872,2,1.0,0
3,68217.56362489551,2601235473.4904895,4,1.0,0
2,0.7071067811865476,69.29646455628166,2,1.0,0
2,1063.4885989045674,3675046232.2527623,2,1.0,0
2,1064.9028124669405,3675092932.413019,2,1.0,0
2,4604.679359086797,14828619782.722403,2,1.0,0
2,4603.972252305611,14828619736.053354,2,1.0,0
3,275079.5391159619,10495805137.613787,4,1.0,0
2,0.7071067811865476,69.29646455628166,2,1.0,0
2,4603.265145524424,14828573614.306446,2,1.0,0
2,5853.42993466224,25862250959.20196,2,1.0,0
2,5851.308614318681,25862250287.45052,2,1.0,0
2,0.7071067811865476,69.29646455628166,2,1.0,0
2,5853.42993466224,25862297034.279823,2,1.0,0
3,480751.2373324344,18305618745.920776,4,1.0,0
2,682824.7270349349,30030033736.645504,3,0.6666666666666666,0
2,682824.4337463328,30030033698.540417,3,0.6666666666666666,0
2,682824.4337463328,30030033698.540417,3,0.6666666666666666,0
3,647771.6328045711,23269849176.178207,5,0.8,0
2,0.7071067811865476,69.29646455628166,2,1.0,0
2,682670.5811123938,30029916937.19273,3,0.6666666666666666,0
2,0.7071067811865476,69.29646455628166,2,1.0,0
2,682670.2878227527,30029916899.087643,3,0.6666666666666666,0
2,682670.2878227527,30029916899.087643,3,0.6666666666666666,0
3,647722.8957934094,23269803957.224922,5,0.8,0
2,682515.8578672977,30029799701.65121,3,0.6666666666666666,0
3,647673.9946962515,23269758570.23253,5,0.8,0
2,0.7071067811865476,69.29646455628166,2,1.0,0
2,682515.5645766135,30029799663.546127,3,0.6666666666666666,0
2,682515.5645766135,30029799663.546127,3,0.6666666666666666,0
2,682361.134625207,30029682467.47465,3,0.6666666666666666,0
2,0.7071067811865476,69.29646455628166,2,1.0,0
2,682360.841333479,30029682429.369564,3,0.6666666666666666,0
3,647625.1120873865,23269713184.56289,5,0.8,0
2,682360.841333479,30029682429.369564,3,0.6666666666666666,0
3,451015.5992859842,15059748170.888783,12,1.0,0
3,451014.95794347,15059745993.715696,12,1.0,0
3,451015.1548391342,15059745993.74644,12,1.0,0
2,547396.2340983645,18399304795.64278,8,1.0,0
3,472837.5836146786,16226548438.998466,12,1.0,0
2,547396.2340983645,18399304795.64278,8,1.0,0
3,472836.13843435777,16226541005.054163,12,1.0,0
3,472836.5402892949,16226541007.53382,12,1.0,0
3,533581.4531928787,18533971081.987236,12,1.0,0
2,547396.2340983645,18399304795.64278,8,1.0,0
3,533579.9645111284,18533948789.263412,12,1.0,0
3,533579.307357795,18533948789.16477,12,1.0,0
3,490877.9109499632,16102330309.099037,11,0.9090909090909091,0
2,364.1574750937658,550606.1023417739,6,1.0,0
3,490874.8833353104,16102330229.142862,11,0.9090909090909091,0
3,490875.867092949,16102330229.299229,11,0.9090909090909091,0
3,490865.60088998993,16102318054.003721,11,0.9090909090909091,0
2,364.1574750937658,550606.1023417739,6,1.0,0
3,490862.57322520803,16102317974.047548,11,0.9090909090909091,0
3,490863.5570050732,16102317974.203913,11,0.9090909090909091,0
3,490853.3037669846,16102305799.82584,11,0.9090909090909091,0
3,490851.25985421764,16102305720.026033,11,0.9090909090909091,0
3,490850.2760521509,16102305719.869669,11,0.9090909090909091,0
2,364.1574750937658,550606.1023417739,6,1.0,0
3,472323.01067101664,15416589175.971989,12,1.0,0
4,440644.8968026831,14273353063.641443,14,1.0,0
3,231.52321697834108,8235461.691794577,4,1.0,0
4,440645.80022772844,14273354402.91563,14,1.0,0
3,231.52321697834108,8235461.691794577,4,1.0,0
3,464657.53414227755,15645174150.228031,12,1.0,0
3,201711.34535436193,7647339903.800458,4,1.0,0
4,437769.1786221113,14541371779.900042,14,1.0,0
3,201711.9237733192,7647372925.76716,4,1.0,0
4,437768.3965872747,14541375365.564384,14,1.0,0
3,495548.04339447344,17050087132.154953,12,1.0,0
3,402938.2273091001,15274962902.50455,4,1.0,0
4,470293.8318169168,15888970244.155762,14,1.0,0
4,470293.25050218625,15888978004.775066,14,1.0,0
3,402937.93815456243,15274930289.537447,4,1.0,0
4,526091.5884609942,17926442002.97137,14,1.0,0
3,588416.9769845757,22446087547.50597,4,1.0,0
4,526092.0897955566,17926441994.324455,14,1.0,0
3,552729.0363019413,19216940418.595104,12,1.0,0
3,588417.2690380951,22446120160.47381,4,1.0,0
3,453377.50770550425,14930373053.06933,11,0.9090909090909091,0
4,420896.70993280096,13734292435.04556,13,0.9230769230769231,0
3,613915.126295321,22140438558.14915,5,0.8,0
4,420896.76280611457,13734292446.035122,13,0.9230769230769231,0
3,613915.126295321,22140438558.14915,5,0.8,0
3,453365.2027803554,14930360798.467253,11,0.9090909090909091,0
4,420887.16133520595,13734283028.02074,13,0.9230769230769231,0
3,613865.1250904388,22140393105.459114,5,0.8,0
4,420887.2141907725,13734283039.010237,13,0.9230769230769231,0
3,613865.1250904388,22140393105.459114,5,0.8,0
3,453352.9118625717,14930348544.85462,11,0.9090909090909091,0
4,420877.62555509823,13734273621.90869,13,0.9230769230769231,0
4,420877.6783929153,13734273632.898119,13,0.9230769230769231,0
3,613815.1429573891,22140347654.15796,5,0.8,0
3,613815.1429573891,22140347654.15796,5,0.8,0
4,432161.37510001205,14245455010.921988,12,1.0,0
5,403918.06729442376,13199014553.532835,14,1.0,0
3,472565.38557707664,15658853179.03532,10,1.0,0
6,380423.39501262165,12353598295.204184,16,1.0,0
5,403915.3470964818,13199013971.947685,14,1.0,0
4,434264.46152138046,14794051132.053339,12,1.0,0
3,472565.0692266739,15658853158.34048,10,1.0,0
6,389245.3307134204,12920549883.085272,16,1.0,0
5,410229.1978001879,13763682320.847198,14,1.0,0
5,410225.8415268364,13763687114.957682,14,1.0,0
4,479811.02637079946,16639370301.621603,12,1.0,0
6,434738.0418325308,14589049992.998936,16,1.0,0
5,456178.0506322234,15515716106.02145,14,1.0,0
3,472564.7528794452,15658853137.645641,10,1.0,0
5,456181.73262664437,15515716249.687134,14,1.0,0
4,557082.4649720686,19372996514.06302,12,1.0,0
3,472564.5419830561,15658853123.849083,10,1.0,0
6,506004.78486386786,17001164215.36216,16,1.0,0
5,530435.9472241718,18074239685.28393,14,1.0,0
5,530432.1286597631,18074251483.1336,14,1.0,0
4,484893.7804860134,15835844133.057262,11,0.9090909090909091,0
5,450158.47070445574,14567231172.221376,13,0.9230769230769231,0
6,421790.1643930252,13561602126.081854,15,0.9333333333333333,0
5,450155.2429409841,14567230947.933975,13,0.9230769230769231,0
3,312.55205280766546,476533.9640802112,8,1.0,0
4,484881.4764008361,15835831878.265682,11,0.9090909090909091,0
5,450148.92311721656,14567221765.068668,13,0.9230769230769231,0
5,450145.69498382893,14567221540.779633,13,0.9230769230769231,0
6,421782.43424776645,13561594609.00992,15,0.9333333333333333,0
3,312.31302978170567,476504.6667641357,8,1.0,0
4,484869.1854125943,15835819624.40698,11,0.9090909090909091,0
5,450136.15901106055,14567212134.485865,13,0.9230769230769231,0
6,421774.715210056,13561587092.740501,15,0.9333333333333333,0
5,450139.3875142939,14567212358.776539,13,0.9230769230769231,0
3,312.08000347896143,476475.40651958104,8,1.0,0
5,429332.1850252685,14031114359.312332,14,1.0,0
6,435302.7513540193,14037480113.002972,14,1.0,0
2,0.0,0.0,2,1.0,0
6,405248.85910297453,13145131568.690666,16,1.0,0
5,466602.69534047914,15161887147.724731,12,1.0,0
5,449806.99924506084,15099177837.33128,14,1.0,0
6,435302.2064818183,14037480076.677982,14,1.0,0
6,427554.91214965103,14184477650.797543,16,1.0,0
5,466602.22807801043,15161887116.811268,12,1.0,0
2,0.0,0.0,2,1.0,0
5,509215.79721658584,17325084884.334225,14,1.0,0
6,435301.6616143881,14037480040.352991,14,1.0,0
5,466601.76081974973,15161887085.897806,12,1.0,0
2,0.0,0.0,2,1.0,0
6,485558.51351433434,16294231122.474495,16,1.0,0
5,477305.0437416898,15607541057.016102,13,0.9230769230769231,0
6,447223.7447380492,14530089533.180408,15,0.9333333333333333,0
2,0.0,0.0,2,1.0,0
5,277.2916635361883,425958.39589351654,10,1.0,0
6,251.14083637865366,388571.23274901725,12,1.0,0
5,477295.48817520816,15607531649.552916,13,0.9230769230769231,0
6,250.87536142414817,388531.0205165169,12,1.0,0
6,447216.00715582626,14530082015.776432,15,0.9333333333333333,0
5,277.03990887796493,425924.5786413886,10,1.0,0
2,0.0,0.0,2,1.0,0
5,477285.9779736426,15607522277.889341,13,0.9230769230769231,0
5,276.73605555554997,425883.98537400353,10,1.0,0
6,250.5686109389578,388485.72987617477,12,1.0,0
6,447208.3070434691,14530074527.04572,15,0.9333333333333333,0
2,0.0,0.0,2,1.0,0
5,477276.44497021876,15607512872.029585,13,0.9230769230769231,0
6,250.27129219502925,388440.4946425533,12,1.0,0
6,447200.5903736626,14530067011.136997,15,0.9333333333333333,0
5,276.4405501690694,425843.4423640271,10,1.0,0
2,0.0,0.0,2,1.0,0
5,455799.31766790466,15147684529.773584,14,1.0,0
5,145589.2207778447,5047969834.246885,6,1.0,0
8,118865.57783460928,3910620524.2169213,10,1.0,0
6,431039.2095338843,14201138034.26067,16,1.0,0
3,162791.5498244611,6181205630.140583,4,1.0,0
7,130507.76496541443,4371998964.579704,8,1.0,0
5,477960.1073285071,16173564671.156418,14,1.0,0
8,258950.0997508765,8543874831.672026,10,1.0,0
7,284304.84206616646,9551890315.523527,8,1.0,0
5,317157.86190833524,11028685055.814404,6,1.0,0
6,454365.8536859,15193732126.619308,16,1.0,0
3,354612.4217564861,13504603706.568178,4,1.0,0
5,525353.7788555305,17947487157.3507,14,1.0,0
5,482668.45525391446,16834302441.88649,6,1.0,0
6,500779.95310566964,16877292383.439642,16,1.0,0
8,394087.0408576709,13041474510.460762,10,1.0,0
7,432671.0837041393,14580124821.432705,8,1.0,0
3,539664.0540987822,20613641102.81833,4,1.0,0
5,410994.6047069762,13392289663.047026,13,0.9230769230769231,0
8,442737.5711073712,14558625315.580101,11,0.9090909090909091,0
6,385093.24437098537,12467768267.206455,15,0.9333333333333333,0
3,599482.8508992563,21589105223.86639,5,0.8,0
7,482623.25436827826,16094566617.248833,9,0.8888888888888888,0
5,534054.9448502021,18248390104.842022,7,0.8571428571428571,0
5,410985.05343982513,13392280255.85145,13,0.9230769230769231,0
6,385085.5107689843,12467760750.070425,15,0.9333333333333333,0
8,442724.4583236436,14558613007.877855,11,0.9090909090909091,0
5,534027.6355748072,18248364461.443466,7,0.8571428571428571,0
3,599432.8464492082,21589059770.793633,5,0.8,0
7,482605.25177985785,16094549632.53083,9,0.8888888888888888,0
5,410975.5152988638,13392270849.591948,13,0.9230769230769231,0
6,385077.78933291364,12467753233.807316,15,0.9333333333333333,0
8,442711.35964058817,14558600701.189342,11,0.9090909090909091,0
3,599382.8615296737,21589014319.145218,5,0.8,0
7,482587.2647836463,16094532648.927248,9,0.8888888888888888,0
5,534000.3438353628,18248338819.293076,7,0.8571428571428571,0
5,394352.4280485486,12869673075.906975,14,1.0,0
5,426007.2108892126,13938982032.093298,12,1.0,0
6,371425.63664753834,12045640810.490564,16,1.0,0
9,373827.06079567503,12071955499.427307,16,1.0,0
3,461450.58039495896,15268923183.632988,10,1.0,0
9,335304.2991463874,10782711051.421814,20,1.0,0
5,402644.6599341112,13518469909.975298,14,1.0,0
3,461450.2640388356,15268923162.938053,10,1.0,0
6,382219.0293682407,12692741210.057154,16,1.0,0
5,426006.74365316064,13938982001.180397,12,1.0,0
9,373826.47507410886,12071955460.164085,16,1.0,0
9,348586.10880324745,11410447996.190716,20,1.0,0
5,452719.3281512931,15423123644.290878,14,1.0,0
9,395652.58989744436,13065468876.58918,20,1.0,0
5,426006.2764217177,13938981970.2675,12,1.0,0
3,461449.9476859628,15268923142.24312,10,1.0,0
6,431546.0675413026,14503557973.15129,16,1.0,0
9,373825.88935804507,12071955420.900864,16,1.0,0
5,531977.8151877365,18176948929.549232,14,1.0,0
5,426005.887053219,13938981944.506748,12,1.0,0
3,461449.6313363404,15268923121.54819,10,1.0,0
9,465652.6656505475,15407484641.730473,20,1.0,0
9,373825.3524425321,12071955384.909576,16,1.0,0
6,507452.7186588545,17097541860.582401,16,1.0,0
5,462363.085269131,15067659071.863297,13,0.9230769230769231,0
5,275.9207615723519,425678.9162507869,10,1.0,0
9,388209.0180993567,12464042827.520674,19,0.9473684210526315,0
6,433221.8668022634,14027479918.895319,15,0.9333333333333333,0
9,232.6174995543136,359650.4046868078,14,1.0,0
3,312.55205280766546,476533.9640802112,8,1.0,0
5,462353.7766949565,15067649713.494907,13,0.9230769230769231,0
9,232.290174727054,359603.0487232789,14,1.0,0
5,275.66936717742146,425638.63349799963,10,1.0,0
6,433214.32589438197,14027472440.74242,15,0.9333333333333333,0
3,312.31302978170567,476504.6667641357,8,1.0,0
9,388203.63078444806,12464037644.881607,19,0.9473684210526315,0
5,462344.4457219071,15067640320.958096,13,0.9230769230769231,0
6,433206.7687943792,14027464935.437408,15,0.9333333333333333,0
3,312.08000347896143,476475.40651958104,8,1.0,0
5,275.42645721377846,425598.40109056386,10,1.0,0
9,388198.23451371,12464032443.633816,19,0.9473684210526315,0
9,231.9726205897944,359555.7499239647,14,1.0,0
5,441582.2080882176,14484204434.49855,14,1.0,0
11,398161.5853419517,12805528100.026009,18,1.0,0
6,447107.07759276015,14519707480.449986,14,1.0,0
2,0.0,0.0,2,1.0,0
6,19.886343722933752,1948.8616848475076,6,1.0,0
10,30.79249547824563,3017.664556868072,10,1.0,0
5,456973.42634724226,15388167214.261353,14,1.0,0
2,0.0,0.0,2,1.0,0
10,31.591841422184373,3096.0004593740687,10,1.0,0
6,447106.8354358883,14519707464.3059,14,1.0,0
11,398161.1405945409,12805528070.085695,18,1.0,0
6,20.91889098398861,2050.051316430884,6,1.0,0
5,516456.56651874917,17628318705.537125,14,1.0,0
6,447106.4722040213,14519707440.089777,14,1.0,0
2,0.0,0.0,2,1.0,0
11,398160.6554095635,12805528037.423532,18,1.0,0
6,21.762352813976708,2132.7105757697177,6,1.0,0
10,32.231109885395576,3158.648768768767,10,1.0,0
5,502879.3988434924,16429279299.596985,13,0.9230769230769231,0
10,32.906601836781086,3224.8469800045464,10,1.0,0
6,22.68038800373574,2222.6780243661024,6,1.0,0
11,219.2067137049715,336610.9129329192,16,1.0,0
2,0.0,0.0,2,1.0,0
6,254.66179294876332,388941.5832823118,12,1.0,0
5,502869.8755226767,16429269926.985176,13,0.9230769230769231,0
10,33.6161336926846,3294.38110188309,10,1.0,0
6,254.45644682996996,388911.4003120723,12,1.0,0
2,0.0,0.0,2,1.0,0
6,23.664319132398465,2319.1032749750493,6,1.0,0
11,218.96297251666394,336572.66637909465,16,1.0,0
5,502860.3287761513,16429260520.13353,13,0.9230769230769231,0
11,218.72993241285778,336534.4839696719,16,1.0,0
10,34.35759660460033,3367.044467250833,10,1.0,0
6,254.2595160759013,388881.26888242643,12,1.0,0
6,24.706274506691614,2421.2149016557782,6,1.0,0
2,0.0,0.0,2,1.0,0
5,502850.8267904697,16429251149.039265,13,0.9230769230769231,0
11,218.50762763192807,336496.3657264865,16,1.0,0
6,25.79922479455536,2528.3240298664255,6,1.0,0
10,35.12896873585168,3442.6389361134643,10,1.0,0
6,254.07102025483613,388851.1890053556,12,1.0,0
2,0.0,0.0,2,1.0,0
5,479647.83751520916,15889936446.09207,14,1.0,0
9,24.262682823170604,2377.742916670719,10,1.0,0
6,119882.40044362225,4032320310.0324907,8,1.0,0
2,0.0,0.0,2,1.0,0
9,24.262682823170604,2377.742916670719,10,1.0,0
4,23.094010767585033,2263.213055223333,4,1.0,0
5,503667.77008139924,17039361462.258198,14,1.0,0
9,24.824047480887025,2432.756653126928,10,1.0,0
4,22.516660498395403,2206.6327288427497,4,1.0,0
9,24.824047480887025,2432.756653126928,10,1.0,0
2,0.0,0.0,2,1.0,0
6,299948.6221533555,10105015607.267483,8,1.0,0
5,559422.4877256048,19128715175.338875,14,1.0,0
2,0.0,0.0,2,1.0,0
9,25.538859280189733,2502.808209458594,10,1.0,0
6,470724.4843439093,15908717974.291609,8,1.0,0
9,25.538859280189733,2502.808209458594,10,1.0,0
4,22.516660498395403,2206.6327288427497,4,1.0,0
5,474949.9047120654,15524162741.551605,13,0.9230769230769231,0
2,0.0,0.0,2,1.0,0
6,557724.6956369046,18656609160.761906,9,0.8888888888888888,0
9,26.29511995282268,2576.9217553766225,10,1.0,0
4,22.516660498395403,2206.6327288427497,4,1.0,0
9,26.29511995282268,2576.9217553766225,10,1.0,0
5,474940.3508085016,15524153334.226357,13,0.9230769230769231,0
2,0.0,0.0,2,1.0,0
9,27.089358304200072,2654.757113811607,10,1.0,0
6,557706.6896328162,18656592175.910965,9,0.8888888888888888,0
4,22.516660498395403,2206.6327288427497,4,1.0,0
9,27.089358304200072,2654.757113811607,10,1.0,0
5,474930.8082634181,15524143927.708637,13,0.9230769230769231,0
9,27.91833328358506,2735.996661791336,10,1.0,0
6,557688.6971209834,18656575192.021416,9,0.8888888888888888,0
9,27.91833328358506,2735.996661791336,10,1.0,0
2,0.0,0.0,2,1.0,0
4,22.516660498395403,2206.6327288427497,4,1.0,0
5,459206.13004011346,14958456374.296722,14,1.0,0
10,30.19369289949626,2958.9819041506335,12,1.0,0
10,30.19369289949626,2958.9819041506335,12,1.0,0
6,34.88266044899672,3418.5007240016785,6,1.0,0
2,0.0,0.0,2,1.0,0
7,408954.48396254954,13192716661.897364,18,1.0,0
5,455223.1315583142,15213610428.05001,14,1.0,0
8,29.36816114244964,2878.0797919600645,10,1.0,0
7,409960.25293548655,13482758972.576845,18,1.0,0
6,35.33081752049713,3462.420117008718,6,1.0,0
8,29.36816114244964,2878.0797919600645,10,1.0,0
2,0.0,0.0,2,1.0,0
5,479370.66869943205,16427847838.0898,14,1.0,0
8,29.36816114244964,2878.0797919600645,10,1.0,0
7,435108.53495654324,14605164907.26412,18,1.0,0
6,35.33081752049713,3462.420117008718,6,1.0,0
2,0.0,0.0,2,1.0,0
8,29.36816114244964,2878.0797919600645,10,1.0,0
5,537191.8845031075,18670729623.20776,14,1.0,0
8,29.36816114244964,2878.0797919600645,10,1.0,0
8,29.36816114244964,2878.0797919600645,10,1.0,0
7,489829.0937026193,16624625728.294743,18,1.0,0
2,0.0,0.0,2,1.0,0
6,35.33081752049713,3462.420117008718,6,1.0,0
5,422928.1557752284,14336110082.838612,13,0.9230769230769231,0
8,29.36816114244964,2878.0797919600645,10,1.0,0
8,29.36816114244964,2878.0797919600645,10,1.0,0
6,35.33081752049713,3462.420117008718,6,1.0,0
7,374015.68812098016,12536935041.269165,17,0.9411764705882353,0
2,0.0,0.0,2,1.0,0
5,422918.8183955518,14336100690.359362,13,0.9230769230769231,0
8,29.36816114244964,2878.0797919600645,10,1.0,0
8,29.36816114244964,2878.0797919600645,10,1.0,0
2,0.0,0.0,2,1.0,0
7,374009.3699527735,12536928863.708666,17,0.9411764705882353,0
6,35.33081752049713,3462.420117008718,6,1.0,0
5,422909.56209762214,14336091303.291878,13,0.9230769230769231,0
2,0.0,0.0,2,1.0,0
8,29.36816114244964,2878.0797919600645,10,1.0,0
8,29.36816114244964,2878.0797919600645,10,1.0,0
7,374003.1071577245,12536922689.890718,17,0.9411764705882353,0
6,35.33081752049713,3462.420117008718,6,1.0,0
4,474861.134532051,16345045629.128473,10,1.0,0
8,28.924422590990858,2834.593413917104,10,1.0,0
8,25.645592770911506,2513.268091549328,8,1.0,0
4,0.5,49.0,4,1.0,0
6,408967.0842582338,13814752292.143902,14,1.0,0
10,30.28751117760146,2968.1760954049428,12,1.0,0
4,0.9574271077563381,93.82785656012113,4,1.0,0
4,474860.92381121917,16345045615.333393,10,1.0,0
8,29.66928827367901,2907.5902508205427,10,1.0,0
6,408966.60024860356,13814752259.859072,14,1.0,0
8,26.087421709102866,2556.567327492081,8,1.0,0
10,30.909937599811528,3029.1738847815295,12,1.0,0
4,474860.60773260373,16345045594.640774,10,1.0,0
10,31.52295940575646,3089.250021764133,12,1.0,0
8,26.800519717775195,2626.4509323419693,8,1.0,0
4,2.6299556396765835,257.73565268830515,4,1.0,0
6,408966.0557508894,13814752223.538641,14,1.0,0
8,30.58975863476751,2997.7963462072157,10,1.0,0
4,310.02626616834533,476175.22304294666,8,1.0,0
4,4.349329450233296,426.234286122863,4,1.0,0
8,31.534108517603602,3090.342634725153,10,1.0,0
8,27.565182490132106,2701.3878840329467,8,1.0,0
10,32.166705919272644,3152.337180088719,12,1.0,0
6,251.28301079689317,388595.2990885208,12,1.0,0
4,309.86206608747705,476146.3834179569,8,1.0,0
8,32.50025640924494,3185.025128106004,10,1.0,0
10,32.839370311019096,3218.2582904798714,12,1.0,0
6,250.96208816665856,388549.92947515956,12,1.0,0
4,6.075908711186061,595.439053696234,4,1.0,0
8,28.37724188752066,2780.969704977025,8,1.0,0
4,309.70400615518594,476117.58094823593,8,1.0,0
8,33.48631561299829,3281.658930073833,10,1.0,0
6,250.65054751525474,388504.61524094554,12,1.0,0
4,7.804912982645397,764.8814722992489,4,1.0,0
10,33.5392126902047,3286.8428436400604,12,1.0,0
8,29.232748270194705,2864.809330479081,8,1.0,0
4,309.55209577710826,476088.8156405273,8,1.0,0
8,30.128000739701076,2952.5440724907053,8,1.0,0
8,34.469954710991104,3378.055561677128,10,1.0,0
4,9.535023160258536,934.4322697053365,4,1.0,0
10,34.21544928386839,3353.114029819102,12,1.0,0
6,250.3815270560292,388464.3824284476,12,1.0,0
2,0.0,0.0,2,1.0,0
5,17.443241289011244,1709.437646323102,6,1.0,0
2,0.0,0.0,2,1.0,0
6,26.837784309936367,2630.1028623737643,6,1.0,0
6,30.76524012583032,3014.993532331371,8,1.0,0
8,29.219666132399407,2863.527280975142,10,1.0,0
2,0.0,0.0,2,1.0,0
6,32.03011975357837,3138.9517358506805,8,1.0,0
6,26.93696345173301,2639.822418269835,6,1.0,0
5,17.88854381999832,1753.0772943598352,6,1.0,0
8,30.123634132244625,2952.116144959973,10,1.0,0
2,0.0,0.0,2,1.0,0
2,0.0,0.0,2,1.0,0
2,0.0,0.0,2,1.0,0
6,33.26087362481199,3259.5656152315755,8,1.0,0
8,31.05210674549045,3043.106461058064,10,1.0,0
6,26.93696345173301,2639.822418269835,6,1.0,0
5,17.88854381999832,1753.0772943598352,6,1.0,0
2,0.0,0.0,2,1.0,0
5,17.88854381999832,1753.0772943598352,6,1.0,0
2,0.0,0.0,2,1.0,0
6,34.50362299817223,3381.355053820879,8,1.0,0
6,26.93696345173301,2639.822418269835,6,1.0,0
8,32.00364562566792,3136.3572713154563,10,1.0,0
2,0.0,0.0,2,1.0,0
8,32.97625408279924,3231.672900114325,10,1.0,0
2,0.0,0.0,2,1.0,0
6,26.93696345173301,2639.822418269835,6,1.0,0
6,35.75711717366808,3504.1974830194717,8,1.0,0
5,17.88854381999832,1753.0772943598352,6,1.0,0
2,0.0,0.0,2,1.0,0
8,33.691574944223404,3301.7743445338933,10,1.0,0
6,26.447432137481073,2591.848349473145,6,1.0,0
2,0.0,0.0,2,1.0,0
5,17.443241289011244,1709.437646323102,6,1.0,0
6,36.7267905330311,3599.225472237048,8,1.0,0
2,0.0,0.0,2,1.0,0
2,0.0,0.0,2,1.0,0
5,36.23626176451796,3551.1536529227606,6,1.0,0
8,32.21886955738137,3157.4492166233736,10,1.0,0
6,36.34261567754465,3561.576336399376,8,1.0,0
6,26.20496136230695,2568.0862135060806,6,1.0,0
2,0.0,0.0,2,1.0,0
7,31.216982557575932,3059.264290642441,8,1.0,0
5,37.23797345005051,3649.3213981049503,6,1.0,0
5,36.736902427940215,3600.2164379381416,6,1.0,0
2,0.0,0.0,2,1.0,0
6,27.08320512790168,2654.154102534365,6,1.0,0
2,0.0,0.0,2,1.0,0
2,0.0,0.0,2,1.0,0
6,28.5499562171293,2797.8957092786713,6,1.0,0
7,32.438953655839676,3179.0174582722884,8,1.0,0
5,38.74360162228941,3796.872958984362,6,1.0,0
5,38.241338888694784,3747.651211092089,6,1.0,0
2,0.0,0.0,2,1.0,0
6,30.024989592004857,2942.448980016476,6,1.0,0
5,40.2525361519826,3944.7485428942955,6,1.0,0
2,0.0,0.0,2,1.0,0
5,39.74921382870358,3895.422955212951,6,1.0,0
7,33.67385590378048,3300.037878570487,8,1.0,0
2,0.0,0.0,2,1.0,0
5,41.26015026632841,4043.494726100184,6,1.0,0
7,34.92031745887444,3422.1911109696957,8,1.0,0
6,31.507142047478695,3087.699920652912,6,1.0,0
5,41.76441866788842,4092.913029453065,6,1.0,0
2,0.0,0.0,2,1.0,0
2,0.0,0.0,2,1.0,0
5,42.77382377108691,4191.834729566517,6,1.0,0
5,43.27894022115915,4241.336141673596,6,1.0,0
7,36.17714353408398,3545.36006634023,8,1.0,0
2,0.0,0.0,2,1.0,0
6,32.995454232363585,3233.5545147716316,6,1.0,0
2,0.0,0.0,2,1.0,0
5,43.94845465618406,4306.948556306038,6,1.0,0
2,0.0,0.0,2,1.0,0
5,44.45522091573347,4356.61164974188,6,1.0,0
6,34.489128721961066,3379.9346147521846,6,1.0,0
7,37.15123531881929,3640.8210612442904,8,1.0,0
4,11.547005383792516,1131.6065276116665,4,1.0,0
3,44.45597072760118,4356.685131304916,4,1.0,0
2,0.0,0.0,2,1.0,0
5,35.73606954698106,3502.134815604143,6,1.0,0
3,45.033320996790806,4413.265457685499,4,1.0,0
5,37.23797345005051,3649.3213981049503,6,1.0,0
2,0.0,0.0,2,1.0,0
4,11.547005383792516,1131.6065276116665,4,1.0,0
3,46.76537180435969,4583.00643682725,4,1.0,0
3,46.188021535170066,4526.426110446666,4,1.0,0
2,0.0,0.0,2,1.0,0
3,47.92007234273894,4696.167089588416,4,1.0,0
4,11.547005383792516,1131.6065276116665,4,1.0,0
3,48.49742261192856,4752.747415968999,4,1.0,0
5,38.74360162228941,3796.872958984362,6,1.0,0
2,0.0,0.0,2,1.0,0
3,50.22947341949744,4922.4883951107495,4,1.0,0
4,11.547005383792516,1131.6065276116665,4,1.0,0
5,40.2525361519826,3944.7485428942955,6,1.0,0
3,49.652123150307816,4865.908068730166,4,1.0,0
3,51.96152422706632,5092.229374252499,4,1.0,0
2,0.0,0.0,2,1.0,0
4,11.547005383792516,1131.6065276116665,4,1.0,0
5,41.76441866788842,4092.913029453065,6,1.0,0
3,51.3841739578767,5035.649047871916,4,1.0,0
3,53.11622476544557,5205.3900270136655,4,1.0,0
5,42.93561070564464,4207.689849153175,6,1.0,0
2,0.0,0.0,2,1.0,0
3,52.53887449625594,5148.809700633083,4,1.0,0
4,10.969655114602888,1075.0262012310832,4,1.0,0
4,10.969655114602888,1075.0262012310832,4,1.0,0
5,44.45522091573347,4356.61164974188,6,1.0,0
2,0.0,0.0,2,1.0,0
3,54.84827557301445,5375.131006155416,4,1.0,0
3,54.270925303824825,5318.550679774832,4,1.0,0
2,0.0,0.0,2,1.0,0
2,0.0,0.0,2,1.0,0
2,0.0,0.0,2,1.0,0
4,44.45597072760118,4356.685131304916,4,1.0,0
4,44.746508243660756,4385.157807878754,4,1.0,0
4,46.188021535170066,4526.426110446666,4,1.0,0
2,0.0,0.0,2,1.0,0
2,0.0,0.0,2,1.0,0
4,46.47848964843845,4554.891985546968,4,1.0,0
2,0.0,0.0,2,1.0,0
4,47.92007234273894,4696.167089588416,4,1.0,0
2,0.0,0.0,2,1.0,0
4,48.21047603996459,4724.62665191653,4,1.0,0
2,0.0,0.0,2,1.0,0
2,0.0,0.0,2,1.0,0
2,0.0,0.0,2,1.0,0
2,0.0,0.0,2,1.0,0
4,49.652123150307816,4865.908068730166,4,1.0,0
4,49.94246689942338,4894.361756143491,4,1.0,0
2,0.0,0.0,2,1.0,0
4,51.674461777555074,5064.097254200397,4,1.0,0
2,0.0,0.0,2,1.0,0
4,51.3841739578767,5035.649047871916,4,1.0,0
2,0.0,0.0,2,1.0,0
2,0.0,0.0,2,1.0,0
2,0.0,0.0,2,1.0,0
4,53.406460283377704,5233.8331077710145,4,1.0,0
2,0.0,0.0,2,1.0,0
2,0.0,0.0,2,1.0,0
4,53.11622476544557,5205.3900270136655,4,1.0,0
4,54.84827557301445,5375.131006155416,4,1.0,0
2,0.0,0.0,2,1.0,0
4,55.13846207503434,5403.569283353365,4,1.0,0
2,0.0,0.0,2,1.0,0
2,0.0,0.0,2,1.0,0
2,1103.7936854322006,5549864958.747562,2,1.0,0
2,0.0,0.0,2,1.0,0
2,1103.0865786510142,5549910987.156377,2,1.0,0
2,1103.0865786510142,5549910987.156377,2,1.0,0
2,0.0,0.0,2,1.0,0
3,103240.27540322302,3928300356.583503,4,1.0,0
2,3554.6257890247743,16382084473.241621,2,1.0,0
3,304550.22741344874,11595476439.848347,4,1.0,0
2,3553.9186822435877,16382131033.394733,2,1.0,0
2,3554.6257890247743,16382131080.063782,2,1.0,0
2,0.0,0.0,2,1.0,0
2,0.0,0.0,2,1.0,0
2,5530.282135659988,27252643464.489822,2,1.0,0
2,5528.160815316429,27252689399.560543,2,1.0,0
2,0.0,0.0,2,1.0,0
3,506812.7351155783,19289773865.3878,4,1.0,0
2,0.0,0.0,2,1.0,0
2,5529.575028878801,27252689492.89864,2,1.0,0
2,676640.0220355971,29708769761.23697,3,0.6666666666666666,0
2,0.0,0.0,2,1.0,0
2,676639.4381153082,29708769685.0268,3,0.6666666666666666,0
2,676639.4381153082,29708769685.0268,3,0.6666666666666666,0
3,641926.055629229,23020941779.16558,5,0.8,0
2,0.0,0.0,2,1.0,0
2,676485.2955172049,29708652523.714188,3,0.6666666666666666,0
2,0.0,0.0,2,1.0,0
3,641877.1386532628,23020896390.80623,5,0.8,0
2,0.0,0.0,2,1.0,0
2,676484.7115954161,29708652447.504013,3,0.6666666666666666,0
2,676484.7115954161,29708652447.504013,3,0.6666666666666666,0
2,676331.1463380938,29708535725.016827,3,0.6666666666666666,0
3,641828.4227519064,23020851173.135998,5,0.8,0
2,676330.5624148101,29708535648.806652,3,0.6666666666666666,0
2,0.0,0.0,2,1.0,0
2,676330.5624148101,29708535648.806652,3,0.6666666666666666,0
2,0.0,0.0,2,1.0,0
2,676176.4198227659,29708418490.248295,3,0.6666666666666666,0
2,0.0,0.0,2,1.0,0
3,641779.5430162915,23020805787.445755,5,0.8,0
2,676175.835897981,29708418414.038124,3,0.6666666666666666,0
2,0.0,0.0,2,1.0,0
2,676175.835897981,29708418414.038124,3,0.6666666666666666,0
3,478690.9953593236,16417674587.4095,10,1.0,0
2,542464.0607572707,18202510165.127995,8,1.0,0
4,494113.16323198896,16281607314.82801,10,1.0,0
4,448553.8620841493,15071843678.949404,12,1.0,0
3,511482.93991235807,18150936183.8046,10,1.0,0
4,485596.04504775646,16735855094.712719,12,1.0,0
4,494112.84686023113,16281607294.132864,10,1.0,0
2,542464.0607572707,18202510165.127995,8,1.0,0
3,592838.8334085037,21260911909.540592,10,1.0,0
4,565244.2961139579,19629055203.68668,12,1.0,0
2,542464.0607572707,18202510165.127995,8,1.0,0
4,494112.53049150883,16281607273.437716,10,1.0,0
3,580928.6589503578,19288169001.272057,9,0.8888888888888888,0
4,314.29774327629434,476730.22639853664,8,1.0,0
4,532934.15637653,17447470194.392826,11,0.9090909090909091,0
2,364.1574750937658,550606.1023417739,6,1.0,0
3,580911.782563196,19288152089.330784,9,0.8888888888888888,0
4,532921.8478024879,17447457939.33113,11,0.9090909090909091,0
2,364.1574750937658,550606.1023417739,6,1.0,0
4,314.0191076988787,476700.68211404944,8,1.0,0
3,580894.9194239245,19288135178.32057,9,0.8888888888888888,0
4,532909.5511445208,17447445685.116135,11,0.9090909090909091,0
4,313.7463716352521,476671.17485537136,8,1.0,0
2,364.1574750937658,550606.1023417739,6,1.0,0
3,549810.3174987211,18225941781.056274,10,1.0,0
3,33960.08168791707,1287245876.1082184,4,1.0,0
5,30369.645659770216,1051242345.5125687,6,1.0,0
5,475332.9079102131,15428227713.764948,14,1.0,0
3,33960.659037333186,1287278478.1195292,4,1.0,0
3,538793.8823193584,18533026777.57305,10,1.0,0
3,234236.58486720215,8877277467.043598,4,1.0,0
5,209502.38443169728,7249696601.804414,6,1.0,0
3,234237.45052332402,8877310058.099117,4,1.0,0
5,476543.2523534102,15824073539.899406,14,1.0,0
3,566796.7353928959,20031807486.5664,10,1.0,0
5,389206.4596517723,13478507013.041323,6,1.0,0
3,435152.0326292103,16504452716.30943,4,1.0,0
3,435152.89785804023,16504485307.364912,4,1.0,0
5,510036.79413031106,17205225558.232624,14,1.0,0
3,627899.7637919695,22452522242.90499,10,1.0,0
5,569435.7809479698,19332932859.489285,14,1.0,0
5,566989.9152671942,19632602862.984333,6,1.0,0
3,633920.5899251105,24040168596.960182,4,1.0,0
3,633919.435226328,24040135596.905106,4,1.0,0
3,508060.03449715464,16824896804.336252,9,0.8888888888888888,0
3,631111.2721040561,22568776360.50287,5,0.8,0
5,432698.09863912076,14000057623.627327,13,0.9230769230769231,0
5,562248.5807463083,19076501046.06218,7,0.8571428571428571,0
3,631111.2721040561,22568776360.50287,5,0.8,0
3,508043.16393428727,16824879892.68778,9,0.8888888888888888,0
3,631061.2709502145,22568730906.73767,5,0.8,0
3,631061.2709502145,22568730906.73767,5,0.8,0
5,432688.5515590506,14000048216.50978,13,0.9230769230769231,0
5,562221.2766262391,19076475402.44067,7,0.8571428571428571,0
3,508026.30851990444,16824862982.106682,9,0.8888888888888888,0
3,631011.2883484733,22568685454.33498,5,0.8,0
3,631011.2883484733,22568685454.33498,5,0.8,0
5,432679.0169469357,14000038810.287676,13,0.9230769230769231,0
5,562193.9891632053,19076449760.013138,7,0.8571428571428571,0
3,441841.27883479116,14511183750.102148,12,1.0,0
4,413582.3100446556,13453694165.448551,14,1.0,0
6,389940.3260402321,12597760913.442955,16,1.0,0
4,413582.37380401336,13453693795.360893,14,1.0,0
6,389939.64519507694,12597760847.761087,16,1.0,0
3,451963.10989426496,15377427025.523653,12,1.0,0
4,427634.44420357695,14315829018.253027,14,1.0,0
6,406208.82722535194,13445260986.02171,16,1.0,0
4,427634.73079443845,14315841028.005764,14,1.0,0
6,406209.4488328599,13445261046.147734,16,1.0,0
3,489240.38025428366,16902646643.1831,12,1.0,0
6,452533.353861348,15158270449.91001,16,1.0,0
4,474758.7387055684,16119343516.234932,14,1.0,0
6,452532.85738768463,15158270400.025583,16,1.0,0
4,465032.4184100171,15760733560.09079,14,1.0,0
3,450454.9542749984,14872367889.12335,11,0.9090909090909091,0
6,391826.39420229394,12736480782.225967,15,0.9333333333333333,0
6,391826.39420229394,12736480782.225967,15,0.9333333333333333,0
4,418180.8308791876,13680930739.060251,13,0.9230769230769231,0
4,418180.8308791876,13680930739.060251,13,0.9230769230769231,0
3,450442.68571538705,14872355679.64963,11,0.9090909090909091,0
6,391818.68259602645,12736473292.680342,15,0.9333333333333333,0
6,391818.68259602645,12736473292.680342,15,0.9333333333333333,0
4,418171.308288518,13680921366.523148,13,0.9230769230769231,0
4,418171.308288518,13680921366.523148,13,0.9230769230769231,0
3,450430.3862880075,14872343425.505507,11,0.9090909090909091,0
4,418161.7644438665,13680911959.899492,13,0.9230769230769231,0
6,391810.9558669236,12736465776.058937,15,0.9333333333333333,0
6,391810.9558669236,12736465776.058937,15,0.9333333333333333,0
4,418161.7644438665,13680911959.899492,13,0.9230769230769231,0
3,450418.100959562,14872331172.354689,11,0.9090909090909091,0
4,418152.2335004599,13680902554.192163,13,0.9230769230769231,0
4,418152.2335004599,13680902554.192163,13,0.9230769230769231,0
6,391803.29525741795,12736458263.912722,15,0.9333333333333333,0
6,391803.29525741795,12736458263.912722,15,0.9333333333333333,0
4,400018.41293348506,13325266959.516933,14,1.0,0
8,380355.72061251645,12332132537.992077,16,1.0,0
4,433449.333292307,14239402184.219675,12,1.0,0
8,380355.72061251645,12332132537.992077,16,1.0,0
6,404376.39680963976,13183401494.720312,14,1.0,0
4,438503.1725992025,14910080001.42889,14,1.0,0
8,380355.23252410593,12332132505.273178,16,1.0,0
8,380355.23252410593,12332132505.273178,16,1.0,0
6,404375.9124800412,13183401462.432453,14,1.0,0
4,433448.86605405423,14239402153.307209,12,1.0,0
4,520389.14990222076,17755486624.012894,14,1.0,0
8,380354.64682276023,12332132466.010502,16,1.0,0
8,380354.64682276023,12332132466.010502,16,1.0,0
6,404375.367605533,13183401426.10861,14,1.0,0
4,433448.39882033144,14239402122.394743,12,1.0,0
4,517827.33598541946,16758373117.28384,13,0.9230769230769231,0
8,233.2683216600786,359821.57035049266,14,1.0,0
8,233.2683216600786,359821.57035049266,14,1.0,0
4,277.1871409555485,425946.5159573181,10,1.0,0
6,253.46023536067923,388875.093676698,12,1.0,0
4,517817.7816869981,16758363709.643747,13,0.9230769230769231,0
4,276.8791152189786,425905.8955123511,10,1.0,0
8,232.90454583912154,359774.00329345954,14,1.0,0
8,232.90454583912154,359774.00329345954,14,1.0,0
6,253.08281073772886,388829.3845642406,12,1.0,0
4,517808.2378064965,16758354302.751705,13,0.9230769230769231,0
6,252.7145353232306,388783.7307116395,12,1.0,0
8,232.5504081004639,359726.4933178057,14,1.0,0
8,232.5504081004639,359726.4933178057,14,1.0,0
4,276.57942399567213,425865.32531702763,10,1.0,0
6,470914.4856107414,15104965897.928158,16,1.0,0
10,29.222517953721162,2863.678628772595,10,1.0,0
10,29.222517953721162,2863.678628772595,10,1.0,0
8,23.67035517869798,2316.6776704089475,8,1.0,0
2,0.0,0.0,2,1.0,0
6,26.93696345173301,2637.355645338717,6,1.0,0
6,470526.4246753842,15438127128.383215,16,1.0,0
10,29.374213937473193,2878.4728667202066,10,1.0,0
8,23.676389686171085,2317.1248193766837,8,1.0,0
6,27.045640437354532,2647.779044155057,6,1.0,0
10,29.374213937473193,2878.4728667202066,10,1.0,0
2,0.0,0.0,2,1.0,0
6,508422.3398679487,16969645735.292366,16,1.0,0
10,29.374213937473193,2878.4728667202066,10,1.0,0
2,0.0,0.0,2,1.0,0
10,29.374213937473193,2878.4728667202066,10,1.0,0
8,23.676389686171085,2317.1248193766837,8,1.0,0
6,27.045640437354532,2647.779044155057,6,1.0,0
6,580404.3057694029,19513745952.302906,16,1.0,0
2,0.0,0.0,2,1.0,0
6,27.045640437354532,2647.779044155057,6,1.0,0
10,29.374213937473193,2878.4728667202066,10,1.0,0
8,23.676389686171085,2317.1248193766837,8,1.0,0
10,29.374213937473193,2878.4728667202066,10,1.0,0
6,471194.07907664304,15327957273.87612,15,0.9333333333333333,0
2,0.0,0.0,2,1.0,0
8,23.676389686171085,2317.1248193766837,8,1.0,0
6,27.045640437354532,2647.779044155057,6,1.0,0
10,29.374213937473193,2878.4728667202066,10,1.0,0
10,29.374213937473193,2878.4728667202066,10,1.0,0
6,471186.34662790515,15327949756.838356,15,0.9333333333333333,0
10,29.374213937473193,2878.4728667202066,10,1.0,0
8,23.676389686171085,2317.1248193766837,8,1.0,0
6,27.045640437354532,2647.779044155057,6,1.0,0
10,29.374213937473193,2878.4728667202066,10,1.0,0
2,0.0,0.0,2,1.0,0
6,471178.67827687494,15327942244.131268,15,0.9333333333333333,0
10,29.36816114244964,2878.024940050999,10,1.0,0
2,0.0,0.0,2,1.0,0
6,26.93696345173301,2637.355645338717,6,1.0,0
10,29.36816114244964,2878.024940050999,10,1.0,0
8,23.547823678633232,2304.7267578980873,8,1.0,0
6,453569.7309996878,14809558094.096296,16,1.0,0
4,56617.08511630272,1958449035.5893552,6,1.0,0
10,42666.77568715357,1385116620.3906558,12,1.0,0
10,42665.76346324434,1385059699.7454298,12,1.0,0
7,46216.27994561128,1517231529.4404378,10,1.0,0
8,46212.16483291433,1517272517.4810922,10,1.0,0
6,460577.00031400827,15292969516.190802,16,1.0,0
10,171081.8581229111,5557270548.806852,12,1.0,0
7,185316.22155503096,6087478825.704642,10,1.0,0
4,226979.44560135837,7857797222.500412,6,1.0,0
10,171081.2350768612,5557213862.593963,12,1.0,0
8,185312.00450858247,6087478810.736324,10,1.0,0
6,493486.4402239057,16555529244.813095,16,1.0,0
8,323147.2815206369,10619065721.704088,10,1.0,0
7,323151.49787773256,10619045369.096731,10,1.0,0
10,298328.69331675646,9694074626.147337,12,1.0,0
10,298329.70507216844,9694131308.95304,12,1.0,0
4,395792.5527377526,13707269020.006538,6,1.0,0
6,384991.4286735052,12378761981.455679,15,0.9333333333333333,0
7,442621.1169944951,14454686779.646492,11,0.9090909090909091,0
8,442617.5209242071,14454686542.870579,11,0.9090909090909091,0
10,410904.96291141433,13296711401.623825,13,0.9230769230769231,0
4,533923.1723496858,18118091994.568714,7,0.8571428571428571,0
10,410905.30487357255,13296711435.965279,13,0.9230769230769231,0
6,384983.7161711178,12378754491.667032,15,0.9333333333333333,0
4,533895.8547575413,18118066349.997154,7,0.8571428571428571,0
10,410895.340455559,13296702001.169353,13,0.9230769230769231,0
7,442607.99709445337,14454674471.189573,11,0.9090909090909091,0
10,410894.99849877425,13296701966.827919,13,0.9230769230769231,0
8,442604.4004919887,14454674234.411469,11,0.9090909090909091,0
6,384975.9887544008,12378746974.82635,15,0.9333333333333333,0
10,410885.04709580645,13296692532.974321,13,0.9230769230769231,0
8,442591.2941638143,14454661926.973373,11,0.9090909090909091,0
10,410885.38904720667,13296692567.315735,13,0.9230769230769231,0
4,533868.5547048253,18118040706.68273,7,0.8571428571428571,0
7,442594.89129837253,14454662163.753674,11,0.9090909090909091,0
6,384968.32767746097,12378739462.485674,15,0.9333333333333333,0
4,533841.2721942285,18118015064.62545,7,0.8571428571428571,0
8,442578.29187574773,14454649626.475859,11,0.9090909090909091,0
10,410875.1770086753,13296683104.600584,13,0.9230769230769231,0
10,410875.5189547166,13296683138.941978,13,0.9230769230769231,0
7,442581.7996075055,14454649857.338795,11,0.9090909090909091,0
7,373721.40591620293,11985772198.663486,16,1.0,0
4,425889.79671495897,13839463645.970003,12,1.0,0
7,373722.64983749983,11985772261.907604,16,1.0,0
8,373720.74618552084,11985772134.299564,16,1.0,0
9,353828.1811117504,11300430243.068178,18,1.0,0
9,353828.52518902597,11300430275.5418,18,1.0,0
7,373720.8690172386,11985772162.671484,16,1.0,0
7,373722.2105679063,11985772232.459604,16,1.0,0
9,353828.08043767867,11300430245.600767,18,1.0,0
8,373720.30693977885,11985772104.851572,16,1.0,0
4,425889.3294376113,13839463615.056458,12,1.0,0
9,353827.73636017385,11300430213.127146,18,1.0,0
7,373720.283297281,11985772123.407478,16,1.0,0
8,373719.8676995411,11985772075.403582,16,1.0,0
4,425888.86216487386,13839463584.142914,12,1.0,0
9,353827.5952440301,11300430212.93782,18,1.0,0
7,373721.771303817,11985772203.011606,16,1.0,0
9,353827.2511662751,11300430180.464197,18,1.0,0
7,232.0868537688158,359591.3861494448,14,1.0,0
7,233.65397775060737,359780.5014908854,14,1.0,0
9,218.40870518365335,336473.5333785557,16,1.0,0
9,218.3837219208428,336471.8470361723,16,1.0,0
8,232.58585795073893,359626.5873111066,14,1.0,0
4,277.24710197864204,425951.66873333306,10,1.0,0
7,231.7715813771523,359544.10037279036,14,1.0,0
9,218.20486360299122,336435.52387143957,16,1.0,0
4,276.9376985693513,425911.0419689904,10,1.0,0
9,218.17939866082682,336433.83448388975,16,1.0,0
7,233.47203752846357,359745.3852312589,14,1.0,0
8,232.44733540366457,359591.7307324889,14,1.0,0
7,231.46613451771174,359496.87178819027,14,1.0,0
9,217.98589403904097,336395.88615548395,16,1.0,0
7,233.3001297673247,359710.3289175278,14,1.0,0
4,276.6366248749833,425870.46545247897,10,1.0,0
9,218.01184027478874,336397.57858856535,16,1.0,0
8,232.31894758412065,359556.93417587713,14,1.0,0
7,234.01363020319803,359842.2244140212,14,1.0,0
9,219.71011204160206,336672.2006347816,16,1.0,0
8,234.8955928927564,359915.6810577038,14,1.0,0
9,219.73255524235213,336673.8710556305,16,1.0,0
4,276.384273551638,425836.64121747174,10,1.0,0
7,235.40814451818463,360062.27813340205,14,1.0,0
8,137442.3878498834,4545474478.697876,10,1.0,0
6,37.23797345005051,3649.3213981049503,6,1.0,0
8,126885.2526866541,4149518323.6871924,12,1.0,0
3,11.547005383792516,1131.6065276116665,4,1.0,0
8,33.761253267943445,3308.602820258458,10,1.0,0
5,26.837784309936367,2630.102862373764,6,1.0,0
8,305928.7333677749,10087214941.047237,10,1.0,0
5,28.303121147086703,2773.705872414497,6,1.0,0
3,11.547005383792516,1131.6065276116665,4,1.0,0
8,34.40284225984178,3371.478541464495,10,1.0,0
8,282429.48509161297,9208584410.808935,12,1.0,0
6,38.74360162228941,3796.872958984362,6,1.0,0
8,476417.8341654518,15682909248.204592,10,1.0,0
3,11.547005383792516,1131.6065276116665,4,1.0,0
5,29.776948578836393,2918.1409607259666,6,1.0,0
6,39.90321624464207,3910.515191974923,6,1.0,0
8,34.771635950393055,3407.6203231385193,10,1.0,0
8,439822.6305875954,14316886683.563145,12,1.0,0
8,536032.7047383311,17529306080.832344,11,0.9090909090909091,0
5,31.258065625797553,3063.2904313281606,6,1.0,0
3,11.547005383792516,1131.6065276116665,4,1.0,0
8,35.544025908410795,3483.314539024258,10,1.0,0
8,497624.90002178575,16125020650.991856,13,0.9230769230769231,0
6,41.41819246015773,4058.9828610954573,6,1.0,0
8,536019.8597582845,17529293790.515827,11,0.9090909090909091,0
6,42.93561070564464,4207.689849153175,6,1.0,0
8,36.279164513226846,3555.3581222962302,10,1.0,0
8,497614.94053705054,16125011216.54074,13,0.9230769230769231,0
3,11.547005383792516,1131.6065276116665,4,1.0,0
5,32.74548314907976,3209.0573486098165,6,1.0,0
8,536007.0264930218,17529281501.04151,11,0.9090909090909091,0
5,34.238380023982835,3355.3612423503178,6,1.0,0
3,11.547005383792516,1131.6065276116665,4,1.0,0
8,37.04291805160303,3630.2059690570973,10,1.0,0
6,44.45522091573347,4356.61164974188,6,1.0,0
8,497604.99179492844,16125001782.86665,13,0.9230769230769231,0
9,426414.91443431727,13681044340.861673,18,1.0,0
9,29.706136494915416,2911.201376501711,12,1.0,0
9,388472.13895635377,12381905674.753147,22,1.0,0
3,11.547005383792516,1131.6065276116665,4,1.0,0
6,40.409982265112006,3960.1782619809765,6,1.0,0
5,35.73606954698106,3502.134815604143,6,1.0,0
8,457245.03223799943,15056061716.534653,16,1.0,0
8,31.302112104812068,3067.6069862715826,10,1.0,0
3,11.547005383792516,1131.6065276116665,4,1.0,0
4,46.47848964843845,4554.891985546968,4,1.0,0
8,416446.0140293002,13527695685.785595,20,1.0,0
3,11.547005383792516,1131.6065276116665,4,1.0,0
8,501216.48362711415,16715382569.461098,16,1.0,0
4,48.21047603996459,4724.62665191653,4,1.0,0
8,459083.87749935425,15052343579.065207,20,1.0,0
8,31.926304028009394,3128.777794744921,10,1.0,0
3,11.547005383792516,1131.6065276116665,4,1.0,0
3,11.547005383792516,1131.6065276116665,4,1.0,0
8,574328.4006597582,19227768069.823475,16,1.0,0
3,10.969655114602888,1075.0262012310832,4,1.0,0
3,10.969655114602888,1075.0262012310832,4,1.0,0
8,32.27245127211615,3162.7002246673824,10,1.0,0
8,527023.1744378764,17327179862.868553,20,1.0,0
4,49.36513614552953,4837.783342261894,4,1.0,0
8,459135.9386742304,14757305133.943043,15,0.9333333333333333,0
8,411430.6132592577,13112529157.588774,19,0.9473684210526315,0
8,32.96732388964025,3230.797741184744,10,1.0,0
3,10.969655114602888,1075.0262012310832,4,1.0,0
4,51.0971297302174,5007.518713561305,4,1.0,0
3,10.969655114602888,1075.0262012310832,4,1.0,0
8,459128.3698869289,14757297627.65345,15,0.9333333333333333,0
3,10.969655114602888,1075.0262012310832,4,1.0,0
4,52.82912706705144,5177.254452571041,4,1.0,0
3,10.969655114602888,1075.0262012310832,4,1.0,0
8,411425.2067789898,13112523955.497696,19,0.9473684210526315,0
8,33.695367304390345,3302.145995830254,10,1.0,0
8,459120.81134145736,14757290122.101515,15,0.9333333333333333,0
3,10.969655114602888,1075.0262012310832,4,1.0,0
3,10.969655114602888,1075.0262012310832,4,1.0,0
8,411419.80933008646,13112518754.063206,19,0.9473684210526315,0
8,34.4544788251268,3376.5389248624265,10,1.0,0
4,54.56112779870543,5346.990524273133,4,1.0,0
5,507918.8802686246,16498684389.42858,12,1.0,0
2,0.0,0.0,2,1.0,0
6,23.06976995364899,2260.837455457601,8,1.0,0
6,445703.1288684908,14288809370.910706,16,1.0,0
3,40.66816937114333,3985.4805983720457,4,1.0,0
3,40.53969248362235,3972.8898633949902,4,1.0,0
5,507918.64667570416,16498684373.971872,12,1.0,0
6,445702.6896061572,14288809341.462805,16,1.0,0
2,0.0,0.0,2,1.0,0
3,41.45720685236766,4062.8062715320307,4,1.0,0
3,41.32150368351407,4049.507360984378,4,1.0,0
6,24.154266112398684,2367.118079015071,8,1.0,0
5,507918.4130853611,16498684358.515165,12,1.0,0
6,445702.2503484389,14288809312.014908,16,1.0,0
2,0.0,0.0,2,1.0,0
6,25.268557536986556,2476.3186386246825,8,1.0,0
3,42.145778752642194,4130.286317758935,4,1.0,0
3,42.28829625321881,4144.2530328154435,4,1.0,0
5,278.5435134568545,426017.8242614321,10,1.0,0
2,0.0,0.0,2,1.0,0
6,233.84112198172144,359869.45688166935,14,1.0,0
6,26.49393461584314,2596.405592352628,8,1.0,0
3,42.64465578084394,4179.176266522706,4,1.0,0
3,42.49548995677855,4164.558015764298,4,1.0,0
5,278.46404116550167,425997.9819453504,10,1.0,0
3,43.39892471786215,4253.094622350492,4,1.0,0
2,0.0,0.0,2,1.0,0
6,233.63378876512544,359834.19176657975,14,1.0,0
3,43.55418081730693,4268.309720096078,4,1.0,0
6,27.6457178290909,2709.280347250908,8,1.0,0
5,278.3902935728104,425978.17477821297,10,1.0,0
2,0.0,0.0,2,1.0,0
3,44.49906366056107,4360.9082387349845,4,1.0,0
3,44.33809498238131,4345.133308273368,4,1.0,0
6,28.818396901979124,2824.2028963939542,8,1.0,0
6,233.4364398044389,359798.9865534964,14,1.0,0
5,278.3222752294341,425958.4027649231,10,1.0,0
3,9.814954576223638,961.8655484699166,4,1.0,0
6,233.2491004423015,359763.8412600047,14,1.0,0
6,30.00952229828773,2940.9331852321975,8,1.0,0
3,10.111874208078342,990.9636723916775,4,1.0,0
2,0.0,0.0,2,1.0,0
2,0.0,0.0,2,1.0,0
2,11.265729744080792,1104.0415149199177,2,1.0,0
4,17.443241289011244,1709.437646323102,6,1.0,0
4,17.443241289011244,1709.437646323102,6,1.0,0
2,10.969655114602888,1075.0262012310832,2,1.0,0
2,0.0,0.0,2,1.0,0
4,17.443241289011244,1709.437646323102,6,1.0,0
2,12.701705922171767,1244.767180372833,2,1.0,0
2,12.996794476587935,1273.6858587056176,2,1.0,0
4,17.443241289011244,1709.437646323102,6,1.0,0
2,0.0,0.0,2,1.0,0
2,14.72809107341025,1443.3529251942045,2,1.0,0
4,17.443241289011244,1709.437646323102,6,1.0,0
2,14.433756729740644,1414.508159514583,2,1.0,0
4,17.443241289011244,1709.437646323102,6,1.0,0
2,0.0,0.0,2,1.0,0
4,17.443241289011244,1709.437646323102,6,1.0,0
4,17.443241289011244,1709.437646323102,6,1.0,0
2,16.165807537309522,1584.2491386563331,2,1.0,0
2,16.45954636879968,1613.0355441423685,2,1.0,0
2,0.0,0.0,2,1.0,0
2,18.191115047370424,1782.7292746423016,2,1.0,0
4,17.443241289011244,1709.437646323102,6,1.0,0
4,17.443241289011244,1709.437646323102,6,1.0,0
2,17.897858344878397,1753.990117798083,2,1.0,0
2,0.0,0.0,2,1.0,0
4,17.443241289011244,1709.437646323102,6,1.0,0
2,19.629909152447276,1923.7310969398332,2,1.0,0
2,19.922767545365446,1952.4312194458134,2,1.0,0
4,17.443241289011244,1709.437646323102,6,1.0,0
2,0.0,0.0,2,1.0,0
4,36.37948139634025,3565.1891768413448,6,1.0,0
4,35.87756959438585,3516.001820249813,6,1.0,0
2,21.361959960016154,2093.472076081583,2,1.0,0
2,21.654483754332883,2122.1394079246224,2,1.0,0
2,0.0,0.0,2,1.0,0
2,0.0,0.0,2,1.0,0
2,0.0,0.0,2,1.0,0
4,36.88179315958847,3614.4157296396697,6,1.0,0
4,37.3844887620521,3663.6798986811064,6,1.0,0
2,0.0,0.0,2,1.0,0
4,38.39097116076469,3762.31517375494,6,1.0,0
2,0.0,0.0,2,1.0,0
2,0.0,0.0,2,1.0,0
4,38.894729720104756,3811.683512570266,6,1.0,0
2,0.0,0.0,2,1.0,0
4,39.74921382870358,3895.422955212951,6,1.0,0
4,40.2525361519826,3944.7485428942955,6,1.0,0
2,0.0,0.0,2,1.0,0
2,0.0,0.0,2,1.0,0
2,0.0,0.0,2,1.0,0
4,41.76441866788842,4092.913029453065,6,1.0,0
2,0.0,0.0,2,1.0,0
4,41.26015026632841,4043.494726100184,6,1.0,0
2,0.0,0.0,2,1.0,0
2,0.0,0.0,2,1.0,0
2,0.0,0.0,2,1.0,0
4,43.27894022115915,4241.336141673596,6,1.0,0
4,42.77382377108691,4191.834729566517,6,1.0,0
2,0.0,0.0,2,1.0,0
2,0.0,0.0,2,1.0,0
4,44.79583313955291,4389.9916476761855,6,1.0,0
2,0.0,0.0,2,1.0,0
4,44.28995371413251,4340.415463984986,6,1.0,0
2,0.0,0.0,2,1.0,0
2,0.0,0.0,2,1.0,0
3,44.746508243660756,4385.157807878754,4,1.0,0
2,0.0,0.0,2,1.0,0
3,44.45597072760118,4356.685131304916,4,1.0,0
2,0.0,0.0,2,1.0,0
3,46.47848964843845,4554.891985546968,4,1.0,0
2,0.0,0.0,2,1.0,0
3,46.188021535170066,4526.426110446666,4,1.0,0
2,0.0,0.0,2,1.0,0
2,0.0,0.0,2,1.0,0
3,48.21047603996459,4724.62665191653,4,1.0,0
3,47.92007234273894,4696.167089588416,4,1.0,0
3,49.652123150307816,4865.908068730166,4,1.0,0
3,49.94246689942338,4894.361756143491,4,1.0,0
2,0.0,0.0,2,1.0,0
2,0.0,0.0,2,1.0,0
2,0.0,0.0,2,1.0,0
3,51.674461777555074,5064.097254200397,4,1.0,0
2,0.0,0.0,2,1.0,0
3,51.3841739578767,5035.649047871916,4,1.0,0
3,53.406460283377704,5233.8331077710145,4,1.0,0
2,0.0,0.0,2,1.0,0
2,0.0,0.0,2,1.0,0
3,53.11622476544557,5205.3900270136655,4,1.0,0
3,55.13846207503434,5403.569283353365,4,1.0,0
3,54.84827557301445,5375.131006155416,4,1.0,0
2,0.0,0.0,2,1.0,0
2,0.0,0.0,2,1.0,0
2,0.0,0.0,2,1.0,0
2,0.0,0.0,2,1.0,0
2,0.7071067811865476,69.29646455628166,2,1.0,0
2,0.0,0.0,2,1.0,0
2,0.0,0.0,2,1.0,0
2,0.0,0.0,2,1.0,0
2,0.0,0.0,2,1.0,0
2,0.7071067811865476,69.29646455628166,2,1.0,0
2,0.0,0.0,2,1.0,0
2,0.0,0.0,2,1.0,0
2,0.0,0.0,2,1.0,0
2,0.7071067811865476,69.29646455628166,2,1.0,0
2,0.7071067811865476,69.29646455628166,2,1.0,0
2,0.0,0.0,2,1.0,0
2,0.0,0.0,2,1.0,0
2,0.0,0.0,2,1.0,0
2,0.0,0.0,2,1.0,0
2,0.0,0.0,2,1.0,0
2,0.0,0.0,2,1.0,0
2,0.7071067811865476,69.29646455628166,2,1.0,0
2,0.0,0.0,2,1.0,0
2,0.0,0.0,2,1.0,0
2,0.7071067811865476,69.29646455628166,2,1.0,0
2,0.0,0.0,2,1.0,0
2,0.0,0.0,2,1.0,0
2,0.7071067811865476,69.29646455628166,2,1.0,0
2,0.7071067811865476,69.29646455628166,2,1.0,0
2,0.0,0.0,2,1.0,0
2,115.96551211459379,7080950845.356221,2,1.0,0
2,0.7071067811865476,69.29646455628166,2,1.0,0
2,113.84419177103415,7080950705.349078,2,1.0,0
2,113.84419177103415,7080996780.426941,2,1.0,0
2,115.25840533340725,7080950798.687174,2,1.0,0
3,132290.8811807652,5012032471.537458,4,1.0,0
2,817.415439051649,17653684869.282494,2,1.0,0
2,816.0012254892758,17653731382.76656,2,1.0,0
2,817.415439051649,17653730944.360355,2,1.0,0
2,0.7071067811865476,69.29646455628166,2,1.0,0
3,329502.7945136935,12495628388.690042,4,1.0,0
2,815.2941187080893,17653730804.35321,2,1.0,0
2,1083.287588777791,28214110076.165043,2,1.0,0
2,1081.8733752154178,28214156057.904808,2,1.0,0
2,1081.1662684342311,28214156011.23576,2,1.0,0
3,526743.0007182504,19970495937.450016,4,1.0,0
2,0.7071067811865476,69.29646455628166,2,1.0,0
2,1083.287588777791,28214156151.242905,2,1.0,0
2,657057.6146434953,28759097667.882656,3,0.6666666666666666,0
2,657057.3252512548,28759097629.777573,3,0.6666666666666666,0
3,623370.0624309769,22285112519.126102,5,0.8,0
2,657056.1676860916,28759097477.35723,3,0.6666666666666666,0
2,657056.4570768126,28759097515.462315,3,0.6666666666666666,0
2,0.7071067811865476,69.29646455628166,2,1.0,0
2,656902.8849307433,28758980429.00731,3,0.6666666666666666,0
2,656901.4379724963,28758980238.48188,3,0.6666666666666666,0
2,656902.595538334,28758980390.902225,3,0.6666666666666666,0
2,0.7071067811865476,69.29646455628166,2,1.0,0
3,623321.1484854335,22285067130.505135,5,0.8,0
2,656901.7273633857,28758980276.586967,3,0.6666666666666666,0
2,656748.1552180663,28758863191.557205,3,0.6666666666666666,0
3,623272.2537485525,22285021743.265358,5,0.8,0
2,656746.7082589756,28758863001.031773,3,0.6666666666666666,0
2,656747.8658254881,28758863153.452118,3,0.6666666666666666,0
2,656746.9976500337,28758863039.13686,3,0.6666666666666666,0
2,0.7071067811865476,69.29646455628166,2,1.0,0
3,479802.7167760261,15760738861.250465,10,1.0,0
4,442961.64508563234,14388045046.834747,12,1.0,0
4,442961.5669347316,14388045032.12461,12,1.0,0
3,479802.5057393232,15760738840.379456,10,1.0,0
4,442961.5280455482,14388045029.556091,12,1.0,0
3,190.8181944504594,6757388.370033771,4,1.0,0
3,464935.0759063511,15911143491.014454,10,1.0,0
4,435757.63222512463,14608572966.626825,12,1.0,0
3,188988.6094828204,7201933301.035899,4,1.0,0
3,464934.8728263036,15911139834.91545,10,1.0,0
4,435757.90669057984,14608572998.23357,12,1.0,0
4,435757.63222512463,14608569299.62406,12,1.0,0
3,490489.5998245472,17312567715.74955,10,1.0,0
3,490489.4221290155,17312558904.10237,10,1.0,0
4,465179.9094310342,15957777241.098516,12,1.0,0
4,465179.3938722523,15957768913.763159,12,1.0,0
3,379715.46056784416,14434994309.33138,4,1.0,0
4,465179.25382733485,15957768903.760305,12,1.0,0
3,551262.996498203,19706042164.05715,10,1.0,0
3,570655.9093379594,21678719782.94784,4,1.0,0
4,525409.2185922582,18191539102.76401,12,1.0,0
3,551262.738602162,19706041991.97097,10,1.0,0
4,525409.7940472851,18191539144.859085,12,1.0,0
4,525408.9992291431,18191539087.87506,12,1.0,0
3,483120.02416690177,16024133458.484587,9,0.8888888888888888,0
4,443209.8350944762,14494929989.250128,11,0.9090909090909091,0
3,483120.02416690177,16024133458.484587,9,0.8888888888888888,0
4,443209.42793340323,14494929936.28827,11,0.9090909090909091,0
3,600138.7973025073,21494657800.92953,5,0.8,0
4,443209.2250138959,14494929906.74019,11,0.9090909090909091,0
3,483103.2145296294,16024116609.881361,9,0.8888888888888888,0
3,600088.9768432678,21494612516.62742,5,0.8,0
4,443197.1679798548,14494917727.128908,11,0.9090909090909091,0
4,443197.5751409912,14494917780.090792,11,0.9090909090909091,0
4,443196.96506033395,14494917697.58083,11,0.9090909090909091,0
3,483103.2145296294,16024116609.881361,9,0.8888888888888888,0
3,483086.3578355956,16024099699.293377,9,0.8888888888888888,0
4,443185.2845826655,14494905526.288048,11,0.9090909090909091,0
3,483086.3578355956,16024099699.293377,9,0.8888888888888888,0
4,443184.6745019507,14494905443.778059,11,0.9090909090909091,0
4,443184.87742147845,14494905473.326138,11,0.9090909090909091,0
3,600038.9933668477,21494567064.39579,5,0.8,0
3,451680.5095030483,15107427818.848892,10,1.0,0
3,461965.5834985017,15202161025.728733,10,1.0,0
5,426489.35340275674,13878039484.003685,12,1.0,0
3,451680.7735135882,15107427818.398214,10,1.0,0
5,426489.1581549254,13878039455.713552,12,1.0,0
5,392873.788772783,12819108162.070597,14,1.0,0
3,456906.7760689629,15965518415.821064,10,1.0,0
3,461965.2671345662,15202161005.033463,10,1.0,0
5,426488.96398406907,13878039458.242508,12,1.0,0
5,426488.7687362371,13878039429.952377,12,1.0,0
5,408403.08369943633,13682113081.688076,14,1.0,0
3,456906.38773411047,15965518355.034533,10,1.0,0
3,511512.63555762835,18258020520.525257,10,1.0,0
5,426488.49668087607,13878039427.329096,12,1.0,0
3,511511.5091368261,18258020421.876705,10,1.0,0
5,426488.3014330433,13878039399.038965,12,1.0,0
3,461964.95077387756,15202160984.338194,10,1.0,0
5,463537.13205520174,15717499339.044851,14,1.0,0
3,538910.7044512982,17869012875.766197,9,0.8888888888888888,0
5,458965.884660748,14868863134.079073,13,0.9230769230769231,0
5,279.64374161104024,426237.46181384753,10,1.0,0
5,279.64374161104024,426237.46181384753,10,1.0,0
3,538908.7147678116,17869012677.766415,9,0.8888888888888888,0
3,312.71472622823507,476553.5162161748,8,1.0,0
3,538893.8843307754,17868996026.394356,9,0.8888888888888888,0
5,279.2768439300967,426196.4837179105,10,1.0,0
3,538891.8946471185,17868995828.394573,9,0.8888888888888888,0
3,312.4717130054678,476524.19418955006,8,1.0,0
5,458956.3612442657,14868853761.240072,13,0.9230769230769231,0
5,279.2768439300967,426196.4837179105,10,1.0,0
3,538877.0154673513,17868979114.919384,9,0.8888888888888888,0
5,278.91806841595775,426155.555768913,10,1.0,0
5,278.91806841595775,426155.555768913,10,1.0,0
5,458946.81542646064,14868844354.240318,13,0.9230769230769231,0
3,538875.0257835762,17868978916.9196,9,0.8888888888888888,0
3,312.2346873747374,476494.9092298888,8,1.0,0
3,538860.1608857142,17868962204.44942,9,0.8888888888888888,0
3,312.0036629821607,476465.6613440259,8,1.0,0
5,278.5674464509847,426114.6779813048,10,1.0,0
5,278.5674464509847,426114.6779813048,10,1.0,0
5,458937.2813633046,14868834948.083681,13,0.9230769230769231,0
3,538858.1712018737,17868962006.449635,9,0.8888888888888888,0
4,466146.3054719126,15482964560.81674,12,1.0,0
7,413594.35176276584,13470054504.14089,16,1.0,0
7,106246.50061060835,3550627949.6836057,8,1.0,0
4,466144.5852964962,15482962570.608534,12,1.0,0
2,0.0,0.0,2,1.0,0
7,106246.26920970986,3550627952.9826336,8,1.0,0
4,483202.54590096505,16471121849.462742,12,1.0,0
7,434864.0926749366,14407240509.767958,16,1.0,0
4,483200.92688843317,16471121670.265749,12,1.0,0
2,0.0,0.0,2,1.0,0
7,264677.17331982264,8847302596.427174,8,1.0,0
7,264677.17352546396,8847325660.574001,8,1.0,0
4,534169.0999932569,18451886563.10067,12,1.0,0
2,0.0,0.0,2,1.0,0
4,534167.6741770294,18451886260.173225,12,1.0,0
7,423481.718038099,14155230290.535564,8,1.0,0
7,423481.2553341984,14155230297.133644,8,1.0,0
7,484380.2614311577,16183353648.543747,16,1.0,0
4,461939.73892625276,15072026625.978981,11,0.9090909090909091,0
7,401818.3988885432,12907478980.403336,15,0.9333333333333333,0
7,503581.5949369576,16662167542.038557,9,0.8888888888888888,0
4,461939.13182134135,15072026566.279802,11,0.9090909090909091,0
7,503581.5949369576,16662167542.038557,9,0.8888888888888888,0
2,0.0,0.0,2,1.0,0
4,461927.42899818445,15072014370.708176,11,0.9090909090909091,0
4,461926.8218932715,15072014311.008997,11,0.9090909090909091,0
7,401810.6634686233,12907471462.931593,15,0.9333333333333333,0
7,503563.58943015104,16662150556.692448,9,0.8888888888888888,0
2,0.0,0.0,2,1.0,0
7,503563.58943015104,16662150556.692448,9,0.8888888888888888,0
4,461915.1328175693,15072002116.417515,11,0.9090909090909091,0
4,461914.52571267297,15072002056.718336,11,0.9090909090909091,0
7,503545.5988663732,16662133572.422798,9,0.8888888888888888,0
7,401802.93970815383,12907463946.303036,15,0.9333333333333333,0
2,0.0,0.0,2,1.0,0
7,503545.5988663732,16662133572.422798,9,0.8888888888888888,0
4,461904.86645262595,15071991917.515423,11,0.9090909090909091,0
2,0.0,0.0,2,1.0,0
7,503530.7020994627,16662119444.808777,9,0.8888888888888888,0
7,401796.54820873856,12907457694.207521,15,0.9333333333333333,0
4,461904.25934775703,15071991857.816244,11,0.9090909090909091,0
7,503530.7020994627,16662119444.808777,9,0.8888888888888888,0
2,0.0,0.0,2,1.0,0
5,412552.4831832688,13647834402.86225,14,1.0,0
9,390057.8964981994,12497706404.636696,16,1.0,0
7,414687.12781992456,13360399828.735775,14,1.0,0
9,390057.8964981994,12497706404.636696,16,1.0,0
5,444507.83994330245,14430571924.987787,12,1.0,0
5,457987.22815209546,15461220679.37229,14,1.0,0
9,390057.310754971,12497706365.372612,16,1.0,0
5,444507.3726450303,14430571894.07418,12,1.0,0
9,390057.310754971,12497706365.372612,16,1.0,0
7,414686.5829386052,13360399792.41063,14,1.0,0
2,0.0,0.0,2,1.0,0
5,542976.0246618721,18414379836.86724,14,1.0,0
7,414686.03806229384,13360399756.085484,14,1.0,0
9,390056.72501701594,12497706326.10853,16,1.0,0
9,390056.72501701594,12497706326.10853,16,1.0,0
5,444506.9053511754,14430571863.160576,12,1.0,0
2,0.0,0.0,2,1.0,0
5,518680.33274264954,16777628176.00774,13,0.9230769230769231,0
9,233.20669509549384,359812.65621559654,14,1.0,0
2,0.0,0.0,2,1.0,0
7,251.10356429170812,388570.0869119854,12,1.0,0
5,279.3982422596423,426210.13751205447,10,1.0,0
9,233.20669509549384,359812.65621559654,14,1.0,0
5,518670.848485906,16777618773.016024,13,0.9230769230769231,0
9,232.88085903632035,359769.10124133783,14,1.0,0
7,250.83672100803065,388529.87136594317,12,1.0,0
9,232.88085903632035,359769.10124133783,14,1.0,0
2,0.0,0.0,2,1.0,0
5,279.088675672964,426175.9646476767,10,1.0,0
5,518661.3403847867,16777609401.2309,13,0.9230769230769231,0
7,250.52937890987891,388484.58176120947,12,1.0,0
9,232.52753588565582,359721.59719256393,14,1.0,0
2,0.0,0.0,2,1.0,0
9,232.52753588565582,359721.59719256393,14,1.0,0
5,278.73396316599496,426135.06177288183,10,1.0,0
6,498384.14148343576,16128412650.473927,14,1.0,0
10,25368.982731762113,833924406.6084704,10,1.0,0
10,23424.679857454666,761307788.0303634,12,1.0,0
7,31.216982557575932,3059.264290642441,8,1.0,0
6,31078.663122255864,1076421576.0150335,6,1.0,0
2,0.0,0.0,2,1.0,0
6,499295.32102695707,16531329718.651638,14,1.0,0
7,31.216982557575932,3059.264290642441,8,1.0,0
10,176886.09700673984,5816041951.086665,10,1.0,0
10,163302.77599458583,5309457049.236673,12,1.0,0
2,0.0,0.0,2,1.0,0
6,216649.34671922433,7507422239.266012,6,1.0,0
6,534008.5973296479,17975285598.698666,14,1.0,0
6,405420.6232552393,14054574726.567844,6,1.0,0
7,31.216982557575932,3059.264290642441,8,1.0,0
2,0.0,0.0,2,1.0,0
10,331017.267564364,10888100535.374884,10,1.0,0
10,305594.51744184666,9939751043.998552,12,1.0,0
6,595478.0013819353,20189165985.57324,14,1.0,0
7,30.90076281998784,3028.274756358808,8,1.0,0
10,445176.0212294904,14477535734.321793,12,1.0,0
10,482212.7180015637,15858843634.92877,10,1.0,0
2,0.0,0.0,2,1.0,0
6,590596.5271385928,20470918807.7172,6,1.0,0
6,450702.4214971957,14599327140.187435,13,0.9230769230769231,0
6,585639.5505981555,19893070446.352287,7,0.8571428571428571,0
2,0.0,0.0,2,1.0,0
10,485505.66577369993,15870775802.370863,11,0.9090909090909091,0
10,450720.9655680438,14599357571.57247,13,0.9230769230769231,0
7,30.90076281998784,3028.274756358808,8,1.0,0
6,450692.90770897054,14599317768.060934,13,0.9230769230769231,0
10,485492.60060583643,15870763540.335938,11,0.9090909090909091,0
10,450710.83971370815,14599348158.861876,13,0.9230769230769231,0
2,0.0,0.0,2,1.0,0
6,585612.3420115375,19893044898.1622,7,0.8571428571428571,0
7,30.90076281998784,3028.274756358808,8,1.0,0
6,450683.3717710649,14599308361.791883,13,0.9230769230769231,0
6,585585.051868276,19893019255.70679,7,0.8571428571428571,0
2,0.0,0.0,2,1.0,0
10,485479.5033798684,15870751233.57001,11,0.9090909090909091,0
7,30.90076281998784,3028.274756358808,8,1.0,0
10,450700.691553633,14599338712.008995,13,0.9230769230769231,0
6,429836.1985715484,14058469965.502796,14,1.0,0
2,0.7071067811865476,69.29646455628166,2,1.0,0
9,67671.92961562065,2196912219.989476,12,1.0,0
7,405739.0105682675,13170278271.648209,16,1.0,0
11,367338.12743386853,11804034297.422457,20,1.0,0
11,351741.3793343458,11262922099.09566,22,1.0,0
6,444414.216751614,14860171940.33133,14,1.0,0
9,199332.9311671731,6473223903.573815,12,1.0,0
11,385185.8492738278,12548547416.801058,20,1.0,0
11,369834.7625954875,11987186196.450172,22,1.0,0
2,0.7071067811865476,69.29646455628166,2,1.0,0
7,422085.13625811227,13955131280.324747,16,1.0,0
6,491391.79513728886,16632019638.7834,14,1.0,0
2,0.7071067811865476,69.29646455628166,2,1.0,0
11,429304.68967763195,14087709325.180552,20,1.0,0
11,412811.51426243817,13465742716.30647,22,1.0,0
7,468344.2607977197,15639458363.552507,16,1.0,0
9,333350.8673978993,10826299696.011635,12,1.0,0
6,428962.2916617108,13874252724.990944,13,0.9230769230769231,0
11,343596.44164840766,10916761885.255201,21,0.9523809523809523,0
11,360168.6565051993,11476857332.754202,19,0.9473684210526315,0
2,0.7071067811865476,69.29646455628166,2,1.0,0
7,401931.9825564306,12916462337.01353,15,0.9333333333333333,0
9,428986.73779600573,13874283536.386318,13,0.9230769230769231,0
6,428952.7356396847,13874243317.26735,13,0.9230769230769231,0
9,428976.91220730083,13874274110.78394,13,0.9230769230769231,0
11,360163.28145054186,11476852132.77267,19,0.9473684210526315,0
11,343591.790920778,10916757429.504694,21,0.9523809523809523,0
2,0.7071067811865476,69.29646455628166,2,1.0,0
7,401924.24500073335,12916454819.414923,15,0.9333333333333333,0
6,428943.1921938035,13874233910.44731,13,0.9230769230769231,0
2,0.7071067811865476,69.29646455628166,2,1.0,0
11,360157.87962059246,11476846931.039183,19,0.9473684210526315,0
11,343587.0866440663,10916752970.18414,21,0.9523809523809523,0
7,401916.5191011093,12916447302.658913,15,0.9333333333333333,0
9,428966.9625368482,13874264677.009762,13,0.9230769230769231,0
6,428933.6613249067,13874224504.530832,13,0.9230769230769231,0
9,360154.64066089573,11476841875.48899,19,0.9473684210526315,0
7,462064.647088498,15082520877.263948,11,0.9090909090909091,0
7,401908.8048582308,12916439786.7455,15,0.9333333333333333,0
2,0.7071067811865476,69.29646455628166,2,1.0,0
9,379345.03466912237,12133051432.987158,17,0.9411764705882353,0
6,414804.24470523203,13369697335.926695,14,1.0,0
9,351594.49310265906,11186307873.445316,20,1.0,0
7,390167.0692201611,12506403330.77669,16,1.0,0
7,369399.50588783034,11791292007.12583,18,1.0,0
8,369398.69728014024,11791291952.687576,18,1.0,0
6,414803.69983525516,13369697299.6016,14,1.0,0
7,369399.02067544404,11791291974.462864,18,1.0,0
8,369398.2120773079,11791291920.02461,18,1.0,0
7,390166.4834947384,12506403291.512665,16,1.0,0
9,351593.9799765453,11186307838.789345,20,1.0,0
6,414803.1549702849,13369697263.27651,14,1.0,0
7,369398.53546879004,11791291941.799898,18,1.0,0
8,369397.72688020795,11791291887.361649,18,1.0,0
7,390165.8977745877,12506403252.24864,16,1.0,0
9,351593.466856419,11186307804.133377,20,1.0,0
6,251.37126954271275,388480.16307969217,12,1.0,0
8,218.84240905272452,336532.125470759,16,1.0,0
9,205.84667337894112,317225.39447204996,18,1.0,0
7,232.72877200441144,359666.202707241,14,1.0,0
7,219.0829371113445,336594.8382995002,16,1.0,0
6,251.07653064837473,388434.941853806,12,1.0,0
8,218.62113347066884,336494.0126686754,16,1.0,0
7,232.39819938399498,359618.82769399043,14,1.0,0
7,218.84362758219243,336556.6184550033,16,1.0,0
9,205.61736308006678,317185.76236781135,18,1.0,0
6,250.79123274995564,388389.77605805255,12,1.0,0
9,205.39925253314937,317146.19656405423,18,1.0,0
7,218.61503455465575,336518.4627640312,16,1.0,0
7,232.07738383546143,359571.50983743026,14,1.0,0
8,218.4106224522974,336455.96405631845,16,1.0,0
7,801.7524139865955,26645140.614160553,10,1.0,0
9,29.46016828111332,2887.0964915491054,12,1.0,0
9,23.23007455081373,2276.5473059797455,12,1.0,0
8,30.59847490752875,2998.650540937818,10,1.0,0
10,30.290534553165013,2966.5370494794206,14,1.0,0
7,173176.6738046887,5687688146.666482,10,1.0,0
9,30.889833573229527,3025.303951671633,12,1.0,0
8,31.186891833304298,3056.315399663821,10,1.0,0
8,24.261537919559473,2377.6307161168284,10,1.0,0
8,31.28737764658457,3066.163009365288,10,1.0,0
7,342830.6809021522,11269147805.615747,10,1.0,0
8,31.90767932645682,3126.9525739927685,10,1.0,0
9,31.497474646245994,3084.8547925160256,12,1.0,0
8,31.800768683931036,3116.4753310252413,10,1.0,0
8,24.939036780829277,2444.025604521269,10,1.0,0
7,512580.5335499215,16855503840.377289,10,1.0,0
8,32.452358243362774,3180.3311078495517,10,1.0,0
9,32.13607432041557,3147.4413273468513,12,1.0,0
8,25.661038343934738,2514.7817577056044,10,1.0,0
8,32.56531897586756,3191.4012596350212,10,1.0,0
7,546189.6994248427,17847548917.428135,11,0.9090909090909091,0
8,33.139436057697516,3247.6647336543565,10,1.0,0
9,32.803824610720454,3212.8861564869453,12,1.0,0
8,26.423894910141883,2589.541701193905,10,1.0,0
8,33.2580817245974,3259.292009010546,10,1.0,0
7,546176.8567429418,17847536627.20439,11,0.9090909090909091,0
8,27.224172265755954,2667.9688820440833,10,1.0,0
8,33.983819679370946,3330.414328578353,10,1.0,0
9,33.498982345465635,3281.0182454952496,12,1.0,0
8,33.85984183201228,3318.264499537204,10,1.0,0
7,546164.0255580735,17847524337.807835,11,0.9090909090909091,0
8,34.51634073562517,3382.601392091267,10,1.0,0
9,34.17158131689211,3346.9274195170638,12,1.0,0
8,27.909377157746345,2735.1189614591417,10,1.0,0
8,34.64502529624964,3395.212479032465,10,1.0,0
6,457142.0304799338,14769321379.617422,16,1.0,0
8,50193.75058366883,1648388086.0729208,10,1.0,0
7,23.427700332237965,2295.9146325593206,8,1.0,0
8,50194.119875185024,1648408967.5469646,10,1.0,0
9,43229.06769476114,1393248941.725318,14,1.0,0
6,466532.2045962413,15356014959.239532,16,1.0,0
8,200460.51362491984,6584101762.154235,10,1.0,0
9,172647.04317554427,5564920543.248104,14,1.0,0
7,23.427700332237965,2295.9146325593206,8,1.0,0
8,200461.0940480582,6584143269.877473,10,1.0,0
6,504290.01533647947,16808676644.148588,16,1.0,0
8,346007.23920283327,11409737928.009693,10,1.0,0
9,298000.0190157454,9643534325.929928,14,1.0,0
7,23.427700332237965,2295.9146325593206,8,1.0,0
8,346008.03168076894,11409779433.445423,10,1.0,0
6,410804.56402722694,13252478000.658508,15,0.9333333333333333,0
8,472297.3947589494,15474927213.956633,11,0.9090909090909091,0
7,23.427700332237965,2295.9146325593206,8,1.0,0
9,410819.15699875954,13252502259.914783,15,0.9333333333333333,0
8,472297.43971188326,15474927216.916302,11,0.9090909090909091,0
6,410797.0143904582,13252470521.786005,15,0.9333333333333333,0
8,472284.58991840924,15474914969.003553,11,0.9090909090909091,0
8,472284.6348780478,15474914971.963251,11,0.9090909090909091,0
9,410811.12224910787,13252494748.662075,15,0.9333333333333333,0
7,23.427700332237965,2295.9146325593206,8,1.0,0
6,410789.449119874,13252463015.80399,15,0.9333333333333333,0
7,23.427700332237965,2295.9146325593206,8,1.0,0
8,472271.7534202104,15474902679.340986,11,0.9090909090909091,0
9,410803.0717430827,13252487210.300074,15,0.9333333333333333,0
8,472271.79838657624,15474902682.30071,11,0.9090909090909091,0
6,410781.9494597729,13252455514.264154,15,0.9333333333333333,0
7,23.547823678633232,2307.686720506057,8,1.0,0
9,410795.0867039603,13252479676.379599,15,0.9333333333333333,0
8,472259.02014102775,15474890396.551928,11,0.9090909090909091,0
8,472259.06511407293,15474890399.511675,11,0.9090909090909091,0
6,423959.4559293519,13717503145.750814,14,1.0,0
7,423954.12595653074,13717502773.983173,14,1.0,0
8,377547.6415360556,12098033726.617506,18,1.0,0
7,423954.12595653074,13717502773.983173,14,1.0,0
7,30.96974329890385,3035.0348432925775,8,1.0,0
6,423958.91104427347,13717503109.426134,14,1.0,0
8,377547.1563567202,12098033693.95492,18,1.0,0
7,32.19777055281046,3155.3815141754253,8,1.0,0
7,423953.5811144467,13717502737.658506,14,1.0,0
7,423953.5811144467,13717502737.658506,14,1.0,0
6,423958.36616409343,13717503073.101456,14,1.0,0
7,423953.0362772612,13717502701.333841,14,1.0,0
7,423953.0362772612,13717502701.333841,14,1.0,0
7,33.43837615674541,3276.96086336105,8,1.0,0
8,377546.67118299357,12098033661.292336,18,1.0,0
6,252.29450083486788,388683.51436050946,12,1.0,0
7,34.69021064054979,3399.64064277388,8,1.0,0
8,217.61670240739028,336409.6902944137,16,1.0,0
7,249.2636428289606,388283.87681117427,12,1.0,0
7,249.2636428289606,388283.87681117427,12,1.0,0
6,251.9564656960813,388638.04047187424,12,1.0,0
7,249.00803199896987,388238.88909122424,12,1.0,0
8,217.4295958848902,336371.78346820845,16,1.0,0
7,249.00803199896987,388238.88909122424,12,1.0,0
7,35.95210107112756,3523.3059049705007,8,1.0,0
6,251.65898041644058,388597.6357400902,12,1.0,0
7,248.80325682366097,388199.03507303615,12,1.0,0
7,248.80325682366097,388199.03507303615,12,1.0,0
7,37.232618188127155,3648.7965824364614,8,1.0,0
8,217.27370411533929,336337.12959090614,16,1.0,0
6,251.33853784499627,388552.26639957,12,1.0,0
8,219.17660307006616,336610.7246252462,16,1.0,0
7,252.52523126262534,388648.8140464696,12,1.0,0
7,36.4728372510675,3574.338050604615,8,1.0,0
7,252.49044386357326,388646.1875708204,12,1.0,0
5,26.837784309936367,2630.1028623737643,6,1.0,0
6,36.736902427940215,3600.2164379381416,6,1.0,0
6,36.736902427940215,3600.2164379381416,6,1.0,0
8,31.420818849018833,3079.2402472038457,8,1.0,0
6,36.98873702448715,3624.896228399741,6,1.0,0
5,26.837784309936367,2630.1028623737643,6,1.0,0
6,38.241338888694784,3747.651211092089,6,1.0,0
6,38.241338888694784,3747.651211092089,6,1.0,0
6,38.49372243193254,3772.384798329389,6,1.0,0
8,32.645006181212906,3199.2106057588644,8,1.0,0
5,26.837784309936367,2630.1028623737643,6,1.0,0
8,33.88188517271645,3320.4247469262123,8,1.0,0
6,40.00208327908269,3920.2041613501033,6,1.0,0
6,39.74921382870358,3895.422955212951,6,1.0,0
6,39.74921382870358,3895.422955212951,6,1.0,0
5,26.837784309936367,2630.1028623737643,6,1.0,0
8,35.13011528589111,3442.7512980173283,8,1.0,0
6,41.26015026632841,4043.494726100184,6,1.0,0
6,41.51345163518286,4068.3182602479205,6,1.0,0
6,41.26015026632841,4043.494726100184,6,1.0,0
5,26.837784309936367,2630.1028623737643,6,1.0,0
6,42.77382377108691,4191.834729566517,6,1.0,0
6,42.77382377108691,4191.834729566517,6,1.0,0
6,43.027510579473066,4216.69603678836,6,1.0,0
8,36.38852841212461,3566.075784388212,8,1.0,0
5,26.447432137481073,2591.848349473145,6,1.0,0
6,44.20294107862055,4331.888225704814,6,1.0,0
6,43.94845465618406,4306.948556306038,6,1.0,0
8,37.36475612124345,3661.7460998818583,8,1.0,0
6,43.94845465618406,4306.948556306038,6,1.0,0
5,34.43641483468723,3374.7686537993486,6,1.0,0
4,44.746508243660756,4385.157807878754,4,1.0,0
4,44.746508243660756,4385.157807878754,4,1.0,0
4,44.746508243660756,4385.157807878754,4,1.0,0
6,35.73606954698106,3502.134815604143,6,1.0,0
5,35.77708763999664,3506.1545887196703,6,1.0,0
4,46.47848964843845,4554.891985546968,4,1.0,0
4,46.47848964843845,4554.891985546968,4,1.0,0
4,46.47848964843845,4554.891985546968,4,1.0,0
6,37.23797345005051,3649.3213981049503,6,1.0,0
5,37.126809720200846,3638.427352579683,6,1.0,0
4,48.21047603996459,4724.62665191653,4,1.0,0
4,48.21047603996459,4724.62665191653,4,1.0,0
4,48.21047603996459,4724.62665191653,4,1.0,0
6,38.74360162228941,3796.872958984362,6,1.0,0
5,38.49155751590211,3772.1726365584063,6,1.0,0
4,49.94246689942338,4894.361756143491,4,1.0,0
4,49.94246689942338,4894.361756143491,4,1.0,0
4,49.94246689942338,4894.361756143491,4,1.0,0
6,40.2525361519826,3944.7485428942955,6,1.0,0
5,39.869788060635585,3907.2392299422877,6,1.0,0
4,51.674461777555074,5064.097254200397,4,1.0,0
6,41.76441866788842,4092.913029453065,6,1.0,0
4,51.674461777555074,5064.097254200397,4,1.0,0
4,51.674461777555074,5064.097254200397,4,1.0,0
5,41.26015026632841,4043.494726100184,6,1.0,0
4,53.406460283377704,5233.8331077710145,4,1.0,0
4,53.406460283377704,5233.8331077710145,4,1.0,0
4,53.406460283377704,5233.8331077710145,4,1.0,0
6,43.27894022115915,4241.336141673596,6,1.0,0
5,42.24058080408775,4139.5769188006,6,1.0,0
4,54.56112779870543,5346.990524273133,4,1.0,0
4,54.56112779870543,5346.990524273133,4,1.0,0
4,54.56112779870543,5346.990524273133,4,1.0,0
6,44.45522091573347,4356.61164974188,6,1.0,0
3,33.48631561299829,3281.658930073833,4,1.0,0
2,0.7071067811865476,69.29646455628166,2,1.0,0
4,45.033320996790806,4413.265457685499,4,1.0,0
2,0.7071067811865476,69.29646455628166,2,1.0,0
2,0.7071067811865476,69.29646455628166,2,1.0,0
3,35.21836642056717,3451.3999092155827,4,1.0,0
2,0.7071067811865476,69.29646455628166,2,1.0,0
4,46.76537180435969,4583.00643682725,4,1.0,0
2,0.7071067811865476,69.29646455628166,2,1.0,0
2,0.7071067811865476,69.29646455628166,2,1.0,0
3,36.95041722813605,3621.140888357333,4,1.0,0
2,0.7071067811865476,69.29646455628166,2,1.0,0
4,48.49742261192856,4752.747415968999,4,1.0,0
2,0.7071067811865476,69.29646455628166,2,1.0,0
2,0.7071067811865476,69.29646455628166,2,1.0,0
3,38.68246803570492,3790.881867499083,4,1.0,0
2,0.7071067811865476,69.29646455628166,2,1.0,0
2,0.7071067811865476,69.29646455628166,2,1.0,0
4,50.22947341949744,4922.4883951107495,4,1.0,0
2,0.7071067811865476,69.29646455628166,2,1.0,0
3,40.414518843273804,3960.622846640833,4,1.0,0
2,0.7071067811865476,69.29646455628166,2,1.0,0
4,51.96152422706632,5092.229374252499,4,1.0,0
2,0.7071067811865476,69.29646455628166,2,1.0,0
2,0.7071067811865476,69.29646455628166,2,1.0,0
3,42.14656965084268,4130.363825782582,4,1.0,0
4,53.11622476544557,5205.3900270136655,4,1.0,0
2,0.7071067811865476,69.29646455628166,2,1.0,0
2,0.7071067811865476,69.29646455628166,2,1.0,0
2,0.7071067811865476,69.29646455628166,2,1.0,0
3,43.878620458411554,4300.104804924333,4,1.0,0
4,0.9574271077563381,93.82785656012113,4,1.0,0
2,0.7071067811865476,69.29646455628166,2,1.0,0
2,0.7071067811865476,69.29646455628166,2,1.0,0
2,0.7071067811865476,69.29646455628166,2,1.0,0
2,0.0,0.0,2,1.0,0
2,0.7071067811865476,69.29646455628166,2,1.0,0
2,0.0,0.0,2,1.0,0
2,0.7071067811865476,69.29646455628166,2,1.0,0
2,0.0,0.0,2,1.0,0
2,0.7071067811865476,69.29646455628166,2,1.0,0
2,0.0,0.0,2,1.0,0
2,0.7071067811865476,69.29646455628166,2,1.0,0
2,0.0,0.0,2,1.0,0
2,0.7071067811865476,69.29646455628166,2,1.0,0
2,0.0,0.0,2,1.0,0
2,0.7071067811865476,69.29646455628166,2,1.0,0
2,0.7071067811865476,69.29646455628166,2,1.0,0
2,0.7071067811865476,69.29646455628166,2,1.0,0
3,199880.51636748723,7575541644.530641,4,1.0,0
3,438735.3265476997,16628500604.270481,4,1.0,0
3,681127.8208590881,25814369501.427486,4,1.0,0
3,759359.8802008835,27137077160.617508,5,0.8,0
3,759310.9659531462,27137031771.924236,5,0.8,0
3,759262.0674736096,27136986384.3652,5,0.8,0
3,578156.1849541274,19112124726.169495,10,1.0,0
3,38372.15870371816,1453808869.6656318,4,1.0,0
3,567916.2789183415,19532697372.228077,10,1.0,0
3,264812.87606723356,10039682130.095648,4,1.0,0
3,605157.5212081287,21396039832.317497,10,1.0,0
3,493588.4677880282,18707095279.257908,4,1.0,0
3,683550.031362291,24418426359.199734,10,1.0,0
3,725067.6545727187,27481803435.737564,4,1.0,0
3,581734.6805439839,19254595073.382698,9,0.8888888888888888,0
3,722625.5214388017,25827940377.18639,5,0.8,0
3,581717.8084213169,19254578161.584557,9,0.8888888888888888,0
3,722575.5171267568,25827894923.09671,5,0.8,0
3,581700.9495284306,19254561250.719097,9,0.8888888888888888,0
3,722525.5290165878,25827849470.197613,5,0.8,0
3,543860.1067925976,18153106319.376377,10,1.0,0
3,87041.09774650517,3297498660.336015,4,1.0,0
2,176.7766952966369,4658629779.327409,2,1.0,0
4,505084.89713059546,16610766805.404274,12,1.0,0
3,543516.8994529466,18810209297.518227,10,1.0,0
4,511702.7286196429,17296563560.57975,12,1.0,0
2,446.89148570989806,15553544243.409716,2,1.0,0
3,290522.7703898612,11009123824.792242,4,1.0,0
3,582424.3088689151,20635735394.026794,10,1.0,0
2,1153.9982668964456,26461416408.14457,2,1.0,0
4,553375.1018295079,19031501337.675575,12,1.0,0
3,494050.33292595804,18729906343.885918,4,1.0,0
3,508826.57471221086,16847748287.513336,9,0.8888888888888888,0
4,466787.96642733156,15239945742.6745,11,0.9090909090909091,0
2,666260.7917342377,29164758100.081783,3,0.6666666666666666,0
3,632082.5858480046,22599443156.179115,5,0.8,0
3,508809.6940265202,16847731375.144186,9,0.8888888888888888,0
2,666106.0621360035,29164640861.05762,3,0.6666666666666666,0
3,632032.5722403079,22599397701.480194,5,0.8,0
4,466775.74391530984,15239933493.18417,11,0.9090909090909091,0
3,508792.8284658207,16847714463.84096,9,0.8888888888888888,0
4,466763.4450798002,15239921238.743607,11,0.9090909090909091,0
3,631982.5771542282,22599352248.14193,5,0.8,0
2,665951.3325378965,29164523623.438877,3,0.6666666666666666,0
3,508775.97803161637,16847697553.603664,9,0.8888888888888888,0
2,665796.6029399169,29164406387.225567,3,0.6666666666666666,0
4,466751.1598498906,15239908985.272387,11,0.9090909090909091,0
3,631932.6005941614,22599306796.164333,5,0.8,0
3,471087.0093359848,16023291150.246754,10,1.0,0
3,471085.98947360157,16023291035.094145,10,1.0,0
5,440518.39790644456,14699319399.689814,12,1.0,0
3,162195.74445917708,6150232064.74032,4,1.0,0
4,440520.20710280875,14699319512.35414,12,1.0,0
3,491645.0789789543,17293496576.363216,10,1.0,0
3,491643.9933438287,17293496449.387257,10,1.0,0
4,465722.89298797725,15934020653.99762,12,1.0,0
3,359322.66705694573,13625855558.131899,4,1.0,0
5,465720.9454876158,15934020531.960522,12,1.0,0
3,550763.017675943,19663742668.426994,10,1.0,0
3,550761.7328262134,19663730380.178967,10,1.0,0
5,524801.151666529,18151106829.71648,12,1.0,0
4,524803.2201143818,18151106958.6879,12,1.0,0
3,557368.513573306,21138347990.98613,4,1.0,0
3,501072.3025277889,16596269031.964153,9,0.8888888888888888,0
5,459674.41777301853,15012466355.012445,11,0.9090909090909091,0
3,622441.5190117863,22262106067.98283,5,0.8,0
4,459675.7662790945,15012466431.369947,11,0.9090909090909091,0
3,501071.4192490705,16596268943.96425,9,0.8888888888888888,0
3,501055.42697185156,16596252119.969482,9,0.8888888888888888,0
3,501054.54369309935,16596252031.969582,9,0.8888888888888888,0
5,459662.10972919106,15012454099.941137,11,0.9090909090909091,0
3,622391.511840658,22262060613.792286,5,0.8,0
4,459663.4584680998,15012454176.29967,11,0.9090909090909091,0
3,501038.566775331,16596235209.056892,9,0.8888888888888888,0
4,459651.16447238356,15012441922.21343,11,0.9090909090909091,0
5,459649.81550067,15012441845.853863,11,0.9090909090909091,0
3,501037.6834965721,16596235121.05699,9,0.8888888888888888,0
3,622341.5234791103,22262015160.98303,5,0.8,0
3,479096.6492237124,15744467875.571035,10,1.0,0
4,442333.98012217786,14373548426.529713,12,1.0,0
5,412644.3712670501,13307325339.471851,14,1.0,0
3,479096.06804833806,15744467803.673615,10,1.0,0
5,442305.7243673101,14373192757.231853,12,1.0,0
3,464959.0321913558,15972989187.590254,10,1.0,0
4,442333.59070745634,14373548400.768442,12,1.0,0
3,464958.18727833533,15972993235.160866,10,1.0,0
5,411491.12936695525,13641590926.380106,14,1.0,0
5,436380.8121093023,14672067749.82552,12,1.0,0
3,498473.980222628,17651622787.27752,10,1.0,0
5,473410.79982656107,16277204500.97722,12,1.0,0
5,449697.04127178044,15173715594.767464,14,1.0,0
3,498473.1411953127,17651632213.854507,10,1.0,0
4,442333.1234089269,14373548369.854918,12,1.0,0
3,571898.6062286061,20445569028.493435,10,1.0,0
5,545261.0690729981,18876154691.73425,12,1.0,0
4,442332.65611483634,14373548338.941395,12,1.0,0
5,519165.72232905607,17610529245.64944,14,1.0,0
3,571897.8188076374,20445582176.6585,10,1.0,0
3,526721.2240310597,17432037079.240093,9,0.8888888888888888,0
5,448587.6025278303,14505260719.219357,13,0.9230769230769231,0
3,526720.1207798702,17432036969.240215,9,0.8888888888888888,0
4,279.3719344847971,426207.5790245875,10,1.0,0
5,483202.2299385819,15768476620.33138,11,0.9090909090909091,0
3,526704.3505833652,17432020167.351574,9,0.8888888888888888,0
4,279.011130801463,426166.63751589,10,1.0,0
5,448578.0528276016,14505251311.90499,13,0.9230769230769231,0
3,526703.247332167,17432020057.351696,9,0.8888888888888888,0
5,483189.92351481685,15768464365.358751,11,0.9090909090909091,0
3,526687.491747241,17432003256.493256,9,0.8888888888888888,0
4,278.65847276629586,426125.7461646738,10,1.0,0
5,448568.5151535682,14505241905.454878,13,0.9230769230769231,0
5,483177.63023371925,15768452111.32298,11,0.9090909090909091,0
3,526686.3884960648,17432003146.493374,9,0.8888888888888888,0
4,457554.44772917463,15036758511.206512,12,1.0,0
3,11.84271928232701,1153.3642096059682,4,1.0,0
2,552942.9564664327,18488973182.72012,8,1.0,0
6,428453.6791801612,13943015942.067257,14,1.0,0
4,464972.75418211013,15097385122.838686,12,1.0,0
4,468453.9480076667,15903515087.503881,12,1.0,0
2,552942.9564664327,18488973182.72012,8,1.0,0
3,11.84271928232701,1153.3642096059682,4,1.0,0
4,464972.36479924264,15097385097.0774,12,1.0,0
6,443222.4976495291,14804840153.673975,14,1.0,0
4,526655.149888102,18181459417.56748,12,1.0,0
2,552942.9564664327,18488973182.72012,8,1.0,0
4,464971.8975530574,15097385066.163862,12,1.0,0
6,501037.1377399019,16957837858.208113,14,1.0,0
3,11.84271928232701,1153.3642096059682,4,1.0,0
4,527761.8368054425,17228355243.181026,11,0.9090909090909091,0
2,364.1574750937658,550606.1023417739,6,1.0,0
6,489944.33197764994,15848185329.42476,13,0.9230769230769231,0
3,11.84271928232701,1153.3642096059682,4,1.0,0
4,276.6012171580836,425835.5831217803,10,1.0,0
4,527749.5671723129,17228343033.25523,11,0.9090909090909091,0
2,364.1574750937658,550606.1023417739,6,1.0,0
3,11.84271928232701,1153.3642096059682,4,1.0,0
6,489934.8080000294,15848175956.53271,13,0.9230769230769231,0
4,276.31642489484165,425795.10206467455,10,1.0,0
4,527737.2646060641,17228330778.52175,11,0.9090909090909091,0
4,276.04003332850107,425754.67129682406,10,1.0,0
2,364.1574750937658,550606.1023417739,6,1.0,0
6,489925.2608769617,15848166549.427708,13,0.9230769230769231,0
3,11.84271928232701,1153.3642096059682,4,1.0,0
4,527724.9740732382,17228318524.64575,11,0.9090909090909091,0
6,489915.72476521996,15848157143.113718,13,0.9230769230769231,0
3,11.265729744080792,1096.8042973414476,4,1.0,0
4,275.7720677177682,425714.29083255667,10,1.0,0
2,364.1574750937658,550606.1023417739,6,1.0,0
4,497629.1028953662,16499603043.34302,12,1.0,0
3,139600.92352697146,5293609038.489556,4,1.0,0
6,467228.5278537465,15315658178.25704,14,1.0,0
5,35.55512152512865,3478.9889144213535,6,1.0,0
4,27.132391466044172,2654.241109369431,6,1.0,0
4,516203.8891127138,17580609712.150444,12,1.0,0
3,354556.29368973273,13452582237.350487,4,1.0,0
5,35.55512152512865,3478.9889144213535,6,1.0,0
4,27.132391466044172,2654.241109369431,6,1.0,0
6,488839.6942658769,16371285507.994408,14,1.0,0
4,572296.3302453044,19759558109.838596,12,1.0,0
4,27.132391466044172,2654.241109369431,6,1.0,0
3,570086.8153375122,21620206891.522366,4,1.0,0
6,544414.4104337358,18429144578.553745,14,1.0,0
5,35.55512152512865,3478.9889144213535,6,1.0,0
4,499496.4680792593,16313610644.129108,11,0.9090909090909091,0
4,27.132391466044172,2654.241109369431,6,1.0,0
3,676361.2866122661,24191584260.9669,5,0.8,0
6,463711.4091696915,15006722296.862368,13,0.9230769230769231,0
5,35.55512152512865,3478.9889144213535,6,1.0,0
4,499484.1575327672,16313598388.8609,11,0.9090909090909091,0
5,35.55512152512865,3478.9889144213535,6,1.0,0
4,27.132391466044172,2654.241109369431,6,1.0,0
6,463702.0604624018,15006712902.88024,13,0.9230769230769231,0
3,676311.2751368263,24191538806.46739,5,0.8,0
4,499471.8596999871,16313586134.498245,11,0.9090909090909091,0
4,27.132391466044172,2654.241109369431,6,1.0,0
6,463692.7234399594,15006703509.733704,13,0.9230769230769231,0
5,35.55512152512865,3478.9889144213535,6,1.0,0
3,676261.2809706024,24191493353.23899,5,0.8,0
4,480631.56939347665,15619144263.050083,12,1.0,0
5,26.255793011574927,2573.0677151343425,6,1.0,0
4,27.036395223229494,2644.757354969765,6,1.0,0
3,520629.43870772637,17109572442.476494,10,1.0,0
6,448395.6498557991,14460849837.705263,14,1.0,0
4,474543.9776538263,15964750174.022686,12,1.0,0
4,27.036395223229494,2644.757354969765,6,1.0,0
3,520629.1223577384,17109572421.781202,10,1.0,0
4,474542.7006718487,15964750028.856148,12,1.0,0
5,27.03639522322949,2649.5667318764904,6,1.0,0
4,516541.0699624078,17771138084.617714,12,1.0,0
4,27.036395223229494,2644.757354969765,6,1.0,0
3,520628.80601063126,17109572401.085909,10,1.0,0
5,28.237681680100202,2767.29280464982,6,1.0,0
4,516539.63954807434,17771137911.301746,12,1.0,0
4,596339.3964738117,20655341767.10419,12,1.0,0
5,29.47145511620807,2888.2026013883906,6,1.0,0
4,27.036395223229494,2644.757354969765,6,1.0,0
3,520628.48966640525,17109572380.390621,10,1.0,0
4,596338.1544295544,20655341735.669003,12,1.0,0
4,532337.8608854105,17392420820.64069,11,0.9090909090909091,0
3,312.51191405860266,476530.27537450334,8,1.0,0
4,27.036395223229494,2644.757354969765,6,1.0,0
5,30.733803322509026,3011.912725605884,6,1.0,0
4,532336.2394995205,17392420661.44288,11,0.9090909090909091,0
4,532325.3288307819,17392408593.54565,11,0.9090909090909091,0
5,32.02134704641056,3138.0920105482355,6,1.0,0
3,312.2738896271303,476500.9827235407,8,1.0,0
4,532323.7074448387,17392408434.34784,11,0.9090909090909091,0
4,27.036395223229494,2644.757354969765,6,1.0,0
4,532312.763708398,17392396321.6368,11,0.9090909090909091,0
4,532311.1423224374,17392396162.438984,11,0.9090909090909091,0
5,33.331166596245424,3266.4543264320514,6,1.0,0
4,27.036395223229494,2644.757354969765,6,1.0,0
3,312.04186417851054,476471.72714495874,8,1.0,0
4,508269.96613314905,16601943963.171875,12,1.0,0
4,508268.5303148789,16601944725.12517,12,1.0,0
6,24080.29430052714,790698310.4874532,10,1.0,0
5,24080.82225063477,790739830.8460801,10,1.0,0
3,32967.00143451529,1249784923.975772,4,1.0,0
4,504805.6299956404,16962423903.31539,12,1.0,0
5,186274.0268442858,6230263881.100846,8,1.0,0
3,232323.62746034536,8808395429.02943,4,1.0,0
5,169670.35799507756,5572825374.100731,10,1.0,0
4,504804.0597216679,16962419736.107485,12,1.0,0
4,535932.2215234503,18378280911.24095,12,1.0,0
5,345400.2801111446,11562784240.106432,8,1.0,0
4,535930.6937401048,18378272644.078384,12,1.0,0
5,314609.2155640426,10342583502.31798,10,1.0,0
3,430789.5137747088,16347562024.437828,4,1.0,0
4,596315.3388041545,20634150459.94202,12,1.0,0
4,596313.7989212063,20634138975.688965,12,1.0,0
5,504832.84146452165,16897764272.079279,8,1.0,0
5,459827.26236974634,15114562671.60879,10,1.0,0
3,629636.7671096169,23890200252.593628,4,1.0,0
4,463032.59496391634,15126314635.25122,11,0.9090909090909091,0
3,626969.4891591616,22430925118.35368,5,0.8,0
5,504772.876612591,16722182766.275583,9,0.8888888888888888,0
5,463067.5843021778,15126355017.691582,11,0.9090909090909091,0
4,463032.1897405092,15126314595.451769,11,0.9090909090909091,0
4,463020.02109003684,15126302362.751328,11,0.9090909090909091,0
4,463019.61586662044,15126302322.951876,11,0.9090909090909091,0
5,504754.87751426874,16722165781.525063,9,0.8888888888888888,0
3,626919.4854043858,22430879664.64565,5,0.8,0
5,463054.7458589044,15126342727.79293,11,0.9090909090909091,0
4,463007.46086339,15126290091.227753,11,0.9090909090909091,0
5,504736.8933241633,16722148797.84714,9,0.8888888888888888,0
4,463007.05563997617,15126290051.428299,11,0.9090909090909091,0
5,463041.920976767,15126330438.870274,11,0.9090909090909091,0
3,626869.5003238713,22430834212.308514,5,0.8,0
5,437008.9208811383,14451955883.603235,12,1.0,0
5,415684.1718199892,13408527832.18022,14,1.0,0
5,437008.53559221764,14451955856.687368,12,1.0,0
5,409892.7999990156,13409438462.117353,14,1.0,0
7,367447.1039728387,11859629947.353552,18,1.0,0
5,452843.86786416994,15429956785.964655,12,1.0,0
5,452843.52002908615,15429963431.642986,12,1.0,0
5,428843.1832635892,14368433458.61667,14,1.0,0
7,388869.9294945018,12765957118.532425,18,1.0,0
5,415683.8085805123,13408527807.963547,14,1.0,0
5,507112.4479976325,17525211368.495388,12,1.0,0
7,439921.0848713872,14552910367.150324,18,1.0,0
5,482502.81901920325,16346185608.984776,14,1.0,0
5,507112.2575919682,17525222148.934433,12,1.0,0
5,415683.44534547644,13408527783.746876,14,1.0,0
5,480485.200433119,15689651699.854753,11,0.9090909090909091,0
5,480484.79539135547,15689651660.0553,11,0.9090909090909091,0
7,394491.0253350941,12621476240.36491,17,0.9411764705882353,0
5,446068.75363585335,14432749489.013004,13,0.9230769230769231,0
5,253.64307718930672,388834.0566027512,12,1.0,0
5,480472.616955109,15689639426.674625,11,0.9090909090909091,0
5,480472.21191333316,15689639386.875174,11,0.9090909090909091,0
5,253.4670350929049,388804.05391401163,12,1.0,0
7,394484.6969713352,12621470061.646353,17,0.9411764705882353,0
5,446059.197778093,14432740081.28387,13,0.9230769230769231,0
5,480460.0914948844,15689627200.093422,11,0.9090909090909091,0
5,253.2994843813915,388774.1028079822,12,1.0,0
5,446049.68807325,14432730709.420351,13,0.9230769230769231,0
5,480459.68645310734,15689627160.293968,11,0.9090909090909091,0
7,394478.401198519,12621463906.64035,17,0.9411764705882353,0
5,480460.6250725159,15689614936.229103,11,0.9090909090909091,0
5,480460.1750435249,15689614893.469786,11,0.9090909090909091,0
7,394471.6090168818,12621457267.511066,17,0.9411764705882353,0
5,446039.47611581045,14432720603.551851,13,0.9230769230769231,0
5,253.10057588862082,388739.136346424,12,1.0,0
5,462364.3318964854,15021909677.423807,12,1.0,0
3,23.094010767585033,2263.213055223333,4,1.0,0
5,462363.9032121842,15021909636.742605,12,1.0,0
6,431345.7340136312,13907883354.897696,14,1.0,0
7,405724.8682944104,13009837848.22872,16,1.0,0
5,462363.86459376704,15021909646.510302,12,1.0,0
7,405724.282567998,13009837808.964771,16,1.0,0
5,462363.43590981903,15021909605.8291,12,1.0,0
6,431345.1891295263,13907883318.572668,14,1.0,0
3,23.094010767585033,2263.213055223333,4,1.0,0
5,462363.3972952952,15021909615.596798,12,1.0,0
5,462362.9686117004,15021909574.915596,12,1.0,0
7,405723.7456421138,13009837772.972815,16,1.0,0
3,22.516660498395403,2206.6327288427497,4,1.0,0
6,431344.7047757349,13907883286.283754,14,1.0,0
5,280.42089397507056,426329.3536484048,10,1.0,0
6,252.79221015520142,388679.98595912015,12,1.0,0
3,22.516660498395403,2206.6327288427497,4,1.0,0
7,233.11692345258848,359742.74406162667,14,1.0,0
5,280.3889362217339,426325.93030716147,10,1.0,0
5,280.0357318470468,426288.2627273084,10,1.0,0
3,22.516660498395403,2206.6327288427497,4,1.0,0
7,232.77033202821934,359695.27549567854,14,1.0,0
5,280.00444440917164,426284.84356198576,10,1.0,0
6,252.4564618929671,388634.5209418835,12,1.0,0
5,279.65862125892784,426247.2219206439,10,1.0,0
6,252.1300019410381,388589.1112694511,12,1.0,0
7,232.4334360581588,359647.8640496153,14,1.0,0
3,22.516660498395403,2206.6327288427497,4,1.0,0
5,279.6280068630862,426243.80693244876,10,1.0,0
4,1.5,147.0,4,1.0,0
6,23.433797326572087,2294.991067520743,8,1.0,0
4,1.7320508075688772,169.74097914175,4,1.0,0
3,33.48631561299829,3281.658930073833,4,1.0,0
5,17.001960671248085,1666.1921457823123,6,1.0,0
4,1.5,147.0,4,1.0,0
5,17.88854381999832,1753.0772943598352,6,1.0,0
3,34.64101615137755,3394.8195828349994,4,1.0,0
4,1.7320508075688772,169.74097914175,4,1.0,0
6,24.14835102326569,2364.991331908005,8,1.0,0
4,1.5,147.0,4,1.0,0
5,19.245778757951054,1886.0863182792032,6,1.0,0
4,1.7320508075688772,169.74097914175,4,1.0,0
6,25.245933194420502,2472.5197673628413,8,1.0,0
3,36.373066958946424,3564.5605619767493,4,1.0,0
4,1.5,147.0,4,1.0,0
6,26.031574234818322,2549.428563423576,8,1.0,0
4,1.7320508075688772,169.74097914175,4,1.0,0
3,37.52776749732568,3677.7212147379164,4,1.0,0
5,20.630075133164205,2021.747363050092,6,1.0,0
4,1.5,147.0,4,1.0,0
3,39.25981830489455,3847.4621938796663,4,1.0,0
5,22.036333633342913,2159.5606960676055,6,1.0,0
4,1.7320508075688772,169.74097914175,4,1.0,0
6,27.187181853639355,2662.654314776892,8,1.0,0
4,1.5,147.0,4,1.0,0
4,1.7320508075688772,169.74097914175,4,1.0,0
3,40.99186911246343,4017.203173021416,4,1.0,0
6,28.36370920736567,2777.9334045293454,8,1.0,0
5,23.46060527778429,2299.13931722286,6,1.0,0
4,1.5,147.0,4,1.0,0
6,29.558658388267315,2895.0205526040745,8,1.0,0
5,24.899799195977465,2440.1803212057916,6,1.0,0
4,1.7320508075688772,169.74097914175,4,1.0,0
3,42.72391992003231,4186.944152163166,4,1.0,0
4,1.5,147.0,4,1.0,0
2,0.0,0.0,2,1.0,0
3,11.547005383792516,1131.6065276116665,4,1.0,0
4,1.7320508075688772,169.74097914175,4,1.0,0
5,17.45183848958804,1709.987329387755,6,1.0,0
4,0.5,49.0,4,1.0,0
3,11.547005383792516,1131.6065276116665,4,1.0,0
5,17.45183848958804,1709.987329387755,6,1.0,0
4,0.0,0.0,4,1.0,0
2,0.0,0.0,2,1.0,0
4,2.0615528128088303,202.03217565526538,4,1.0,0
5,17.444196742756603,1709.4217735831025,6,1.0,0
4,1.7320508075688772,169.74097914175,4,1.0,0
2,0.0,0.0,2,1.0,0
3,10.969655114602888,1075.0262012310832,4,1.0,0
4,3.774917217635375,369.9418873282667,4,1.0,0
3,10.969655114602888,1075.0262012310832,4,1.0,0
2,0.0,0.0,2,1.0,0
5,17.444196742756603,1709.4217735831025,6,1.0,0
4,3.4641016151377544,339.4819582835,4,1.0,0
4,5.5,539.0,4,1.0,0
2,0.0,0.0,2,1.0,0
5,17.444196742756603,1709.4217735831025,6,1.0,0
4,5.196152422706632,509.22293742524994,4,1.0,0
3,10.969655114602888,1075.0262012310832,4,1.0,0
4,7.22841614740048,708.3847824452471,4,1.0,0
2,0.0,0.0,2,1.0,0
4,6.928203230275509,678.963916567,4,1.0,0
5,17.444196742756603,1709.4217735831025,6,1.0,0
3,10.969655114602888,1075.0262012310832,4,1.0,0
4,8.958236433584458,877.9071704912769,4,1.0,0
2,0.0,0.0,2,1.0,0
3,10.969655114602888,1075.0262012310832,4,1.0,0
5,17.444196742756603,1709.4217735831025,6,1.0,0
4,8.660254037844387,848.7048957087499,4,1.0,0
2,0.0,0.0,2,1.0,0
2,0.0,0.0,2,1.0,0
2,0.0,0.0,2,1.0,0
3,10.969655114602888,1075.0262012310832,4,1.0,0
5,36.811230170515444,3603.1647570804566,6,1.0,0
2,0.0,0.0,2,1.0,0
2,0.0,0.0,2,1.0,0
3,10.969655114602888,1075.0262012310832,4,1.0,0
5,38.31796793498667,3750.8703345579233,6,1.0,0
2,0.0,0.0,2,1.0,0
2,0.0,0.0,2,1.0,0
2,0.0,0.0,2,1.0,0
3,10.969655114602888,1075.0262012310832,4,1.0,0
5,39.827963375832645,3898.8920819466994,6,1.0,0
2,0.0,0.0,2,1.0,0
2,0.0,0.0,2,1.0,0
2,0.0,0.0,2,1.0,0
3,11.547005383792516,1131.6065276116665,4,1.0,0
5,41.18575805623428,4031.940608028182,6,1.0,0
2,0.0,0.0,2,1.0,0
2,0.0,0.0,2,1.0,0
3,11.547005383792516,1131.6065276116665,4,1.0,0
2,0.0,0.0,2,1.0,0
5,42.69738477549493,4180.118594808844,6,1.0,0
2,0.0,0.0,2,1.0,0
2,0.0,0.0,2,1.0,0
3,11.547005383792516,1131.6065276116665,4,1.0,0
5,44.21161235090467,4328.549071763732,6,1.0,0
2,0.0,0.0,2,1.0,0
2,0.0,0.0,2,1.0,0
2,0.0,0.0,2,1.0,0
2,0.0,0.0,2,1.0,0
5,39.635421868155596,3884.2713430792487,6,1.0,0
3,44.746508243660756,4385.157807878754,4,1.0,0
2,0.0,0.0,2,1.0,0
2,0.0,0.0,2,1.0,0
3,45.901161931553176,4498.313869292211,4,1.0,0
2,0.0,0.0,2,1.0,0
3,45.610671265980436,4469.845784066082,4,1.0,0
2,0.0,0.0,2,1.0,0
3,47.63314672228433,4668.048378783865,4,1.0,0
2,0.0,0.0,2,1.0,0
3,47.34272207354931,4639.5867632078325,4,1.0,0
2,0.0,0.0,2,1.0,0
3,49.07477288111819,4809.327742349583,4,1.0,0
3,49.36513614552953,4837.783342261894,4,1.0,0
2,0.0,0.0,2,1.0,0
2,0.0,0.0,2,1.0,0
2,0.0,0.0,2,1.0,0
3,51.0971297302174,5007.518713561305,4,1.0,0
3,50.80682368868707,4979.068721491332,4,1.0,0
2,0.0,0.0,2,1.0,0
3,52.82912706705144,5177.254452571041,4,1.0,0
2,0.0,0.0,2,1.0,0
3,52.53887449625594,5148.809700633083,4,1.0,0
2,0.0,0.0,2,1.0,0
3,54.56112779870543,5346.990524273133,4,1.0,0
3,54.270925303824825,5318.550679774832,4,1.0,0
2,0.0,0.0,2,1.0,0
3,40162.22939944113,1521870325.8487675,4,1.0,0
2,0.0,0.0,2,1.0,0
2,0.7071067811865476,69.29646455628166,2,1.0,0
2,0.7071067811865476,69.29646455628166,2,1.0,0
3,282743.5647626072,10716498015.878942,4,1.0,0
2,0.7071067811865476,69.29646455628166,2,1.0,0
2,0.7071067811865476,69.29646455628166,2,1.0,0
2,0.0,0.0,2,1.0,0
3,523048.7252981313,19833490841.8799,4,1.0,0
2,0.7071067811865476,69.29646455628166,2,1.0,0
2,0.0,0.0,2,1.0,0
2,0.7071067811865476,69.29646455628166,2,1.0,0
3,720354.3524426017,27315707914.801605,4,1.0,0
2,0.7071067811865476,69.29646455628166,2,1.0,0
2,0.7071067811865476,69.29646455628166,2,1.0,0
2,0.0,0.0,2,1.0,0
3,758731.8959944283,27130026984.8445,5,0.8,0
2,0.0,0.0,2,1.0,0
2,0.7071067811865476,69.29646455628166,2,1.0,0
2,0.7071067811865476,69.29646455628166,2,1.0,0
3,758682.984407651,27129981596.42501,5,0.8,0
2,0.0,0.0,2,1.0,0
2,0.7071067811865476,69.29646455628166,2,1.0,0
2,0.7071067811865476,69.29646455628166,2,1.0,0
3,758634.0886024698,27129936209.140053,5,0.8,0
2,0.7071067811865476,69.29646455628166,2,1.0,0
2,0.0,0.0,2,1.0,0
2,0.7071067811865476,69.29646455628166,2,1.0,0
3,574129.4610806578,19077683335.472218,10,1.0,0
3,64139.598920375756,2430330956.807596,4,1.0,0
2,98.99494936611666,3433503183.106214,2,1.0,0
2,98.99494936611666,3433549258.184076,2,1.0,0
3,64139.88651572436,2430298321.9290047,4,1.0,0
3,64139.310246655026,2430330944.4494853,4,1.0,0
3,566838.0174589269,19472228573.498276,10,1.0,0
3,253521.46560597193,9618360993.300201,4,1.0,0
2,967.322076663197,13588808943.22104,2,1.0,0
2,967.322076663197,13588808411.476742,2,1.0,0
3,253521.46919804116,9618394037.178724,4,1.0,0
3,253521.1805239357,9618394024.820665,4,1.0,0
3,592681.6685857595,20872854414.900738,10,1.0,0
2,1253.7003230437488,23735688333.855995,2,1.0,0
3,443013.57522127166,16800511999.542488,4,1.0,0
2,1253.7003230437488,23735642258.778133,2,1.0,0
3,443013.2878792501,16800544611.107391,4,1.0,0
3,443013.5765538117,16800544623.465467,4,1.0,0
3,483375.5751004538,16003750463.375074,9,0.8888888888888888,0
3,600474.3507800312,21467317255.453968,5,0.8,0
2,632960.0622537992,27703747756.731564,3,0.6666666666666666,0
3,600474.5333528309,21467317263.74298,5,0.8,0
2,632959.4832580782,27703747680.521393,3,0.6666666666666666,0
3,600474.5333528309,21467317263.74298,5,0.8,0
3,483358.75485582935,16003733613.930775,9,0.8888888888888888,0
2,632805.3309449386,27703630878.704014,3,0.6666666666666666,0
3,600424.5171150159,21467271969.90881,5,0.8,0
3,600424.6997244534,21467271978.197914,5,0.8,0
2,632805.9099410604,27703630954.91419,3,0.6666666666666666,0
3,600424.6997244534,21467271978.197914,5,0.8,0
3,483341.8875055672,16003716702.499987,9,0.8888888888888888,0
3,600374.7030159582,21467226524.720486,5,0.8,0
2,632650.601282414,27703513640.903423,3,0.6666666666666666,0
3,600374.5203697439,21467226516.431293,5,0.8,0
2,632651.180278938,27703513717.113594,3,0.6666666666666666,0
3,600374.7030159582,21467226524.720486,5,0.8,0
3,483325.0360782069,16003699792.191343,9,0.8888888888888888,0
3,600324.7258086243,21467181072.675488,5,0.8,0
2,632496.4506169185,27703396480.792553,3,0.6666666666666666,0
2,632495.871619992,27703396404.582382,3,0.6666666666666666,0
3,600324.7258086243,21467181072.675488,5,0.8,0
3,600324.543125633,21467181064.38621,5,0.8,0
3,447975.16981765354,15155979873.553684,10,1.0,0
5,392821.56746669917,12900273454.797743,14,1.0,0
3,447974.43920429214,15155977798.653406,10,1.0,0
4,418082.19138204225,13893701240.330442,12,1.0,0
3,447974.8524175089,15155979795.1945,10,1.0,0
5,426704.5692999751,13860379112.20303,12,1.0,0
3,464764.5379205953,16322962022.433205,10,1.0,0
3,464763.65929046844,16322961925.398111,10,1.0,0
5,426704.1798816212,13860379086.441706,12,1.0,0
5,417149.54832187324,14008163973.215183,14,1.0,0
3,464763.2937811103,16322954012.251,10,1.0,0
4,440001.08841940964,15036958685.372986,12,1.0,0
3,522533.4396293164,18653726138.85188,10,1.0,0
4,497891.9973594736,17218637978.129498,12,1.0,0
3,522531.944982516,18653713885.205605,10,1.0,0
5,473886.8372224394,16062170894.67108,14,1.0,0
5,426703.7125787013,13860379055.528116,12,1.0,0
3,522531.6488241645,18653713698.798862,10,1.0,0
3,502740.8254048777,16655166648.910326,9,0.8888888888888888,0
3,502739.0582009496,16655166472.910522,9,0.8888888888888888,0
4,461205.0681985381,15065742468.505617,11,0.9090909090909091,0
5,279.4940070913865,426221.23733776255,10,1.0,0
5,428164.3883950775,13858821737.958342,13,0.9230769230769231,0
3,502739.0582009496,16655166472.910522,9,0.8888888888888888,0
3,502724.0102709051,16655149799.854113,9,0.8888888888888888,0
5,428154.8350988526,13858812330.404696,13,0.9230769230769231,0
5,279.1304951690756,426180.27911311586,10,1.0,0
4,461192.80300853867,15065730258.94274,11,0.9090909090909091,0
3,502722.2430668793,16655149623.85431,9,0.8888888888888888,0
3,502722.2430668793,16655149623.85431,9,0.8888888888888888,0
3,502707.1474386068,16655132888.76906,9,0.8888888888888888,0
3,502705.3802345366,16655132712.769255,9,0.8888888888888888,0
4,461180.50663560437,15065718004.696396,11,0.9090909090909091,0
5,278.77511844974015,426139.37104113406,10,1.0,0
3,502705.3802345366,16655132712.769255,9,0.8888888888888888,0
5,428145.29440233135,13858802923.755613,13,0.9230769230769231,0
3,480614.2238734837,15799334191.444963,10,1.0,0
6,414034.1518504638,13354828797.925299,14,1.0,0
4,11.84271928232701,1153.3642096059682,4,1.0,0
3,443724.3732204729,14423446518.193087,12,1.0,0
3,480613.1647858921,15799334052.142883,10,1.0,0
5,443802.0828611573,14424554919.843739,12,1.0,0
3,466998.39174537495,16073567909.786541,10,1.0,0
6,414033.66748619784,13354828765.636387,14,1.0,0
3,466996.5886995203,16073572112.38763,10,1.0,0
3,438594.45834318985,14767792255.458279,12,1.0,0
5,443801.693463139,14424554894.082499,12,1.0,0
4,11.84271928232701,1153.3642096059682,4,1.0,0
3,504949.1720238451,17909846595.72343,10,1.0,0
6,414033.12257291446,13354828729.31136,14,1.0,0
3,504946.8454228183,17909856265.870155,10,1.0,0
5,443801.2261798631,14424554863.169006,12,1.0,0
3,479860.7879176964,16518436251.085417,12,1.0,0
4,11.84271928232701,1153.3642096059682,4,1.0,0
3,584343.0876875902,20897764502.16838,10,1.0,0
4,11.84271928232701,1153.3642096059682,4,1.0,0
3,584340.5083916207,20897778015.46709,10,1.0,0
3,557161.1445015188,19293949513.15015,12,1.0,0
5,443800.7589010114,14424554832.255518,12,1.0,0
6,414032.5776646469,13354828692.986334,14,1.0,0
3,549570.0677275929,18194013098.858814,9,0.8888888888888888,0
3,504166.63770925434,16457735661.632393,11,0.9090909090909091,0
5,278.4645199821494,426075.35307976266,10,1.0,0
3,549567.4190547002,18194012834.859108,9,0.8888888888888888,0
6,253.3753354335433,388863.6862856139,12,1.0,0
4,11.84271928232701,1153.3642096059682,4,1.0,0
3,549553.1939113003,18193996186.956966,9,0.8888888888888888,0
6,252.99994011258124,388817.9909548706,12,1.0,0
3,504154.3315581234,16457723406.643175,11,0.9090909090909091,0
5,278.13058483781,426034.5758020638,10,1.0,0
3,549550.5452383591,18193995922.95726,9,0.8888888888888888,0
4,11.84271928232701,1153.3642096059682,4,1.0,0
3,549536.3340990293,18193979276.04217,9,0.8888888888888888,0
4,11.84271928232701,1153.3642096059682,4,1.0,0
6,252.6337029748562,388772.3508888413,12,1.0,0
3,504142.03800314415,16457711152.55157,11,0.9090909090909091,0
3,549533.6854261074,18193979012.042465,9,0.8888888888888888,0
5,277.8048875659958,425993.84872888064,10,1.0,0
3,515541.4231552969,17156442766.619402,10,1.0,0
3,515538.8669992248,17156442111.507895,10,1.0,0
4,447548.0055520903,14546834884.615984,14,1.0,0
7,48352.86758002168,1587229567.693122,10,1.0,0
6,53087.922795921426,1774515122.4094148,8,1.0,0
4,11.265729744080792,1096.8042973414476,4,1.0,0
3,512394.4651527332,17704027133.07587,10,1.0,0
7,191967.30112151333,6306456646.258508,10,1.0,0
4,455229.0152140006,15140681555.728832,14,1.0,0
4,11.265729744080792,1096.8042973414476,4,1.0,0
3,512392.1293755941,17704031991.46747,10,1.0,0
6,210760.24233537941,7050496291.180891,8,1.0,0
3,548368.8907596682,19424740122.80468,10,1.0,0
4,11.265729744080792,1096.8042973414476,4,1.0,0
4,494869.50681923865,16699835750.082325,14,1.0,0
7,335935.2755132717,11039774319.08548,10,1.0,0
6,368820.91017805843,12342253760.204033,8,1.0,0
3,548367.0076842192,19424740007.83766,10,1.0,0
3,500754.14452656085,16590897104.97701,9,0.8888888888888888,0
7,459411.3663901588,15007645339.364191,11,0.9090909090909091,0
3,500753.70274642005,16590897060.977062,9,0.8888888888888888,0
6,500796.32814947836,16590952472.686079,9,0.8888888888888888,0
4,11.265729744080792,1096.8042973414476,4,1.0,0
4,426471.93260722747,13805341354.964005,13,0.9230769230769231,0
3,500737.32432378596,16590880255.56622,9,0.8888888888888888,0
4,11.265729744080792,1096.8042973414476,4,1.0,0
6,500778.3803590167,16590935550.155367,9,0.8888888888888888,0
7,459398.2917376717,15007633076.560616,11,0.9090909090909091,0
3,500736.8825436169,16590880211.566269,9,0.8888888888888888,0
4,426462.4092847292,13805331982.11576,13,0.9230769230769231,0
3,500720.4564639835,16590863344.129427,9,0.8888888888888888,0
4,11.265729744080792,1096.8042973414476,4,1.0,0
4,426452.86445523717,13805322575.171558,13,0.9230769230769231,0
6,500760.38459279883,16590918565.599197,9,0.8888888888888888,0
3,500720.0146837996,16590863300.129477,9,0.8888888888888888,0
7,459385.185719645,15007620769.076538,11,0.9090909090909091,0
3,500703.6039743917,16590846433.775068,9,0.8888888888888888,0
4,11.84271928232701,1153.3642096059682,4,1.0,0
3,500703.16219420644,16590846389.775118,9,0.8888888888888888,0
4,426443.33227611426,13805313169.135426,13,0.9230769230769231,0
7,459372.18321679387,15007608468.495413,11,0.9090909090909091,0
6,500742.403853962,16590901582.124111,9,0.8888888888888888,0
3,465730.2753191427,15658124708.520111,10,1.0,0
4,11.84271928232701,1153.3642096059682,4,1.0,0
7,387894.0654176945,12444283599.3278,16,1.0,0
6,383958.0176371229,12466973172.283064,16,1.0,0
4,433522.99767157855,14340196833.416636,12,1.0,0
7,364556.5293632782,11768581412.471096,18,1.0,0
3,475429.4713461247,16630271215.246126,10,1.0,0
7,387893.4797073375,12444283560.063868,16,1.0,0
6,404364.9593864382,13393080792.898808,16,1.0,0
7,385783.9122674155,12667562266.991394,18,1.0,0
4,449268.0297797792,15310900490.1602,12,1.0,0
4,11.84271928232701,1153.3642096059682,4,1.0,0
3,528512.3096365663,18854157493.15287,10,1.0,0
6,456594.24846602045,15263811299.940123,16,1.0,0
7,436610.38276682206,14449660234.92708,18,1.0,0
4,503307.7051743583,17400685808.6703,12,1.0,0
4,11.84271928232701,1153.3642096059682,4,1.0,0
7,387892.8940022834,12444283520.799936,16,1.0,0
3,518803.78898781294,17193716565.182438,9,0.8888888888888888,0
7,231.09263876702715,359518.69111021806,14,1.0,0
4,11.265729744080792,1096.8042973414476,4,1.0,0
6,413999.7082626416,13319287460.883764,15,0.9333333333333333,0
7,390749.7157014509,12511462759.026104,17,0.9411764705882353,0
4,475943.29771000316,15552896943.13691,11,0.9090909090909091,0
3,518786.9082860515,17193699652.85149,9,0.8888888888888888,0
7,230.83509408090586,359475.53980731184,14,1.0,0
4,11.265729744080792,1096.8042973414476,4,1.0,0
6,413992.0249831942,13319279946.91713,15,0.9333333333333333,0
4,475930.9854443948,15552884687.752178,11,0.9090909090909091,0
7,390743.2983966452,12511456574.370476,17,0.9411764705882353,0
3,518770.04241838964,17193682741.565018,9,0.8888888888888888,0
4,11.265729744080792,1096.8042973414476,4,1.0,0
6,413984.29886769975,13319272430.146906,15,0.9333333333333333,0
7,230.54256358940233,359428.3900688015,14,1.0,0
7,390736.84738433047,12511450387.507338,17,0.9411764705882353,0
4,475918.68652161007,15552872433.317291,11,0.9090909090909091,0
3,518751.8715964096,17193664506.310883,9,0.8888888888888888,0
7,390734.153827521,12511444002.228504,17,0.9411764705882353,0
6,413975.9640607975,13319264324.22437,15,0.9333333333333333,0
4,475905.45997998765,15552859221.102812,11,0.9090909090909091,0
4,44.45597072760118,4356.685131304916,4,1.0,0
7,233.25792214147464,359762.49531267764,14,1.0,0
3,480404.68077417125,16326715360.460028,10,1.0,0
7,399333.2233913385,13040315518.057692,16,1.0,0
4,448945.6135595194,14974143179.747747,12,1.0,0
8,114671.9940407809,3766805768.4129496,10,1.0,0
8,379654.79287330643,12316511659.698235,18,1.0,0
6,125906.27906495427,4211239428.39892,8,1.0,0
3,497511.2115321847,17469678114.884247,10,1.0,0
4,470841.31826261035,16091414463.278904,12,1.0,0
6,278583.96597025153,9314909517.187992,8,1.0,0
8,253737.05434791258,8331885551.05827,10,1.0,0
7,424440.145370694,14083601512.26705,16,1.0,0
8,405125.56739407266,13322994662.062983,18,1.0,0
3,550833.5077124888,19652906659.444046,10,1.0,0
6,432266.89323856967,14455818101.589436,8,1.0,0
4,524646.7602077756,18138688018.612015,12,1.0,0
8,393717.2650908545,12930273735.212095,10,1.0,0
8,455219.06368342094,15063513771.434608,18,1.0,0
7,476027.0371926324,15911994968.3254,16,1.0,0
3,483571.205536504,16007589761.754303,9,0.8888888888888888,0
7,385884.25167334214,12400447299.236506,15,0.9333333333333333,0
8,443644.5327203874,14480006152.95626,11,0.9090909090909091,0
6,483613.29552934127,16007645099.464895,9,0.8888888888888888,0
8,364217.39062562585,11648351988.373547,17,0.9411764705882353,0
4,443621.6638794819,14479966587.444231,11,0.9090909090909091,0
3,483554.3302786668,16007572849.75653,9,0.8888888888888888,0
4,443609.44632978475,14479954338.300173,11,0.9090909090909091,0
6,483595.6710263694,16007628138.909182,9,0.8888888888888888,0
8,364211.11048525746,11648345812.928469,17,0.9411764705882353,0
8,443631.6895140505,14479993862.743866,11,0.9090909090909091,0
7,385876.5723165153,12400439785.562662,15,0.9333333333333333,0
3,483537.4709361841,16007555938.880634,9,0.8888888888888888,0
6,483578.0622043985,16007611179.474405,9,0.8888888888888888,0
4,443597.15316135035,14479942084.256721,11,0.9090909090909091,0
8,364204.7974433478,11648339635.33295,17,0.9411764705882353,0
8,443618.860462324,14479981573.551031,11,0.9090909090909091,0
7,385868.850940958,12400432269.145742,15,0.9333333333333333,0
3,456727.9082064312,15116449322.389315,10,1.0,0
5,426884.91274953936,13863711797.739477,12,1.0,0
6,398245.64611840923,12835578028.225904,14,1.0,0
8,352751.7341324319,11300609144.851797,18,1.0,0
4,422831.5595882608,13815220946.469225,12,1.0,0
8,352752.4133783287,11300609208.893873,18,1.0,0
3,451677.3092575052,15630499655.928804,10,1.0,0
5,426884.6012188632,13863711777.130407,12,1.0,0
6,398245.2223584687,12835577999.973026,14,1.0,0
8,363249.677342065,11868144134.146564,18,1.0,0
4,425201.4201862739,14372307775.165861,12,1.0,0
8,363249.12846660987,11868148832.8262,18,1.0,0
3,494704.34612547455,17581803417.580902,10,1.0,0
4,470573.3951977839,16220785955.804155,12,1.0,0
5,426884.3675805031,13863711761.673607,12,1.0,0
8,407615.29108983587,13462817181.999712,18,1.0,0
8,407614.99247670104,13462825591.37,18,1.0,0
6,398244.8591630352,12835577975.756283,14,1.0,0
3,573974.5862471323,20520113942.01302,10,1.0,0
8,475496.46153836575,15741012884.447699,18,1.0,0
5,426884.13394520944,13863711746.21681,12,1.0,0
4,547266.9108693189,18945253855.997437,12,1.0,0
6,398244.55650004506,12835577955.57566,14,1.0,0
8,475496.33649059496,15741023677.316387,18,1.0,0
3,521094.1206031732,17255951070.6859,9,0.8888888888888888,0
4,478041.97643250006,15609194748.377476,11,0.9090909090909091,0
8,392476.46825877647,12556754720.548649,17,0.9411764705882353,0
8,392476.4904043523,12556754721.672207,17,0.9411764705882353,0
5,280.05507394875826,426273.10382919747,10,1.0,0
6,251.95001608664487,388515.70462150616,12,1.0,0
3,521077.2496871532,17255934159.00753,9,0.8888888888888888,0
4,478029.672517265,15609182493.59148,11,0.9090909090909091,0
8,392470.03557678097,12556748534.533901,17,0.9411764705882353,0
6,251.86412582737515,388486.24484283983,12,1.0,0
8,392470.0134285833,12556748533.410332,17,0.9411764705882353,0
5,279.90482509437226,426252.8228028264,10,1.0,0
3,521060.3935406625,17255917248.369873,9,0.8888888888888888,0
4,478017.38188670314,15609170239.751902,11,0.9090909090909091,0
5,279.76021478719554,426232.5768631227,10,1.0,0
8,392463.59129379195,12556742348.161203,17,0.9411764705882353,0
8,392463.569142973,12556742347.037628,17,0.9411764705882353,0
6,251.78687175442406,388456.8367721181,12,1.0,0
3,485174.58181709074,16279037615.783041,10,1.0,0
8,379265.99667566083,12228848609.812254,18,1.0,0
6,80378.19951774416,2687711244.0273466,8,1.0,0
3,22.808989455914087,2228.199497352066,4,1.0,0
4,451368.34753453924,14905800272.995024,12,1.0,0
8,379266.0057584224,12228847245.490286,18,1.0,0
3,491340.55525872845,17119500053.435404,10,1.0,0
8,397460.1448946463,13026007639.244778,18,1.0,0
8,397460.3108683417,13026013086.035769,18,1.0,0
4,463682.97752597736,15754501745.58203,12,1.0,0
6,239002.47763972776,7998910738.067486,8,1.0,0
3,22.808989455914087,2228.199497352066,4,1.0,0
3,537718.1461741726,19137747344.857002,10,1.0,0
3,22.808989455914087,2228.199497352066,4,1.0,0
8,443431.12575437705,14658461295.42828,18,1.0,0
8,443430.8201391079,14658444185.860588,18,1.0,0
4,511673.0989299992,17658294382.70407,12,1.0,0
6,397519.963062324,13308278253.751532,8,1.0,0
3,504346.86874968413,16715144546.048794,9,0.8888888888888888,0
3,23.386249521175188,2284.774751844625,4,1.0,0
6,504388.9565662044,16715199927.207266,9,0.8888888888888888,0
8,379859.2611858429,12163216553.025696,17,0.9411764705882353,0
4,462674.89466942515,15119995093.75896,11,0.9090909090909091,0
8,379859.4053960081,12163216567.180685,17,0.9411764705882353,0
3,504330.04861915024,16715127696.658691,9,0.8888888888888888,0
4,462662.579547361,15119982838.221075,11,0.9090909090909091,0
3,23.386249521175188,2284.774751844625,4,1.0,0
8,379852.93076876167,12163210374.2026,17,0.9411764705882353,0
8,379853.07497530035,12163210388.357574,17,0.9411764705882353,0
6,504371.3240037046,16715182966.129286,9,0.8888888888888888,0
3,504313.18072258215,16715110785.234636,9,0.8888888888888888,0
3,23.386249521175188,2284.774751844625,4,1.0,0
6,504353.7064757012,16715166006.124796,9,0.8888888888888888,0
4,462650.2781506292,15119970583.660223,11,0.9090909090909091,0
8,379846.6112813035,12163204196.170038,17,0.9411764705882353,0
8,379846.7554842115,12163204210.324995,17,0.9411764705882353,0
3,504296.32808672125,16715093874.884968,9,0.8888888888888888,0
8,379840.30272401404,12163198018.928009,17,0.9411764705882353,0
4,462637.9904803244,15119958330.076412,11,0.9090909090909091,0
3,22.808989455914087,2228.199497352066,4,1.0,0
8,379840.44692328695,12163198033.082952,17,0.9411764705882353,0
6,504336.1039837697,16715149047.193798,9,0.8888888888888888,0
3,467206.3708701018,15846065847.883627,10,1.0,0
8,390679.9283090742,12537476919.437069,16,1.0,0
8,368536.7280299166,11945334681.104244,18,1.0,0
6,415354.34756999556,13402916628.603027,14,1.0,0
5,436269.0203629487,14529217912.56456,12,1.0,0
4,26.6939443819505,2610.054226767457,6,1.0,0
3,488247.99265661207,17193226079.487762,10,1.0,0
8,390679.53785489796,12537476893.261148,16,1.0,0
4,27.08320512790168,2648.2283134201252,6,1.0,0
6,415354.044837879,13402916608.422478,14,1.0,0
5,462597.8826304813,15842535835.658718,12,1.0,0
8,398645.06531588454,13124181991.413885,18,1.0,0
3,556768.1497455351,19897008050.11902,10,1.0,0
8,390679.0985838207,12537476863.813234,16,1.0,0
5,530682.0698448252,18368072654.622234,12,1.0,0
4,27.08320512790168,2648.2283134201252,6,1.0,0
8,460899.6124671077,15259129717.80198,18,1.0,0
6,415353.6815590796,13402916584.20582,14,1.0,0
3,552964.4009831112,18301980976.27279,9,0.8888888888888888,0
5,507274.74421324994,16555398968.13535,11,0.9090909090909091,0
6,255.53698658932234,389122.80784535693,12,1.0,0
4,27.08320512790168,2648.2283134201252,6,1.0,0
8,416480.30891800136,13317923317.238031,17,0.9411764705882353,0
8,234.55649053638922,359866.37913878745,14,1.0,0
3,552947.5224372563,18301964064.025467,9,0.8888888888888888,0
6,255.2792885283002,389092.304589681,12,1.0,0
8,416473.98180071363,13317917138.610453,17,0.9411764705882353,0
4,27.08320512790168,2648.2283134201252,6,1.0,0
8,234.35204100002866,359831.127800464,14,1.0,0
5,507262.43294458004,16555386712.83003,11,0.9090909090909091,0
3,552930.6578091667,18301947152.759373,9,0.8888888888888888,0
5,507250.1341946326,16555374458.417034,11,0.9090909090909091,0
4,27.08320512790168,2648.2283134201252,6,1.0,0
8,416467.6646520799,13317910960.704865,17,0.9411764705882353,0
8,234.15755004218474,359795.93636735465,14,1.0,0
6,255.02988535511366,389061.85280071764,12,1.0,0
2,580487.7608695615,19411657370.731243,8,1.0,0
4,528747.0659432542,17363158295.848545,10,1.0,0
8,23.87001838662421,2339.2618018891726,10,1.0,0
6,16.784346448828018,1644.8659519851458,8,1.0,0
4,27.08320512790168,2648.2283134201252,6,1.0,0
9,405545.3286069007,12942770093.535341,18,1.0,0
2,580487.7608695615,19411657370.731243,8,1.0,0
6,25.750173369735368,2523.5169902340663,8,1.0,0
4,27.08320512790168,2648.2283134201252,6,1.0,0
4,528746.9604876545,17363158288.950096,10,1.0,0
4,17.88854381999832,1753.0772943598352,6,1.0,0
7,428346.2519541434,13727715843.63787,16,1.0,0
2,580487.7608695615,19411657370.731243,8,1.0,0
4,528746.9604876545,17363158288.950096,10,1.0,0
7,428345.81266794534,13727715814.189909,16,1.0,0
6,26.435906318058077,2590.7188191696914,8,1.0,0
4,27.08320512790168,2648.2283134201252,6,1.0,0
4,17.88854381999832,1753.0772943598352,6,1.0,0
2,580487.7608695615,19411657370.731243,8,1.0,0
4,27.08320512790168,2648.2283134201252,6,1.0,0
7,428345.3733865495,13727715784.741947,16,1.0,0
4,17.88854381999832,1753.0772943598352,6,1.0,0
4,528746.9604876545,17363158288.950096,10,1.0,0
6,27.175356483402386,2663.1849353734337,8,1.0,0
2,364.1574750937658,550606.1023417739,6,1.0,0
4,27.08320512790168,2648.2283134201252,6,1.0,0
6,27.964262908219126,2740.4977650054743,8,1.0,0
4,315.16888896499376,476819.08133798506,8,1.0,0
4,17.88854381999832,1753.0772943598352,6,1.0,0
7,235.0438467395177,360007.17419582285,14,1.0,0
2,364.1574750937658,550606.1023417739,6,1.0,0
4,315.16888896499376,476819.08133798506,8,1.0,0
6,28.79856147201007,2822.259024256987,8,1.0,0
7,234.79784384130846,359971.67365801695,14,1.0,0
4,27.08320512790168,2648.2283134201252,6,1.0,0
4,17.88854381999832,1753.0772943598352,6,1.0,0
2,364.1574750937658,550606.1023417739,6,1.0,0
4,315.16888896499376,476819.08133798506,8,1.0,0
6,29.674423811953428,2908.0935335714357,8,1.0,0
4,27.18394133797869,2658.063480556224,6,1.0,0
7,234.56170255967257,359936.2329530906,14,1.0,0
4,17.443241289011244,1709.437646323102,6,1.0,0
5,26.837784309936367,2630.1028623737643,6,1.0,0
5,26.837784309936367,2630.1028623737643,6,1.0,0
4,17.88854381999832,1753.0772943598352,6,1.0,0
4,26.59636566650915,2606.4438353178966,6,1.0,0
5,26.837784309936367,2630.1028623737643,6,1.0,0
4,28.060054644755535,2749.8853551860425,6,1.0,0
5,26.837784309936367,2630.1028623737643,6,1.0,0
4,17.88854381999832,1753.0772943598352,6,1.0,0
4,17.88854381999832,1753.0772943598352,6,1.0,0
5,26.837784309936367,2630.1028623737643,6,1.0,0
5,26.837784309936367,2630.1028623737643,6,1.0,0
4,29.532468008391486,2894.1818648223657,6,1.0,0
5,26.837784309936367,2630.1028623737643,6,1.0,0
4,30.638211436048287,3002.544720732732,6,1.0,0
5,26.837784309936367,2630.1028623737643,6,1.0,0
4,17.443241289011244,1709.437646323102,6,1.0,0
5,26.837784309936367,2630.1028623737643,6,1.0,0
4,17.443241289011244,1709.437646323102,6,1.0,0
4,32.12942576517669,3148.683724987316,6,1.0,0
5,26.837784309936367,2630.1028623737643,6,1.0,0
5,26.837784309936367,2630.1028623737643,6,1.0,0
5,26.837784309936367,2630.1028623737643,6,1.0,0
4,33.6258828880373,3295.336523027656,6,1.0,0
4,17.443241289011244,1709.437646323102,6,1.0,0
5,26.837784309936367,2630.1028623737643,6,1.0,0
4,35.1269127593075,3442.4374504121347,6,1.0,0
5,26.837784309936367,2630.1028623737643,6,1.0,0
4,17.443241289011244,1709.437646323102,6,1.0,0
4,17.88854381999832,1753.0772943598352,6,1.0,0
3,11.547005383792516,1131.6065276116665,4,1.0,0
5,26.351470547200964,2582.4441136256946,6,1.0,0
5,26.59636566650915,2606.4438353178966,6,1.0,0
5,28.060054644755535,2749.8853551860425,6,1.0,0
4,17.88854381999832,1753.0772943598352,6,1.0,0
5,27.81366570590795,2725.739239178979,6,1.0,0
3,11.547005383792516,1131.6065276116665,4,1.0,0
3,11.547005383792516,1131.6065276116665,4,1.0,0
5,29.532468008391486,2894.1818648223657,6,1.0,0
5,29.284808348357004,2869.9112181389864,6,1.0,0
4,17.88854381999832,1753.0772943598352,6,1.0,0
3,11.547005383792516,1131.6065276116665,4,1.0,0
5,30.763614872118,3014.8342574675644,6,1.0,0
4,17.88854381999832,1753.0772943598352,6,1.0,0
5,31.012363126125468,3039.2115863602958,6,1.0,0
4,17.88854381999832,1753.0772943598352,6,1.0,0
5,32.2490309931942,3160.4050373330315,6,1.0,0
3,11.547005383792516,1131.6065276116665,4,1.0,0
5,32.49871792342994,3184.874356496134,6,1.0,0
3,10.969655114602888,1075.0262012310832,4,1.0,0
5,33.740183757650165,3306.5380082497163,6,1.0,0
4,17.443241289011244,1709.437646323102,6,1.0,0
5,33.990684998491375,3331.0871298521547,6,1.0,0
5,35.23634487287239,3453.161797541494,6,1.0,0
5,35.4875565045928,3477.7805374500945,6,1.0,0
4,35.73606954698106,3502.134815604143,6,1.0,0
3,44.746508243660756,4385.157807878754,4,1.0,0
4,11.547005383792516,1131.6065276116665,4,1.0,0
4,36.736902427940215,3600.2164379381416,6,1.0,0
4,11.547005383792516,1131.6065276116665,4,1.0,0
3,45.901161931553176,4498.313869292211,4,1.0,0
4,11.547005383792516,1131.6065276116665,4,1.0,0
4,11.547005383792516,1131.6065276116665,4,1.0,0
4,38.241338888694784,3747.651211092089,6,1.0,0
3,47.63314672228433,4668.048378783865,4,1.0,0
3,49.36513614552953,4837.783342261894,4,1.0,0
4,11.547005383792516,1131.6065276116665,4,1.0,0
4,11.547005383792516,1131.6065276116665,4,1.0,0
4,39.74921382870358,3895.422955212951,6,1.0,0
3,51.0971297302174,5007.518713561305,4,1.0,0
4,11.547005383792516,1131.6065276116665,4,1.0,0
4,11.547005383792516,1131.6065276116665,4,1.0,0
4,41.26015026632841,4043.494726100184,6,1.0,0
4,11.547005383792516,1131.6065276116665,4,1.0,0
3,52.82912706705144,5177.254452571041,4,1.0,0
4,11.547005383792516,1131.6065276116665,4,1.0,0
4,42.77382377108691,4191.834729566517,6,1.0,0
4,43.94845465618406,4306.948556306038,6,1.0,0
4,10.969655114602888,1075.0262012310832,4,1.0,0
4,10.969655114602888,1075.0262012310832,4,1.0,0
3,53.983793864455286,5290.411798716618,4,1.0,0
2,0.7071067811865476,69.29646455628166,2,1.0,0
4,44.45597072760118,4356.685131304916,4,1.0,0
4,44.45597072760118,4356.685131304916,4,1.0,0
4,44.746508243660756,4385.157807878754,4,1.0,0
2,0.7071067811865476,69.29646455628166,2,1.0,0
4,46.188021535170066,4526.426110446666,4,1.0,0
4,46.47848964843845,4554.891985546968,4,1.0,0
4,46.188021535170066,4526.426110446666,4,1.0,0
4,47.92007234273894,4696.167089588416,4,1.0,0
2,0.7071067811865476,69.29646455628166,2,1.0,0
4,47.92007234273894,4696.167089588416,4,1.0,0
4,48.21047603996459,4724.62665191653,4,1.0,0
4,49.94246689942338,4894.361756143491,4,1.0,0
4,49.652123150307816,4865.908068730166,4,1.0,0
2,0.7071067811865476,69.29646455628166,2,1.0,0
4,49.652123150307816,4865.908068730166,4,1.0,0
2,0.7071067811865476,69.29646455628166,2,1.0,0
4,51.3841739578767,5035.649047871916,4,1.0,0
4,51.674461777555074,5064.097254200397,4,1.0,0
4,51.3841739578767,5035.649047871916,4,1.0,0
4,53.11622476544557,5205.3900270136655,4,1.0,0
2,0.7071067811865476,69.29646455628166,2,1.0,0
4,53.11622476544557,5205.3900270136655,4,1.0,0
4,53.406460283377704,5233.8331077710145,4,1.0,0
4,54.56112779870543,5346.990524273133,4,1.0,0
2,0.7071067811865476,69.29646455628166,2,1.0,0
4,54.270925303824825,5318.550679774832,4,1.0,0
4,54.270925303824825,5318.550679774832,4,1.0,0
2,3143.7967491553904,3561277426.5498843,2,1.0,0
2,0.0,0.0,2,1.0,0
2,0.0,0.0,2,1.0,0
2,3144.5038559365767,3561323548.296794,2,1.0,0
3,65206.08030122651,2520640591.6560907,4,1.0,0
2,9516.950167989744,14880892353.122557,2,1.0,0
3,273794.21456147195,10532672783.691862,4,1.0,0
2,0.0,0.0,2,1.0,0
2,0.0,0.0,2,1.0,0
2,9516.950167989744,14880892353.122557,2,1.0,0
2,18352.249398915654,26567550884.572678,2,1.0,0
2,18352.956505696842,26567597006.319588,2,1.0,0
2,0.0,0.0,2,1.0,0
3,488171.683622678,18804424833.247818,4,1.0,0
2,0.0,0.0,2,1.0,0
2,692401.8951931024,30795365615.863316,3,0.6666666666666666,0
2,692401.5930696096,30795365577.75823,3,0.6666666666666666,0
2,0.0,0.0,2,1.0,0
3,656762.1828207681,23862700250.094013,5,0.8,0
2,0.0,0.0,2,1.0,0
2,692247.7993385028,30795248822.06347,3,0.6666666666666666,0
2,0.0,0.0,2,1.0,0
3,656713.4544474477,23862655032.952114,5,0.8,0
2,0.0,0.0,2,1.0,0
2,692247.49721204,30795248783.95838,3,0.6666666666666666,0
2,692093.1263712517,30795131592.162235,3,0.6666666666666666,0
3,656664.561769173,23862609647.745106,5,0.8,0
2,0.0,0.0,2,1.0,0
2,0.0,0.0,2,1.0,0
2,692092.8242418064,30795131554.057148,3,0.6666666666666666,0
2,691938.4534294457,30795014363.59208,3,0.6666666666666666,0
2,0.0,0.0,2,1.0,0
3,656615.687327298,23862564263.82799,5,0.8,0
2,0.0,0.0,2,1.0,0
2,691938.1512970168,30795014325.48699,3,0.6666666666666666,0
3,492622.1316739524,16778078126.62878,10,1.0,0
3,96604.47892437493,3707156564.705294,4,1.0,0
3,96604.45638228428,3707156121.434448,4,1.0,0
3,492622.01139034244,16778078100.398064,10,1.0,0
3,492621.8952686736,16778078113.16073,10,1.0,0
3,496924.3003810093,17548299925.32498,10,1.0,0
3,496924.17955951794,17548306054.283688,10,1.0,0
3,290714.7981549099,11134130883.07866,4,1.0,0
3,496923.9512823869,17548299872.312386,10,1.0,0
3,290715.3816505931,11134163508.40467,4,1.0,0
3,541380.7999424455,19511133491.846268,10,1.0,0
3,489936.17063518247,18732114736.440823,4,1.0,0
3,489936.4592858786,18732114748.7985,4,1.0,0
3,541380.2641498242,19511133418.465225,10,1.0,0
3,541380.8174830973,19511154560.850258,10,1.0,0
3,491451.9715437613,16454930294.540318,9,0.8888888888888888,0
3,491451.9715437613,16454930294.540318,9,0.8888888888888888,0
3,491450.85283986205,16454930184.540434,9,0.8888888888888888,0
3,610516.85902463,22072611250.380787,5,0.8,0
3,610516.6764661715,22072611242.092094,5,0.8,0
3,610466.8513975185,22072565797.541245,5,0.8,0
3,491435.09235980944,16454913382.791195,9,0.8888888888888888,0
3,491433.9736553573,16454913272.791311,9,0.8888888888888888,0
3,491435.09235980944,16454913382.791195,9,0.8888888888888888,0
3,610466.6688028921,22072565789.25247,5,0.8,0
3,491418.29173019977,16454896535.230888,9,0.8888888888888888,0
3,610417.0453470316,22072520515.441456,5,0.8,0
3,491417.17302523233,16454896425.231003,9,0.8888888888888888,0
3,610416.8627163735,22072520507.15259,5,0.8,0
3,491418.29173019977,16454896535.230888,9,0.8888888888888888,0
3,491401.44380912685,16454879625.660444,9,0.8888888888888888,0
3,610367.0760061522,22072475065.38301,5,0.8,0
3,610366.8933393258,22072475057.094067,5,0.8,0
3,491401.44380912685,16454879625.660444,9,0.8888888888888888,0
3,491400.3251036776,16454879515.660559,9,0.8888888888888888,0
3,454996.8384989675,15670510028.15123,10,1.0,0
3,454996.83703252266,15670507112.353354,10,1.0,0
3,469922.8256767748,15610845309.993185,10,1.0,0
3,469922.87839934137,15610845312.597609,10,1.0,0
3,454995.79164536117,15670506993.563694,10,1.0,0
3,482261.0544941632,17201338841.826565,10,1.0,0
3,482260.914733416,17201338733.367702,10,1.0,0
3,469922.5093428821,15610845289.298561,10,1.0,0
3,469922.56206491677,15610845291.902987,10,1.0,0
3,482259.4612274945,17201338700.16073,10,1.0,0
3,553516.6235029441,19949072471.764523,10,1.0,0
3,469922.245733684,15610845271.208364,10,1.0,0
3,553516.3812742934,19949059338.643814,10,1.0,0
3,553514.833841786,19949072147.340534,10,1.0,0
3,469922.1930121813,15610845268.60394,10,1.0,0
3,530098.396584566,17674109807.968693,9,0.8888888888888888,0
3,312.5925862844479,476540.0478286164,8,1.0,0
3,530098.396584566,17674109807.968693,9,0.8888888888888888,0
3,530096.840199453,17674109653.96886,9,0.8888888888888888,0
3,312.63305738745635,476543.7380891706,8,1.0,0
3,530081.5211094894,17674092896.281296,9,0.8888888888888888,0
3,312.3920384937582,476514.42841744045,8,1.0,0
3,530079.9647239818,17674092742.281464,9,0.8888888888888888,0
3,530081.5211094894,17674092896.281296,9,0.8888888888888888,0
3,312.3525652207774,476510.7428217123,8,1.0,0
3,530064.6601527601,17674075985.609985,9,0.8888888888888888,0
3,530063.1037669006,17674075831.610153,9,0.8888888888888888,0
3,530064.6601527601,17674075985.609985,9,0.8888888888888888,0
3,312.1570117745235,476485.155814953,8,1.0,0
3,312.1185386081018,476481.4748849109,8,1.0,0
4,463738.1020920122,15255142728.33181,12,1.0,0
2,0.7071067811865476,52.32590180780452,2,1.0,0
4,463737.954492294,15255142715.14643,12,1.0,0
2,0.0,0.0,2,1.0,0
2,556485.3677660325,18745726851.18783,8,1.0,0
4,464386.20433277957,15792246646.129906,12,1.0,0
2,0.7071067811865476,52.32590180780452,2,1.0,0
4,464385.84925478825,15792246641.243862,12,1.0,0
2,0.0,0.0,2,1.0,0
2,556485.3677660325,18745726851.18783,8,1.0,0
4,509089.80726809404,17712243227.30481,12,1.0,0
2,0.7071067811865476,52.32590180780452,2,1.0,0
4,509089.2613421556,17712243221.906975,12,1.0,0
2,0.0,0.0,2,1.0,0
2,556485.3677660325,18745726851.18783,8,1.0,0
4,589216.3663426903,20640520914.655327,12,1.0,0
2,0.7071067811865476,52.32590180780452,2,1.0,0
2,0.0,0.0,2,1.0,0
2,556485.3677660325,18745726851.18783,8,1.0,0
4,589215.7001412401,20640520909.12859,12,1.0,0
4,505248.5296683387,16790694080.654202,11,0.9090909090909091,0
2,0.0,0.0,2,1.0,0
4,505247.51144519617,16790694078.291798,11,0.9090909090909091,0
2,364.1574750937658,550606.1023417739,6,1.0,0
2,0.7071067811865476,52.32590180780452,2,1.0,0
4,505236.22740046517,16790681826.451912,11,0.9090909090909091,0
4,505235.20915056794,16790681824.089495,11,0.9090909090909091,0
2,0.7071067811865476,52.32590180780452,2,1.0,0
2,0.0,0.0,2,1.0,0
2,364.1574750937658,550606.1023417739,6,1.0,0
4,505223.9377019588,16790669573.12945,11,0.9090909090909091,0
2,0.0,0.0,2,1.0,0
2,364.1574750937658,550606.1023417739,6,1.0,0
4,505222.91942533106,16790669570.76701,11,0.9090909090909091,0
2,0.7071067811865476,52.32590180780452,2,1.0,0
4,477183.7871713311,16029117631.586523,12,1.0,0
5,447362.97726453515,14869900380.005306,14,1.0,0
2,0.0,0.0,2,1.0,0
2,0.7071067811865476,52.32590180780452,2,1.0,0
3,102671.71049515052,3925459406.5705967,4,1.0,0
4,488687.4255668071,16876459837.74588,12,1.0,0
2,0.7071067811865476,52.32590180780452,2,1.0,0
3,306050.10514769744,11785754444.382088,4,1.0,0
5,462245.9213420105,15708901443.253508,14,1.0,0
2,0.0,0.0,2,1.0,0
4,536643.7457419677,18805187554.891098,12,1.0,0
2,0.7071067811865476,52.32590180780452,2,1.0,0
3,510822.1612246771,19621460570.395023,4,1.0,0
2,0.0,0.0,2,1.0,0
5,510256.11526010657,17535997616.78068,14,1.0,0
4,479120.9129418927,15849990326.50662,11,0.9090909090909091,0
2,0.0,0.0,2,1.0,0
5,444794.4241663494,14580233788.327644,13,0.9230769230769231,0
2,0.7071067811865476,52.32590180780452,2,1.0,0
3,648805.7238245513,23504213531.651623,5,0.8,0
4,479108.69160073024,15849978077.509327,11,0.9090909090909091,0
5,444784.93787571375,14580224385.513666,13,0.9230769230769231,0
2,0.0,0.0,2,1.0,0
2,0.7071067811865476,52.32590180780452,2,1.0,0
3,648755.7169090689,23504168079.044384,5,0.8,0
4,479096.3935959974,15849965823.524742,11,0.9090909090909091,0
2,0.7071067811865476,52.32590180780452,2,1.0,0
3,648705.7280387618,23504122627.745445,5,0.8,0
5,444775.3954187554,14580214979.02212,13,0.9230769230769231,0
2,0.0,0.0,2,1.0,0
4,479084.1088466617,15849953570.472197,11,0.9090909090909091,0
5,444765.86509112455,14580205573.390379,13,0.9230769230769231,0
2,0.7071067811865476,52.32590180780452,2,1.0,0
3,648655.7572178019,23504077177.754803,5,0.8,0
2,0.0,0.0,2,1.0,0
5,451766.8108643752,15179297403.630037,12,1.0,0
2,0.0,0.0,2,1.0,0
6,424170.8027955999,14090047846.688545,14,1.0,0
5,113506.81978174996,3973307327.997875,6,1.0,0
4,451768.7071166153,15179295746.986738,12,1.0,0
4,126885.77462295238,4865296273.404003,4,1.0,0
5,466182.5930915245,16062556881.729862,12,1.0,0
6,441246.6993566619,14954929511.527544,14,1.0,0
4,307685.867935681,11820845486.121569,4,1.0,0
2,0.0,0.0,2,1.0,0
5,275211.5971485698,9653598427.697062,6,1.0,0
4,466184.6283288235,16062556997.038706,12,1.0,0
5,511646.53880643623,17873675126.60452,12,1.0,0
4,493175.68174738705,18921408813.369953,4,1.0,0
6,486554.9384115249,16668285898.122097,14,1.0,0
5,441115.01629095175,15452327707.18296,6,1.0,0
2,0.0,0.0,2,1.0,0
4,511648.6708960154,17873675233.869995,12,1.0,0
5,439068.0984438001,14471543330.078802,11,0.9090909090909091,0
5,529657.2201092037,18139298093.494144,7,0.8571428571428571,0
2,0.0,0.0,2,1.0,0
4,594528.5868490261,21460056322.844925,5,0.8,0
6,407611.63861604396,13312218526.092457,13,0.9230769230769231,0
4,439069.07841825363,14471543368.86834,11,0.9090909090909091,0
2,0.0,0.0,2,1.0,0
5,439055.7889940847,14471531075.213188,11,0.9090909090909091,0
5,529629.9081488975,18139272450.108223,7,0.8571428571428571,0
4,439056.76921830757,14471531114.003819,11,0.9090909090909091,0
4,594478.5751803844,21460010869.94015,5,0.8,0
6,407602.0857283989,13312209118.816605,13,0.9230769230769231,0
5,439043.4940080124,14471518821.368391,11,0.9090909090909091,0
2,0.0,0.0,2,1.0,0
4,594428.5832038193,21459965418.46829,5,0.8,0
6,407592.5460758135,13312199712.482458,13,0.9230769230769231,0
4,439044.47448198637,14471518860.160112,11,0.9090909090909091,0
5,529602.6138698803,18139246807.977966,7,0.8571428571428571,0
5,422463.9494527009,13855129390.201193,12,1.0,0
5,422467.6397146421,13855127896.417467,12,1.0,0
2,0.0,0.0,2,1.0,0
7,394131.58953594655,12827700576.213747,14,1.0,0
6,370729.7712104184,11999449855.668558,16,1.0,0
5,422464.87561527384,13855129423.979322,12,1.0,0
5,416552.10564465093,14125923221.79282,12,1.0,0
5,416557.2351965919,14125927541.27655,12,1.0,0
2,0.0,0.0,2,1.0,0
7,392720.6035249698,13132909582.902878,14,1.0,0
6,372137.59007912094,12322200774.640156,16,1.0,0
5,416553.2100100742,14125923254.471186,12,1.0,0
5,449845.8517074757,15607898188.257782,12,1.0,0
2,0.0,0.0,2,1.0,0
5,449847.13533387193,15607898217.974123,12,1.0,0
7,427215.24555420486,14548813249.738134,14,1.0,0
5,449852.194001162,15607907327.513365,12,1.0,0
6,406840.6018576512,13676485719.510841,16,1.0,0
5,512883.77906366735,17945118367.75182,12,1.0,0
5,512885.1118513879,17945118395.427376,12,1.0,0
5,512890.9296552521,17945142818.99878,12,1.0,0
7,488301.6171527144,16741611262.58602,14,1.0,0
2,0.0,0.0,2,1.0,0
6,465792.9742906534,15747353292.606909,16,1.0,0
5,447668.13296688267,14785519913.205828,11,0.9090909090909091,0
5,447673.2682372471,14785520219.186352,11,0.9090909090909091,0
5,447668.8166647507,14785519926.175816,11,0.9090909090909091,0
7,415594.16847240436,13601041441.574636,13,0.9230769230769231,0
2,0.0,0.0,2,1.0,0
6,389411.28995939257,12662107927.51226,15,0.9333333333333333,0
5,447655.87303471484,14785507704.390448,11,0.9090909090909091,0
5,447656.55696423433,14785507717.361444,11,0.9090909090909091,0
7,415584.65371630364,13601032069.644926,13,0.9230769230769231,0
6,389403.7491448518,12662100449.399836,15,0.9333333333333333,0
2,0.0,0.0,2,1.0,0
5,447661.2789974134,14785508028.133,11,0.9090909090909091,0
5,447643.5823550412,14785495450.912954,11,0.9090909090909091,0
5,447649.25909003196,14785495792.417868,11,0.9090909090909091,0
5,447644.266517145,14785495463.884964,11,0.9090909090909091,0
6,389396.1933577359,12662092944.218971,15,0.9333333333333333,0
2,0.0,0.0,2,1.0,0
7,415575.1178159843,13601022663.636314,13,0.9230769230769231,0
5,396806.4203098891,13076854964.527594,14,1.0,0
2,512282.17687855253,17336453526.32257,8,1.0,0
4,430780.4828573488,14156258577.149872,12,1.0,0
6,374281.61745791987,12247028516.98206,16,1.0,0
4,466614.1437872053,15506933972.14219,10,1.0,0
2,0.0,0.0,2,1.0,0
2,0.0,0.0,2,1.0,0
5,413452.3068814974,13993826462.708511,14,1.0,0
2,512282.17687855253,17336453526.32257,8,1.0,0
4,466613.9329219011,15506933958.345774,10,1.0,0
6,392898.97074218286,13144392663.361305,16,1.0,0
4,430780.01561363466,14156258546.237398,12,1.0,0
5,469420.57178945927,16095570556.93244,14,1.0,0
4,430779.54837447853,14156258515.324926,12,1.0,0
6,447603.92267099547,15137641398.290352,16,1.0,0
4,466613.6166266237,15506933937.651154,10,1.0,0
2,512282.17687855253,17336453526.32257,8,1.0,0
2,0.0,0.0,2,1.0,0
5,475042.77538283134,15565137332.564684,13,0.9230769230769231,0
2,0.0,0.0,2,1.0,0
6,445103.89356269024,14490611880.316925,15,0.9333333333333333,0
2,364.1574750937658,550606.1023417739,6,1.0,0
4,310.02626616834533,476175.22304294666,8,1.0,0
4,277.35208269954956,425965.22215181426,10,1.0,0
5,475033.2521990515,15565127960.033575,13,0.9230769230769231,0
6,445096.18130220973,14490604390.767773,15,0.9333333333333333,0
2,364.1574750937658,550606.1023417739,6,1.0,0
2,0.0,0.0,2,1.0,0
4,277.03990887796493,425924.5786413886,10,1.0,0
4,309.86206608747705,476146.3834179569,8,1.0,0
5,475023.70621747896,15565118553.305216,13,0.9230769230769231,0
4,309.70400615518594,476117.58094823593,8,1.0,0
6,445088.4524876248,14490596874.03958,15,0.9333333333333333,0
2,364.1574750937658,550606.1023417739,6,1.0,0
4,276.73605555554997,425883.98537400353,10,1.0,0
2,0.0,0.0,2,1.0,0
5,475014.1715927118,15565109147.38226,13,0.9230769230769231,0
4,276.48138374139324,425850.14717782807,10,1.0,0
2,364.1574750937658,550606.1023417739,6,1.0,0
6,445080.73419900326,14490589358.06245,15,0.9333333333333333,0
4,309.55209577710826,476088.8156405273,8,1.0,0
2,0.0,0.0,2,1.0,0
5,452974.62548709096,15030471756.844942,14,1.0,0
2,0.0,0.0,2,1.0,0
4,130858.13549381126,4989846602.410007,4,1.0,0
4,104939.99953306651,3529403632.6630545,6,1.0,0
2,1837.770524303837,7049691290.805055,2,1.0,0
6,427931.35122896754,14085543669.433722,16,1.0,0
5,470912.4219149074,15931351043.342562,14,1.0,0
4,326600.360111559,12437482168.998646,4,1.0,0
2,3897.57257790025,17571725774.0766,2,1.0,0
6,447403.1268334288,14962794157.949987,16,1.0,0
4,261882.7765901255,8797178484.22664,6,1.0,0
2,0.0,0.0,2,1.0,0
5,516645.60025156726,17686262047.14295,14,1.0,0
4,414430.67940986826,14021807861.991226,6,1.0,0
4,516881.8297427856,19824200003.93487,4,1.0,0
2,0.0,0.0,2,1.0,0
2,14665.394641808996,28008097937.863163,2,1.0,0
6,492383.8793533921,16630535458.65024,16,1.0,0
5,413162.93399473897,13574541695.717796,13,0.9230769230769231,0
6,387121.7071075169,12637434636.474388,15,0.9333333333333333,0
4,602640.0982391563,21882997203.56361,5,0.8,0
2,0.0,0.0,2,1.0,0
4,485167.8694841096,16313609891.847067,7,0.8571428571428571,0
2,635334.1497047046,28240482429.024,3,0.6666666666666666,0
5,413153.58724917175,13574532302.223217,13,0.9230769230769231,0
4,602590.0921588406,21882951751.607227,5,0.8,0
4,485149.8663112026,16313592907.396675,7,0.8571428571428571,0
2,635179.4725070492,28240365198.00099,3,0.6666666666666666,0
6,387114.1352449036,12637427130.245955,15,0.9333333333333333,0
2,0.0,0.0,2,1.0,0
2,0.0,0.0,2,1.0,0
5,413144.28765609115,13574522944.646788,13,0.9230769230769231,0
6,387106.602502254,12637419652.801355,15,0.9333333333333333,0
4,602540.2878993237,21882906470.39931,5,0.8,0
4,485132.0675149821,16313575995.319963,7,0.8571428571428571,0
2,635025.3724886379,28240248405.850544,3,0.6666666666666666,0
4,463865.02620248636,15476721257.788017,8,1.0,0
5,509272.06240195705,17302683287.08111,8,1.0,0
4,568094.6221413296,19977717688.57601,6,1.0,0
2,635056.6944855527,24462747497.320534,4,1.0,0
2,0.0,0.0,2,1.0,0
6,463877.2086263658,15476722061.595789,10,1.0,0
5,420451.29632023216,14276155674.891975,12,1.0,0
4,420454.2567650385,14276152642.638033,12,1.0,0
6,395796.30920998653,13265012252.857193,14,1.0,0
2,0.0,0.0,2,1.0,0
6,395799.0458447928,13265006017.261343,14,1.0,0
4,399519.4155972252,13080882961.078222,12,1.0,0
5,450845.11497335014,15695726199.804712,12,1.0,0
4,399518.87080436724,13080882924.754852,12,1.0,0
4,450848.4826590522,15695709603.512606,12,1.0,0
6,427943.6521988639,14627834535.196884,14,1.0,0
6,427946.6526171005,14627810851.107853,14,1.0,0
2,0.0,0.0,2,1.0,0
5,516160.51232898445,18121433319.693233,12,1.0,0
6,491404.14159639867,16905794944.735022,14,1.0,0
4,516164.231413735,18121421525.050297,12,1.0,0
2,0.0,0.0,2,1.0,0
4,399518.3260167077,13080882888.431484,12,1.0,0
6,491407.17129840504,16905761598.81672,14,1.0,0
5,465888.28335510177,15412656915.773237,11,0.9090909090909091,0
2,0.0,0.0,2,1.0,0
4,250.2176628215498,388381.4010259877,10,1.0,0
6,432511.62990035786,14177936418.694984,13,0.9230769230769231,0
4,465891.6298856322,15412657128.963108,11,0.9090909090909091,0
6,432514.259391748,14177936593.38474,13,0.9230769230769231,0
5,465876.02133400255,15412644706.83812,11,0.9090909090909091,0
2,0.0,0.0,2,1.0,0
6,432504.94833260844,14177927234.9458,13,0.9230769230769231,0
4,465879.3683279162,15412644920.03,11,0.9090909090909091,0
6,432502.3185181371,14177927060.25456,13,0.9230769230769231,0
4,249.9422963708854,388336.2964516943,10,1.0,0
5,465863.7280036845,15412632453.19986,11,0.9090909090909091,0
6,432495.6156725457,14177917842.390293,13,0.9230769230769231,0
2,0.0,0.0,2,1.0,0
6,432492.9855337066,14177917667.697569,13,0.9230769230769231,0
4,465867.0754627918,15412632666.393757,11,0.9090909090909091,0
4,249.67645730691817,388291.2473487348,10,1.0,0
5,448309.77346110804,14756701859.568851,12,1.0,0
5,34.734708865916815,3404.0014688598476,6,1.0,0
4,448312.65153248055,14756702043.391083,12,1.0,0
5,448309.6147780538,14756701842.461472,12,1.0,0
4,448312.65153248055,14756702043.391083,12,1.0,0
4,0.5,49.0,4,1.0,0
5,448309.3062368527,14756701828.656595,12,1.0,0
5,35.21667624456183,3451.2342719670596,6,1.0,0
4,448312.1842793881,14756702012.478817,12,1.0,0
4,448312.1842793881,14756702012.478817,12,1.0,0
4,0.9574271077563381,93.82785656012113,4,1.0,0
5,448309.1475534303,14756701811.549215,12,1.0,0
5,448308.83901697723,14756701797.744339,12,1.0,0
4,2.6299556396765835,257.73565268830515,4,1.0,0
4,448311.71703067544,14756701981.566553,12,1.0,0
5,35.9722114972099,3525.27672672657,6,1.0,0
5,448308.68033318664,14756701780.636961,12,1.0,0
4,448311.71703067544,14756701981.566553,12,1.0,0
5,448308.3718014816,14756701766.832085,12,1.0,0
5,36.36717515248371,3563.9831649434036,6,1.0,0
5,448308.2131173228,14756701749.724707,12,1.0,0
4,448311.24978634255,14756701950.65429,12,1.0,0
4,448311.24978634255,14756701950.65429,12,1.0,0
4,4.349329450233296,426.234286122863,4,1.0,0
5,277.69465645241036,425932.7085799665,10,1.0,0
4,279.3296738025996,426203.2610951936,10,1.0,0
5,277.7084002250482,425935.2085597579,10,1.0,0
5,37.19735013603599,3645.340313331528,6,1.0,0
4,6.075908711186061,595.439053696234,4,1.0,0
4,279.3296738025996,426203.2610951936,10,1.0,0
5,277.3907993347212,425892.11047290685,10,1.0,0
5,38.0601028449928,3729.8900788092938,6,1.0,0
5,277.40383719207796,425894.60728546965,10,1.0,0
4,278.96953238660313,426162.3247826792,10,1.0,0
4,278.96953238660313,426162.3247826792,10,1.0,0
4,7.804912982645397,764.8814722992489,4,1.0,0
5,277.09527041955965,425851.56262137473,10,1.0,0
4,278.6175395292502,426121.43862915155,10,1.0,0
4,278.6175395292502,426121.43862915155,10,1.0,0
5,277.10760044109617,425854.0562658109,10,1.0,0
5,38.953268705683,3817.4203331569342,6,1.0,0
4,9.535023160258536,934.4322697053365,4,1.0,0
4,34.35476677260377,3359.73704328181,4,1.0,0
4,34.06366588218792,3338.239256454416,4,1.0,0
4,11.547005383792516,1131.6065276116665,4,1.0,0
2,0.0,0.0,2,1.0,0
4,26.643948656308435,2611.1069683182263,4,1.0,0
4,11.547005383792516,1131.6065276116665,4,1.0,0
4,34.35476677260377,3359.73704328181,4,1.0,0
4,34.06366588218792,3338.239256454416,4,1.0,0
4,27.833433133553612,2727.676447088254,4,1.0,0
2,0.0,0.0,2,1.0,0
4,10.969655114602888,1075.0262012310832,4,1.0,0
4,10.969655114602888,1075.0262012310832,4,1.0,0
4,34.35476677260377,3359.73704328181,4,1.0,0
4,34.06366588218792,3338.239256454416,4,1.0,0
2,0.0,0.0,2,1.0,0
4,10.969655114602888,1075.0262012310832,4,1.0,0
4,10.969655114602888,1075.0262012310832,4,1.0,0
4,29.056840846864272,2847.5704029926987,4,1.0,0
4,34.35476677260377,3359.73704328181,4,1.0,0
4,10.969655114602888,1075.0262012310832,4,1.0,0
2,0.0,0.0,2,1.0,0
4,34.06366588218792,3338.239256454416,4,1.0,0
4,30.310064335134626,2970.3863048431936,4,1.0,0
4,10.969655114602888,1075.0262012310832,4,1.0,0
4,34.35476677260377,3359.73704328181,4,1.0,0
2,0.0,0.0,2,1.0,0
4,10.969655114602888,1075.0262012310832,4,1.0,0
4,31.589555235868705,3095.776413115133,4,1.0,0
4,34.06366588218792,3338.239256454416,4,1.0,0
4,10.969655114602888,1075.0262012310832,4,1.0,0
4,34.35476677260377,3359.73704328181,4,1.0,0
4,32.89224832692347,3223.4403360385004,4,1.0,0
4,10.969655114602888,1075.0262012310832,4,1.0,0
2,0.0,0.0,2,1.0,0
4,34.06366588218792,3338.239256454416,4,1.0,0
4,10.969655114602888,1075.0262012310832,4,1.0,0
4,34.35476677260377,3359.73704328181,4,1.0,0
4,11.547005383792516,1131.6065276116665,4,1.0,0
2,0.0,0.0,2,1.0,0
4,11.547005383792516,1131.6065276116665,4,1.0,0
4,34.06366588218792,3338.239256454416,4,1.0,0
4,33.77227659881203,3309.683106683579,4,1.0,0
4,22.808989455914087,2235.2809666795806,4,1.0,0
4,22.516660498395403,2206.6327288427497,4,1.0,0
4,22.516660498395403,2206.6327288427497,4,1.0,0
4,11.547005383792516,1131.6065276116665,4,1.0,0
2,0.0,0.0,2,1.0,0
4,11.547005383792516,1131.6065276116665,4,1.0,0
4,24.540782383616055,2404.996673594373,4,1.0,0
2,0.0,0.0,2,1.0,0
4,11.547005383792516,1131.6065276116665,4,1.0,0
4,11.547005383792516,1131.6065276116665,4,1.0,0
4,22.516660498395403,2206.6327288427497,4,1.0,0
4,24.24871130596428,2376.3737079844996,4,1.0,0
4,26.272609310839304,2574.7157124622518,4,1.0,0
4,11.547005383792516,1131.6065276116665,4,1.0,0
4,25.98076211353316,2546.1146871262495,4,1.0,0
4,11.547005383792516,1131.6065276116665,4,1.0,0
4,22.516660498395403,2206.6327288427497,4,1.0,0
2,0.0,0.0,2,1.0,0
4,28.00446392988089,2744.4374651283274,4,1.0,0
2,0.0,0.0,2,1.0,0
4,27.712812921102035,2715.855666268,4,1.0,0
4,10.969655114602888,1075.0262012310832,4,1.0,0
4,10.969655114602888,1075.0262012310832,4,1.0,0
4,22.516660498395403,2206.6327288427497,4,1.0,0
4,29.736341402398512,2914.161457435054,4,1.0,0
4,22.516660498395403,2206.6327288427497,4,1.0,0
4,10.969655114602888,1075.0262012310832,4,1.0,0
4,10.969655114602888,1075.0262012310832,4,1.0,0
2,0.0,0.0,2,1.0,0
4,29.444863728670914,2885.5966454097497,4,1.0,0
4,31.468237955119125,3083.8873196016743,4,1.0,0
4,22.516660498395403,2206.6327288427497,4,1.0,0
4,10.969655114602888,1075.0262012310832,4,1.0,0
4,31.176914536239792,3055.3376245514996,4,1.0,0
4,10.969655114602888,1075.0262012310832,4,1.0,0
2,0.0,0.0,2,1.0,0
4,33.20015060206806,3253.6147590026694,4,1.0,0
4,10.969655114602888,1075.0262012310832,4,1.0,0
4,10.969655114602888,1075.0262012310832,4,1.0,0
2,0.0,0.0,2,1.0,0
4,33.77745796632225,3310.1908806995807,4,1.0,0
4,32.90896534380867,3225.0786036932495,4,1.0,0
2,0.0,0.0,2,1.0,0
4,34.93207694941714,3423.343541042879,4,1.0,0
4,10.969655114602888,1075.0262012310832,4,1.0,0
2,0.0,0.0,2,1.0,0
4,10.969655114602888,1075.0262012310832,4,1.0,0
2,0.0,0.0,2,1.0,0
2,0.0,0.0,2,1.0,0
4,36.66401505563732,3593.0734754524574,4,1.0,0
2,0.0,0.0,2,1.0,0
4,10.969655114602888,1075.0262012310832,4,1.0,0
4,10.969655114602888,1075.0262012310832,4,1.0,0
2,0.0,0.0,2,1.0,0
2,0.0,0.0,2,1.0,0
4,37.818646194701365,3706.2273270807336,4,1.0,0
2,0.0,0.0,2,1.0,0
2,0.0,0.0,2,1.0,0
4,11.547005383792516,1131.6065276116665,4,1.0,0
4,11.547005383792516,1131.6065276116665,4,1.0,0
2,0.0,0.0,2,1.0,0
4,11.547005383792516,1131.6065276116665,4,1.0,0
2,0.0,0.0,2,1.0,0
2,0.0,0.0,2,1.0,0
4,39.5506005011302,3875.9588491107593,4,1.0,0
4,11.547005383792516,1131.6065276116665,4,1.0,0
2,0.0,0.0,2,1.0,0
4,11.547005383792516,1131.6065276116665,4,1.0,0
2,0.0,0.0,2,1.0,0
4,11.547005383792516,1131.6065276116665,4,1.0,0
4,41.28256290493603,4045.6911646837307,4,1.0,0
2,0.0,0.0,2,1.0,0
2,0.0,0.0,2,1.0,0
2,0.0,0.0,2,1.0,0
4,11.547005383792516,1131.6065276116665,4,1.0,0
4,43.014532428006234,4215.424177944611,4,1.0,0
2,0.0,0.0,2,1.0,0
4,11.547005383792516,1131.6065276116665,4,1.0,0
2,0.0,0.0,2,1.0,0
2,0.0,0.0,2,1.0,0
4,44.746508243660756,4385.157807878754,4,1.0,0
2,0.0,0.0,2,1.0,0
4,44.45597072760118,4356.685131304916,4,1.0,0
2,0.0,0.0,2,1.0,0
2,0.0,0.0,2,1.0,0
4,46.47848964843845,4554.891985546968,4,1.0,0
2,0.0,0.0,2,1.0,0
2,0.0,0.0,2,1.0,0
4,46.188021535170066,4526.426110446666,4,1.0,0
2,0.0,0.0,2,1.0,0
2,0.0,0.0,2,1.0,0
2,0.0,0.0,2,1.0,0
2,0.0,0.0,2,1.0,0
4,48.21047603996459,4724.62665191653,4,1.0,0
2,0.0,0.0,2,1.0,0
4,47.92007234273894,4696.167089588416,4,1.0,0
2,0.0,0.0,2,1.0,0
2,0.0,0.0,2,1.0,0
2,0.0,0.0,2,1.0,0
2,0.0,0.0,2,1.0,0
4,49.94246689942338,4894.361756143491,4,1.0,0
4,49.652123150307816,4865.908068730166,4,1.0,0
2,0.0,0.0,2,1.0,0
4,51.674461777555074,5064.097254200397,4,1.0,0
4,51.3841739578767,5035.649047871916,4,1.0,0
2,0.0,0.0,2,1.0,0
2,0.0,0.0,2,1.0,0
2,0.0,0.0,2,1.0,0
2,0.0,0.0,2,1.0,0
2,0.0,0.0,2,1.0,0
2,0.0,0.0,2,1.0,0
4,53.406460283377704,5233.8331077710145,4,1.0,0
4,53.11622476544557,5205.3900270136655,4,1.0,0
2,0.0,0.0,2,1.0,0
2,0.0,0.0,2,1.0,0
4,54.84827557301445,5375.131006155416,4,1.0,0
2,0.0,0.0,2,1.0,0
2,0.0,0.0,2,1.0,0
4,55.13846207503434,5403.569283353365,4,1.0,0
2,0.0,0.0,2,1.0,0
2,0.0,0.0,2,1.0,0
2,0.7071067811865476,69.29646455628166,2,1.0,0
2,0.0,0.0,2,1.0,0
2,0.0,0.0,2,1.0,0
2,0.0,0.0,2,1.0,0
2,0.0,0.0,2,1.0,0
2,0.0,0.0,2,1.0,0
2,0.0,0.0,2,1.0,0
2,0.0,0.0,2,1.0,0
2,0.0,0.0,2,1.0,0
2,0.7071067811865476,69.29646455628166,2,1.0,0
2,0.0,0.0,2,1.0,0
2,0.0,0.0,2,1.0,0
2,0.0,0.0,2,1.0,0
2,0.7071067811865476,69.29646455628166,2,1.0,0
2,0.0,0.0,2,1.0,0
2,0.0,0.0,2,1.0,0
2,0.0,0.0,2,1.0,0
2,0.0,0.0,2,1.0,0
2,0.0,0.0,2,1.0,0
2,0.0,0.0,2,1.0,0
2,0.7071067811865476,69.29646455628166,2,1.0,0
2,0.0,0.0,2,1.0,0
2,0.0,0.0,2,1.0,0
2,0.0,0.0,2,1.0,0
2,0.0,0.0,2,1.0,0
2,0.7071067811865476,69.29646455628166,2,1.0,0
2,0.0,0.0,2,1.0,0
2,0.0,0.0,2,1.0,0
2,0.0,0.0,2,1.0,0
2,0.0,0.0,2,1.0,0
2,0.0,0.0,2,1.0,0
2,0.0,0.0,2,1.0,0
2,0.0,0.0,2,1.0,0
2,0.7071067811865476,69.29646455628166,2,1.0,0
2,0.0,0.0,2,1.0,0
2,0.0,0.0,2,1.0,0
2,0.0,0.0,2,1.0,0
2,0.0,0.0,2,1.0,0
2,0.0,0.0,2,1.0,0
2,0.0,0.0,2,1.0,0
2,0.7071067811865476,69.29646455628166,2,1.0,0
2,1165.3119753954304,6622939961.262381,2,1.0,0
3,123231.1827051768,4687807952.468487,4,1.0,0
3,123232.33961471585,4687808019.870271,4,1.0,0
3,123231.46248827854,4687774920.947132,4,1.0,0
2,1166.0190821766168,6622939476.187129,2,1.0,0
3,123232.04427150161,4687807942.914252,4,1.0,0
2,1663.1151493507598,16603886098.078003,2,1.0,0
3,309540.0342932235,11752468691.019121,4,1.0,0
3,309540.32423040894,11752501303.986416,4,1.0,0
3,309540.0380848709,11752501711.583908,4,1.0,0
3,309540.90410638787,11752501369.98635,4,1.0,0
2,1663.1151493507598,16603840023.00014,2,1.0,0
2,2655.8930701366726,26734361812.056744,2,1.0,0
3,498410.36843214516,18923018068.955734,4,1.0,0
3,498410.6520874629,18922985037.435028,4,1.0,0
2,2656.6001769178592,26734315251.90363,2,1.0,0
3,498411.5243828805,18923018136.35777,4,1.0,0
3,498411.5193629323,18923018048.445984,4,1.0,0
2,621795.3711168437,27245262025.931595,3,0.6666666666666666,0
2,621795.3711168437,27245262025.931595,3,0.6666666666666666,0
3,589913.342771377,21112041276.145977,5,0.8,0
3,589912.7933412701,21112041217.113846,5,0.8,0
3,589912.6107564577,21112041208.82483,5,0.8,0
3,589912.7933412701,21112041217.113846,5,0.8,0
2,621640.6420601858,27245144787.679142,3,0.6666666666666666,0
3,589863.3333896082,21111995821.89822,5,0.8,0
3,589862.7839593714,21111995762.86609,5,0.8,0
3,589862.601337125,21111995754.57699,5,0.8,0
2,621640.6420601858,27245144787.679142,3,0.6666666666666666,0
3,589862.7839593714,21111995762.86609,5,0.8,0
2,621485.913003934,27245027550.931126,3,0.6666666666666666,0
3,589813.3438543926,21111950369.107,5,0.8,0
3,589812.7944240443,21111950310.074863,5,0.8,0
2,621485.913003934,27245027550.931126,3,0.6666666666666666,0
3,589812.6117643637,21111950301.78567,5,0.8,0
3,589812.7944240443,21111950310.074863,5,0.8,0
3,454031.7039387839,14930797668.873737,10,1.0,0
3,454081.1714453216,14931547881.273724,10,1.0,0
3,454081.22417354415,14931547883.878237,10,1.0,0
5,391063.34148611495,12619682030.478195,14,1.0,0
4,419174.0884782186,13630435993.025091,12,1.0,0
5,391063.0077520391,12619683330.534939,14,1.0,0
3,441284.05430838355,15206089505.8717,10,1.0,0
5,391103.55095715594,12993418528.234642,14,1.0,0
5,391103.9557367364,12993427311.957304,14,1.0,0
3,454080.9078059523,14931547863.182903,10,1.0,0
4,414533.8207127339,13971991868.252361,12,1.0,0
3,454080.8550782804,14931547860.578388,10,1.0,0
3,477847.62985560804,16977046766.74523,10,1.0,0
4,454158.1829675247,15658879278.709553,12,1.0,0
5,431593.7754320008,14599632636.82174,14,1.0,0
5,431593.317844269,14599614824.549139,14,1.0,0
3,454080.5387145422,14931547839.883053,10,1.0,0
3,454080.59144166374,14931547842.487568,10,1.0,0
3,553409.5380963762,19839093638.09534,10,1.0,0
3,454080.2750806782,14931547821.792236,10,1.0,0
5,502429.37696914613,17088619263.624361,14,1.0,0
4,527671.4392354279,18316557942.499287,12,1.0,0
3,454080.2223541073,14931547819.187721,10,1.0,0
5,502429.9651326027,17088654808.421171,14,1.0,0
3,520790.2636674971,17313568389.66931,9,0.8888888888888888,0
4,477767.1636258512,15661308996.266338,11,0.9090909090909091,0
5,443538.6131812612,14406675083.002804,13,0.9230769230769231,0
3,312.51191405860266,476530.27537450334,8,1.0,0
5,443538.61110459117,14406675053.597744,13,0.9230769230769231,0
3,312.4717130054678,476526.58643503673,8,1.0,0
3,520773.3905555755,17313551478.030453,9,0.8888888888888888,0
5,443529.06387778884,14406665675.825403,13,0.9230769230769231,0
3,312.2738896271303,476500.9827235407,8,1.0,0
3,312.2346873747374,476497.2984492447,8,1.0,0
5,443529.06180107413,14406665646.420324,13,0.9230769230769231,0
4,477754.8581439687,15661296741.4752,11,0.9090909090909091,0
3,520756.53222165897,17313534567.428844,9,0.8888888888888888,0
5,443519.5246606746,14406656240.11307,13,0.9230769230769231,0
3,312.0036629821607,476468.0475366932,8,1.0,0
4,477742.56595432037,15661284487.627329,11,0.9090909090909091,0
5,443519.52673743403,14406656269.518167,13,0.9230769230769231,0
3,312.04186417851054,476471.72714495874,8,1.0,0
3,487517.82704750623,16323395592.278429,10,1.0,0
4,452545.2164320576,14933726602.347986,12,1.0,0
5,428903.6953841518,13882760718.102951,14,1.0,0
2,0.0,0.0,2,1.0,0
2,0.7071067811865476,52.32590180780452,2,1.0,0
5,399574.93744659465,12966756762.036125,16,1.0,0
3,489276.2666722259,17075180153.990942,10,1.0,0
2,0.0,0.0,2,1.0,0
2,0.7071067811865476,52.32590180780452,2,1.0,0
5,414319.7138314806,13730193953.912876,16,1.0,0
4,461357.75897272315,15709282312.390335,12,1.0,0
5,428903.2110335182,13882760685.81442,14,1.0,0
3,537498.1852530089,19195490606.84412,10,1.0,0
5,428902.6661356248,13882760649.489828,14,1.0,0
2,0.0,0.0,2,1.0,0
4,511472.7699735581,17711513008.651306,12,1.0,0
2,0.7071067811865476,52.32590180780452,2,1.0,0
5,463647.94967115135,15532258340.998001,16,1.0,0
3,542644.9921343604,18027516114.126175,9,0.8888888888888888,0
4,497811.714516899,16307121891.507166,11,0.9090909090909091,0
2,0.7071067811865476,52.32590180780452,2,1.0,0
2,0.0,0.0,2,1.0,0
5,253.61655320701382,388892.2953915117,12,1.0,0
5,433022.3450757753,13965191711.641867,15,0.9333333333333333,0
3,542628.172128945,18027499264.857674,9,0.8888888888888888,0
2,0.0,0.0,2,1.0,0
5,253.23559218939812,388846.5655499219,12,1.0,0
5,433014.6327986861,13965184221.894735,15,0.9333333333333333,0
2,0.7071067811865476,52.32590180780452,2,1.0,0
4,497799.4448148407,16307109681.714085,11,0.9090909090909091,0
3,542611.3032829711,18027482353.477608,9,0.8888888888888888,0
5,433006.90426085755,13965176704.996033,15,0.9333333333333333,0
2,0.7071067811865476,52.32590180780452,2,1.0,0
5,252.8637643738884,388800.8909608743,12,1.0,0
2,0.0,0.0,2,1.0,0
4,497787.14290195453,16307097427.16217,11,0.9090909090909091,0
3,542594.448620494,18027465443.09371,9,0.8888888888888888,0
2,0.7071067811865476,52.32590180780452,2,1.0,0
4,497774.85374655074,16307085173.51617,11,0.9090909090909091,0
5,252.52655125928658,388760.24826008437,12,1.0,0
2,0.0,0.0,2,1.0,0
5,432999.2407051189,13965169192.497408,15,0.9333333333333333,0
3,503593.6204620304,17039333358.390747,10,1.0,0
5,469407.99500366,15613029340.749557,12,1.0,0
6,23.369317491103587,2285.82162471178,8,1.0,0
2,0.7071067811865476,52.32590180780452,2,1.0,0
7,395515.57613564155,12823244713.097427,18,1.0,0
2,0.0,0.0,2,1.0,0
3,517408.0794453575,18172130894.940414,10,1.0,0
5,489268.4495078759,16733933536.277617,12,1.0,0
2,0.7071067811865476,52.32590180780452,2,1.0,0
7,420524.38715883106,13849302637.380022,18,1.0,0
6,23.727244738004092,2320.9283702863386,8,1.0,0
2,0.0,0.0,2,1.0,0
3,574075.6491405118,20532345302.717533,10,1.0,0
5,546727.1930667122,18949831820.805058,12,1.0,0
2,0.7071067811865476,52.32590180780452,2,1.0,0
2,0.0,0.0,2,1.0,0
7,474319.96018240455,15736473047.756462,18,1.0,0
6,23.727244738004092,2320.9283702863386,8,1.0,0
3,536787.7945091783,17824095148.33023,9,0.8888888888888888,0
6,23.727244738004092,2320.9283702863386,8,1.0,0
5,492438.211300962,16123119594.067247,11,0.9090909090909091,0
2,0.7071067811865476,52.32590180780452,2,1.0,0
7,404296.2368693083,12970173621.533363,17,0.9411764705882353,0
2,0.0,0.0,2,1.0,0
3,536770.9162103047,17824078236.265976,9,0.8888888888888888,0
5,492425.9006814768,16123107338.897833,11,0.9090909090909091,0
2,0.7071067811865476,52.32590180780452,2,1.0,0
6,23.727244738004092,2320.9283702863386,8,1.0,0
2,0.0,0.0,2,1.0,0
7,404289.7769681856,12970167434.049517,17,0.9411764705882353,0
3,536754.0522486636,17824061325.20926,9,0.8888888888888888,0
7,404283.3273031991,12970161247.306873,17,0.9411764705882353,0
5,492413.60295793833,16123095084.644665,11,0.9090909090909091,0
2,0.7071067811865476,52.32590180780452,2,1.0,0
2,0.0,0.0,2,1.0,0
6,23.727244738004092,2320.9283702863386,8,1.0,0
4,513273.1510246437,16909788539.12603,10,1.0,0
6,23.727244738004092,2320.9283702863386,8,1.0,0
2,0.7071067811865476,52.32590180780452,2,1.0,0
7,428347.5778716337,13807618482.178808,15,0.9333333333333333,0
2,0.0,0.0,2,1.0,0
2,563506.0228615733,18904799637.663925,8,1.0,0
3,496997.2266842363,16941323977.859962,10,1.0,0
2,0.0,0.0,2,1.0,0
8,393160.40793521045,12784881641.85976,18,1.0,0
5,150345.49344681625,5208342677.221838,6,1.0,0
5,464642.2559473481,15540086129.025303,12,1.0,0
8,122752.90611581372,4034924881.753616,10,1.0,0
3,515731.86251648463,18159185328.53045,10,1.0,0
8,266208.59070068423,8767647792.403185,10,1.0,0
5,488199.9434817028,16727932843.659355,12,1.0,0
2,0.0,0.0,2,1.0,0
8,420198.0828535871,13851789041.435297,18,1.0,0
5,326042.57284082804,11317450896.954624,6,1.0,0
3,570007.3063035537,20393129438.023087,10,1.0,0
8,407515.6422309455,13439027332.602032,10,1.0,0
5,542904.1553802791,18821973736.793617,12,1.0,0
5,499108.54640037974,17347378712.753677,6,1.0,0
2,0.0,0.0,2,1.0,0
8,471060.971669759,15631123282.516886,18,1.0,0
3,501050.5796184653,16651323966.366896,9,0.8888888888888888,0
2,0.0,0.0,2,1.0,0
5,554484.2677207438,18879709812.192245,7,0.8571428571428571,0
8,377377.62922321237,12116772555.77918,17,0.9411764705882353,0
8,459676.7017370914,15062303083.438448,11,0.9090909090909091,0
5,459652.4153684549,15062263405.236265,11,0.9090909090909091,0
3,501033.70426693297,16651307054.560051,9,0.8888888888888888,0
2,0.0,0.0,2,1.0,0
5,459640.1072276202,15062251150.296268,11,0.9090909090909091,0
5,554456.9566865789,18879684168.480717,7,0.8571428571428571,0
8,377371.21542953525,12116766371.451586,17,0.9411764705882353,0
8,459663.6779725724,15062290781.497646,11,0.9090909090909091,0
3,501016.8442754972,16651290143.831707,9,0.8888888888888888,0
2,0.0,0.0,2,1.0,0
8,459650.5778804156,15062278474.617311,11,0.9090909090909091,0
5,554429.6625420363,18879658525.975613,7,0.8571428571428571,0
8,377364.7682988472,12116760184.941526,17,0.9411764705882353,0
5,459627.8129027481,15062238896.337053,11,0.9090909090909091,0
3,473722.26197992614,15729066965.53649,10,1.0,0
2,0.0,0.0,2,1.0,0
9,348258.3459365672,11155756780.632158,20,1.0,0
6,385856.1218545878,12463502672.44246,16,1.0,0
5,409726.43333804095,13316998925.593937,14,1.0,0
9,348258.35449872253,11155756781.284063,20,1.0,0
3,466339.57451888593,16144638228.627405,10,1.0,0
9,357479.02631415054,11639377365.083538,20,1.0,0
2,0.0,0.0,2,1.0,0
6,392462.61659101583,12953709907.63475,16,1.0,0
5,413824.7828117503,13801429180.823046,14,1.0,0
9,357479.04890836834,11639377366.580343,20,1.0,0
3,499307.73156379,17758439749.549393,10,1.0,0
6,429123.006864912,14352418222.647728,16,1.0,0
9,393024.7538339699,12924388653.313128,20,1.0,0
5,450528.7462843575,15266783138.81456,14,1.0,0
9,393024.7277734537,12924381284.94496,20,1.0,0
2,0.0,0.0,2,1.0,0
3,566551.168399162,20352368675.989902,10,1.0,0
5,514261.63591092976,17529843287.04295,14,1.0,0
9,450145.937897057,14858986695.877064,20,1.0,0
9,450145.9122603733,14858986694.199673,20,1.0,0
6,490564.22974295204,16488867476.748875,16,1.0,0
2,0.0,0.0,2,1.0,0
3,486308.7447887687,16210113007.644781,9,0.8888888888888888,0
9,347747.80068724905,11157743170.755217,19,0.9473684210526315,0
5,414168.40831940976,13488483910.848345,13,0.9230769230769231,0
9,347747.8192484248,11157743172.006262,19,0.9473684210526315,0
6,388074.634164738,12557322846.21905,15,0.9333333333333333,0
2,0.0,0.0,2,1.0,0
3,486291.8751878284,16210096096.372902,9,0.8888888888888888,0
5,414158.8614434111,13488474503.94518,13,0.9230769230769231,0
6,388067.0680559274,12557315340.222948,15,0.9333333333333333,0
9,347742.39585859195,11157737968.897041,19,0.9473684210526315,0
9,347742.41442251136,11157737970.148098,19,0.9473684210526315,0
2,0.0,0.0,2,1.0,0
3,486275.02141303744,16210079186.20888,9,0.8888888888888888,0
9,347737.0017153096,11157732767.810482,19,0.9473684210526315,0
5,414149.3275932128,13488465097.971415,13,0.9230769230769231,0
2,0.0,0.0,2,1.0,0
9,347737.02028197225,11157732769.061552,19,0.9473684210526315,0
6,388059.5140645311,12557307835.093739,15,0.9333333333333333,0
3,452787.97298863356,15292665756.120905,10,1.0,0
8,337588.82678477926,10908632351.99052,20,1.0,0
5,372858.6812050914,12170787522.808004,16,1.0,0
3,93586.36072767228,3580559383.2322516,4,1.0,0
8,337588.80125257024,10908626819.352398,20,1.0,0
5,372856.3637954467,12170791320.380135,16,1.0,0
3,456670.9373453469,15996211392.16214,10,1.0,0
5,386609.7310853619,12863363851.733677,16,1.0,0
5,386612.67993246485,12863353056.742283,16,1.0,0
8,352708.8060354574,11566033661.374226,20,1.0,0
3,263798.2918051846,10176626450.8382,4,1.0,0
8,352708.51182290213,11566018483.687668,20,1.0,0
3,498022.49517110724,17861062711.696655,10,1.0,0
5,429310.1613297003,14450210629.956585,16,1.0,0
5,429306.8997746639,14450219494.959848,16,1.0,0
3,450737.4766587161,17321354577.387913,4,1.0,0
8,393497.8296563434,13016431552.32366,20,1.0,0
8,393498.12653807685,13016447834.361387,20,1.0,0
3,459560.22652912425,15407174050.615776,9,0.8888888888888888,0
8,328615.87637638557,10605049597.164497,19,0.9473684210526315,0
8,328615.85781761154,10605049595.913479,19,0.9473684210526315,0
3,570903.9406833693,20667163581.815735,5,0.8,0
5,366722.2961120516,11935305344.572021,15,0.9333333333333333,0
5,366724.84121038346,11935305515.183216,15,0.9333333333333333,0
3,459543.34759876324,15407157138.928999,9,0.8888888888888888,0
8,328610.53928662365,10605044399.908243,19,0.9473684210526315,0
8,328610.52072498563,10605044398.657211,19,0.9473684210526315,0
5,366717.3219042155,11935298012.382944,15,0.9333333333333333,0
3,570853.9342356327,20667118129.175514,5,0.8,0
5,366714.6139609825,11935297830.90827,15,0.9333333333333333,0
3,459526.48541508947,15407140228.407816,9,0.8888888888888888,0
5,366706.8904344774,11935290314.535793,15,0.9333333333333333,0
8,328605.1393083671,10605039198.459747,19,0.9473684210526315,0
3,570803.9482959101,20667072678.023186,5,0.8,0
5,366709.7612729147,11935290506.874147,15,0.9333333333333333,0
8,328605.1207438258,10605039197.208704,19,0.9473684210526315,0
3,459509.6399799464,15407123319.052229,9,0.8888888888888888,0
3,570753.9828695898,20667027228.35875,5,0.8,0
7,346111.19102631515,11211398920.853973,17,0.9411764705882353,0
5,366699.17968407215,11935282799.075182,15,0.9333333333333333,0
5,366702.213464991,11935283002.277422,15,0.9333333333333333,0
7,346111.1688636921,11211398919.366034,17,0.9411764705882353,0
3,425521.0674588797,14694244864.289804,10,1.0,0
9,337733.7194219991,11102022741.738886,18,1.0,0
9,322636.4369518364,10548981804.09179,20,1.0,0
5,375045.4852246093,12530059380.573528,14,1.0,0
5,375048.42533678823,12530053111.31713,14,1.0,0
7,337734.5845148209,11102019686.463665,18,1.0,0
3,449780.44631724985,16043829218.567764,10,1.0,0
7,368159.27500885504,12256414618.146902,18,1.0,0
9,368158.5882947408,12256414562.342363,18,1.0,0
5,404924.6561264803,13781425831.777878,14,1.0,0
9,352781.96153540193,11660486753.415985,20,1.0,0
5,404927.7891470755,13781410368.670307,14,1.0,0
3,512294.3424389277,18472182792.989044,10,1.0,0
9,424185.7734243736,14167282889.051344,18,1.0,0
9,406913.92585177673,13484379913.078894,20,1.0,0
5,464923.18588097946,15909059944.192348,14,1.0,0
5,464926.39328799746,15909037903.995405,14,1.0,0
7,424185.86333094636,14167273080.31897,18,1.0,0
3,479452.00439851126,15988106459.628237,9,0.8888888888888888,0
5,408331.0199663459,13303749578.680536,13,0.9230769230769231,0
7,361113.1016901178,11634158978.067984,17,0.9411764705882353,0
9,342843.9169591788,11004928624.74441,19,0.9473684210526315,0
9,361112.9276188182,11634158976.224934,17,0.9411764705882353,0
5,408329.3032413001,13303749493.243862,13,0.9230769230769231,0
3,479435.12976160576,15988089548.029854,9,0.8888888888888888,0
9,361106.6475797921,11634152800.915958,17,0.9411764705882353,0
9,342838.54599394975,11004923425.151108,19,0.9473684210526315,0
5,408319.75239334686,13303740086.059666,13,0.9230769230769231,0
7,361106.6444818499,11634152790.855814,17,0.9411764705882353,0
5,408321.469475637,13303740171.497946,13,0.9230769230769231,0
3,479418.27117684454,15988072637.554708,9,0.8888888888888888,0
7,361100.1987339301,11634146604.469965,17,0.9411764705882353,0
9,342833.1487761616,11004918223.838062,19,0.9473684210526315,0
5,408310.214757286,13303730679.817776,13,0.9230769230769231,0
5,408311.9321967817,13303730765.257664,13,0.9230769230769231,0
9,361100.3347580591,11634146623.457623,17,0.9411764705882353,0
3,458430.1316343394,15167601866.275433,10,1.0,0
5,423244.7306760719,13846827620.73114,12,1.0,0
7,371391.0091304884,11991964700.256306,16,1.0,0
8,334673.9567715161,10726201518.744797,20,1.0,0
11,319947.18851228827,10227119772.484398,22,1.0,0
11,334677.4494234042,10726200225.390133,20,1.0,0
3,444752.54800380603,15367670872.952963,10,1.0,0
5,423244.2634105862,13846827589.818253,12,1.0,0
8,339239.95322194725,11057741434.083536,20,1.0,0
9,354921.8163200844,11634717713.859882,18,1.0,0
7,372829.1421289326,12311977925.347942,16,1.0,0
9,339243.45574101,11057745334.525572,20,1.0,0
3,475207.5976840718,16908311231.025879,10,1.0,0
5,423243.7961497397,13846827558.905367,12,1.0,0
9,389900.0237638435,12927685243.465927,18,1.0,0
8,373695.09339434805,12300259279.48405,20,1.0,0
9,373699.2794433112,12300273978.635149,20,1.0,0
7,408093.55776683835,13660727461.593758,16,1.0,0
3,543026.6022576713,19505797300.392876,10,1.0,0
9,449773.2179240935,14961803002.606327,18,1.0,0
9,431470.856137502,14240795028.626667,20,1.0,0
5,423243.32889353234,13846827527.992483,12,1.0,0
7,470199.8632343307,15802890697.437033,16,1.0,0
8,431466.3258556558,14240765785.297253,20,1.0,0
3,495882.7888826429,16462503995.976643,9,0.8888888888888888,0
9,373491.9386556619,11979376822.497545,17,0.9411764705882353,0
9,354596.1994743775,11331476483.427944,19,0.9473684210526315,0
8,354592.95258481766,11331476263.880255,19,0.9473684210526315,0
7,395709.95082933205,12752846131.394268,15,0.9333333333333333,0
5,277.11331416748794,425935.54564067814,10,1.0,0
3,495865.91611266247,16462487084.297853,9,0.8888888888888888,0
7,395702.21925148764,12752838614.288584,15,0.9333333333333333,0
9,354590.7928725813,11331471281.371399,19,0.9473684210526315,0
8,354587.43421139434,11331471054.315407,19,0.9473684210526315,0
9,373485.61599175766,11979370644.24504,17,0.9411764705882353,0
5,276.8073738581077,425894.93878399424,10,1.0,0
3,495849.12173437397,16462470236.807116,9,0.8888888888888888,0
7,395694.5264771563,12752831125.958847,15,0.9333333333333333,0
9,373479.32648606575,11979364489.743958,17,0.9411764705882353,0
9,354585.4152031324,11331466099.369017,19,0.9473684210526315,0
5,276.50977479205966,425854.38218083687,10,1.0,0
8,354581.94474232814,11331465864.804596,19,0.9473684210526315,0
2,520570.638749097,17460658605.850246,8,1.0,0
6,408385.7563802975,13200344241.834274,14,1.0,0
6,408385.78664550924,13200344243.3581,14,1.0,0
8,384129.2090861648,12347984509.29018,16,1.0,0
8,363682.66696736694,11641930783.685461,18,1.0,0
4,11.265729744080792,1110.655512148869,4,1.0,0
2,520570.638749097,17460658605.850246,8,1.0,0
8,384128.6721824201,12347984473.298458,16,1.0,0
8,363682.22221063456,11641930753.74466,18,1.0,0
6,408385.3023224447,13200344211.069399,14,1.0,0
4,10.688779163215974,1054.0972440908856,4,1.0,0
6,408385.27205754677,13200344209.545572,14,1.0,0
2,520570.638749097,17460658605.850246,8,1.0,0
6,408384.72720193904,13200344173.220785,14,1.0,0
6,408384.7574665544,13200344174.744612,14,1.0,0
8,384128.0864779731,12347984434.034763,16,1.0,0
4,10.688779163215974,1054.0972440908856,4,1.0,0
8,363681.7370304926,11641930721.081968,18,1.0,0
2,364.1574750937658,550606.1023417739,6,1.0,0
8,231.15749114896906,359523.79374129314,14,1.0,0
6,250.33218839265265,388399.58627396595,12,1.0,0
8,217.670546162467,336421.1327024508,16,1.0,0
4,10.688779163215974,1054.0972440908856,4,1.0,0
6,250.32609036045665,388397.7371004204,12,1.0,0
2,364.1574750937658,550606.1023417739,6,1.0,0
8,217.4802673041089,336383.2064809419,16,1.0,0
8,230.85508750853086,359476.5856224119,14,1.0,0
6,250.05313071789,388354.45938000164,12,1.0,0
6,250.0475712315316,388352.6125380012,12,1.0,0
4,10.688779163215974,1054.0972440908856,4,1.0,0
2,364.1574750937658,550606.1023417739,6,1.0,0
8,230.59308387215418,359433.40198746935,14,1.0,0
4,11.265729744080792,1110.655512148869,4,1.0,0
8,217.32122921304,336348.53373953234,16,1.0,0
6,249.77856860293946,388307.5434399436,12,1.0,0
6,249.7835881500042,388309.3879495935,12,1.0,0
2,364.1574750937658,550606.1023417739,6,1.0,0
4,11.265729744080792,1110.655512148869,4,1.0,0
8,217.15182860539457,336310.7306928123,16,1.0,0
8,230.3096935542552,359386.30357144563,14,1.0,0
6,249.51911325344972,388262.52982556203,12,1.0,0
6,249.52359152447434,388264.37200205674,12,1.0,0
7,30.972049611591046,3033.514875519815,8,1.0,0
5,34.88266044899672,3418.5007240016785,6,1.0,0
7,31.379872985266026,3073.4769398842086,8,1.0,0
5,35.10792882906462,3440.577025248333,6,1.0,0
4,10.688779163215974,1054.0972440908856,4,1.0,0
4,10.688779163215974,1054.0972440908856,4,1.0,0
7,32.6121690696674,3194.229249756504,8,1.0,0
5,36.23258202226278,3550.7930381817523,6,1.0,0
7,32.199988908605015,3153.839643989529,8,1.0,0
5,36.46048088913072,3573.127127134811,6,1.0,0
4,11.265729744080792,1110.655512148869,4,1.0,0
7,33.29923851553194,3261.624211953302,8,1.0,0
5,37.59787228022352,3684.5914834619048,6,1.0,0
7,33.71492886795742,3302.357415544235,8,1.0,0
5,37.828120051975446,3707.155765093594,6,1.0,0
4,11.265729744080792,1110.655512148869,4,1.0,0
7,34.96911902971372,3425.255683886971,8,1.0,0
5,39.209267611964734,3842.508225972544,6,1.0,0
7,34.54991213550953,3384.1773741930256,8,1.0,0
5,38.97691624538812,3819.7377920480353,6,1.0,0
4,11.265729744080792,1110.655512148869,4,1.0,0
7,35.810762548230024,3507.7292512393255,8,1.0,0
5,40.602545076222334,3979.049417469789,6,1.0,0
5,40.3683043983767,3956.093831040917,6,1.0,0
7,36.2331241506206,3549.117143741525,8,1.0,0
5,41.77080320032163,4093.53871363152,6,1.0,0
7,37.50595190861617,3673.844376127002,8,1.0,0
4,11.265729744080792,1110.655512148869,4,1.0,0
5,42.00674549005989,4116.661058025868,6,1.0,0
7,37.08075164903137,3632.1779279104708,8,1.0,0
7,36.64793894029279,3587.3658859949037,8,1.0,0
5,29.441467354736243,2885.263800764152,6,1.0,0
5,29.17990175903042,2859.630372384981,6,1.0,0
7,36.90528417449187,3612.591313724817,8,1.0,0
4,44.746508243660756,4378.15132219068,4,1.0,0
6,37.16988027960273,3638.268159440697,6,1.0,0
4,34.35476677260377,3366.7671437151694,4,1.0,0
4,45.901161931553176,4491.309348805386,4,1.0,0
4,34.06366588218792,3338.239256454416,4,1.0,0
6,37.16988027960273,3638.268159440697,6,1.0,0
4,36.08670115153226,3536.4967128501617,4,1.0,0
4,35.795716689756794,3507.980235596166,4,1.0,0
6,38.67298798903441,3785.6188925986726,6,1.0,0
6,38.67298798903441,3785.6188925986726,6,1.0,0
4,47.63314672228433,4661.046627815116,4,1.0,0
4,49.36513614552953,4830.784166847725,4,1.0,0
6,40.17959681231259,3933.3096496462113,6,1.0,0
4,37.52776749732568,3677.7212147379164,4,1.0,0
6,40.17959681231259,3933.3096496462113,6,1.0,0
4,37.818646194701365,3706.2273270807336,4,1.0,0
4,51.0971297302174,5000.5219394245905,4,1.0,0
4,39.25981830489455,3847.4621938796663,4,1.0,0
4,39.5506005011302,3875.9588491107593,4,1.0,0
6,41.689327171351664,4081.3035172601412,6,1.0,0
6,41.689327171351664,4081.3035172601412,6,1.0,0
4,52.82912706705144,5170.259922544192,4,1.0,0
4,40.99186911246343,4017.203173021416,4,1.0,0
6,43.20185181216194,4229.5686777731835,6,1.0,0
6,43.20185181216194,4229.5686777731835,6,1.0,0
4,41.28256290493603,4045.6911646837307,4,1.0,0
6,44.374166658841794,4344.530845403985,6,1.0,0
4,43.014532428006234,4215.424177944611,4,1.0,0
6,44.374166658841794,4344.530845403985,6,1.0,0
4,53.983793864455286,5283.41868490469,4,1.0,0
4,42.72391992003231,4186.944152163166,4,1.0,0
2,0.0,0.0,2,1.0,0
2,0.0,0.0,2,1.0,0
2,0.0,0.0,2,1.0,0
4,44.746508243660756,4385.157807878754,4,1.0,0
4,44.45597072760118,4356.685131304916,4,1.0,0
4,46.188021535170066,4526.426110446666,4,1.0,0
2,0.0,0.0,2,1.0,0
2,0.0,0.0,2,1.0,0
2,0.0,0.0,2,1.0,0
4,46.47848964843845,4554.891985546968,4,1.0,0
2,0.0,0.0,2,1.0,0
2,0.0,0.0,2,1.0,0
2,0.0,0.0,2,1.0,0
4,47.92007234273894,4696.167089588416,4,1.0,0
4,48.21047603996459,4724.62665191653,4,1.0,0
4,49.94246689942338,4894.361756143491,4,1.0,0
2,0.0,0.0,2,1.0,0
4,49.652123150307816,4865.908068730166,4,1.0,0
2,0.0,0.0,2,1.0,0
2,0.0,0.0,2,1.0,0
4,51.674461777555074,5064.097254200397,4,1.0,0
2,0.0,0.0,2,1.0,0
4,51.3841739578767,5035.649047871916,4,1.0,0
2,0.0,0.0,2,1.0,0
2,0.0,0.0,2,1.0,0
2,0.0,0.0,2,1.0,0
4,53.406460283377704,5233.8331077710145,4,1.0,0
2,0.0,0.0,2,1.0,0
4,53.11622476544557,5205.3900270136655,4,1.0,0
2,0.0,0.0,2,1.0,0
4,54.270925303824825,5318.550679774832,4,1.0,0
2,0.0,0.0,2,1.0,0
2,0.0,0.0,2,1.0,0
4,54.56112779870543,5346.990524273133,4,1.0,0
2,0.0,0.0,2,1.0,0
2,0.0,0.0,2,1.0,0
2,0.7071067811865476,69.29646455628166,2,1.0,0
2,0.0,0.0,2,1.0,0
2,0.7071067811865476,69.29646455628166,2,1.0,0
2,0.0,0.0,2,1.0,0
2,0.7071067811865476,69.29646455628166,2,1.0,0
2,0.7071067811865476,69.29646455628166,2,1.0,0
2,0.0,0.0,2,1.0,0
2,0.7071067811865476,69.29646455628166,2,1.0,0
2,0.7071067811865476,69.29646455628166,2,1.0,0
2,0.0,0.0,2,1.0,0
2,0.0,0.0,2,1.0,0
2,0.7071067811865476,69.29646455628166,2,1.0,0
2,0.0,0.0,2,1.0,0
2,0.0,0.0,2,1.0,0
2,0.7071067811865476,69.29646455628166,2,1.0,0
2,0.0,0.0,2,1.0,0
2,0.0,0.0,2,1.0,0
2,0.7071067811865476,69.29646455628166,2,1.0,0
2,0.7071067811865476,69.29646455628166,2,1.0,0
2,0.7071067811865476,69.29646455628166,2,1.0,0
2,0.7071067811865476,69.29646455628166,2,1.0,0
2,0.0,0.0,2,1.0,0
2,0.0,0.0,2,1.0,0
2,0.0,0.0,2,1.0,0
2,0.7071067811865476,69.29646455628166,2,1.0,0
2,0.0,0.0,2,1.0,0
2,0.7071067811865476,69.29646455628166,2,1.0,0
2,3239.963271396761,7792305233.947919,2,1.0,0
2,3241.3774849591337,7792351402.363876,2,1.0,0
2,3241.3774849591337,7792351402.363876,2,1.0,0
2,7875.04822207458,19285630128.05037,2,1.0,0
2,7873.6340085122065,19285583959.63441,2,1.0,0
2,7874.341115293393,19285584006.30346,2,1.0,0
2,11086.020115442692,30862877472.87578,2,1.0,0
2,11087.434329005066,30862877566.21387,2,1.0,0
2,11087.434329005066,30862877566.21387,2,1.0,0
2,714587.3804539233,31520524060.18018,3,0.6666666666666666,0
2,714587.3804539233,31520524060.18018,3,0.6666666666666666,0
2,714587.3804539233,31520524060.18018,3,0.6666666666666666,0
2,714432.6645425259,31520406824.87323,3,0.6666666666666666,0
2,714432.6645425259,31520406824.87323,3,0.6666666666666666,0
2,714432.6645425259,31520406824.87323,3,0.6666666666666666,0
2,714277.9486371768,31520289590.866688,3,0.6666666666666666,0
2,714277.9486371768,31520289590.866688,3,0.6666666666666666,0
2,714277.9486371768,31520289590.866688,3,0.6666666666666666,0
2,714123.8100360002,31520172795.59362,3,0.6666666666666666,0
2,714123.8100360002,31520172795.59362,3,0.6666666666666666,0
2,714123.8100360002,31520172795.59362,3,0.6666666666666666,0
3,505344.721507782,17284909864.596443,10,1.0,0
2,2504.5722189627513,8805880627.465351,2,1.0,0
3,505344.72419251705,17284909879.39041,10,1.0,0
2,2504.5722189627513,8805880627.465351,2,1.0,0
3,505344.721507782,17284909864.596443,10,1.0,0
3,521788.5922996976,18428461521.456688,10,1.0,0
3,521788.5368552198,18428469086.272675,10,1.0,0
2,6088.1893860161745,19265825030.18877,2,1.0,0
3,521788.5941335607,18428461618.817127,10,1.0,0
2,6086.775172453801,19265778861.77281,2,1.0,0
3,574961.711300655,20649110341.960354,10,1.0,0
3,574961.5041955804,20649121758.134117,10,1.0,0
2,10697.111385790091,29926725842.581398,2,1.0,0
2,10697.818492571278,29926725889.250443,2,1.0,0
3,574961.711300655,20649110341.960354,10,1.0,0
3,495963.3474955864,16551158212.77773,9,0.8888888888888888,0
3,495963.3474955864,16551158212.77773,9,0.8888888888888888,0
2,649412.6342198258,28651553727.658386,3,0.6666666666666666,0
3,495962.45612672134,16551158124.777826,9,0.8888888888888888,0
2,649412.6342198258,28651553727.658386,3,0.6666666666666666,0
3,495946.47281303897,16551141301.207,9,0.8888888888888888,0
3,495946.47281303897,16551141301.207,9,0.8888888888888888,0
2,649257.9206080842,28651436493.113777,3,0.6666666666666666,0
3,495945.58144386613,16551141213.207096,9,0.8888888888888888,0
2,649257.9206080842,28651436493.113777,3,0.6666666666666666,0
3,495929.6765266837,16551124453.818111,9,0.8888888888888888,0
2,649103.7842936469,28651319697.43413,3,0.6666666666666666,0
2,649103.7842936469,28651319697.43413,3,0.6666666666666666,0
3,495929.6765266837,16551124453.818111,9,0.8888888888888888,0
3,495928.7851572318,16551124365.818207,9,0.8888888888888888,0
3,468946.42300360685,15635221735.946709,10,1.0,0
4,434022.19075284794,14287626552.69043,12,1.0,0
3,468945.6146295289,15635221653.870066,10,1.0,0
3,468946.46581146837,15635221752.168844,10,1.0,0
3,468945.57308508625,15635221639.395397,10,1.0,0
3,32002.539300290948,1212458614.9922256,4,1.0,0
3,461223.9561950114,16011366302.94261,10,1.0,0
3,461223.15347302327,16011366216.447447,10,1.0,0
4,433429.12967532955,14713337055.902534,12,1.0,0
3,461223.9561950114,16011366302.94261,10,1.0,0
3,221909.00571837247,8437503919.141369,4,1.0,0
3,461222.8735316221,16011370814.17162,10,1.0,0
3,492325.43698569504,17551167589.83226,10,1.0,0
3,492324.6660088916,17551167510.76578,10,1.0,0
3,492324.11128692,17551167471.423943,10,1.0,0
3,405614.1675002448,15466040292.15293,4,1.0,0
4,467504.45999901404,16183653156.683514,12,1.0,0
3,492325.3599388315,17551167471.37757,10,1.0,0
3,558083.2571343236,20078432288.150784,10,1.0,0
3,558082.0740318877,20078432162.314056,10,1.0,0
3,558083.2548690303,20078419301.708923,10,1.0,0
4,532046.3587737887,18536634204.465683,12,1.0,0
3,596763.2654473073,22738380088.4566,4,1.0,0
3,558082.8141244511,20078432209.47075,10,1.0,0
3,477359.9656531338,15890008096.027431,9,0.8888888888888888,0
3,477359.9656531338,15890008096.027431,9,0.8888888888888888,0
3,477359.74351839145,15890008074.027456,9,0.8888888888888888,0
3,477359.0771149405,15890008008.027529,9,0.8888888888888888,0
3,592981.6595196684,21314766742.13051,5,0.8,0
4,437925.0554080728,14373601261.391418,11,0.9090909090909091,0
3,477343.096207801,15889991184.711834,9,0.8888888888888888,0
3,592931.6612464711,21314721289.305244,5,0.8,0
3,477343.096207801,15889991184.711834,9,0.8888888888888888,0
3,477342.2076693977,15889991096.71193,9,0.8888888888888888,0
3,477342.87407300615,15889991162.711859,9,0.8888888888888888,0
4,437912.7533341441,14373589006.889168,11,0.9090909090909091,0
3,592881.682718989,21314675837.922653,5,0.8,0
3,477326.24288533285,15889974274.526411,9,0.8888888888888888,0
4,437900.4657620268,14373576753.414694,11,0.9090909090909091,0
3,477326.24288533285,15889974274.526411,9,0.8888888888888888,0
3,477325.35434674955,15889974186.526506,9,0.8888888888888888,0
3,477326.0207504929,15889974252.526436,9,0.8888888888888888,0
3,444301.9181455206,14993141370.603544,10,1.0,0
3,444301.70810955326,14993141349.972704,10,1.0,0
3,444301.9602716278,14993140524.795074,10,1.0,0
3,444301.2254472809,14993140438.045538,10,1.0,0
4,387692.94998499966,12738620733.747946,14,1.0,0
4,421406.2518842732,13761875232.116365,12,1.0,0
3,452700.092227723,15906335059.907087,10,1.0,0
3,452699.85818569065,15906335044.365587,10,1.0,0
4,421405.78458348697,13761875201.203287,12,1.0,0
3,452698.9631834211,15906327929.763994,10,1.0,0
3,452699.9075665051,15906321103.637268,10,1.0,0
4,404971.1179828307,13635740528.806639,14,1.0,0
3,504722.7203967321,18089364395.24213,10,1.0,0
4,421405.3172873601,13761875170.290209,12,1.0,0
3,504721.48643980984,18089364276.666245,10,1.0,0
4,457354.3076052492,15572096673.314102,14,1.0,0
3,504722.51676875766,18089364253.64997,10,1.0,0
3,504722.4649972938,18089364382.7978,10,1.0,0
3,499312.36855827813,16615021024.453993,9,0.8888888888888888,0
3,499311.2582735843,16615020914.454111,9,0.8888888888888888,0
4,279.4940070913865,426221.23733776255,10,1.0,0
3,499312.36855827813,16615021024.453993,9,0.8888888888888888,0
3,499312.36855827813,16615021024.453993,9,0.8888888888888888,0
4,425243.617528597,13825408311.529686,13,0.9230769230769231,0
3,499295.48823066684,16615004112.357327,9,0.8888888888888888,0
3,499295.48823066684,16615004112.357327,9,0.8888888888888888,0
4,425234.13065483025,13825398908.496065,13,0.9230769230769231,0
3,499295.48823066684,16615004112.357327,9,0.8888888888888888,0
3,499294.37794571096,16615004002.357447,9,0.8888888888888888,0
4,279.1825567617003,426187.0522309293,10,1.0,0
3,499278.6233162913,16614987201.341518,9,0.8888888888888888,0
4,278.82581181327765,426146.13579438796,10,1.0,0
3,499277.5130311076,16614987091.341637,9,0.8888888888888888,0
3,499278.6233162913,16614987201.341518,9,0.8888888888888888,0
4,425224.58816498006,13825389501.831694,13,0.9230769230769231,0
3,499278.6233162913,16614987201.341518,9,0.8888888888888888,0
3,499261.7738167134,16614970291.40657,9,0.8888888888888888,0
3,499260.6635313361,16614970181.406689,9,0.8888888888888888,0
4,425215.0583621458,13825380096.074072,13,0.9230769230769231,0
4,278.4772282730972,426105.2695225546,10,1.0,0
3,499261.7738167134,16614970291.40657,9,0.8888888888888888,0
3,499261.7738167134,16614970291.40657,9,0.8888888888888888,0
3,462286.05565246195,15797562202.515387,10,1.0,0
4,432250.73045797687,14491650466.029036,12,1.0,0
4,432250.69870580785,14491656119.09877,12,1.0,0
4,432249.7386617066,14491653180.158752,12,1.0,0
6,126626.42583346157,4252363868.6575117,8,1.0,0
6,384710.8426403741,12623034101.81125,16,1.0,0
3,481881.1145616843,17019010113.12854,10,1.0,0
4,456413.4860887874,15680160899.848145,12,1.0,0
4,456413.3537702867,15680145513.011894,12,1.0,0
6,280493.0653269346,9403273424.218023,8,1.0,0
6,411771.96405144356,13727565607.552446,16,1.0,0
4,456412.45056506793,15680145427.098728,12,1.0,0
3,536707.9230433543,19235377730.05514,10,1.0,0
4,511341.3082502338,17754849857.252953,12,1.0,0
4,511341.1584800501,17754827479.261417,12,1.0,0
6,430481.5856625618,14445209305.460022,8,1.0,0
6,464090.4669804333,15576823041.141783,16,1.0,0
4,511340.39193709934,17754838526.91588,12,1.0,0
3,480758.6622015019,15983286827.524977,9,0.8888888888888888,0
4,441040.4806007762,14457977926.618671,11,0.9090909090909091,0
4,441040.5255697238,14457977928.853594,11,0.9090909090909091,0
6,383640.1136198326,12381611838.722202,15,0.9333333333333333,0
4,441040.4806007762,14457977926.618671,11,0.9090909090909091,0
6,480801.02065199486,15983342146.367023,9,0.8888888888888888,0
3,480741.78451950685,15983269915.570864,9,0.8888888888888888,0
4,441028.1711356069,14457965671.549414,11,0.9090909090909091,0
6,480783.01592743245,15983325161.315914,9,0.8888888888888888,0
6,383632.3786018142,12381604321.380877,15,0.9333333333333333,0
4,441028.2161107774,14457965673.784359,11,0.9090909090909091,0
4,441028.1711356069,14457965671.549414,11,0.9090909090909091,0
3,480724.9228458112,15983253004.740332,9,0.8888888888888888,0
4,441015.8760693934,14457953417.501932,11,0.9090909090909091,0
6,480765.02685401775,15983308177.386984,9,0.8888888888888888,0
6,383624.6557957524,12381596804.918547,15,0.9333333333333333,0
4,441015.8760693934,14457953417.501932,11,0.9090909090909091,0
4,441015.9210507856,14457953419.736897,11,0.9090909090909091,0
3,459672.91698396206,15163014237.917408,10,1.0,0
5,395914.9121798996,12815854031.7469,14,1.0,0
4,424374.9355196809,13842366686.51689,12,1.0,0
5,395914.9423497523,12815855370.75258,14,1.0,0
6,395927.00880436186,12816081121.5363,14,1.0,0
6,395927.06934754015,12816081124.583948,14,1.0,0
3,446173.8676012226,15388255575.932415,10,1.0,0
4,418796.09661702806,14135363185.768957,12,1.0,0
5,394933.28156590904,13142832762.575886,14,1.0,0
6,395926.5849958317,12816081092.295347,14,1.0,0
6,395926.5244531067,12816081089.2477,14,1.0,0
5,394933.403698635,13142836842.809261,14,1.0,0
3,478856.7235152796,17032360921.5078,10,1.0,0
6,395925.9795714956,12816081052.923027,14,1.0,0
5,432057.0963047109,14642197470.269794,14,1.0,0
5,432057.52988096466,14642206087.620174,14,1.0,0
6,395926.0401136378,12816081055.970675,14,1.0,0
4,454820.7323075963,15706690279.702963,12,1.0,0
3,549617.3142123629,19764742438.061398,10,1.0,0
6,395925.4952366892,12816081019.646006,14,1.0,0
6,395925.43469512975,12816081016.598358,14,1.0,0
5,498941.9719015594,17024192373.686888,14,1.0,0
4,524022.9167838044,18247652945.977005,12,1.0,0
5,498942.8089306528,17024215554.002262,14,1.0,0
3,505029.84928882617,16912702383.012983,9,0.8888888888888888,0
6,251.04332295442555,388563.11086824245,12,1.0,0
6,251.00795291034592,388559.30537255964,12,1.0,0
5,430111.2691361358,14073101046.218342,13,0.9230769230769231,0
4,463304.49938476057,15298690239.77111,11,0.9090909090909091,0
5,430111.3032910858,14073101047.931454,13,0.9230769230769231,0
3,505012.97763525625,16912685471.789223,9,0.8888888888888888,0
4,463292.19478455593,15298677985.278791,11,0.9090909090909091,0
6,250.6948374321887,388513.9796426737,12,1.0,0
5,430101.7548987383,14073091640.985056,13,0.9230769230769231,0
5,430101.7207394382,14073091639.271929,13,0.9230769230769231,0
6,250.7291639127041,388517.7804916417,12,1.0,0
5,430092.21891422785,14073082268.210285,13,0.9230769230769231,0
6,250.39113342322986,388468.709307299,12,1.0,0
6,250.42441247537423,388472.50550792663,12,1.0,0
5,430092.25307785976,14073082269.923428,13,0.9230769230769231,0
4,463279.9487207394,15298665777.406153,11,0.9090909090909091,0
3,504996.1840897359,16912668624.72294,9,0.8888888888888888,0
3,472405.24031364097,15945163023.327473,10,1.0,0
5,17.221111075266503,1692.8685320091063,6,1.0,0
7,387407.56442295905,12668687943.369785,16,1.0,0
5,17.221111075266503,1692.9384710221061,6,1.0,0
7,415919.28445183096,13561315830.44196,14,1.0,0
5,438632.3292672626,14588950445.159283,12,1.0,0
3,475493.16759989073,16733953647.238174,10,1.0,0
7,403057.07468851935,13460370840.269964,16,1.0,0
5,448582.09705257224,15397778299.433552,12,1.0,0
5,17.22498185775532,1693.2240253433686,6,1.0,0
7,415918.80012659595,13561315798.154137,14,1.0,0
5,17.23272081438873,1693.7250859176252,6,1.0,0
3,518936.02015084674,18703490325.042587,10,1.0,0
7,447456.3441631485,15133158318.71127,16,1.0,0
5,17.232720814388735,1693.7250859176252,6,1.0,0
5,493709.35516104806,17257046185.600834,12,1.0,0
5,17.22498185775532,1693.2240253433686,6,1.0,0
7,415918.25525709963,13561315761.830338,14,1.0,0
3,517577.46410306654,17389972768.294266,9,0.8888888888888888,0
7,413013.51529139135,13471289643.697206,15,0.9333333333333333,0
5,474811.41005082696,15730407809.167538,11,0.9090909090909091,0
7,253.59523941617172,388890.37622944434,12,1.0,0
5,17.22498185775532,1693.2240253433686,6,1.0,0
5,17.232720814388735,1693.7250859176252,6,1.0,0
3,517560.6461068382,17389955919.640484,9,0.8888888888888888,0
7,253.2147848620362,388844.6487053511,12,1.0,0
5,17.232720814388735,1693.7250859176252,6,1.0,0
5,17.22498185775532,1693.2240253433686,6,1.0,0
7,413005.80393508595,13471282154.216747,15,0.9333333333333333,0
5,474799.14156721433,15730395599.8126,11,0.9090909090909091,0
3,517543.77996334765,17389939008.91389,9,0.8888888888888888,0
5,17.232720814388735,1693.7250859176252,6,1.0,0
5,17.22498185775532,1693.2240253433686,6,1.0,0
5,474786.84149404446,15730383345.73362,11,0.9090909090909091,0
7,412998.0768445365,13471274637.614223,15,0.9333333333333333,0
7,252.8434657684833,388798.9764346173,12,1.0,0
3,517526.9286905379,17389922099.219994,9,0.8888888888888888,0
5,17.67201177002777,1736.924523403363,6,1.0,0
5,474774.6447391264,15730371098.51321,11,0.9090909090909091,0
7,252.5068255903134,388758.33636007673,12,1.0,0
7,412990.41525586223,13471267125.440233,15,0.9333333333333333,0
5,17.668238923748646,1736.7143307598594,6,1.0,0
3,479750.3030662699,16459115899.631542,10,1.0,0
7,37.61363734452857,3683.8439163460766,8,1.0,0
5,447653.14078603993,15086415066.128246,12,1.0,0
8,100313.37208612265,3289707520.397562,10,1.0,0
7,397530.36571767594,13128699433.601324,16,1.0,0
5,36.37948139634025,3561.690534937962,6,1.0,0
3,494765.21464877104,17560232825.440243,10,1.0,0
7,421711.0990079188,14150257927.445793,16,1.0,0
5,468027.8797036334,16171469018.999434,12,1.0,0
8,246965.12587174014,8129130928.3384285,10,1.0,0
5,37.88755292529021,3709.36731352756,6,1.0,0
7,38.411307858865875,3761.996278573385,8,1.0,0
3,551336.5143666897,19863728937.898815,10,1.0,0
7,476529.63272992446,16082477858.497759,16,1.0,0
5,525159.1905118995,18333171621.121574,12,1.0,0
7,39.24192364587357,3843.380022844475,8,1.0,0
8,396442.0491227213,13053888293.505949,10,1.0,0
5,39.398815549032264,3857.365871506962,6,1.0,0
3,517648.90674329427,17189783030.274,9,0.8888888888888888,0
5,474877.93762382196,15549336532.134249,11,0.9090909090909091,0
7,40.103437686633725,3927.794291965912,8,1.0,0
5,40.91291564612166,4005.6505422548616,6,1.0,0
7,413073.18174031423,13316236559.358763,15,0.9333333333333333,0
8,474908.15397705155,15549376562.466688,11,0.9090909090909091,0
3,517632.02859772346,17189766118.227066,9,0.8888888888888888,0
7,413065.4458332354,13316229041.951496,15,0.9333333333333333,0
5,42.42954945161057,4154.190687326072,6,1.0,0
8,474895.03865997016,15549364254.387394,11,0.9090909090909091,0
5,474865.6269615839,15549324276.982264,11,0.9090909090909091,0
7,40.99390198553927,4015.0479449192135,8,1.0,0
3,517615.1653195161,17189749207.224854,9,0.8888888888888888,0
7,41.91147132434542,4104.959926722793,8,1.0,0
5,474853.329672188,15549312022.78034,11,0.9090909090909091,0
7,413057.7212678981,13316221525.361532,15,0.9333333333333333,0
5,43.94845465618406,4302.959849529933,6,1.0,0
8,474881.9364881798,15549351947.25724,11,0.9090909090909091,0
3,456928.28479221056,14887062868.065336,12,1.0,0
7,33.92007412390823,3318.7154141324017,8,1.0,0
7,426302.59871489985,13783501391.441717,14,1.0,0
4,426280.71826825186,13783104579.732752,14,1.0,0
8,400982.8822071617,12893486429.346327,16,1.0,0
5,40.15677609901804,3922.972631394038,6,1.0,0
3,452501.6922564958,15290867281.215137,12,1.0,0
7,426302.1144089207,13783501359.153084,14,1.0,0
4,46.47848964843845,4541.036115249471,4,1.0,0
8,400982.3453087378,12893486393.354675,16,1.0,0
6,36.98873702448715,3618.826863317264,6,1.0,0
4,427047.5497745995,14221299445.362148,14,1.0,0
3,499768.9150028983,17255125157.561962,12,1.0,0
7,426301.56956922734,13783501322.828375,14,1.0,0
4,475071.97398393694,16089299779.841759,14,1.0,0
4,48.21047603996459,4710.770743731858,4,1.0,0
6,38.08105390698459,3725.9220424838018,6,1.0,0
8,400981.75960995513,12893486354.09106,16,1.0,0
3,582544.9991218002,20241211604.300823,12,1.0,0
8,400981.1739163023,12893486314.827446,16,1.0,0
4,554670.6860604292,18884273277.907536,14,1.0,0
4,49.94246689942338,4880.505813950025,4,1.0,0
6,39.20416644524746,3836.0372087176975,6,1.0,0
7,426301.0247344057,13783501286.503664,14,1.0,0
3,532442.0100705974,17453957098.90138,11,0.9090909090909091,0
8,231.04611594291669,359505.6270555044,14,1.0,0
6,39.96873778342268,3910.999411915067,6,1.0,0
4,51.0971297302174,4993.662750593663,4,1.0,0
7,249.2275794602924,388277.02069945174,12,1.0,0
4,494289.8235390541,16055711924.754307,13,0.9230769230769231,0
3,532429.7464479917,17453944889.54521,11,0.9090909090909091,0
8,230.74742387808718,359458.44097982784,14,1.0,0
4,52.82912706705144,5163.398460962186,4,1.0,0
4,494280.3050512704,16055702552.36173,13,0.9230769230769231,0
6,41.137574065566874,4025.5974463425923,6,1.0,0
7,248.97357472047293,388232.04147890577,12,1.0,0
3,532417.44980952,17453932635.372437,11,0.9090909090909091,0
7,248.7291791194884,388187.1177736637,12,1.0,0
4,494270.7633422555,16055693145.747862,13,0.9230769230769231,0
4,54.56112779870543,5333.134506710539,4,1.0,0
8,230.45864447485326,359411.3121360271,14,1.0,0
6,42.330839821576895,4142.590059371069,6,1.0,0
4,475166.4341344277,15436113818.668736,14,1.0,0
10,20530.60990031197,676986961.8406005,12,1.0,0
5,447373.9328568999,14445431961.12739,16,1.0,0
5,27256.26323373523,957252598.8732176,6,1.0,0
7,24425.625729665848,829050679.6407256,8,1.0,0
9,22238.745767990902,741538676.979913,10,1.0,0
4,473761.88625183963,15716196636.26247,14,1.0,0
9,148543.41739516208,4971339204.853661,10,1.0,0
10,137132.48999239807,4538380868.772449,12,1.0,0
7,163096.0553420131,5557893678.62922,8,1.0,0
5,181954.2463772143,6417197527.511365,6,1.0,0
5,448503.4255094566,14741160345.700869,16,1.0,0
4,499007.11031984125,16841587415.248327,14,1.0,0
7,310611.95008977264,10520075740.08916,8,1.0,0
9,282906.8793503144,9409879968.952635,10,1.0,0
10,261175.01623813948,8590298998.955036,12,1.0,0
5,346514.68972522166,12146570482.61816,6,1.0,0
5,474566.7135754071,15824300878.979677,16,1.0,0
4,547974.1127026415,18671697208.26284,14,1.0,0
9,417116.49729137094,13860024691.31774,10,1.0,0
10,385074.71651390614,12652827808.191729,12,1.0,0
7,457959.3760478379,15495255040.298689,8,1.0,0
5,522398.03355777403,17559269287.03967,16,1.0,0
5,510889.71124252124,17890927763.8649,6,1.0,0
4,391327.7179293197,12801352279.70725,13,0.9230769230769231,0
5,366668.9350282908,11917624591.018599,15,0.9333333333333333,0
5,508506.6359878371,17443192421.08767,7,0.8571428571428571,0
10,391344.68460842705,12801382576.038393,13,0.9230769230769231,0
7,459532.0066953383,15384398610.578283,9,0.8888888888888888,0
9,421551.395400328,13916226723.161776,11,0.9090909090909091,0
4,391318.1727810078,12801342872.994709,13,0.9230769230769231,0
10,391334.73268333,12801373142.391268,13,0.9230769230769231,0
7,459514.39061361284,15384381651.081175,9,0.8888888888888888,0
5,366661.3700017263,11917617085.18057,15,0.9333333333333333,0
9,421538.55923339166,13916214433.78524,11,0.9090909090909091,0
5,508479.92318590404,17443166815.66506,7,0.8571428571428571,0
4,391308.64141889656,12801333467.261456,13,0.9230769230769231,0
9,421525.73796337,13916202145.469576,11,0.9090909090909091,0
10,391324.79441882536,12801363709.722912,13,0.9230769230769231,0
7,459496.7910353431,15384364692.750422,9,0.8888888888888888,0
5,508453.2290141393,17443141211.548985,7,0.8571428571428571,0
5,366653.8178000502,11917609580.255964,15,0.9333333333333333,0
4,405623.72682827694,13323926235.907867,12,1.0,0
4,405623.21286635305,13323926182.640604,12,1.0,0
8,355936.16775427,11539278574.604925,16,1.0,0
3,439367.67785520793,14595186939.981087,10,1.0,0
7,378415.4956163621,12335817827.489923,14,1.0,0
7,378414.2548164164,12335817744.752218,14,1.0,0
4,405623.2595781311,13323926204.995338,12,1.0,0
7,378413.89161023725,12335817720.536291,14,1.0,0
3,439367.3615097179,14595186919.286411,10,1.0,0
7,378414.950733914,12335817791.16601,14,1.0,0
8,355935.72852257447,11539278545.157877,16,1.0,0
4,405622.74561539094,13323926151.728075,12,1.0,0
4,405622.7923328259,13323926174.082813,12,1.0,0
4,405622.2783692696,13323926120.815548,12,1.0,0
7,378414.40585695393,12335817754.8421,14,1.0,0
3,439367.0451676416,14595186898.591742,10,1.0,0
8,355935.2892966583,11539278515.710833,16,1.0,0
7,378413.5284089367,12335817696.320366,14,1.0,0
4,277.30769112225425,425960.142936715,10,1.0,0
8,233.29074441257077,359715.01498568815,14,1.0,0
7,253.45232950859483,388741.33737685456,12,1.0,0
4,277.35208269954956,425965.22215181426,10,1.0,0
7,253.11920775265818,388789.83521130844,12,1.0,0
3,312.71472622823507,476553.5162161748,8,1.0,0
4,276.996911334565,425919.5057522802,10,1.0,0
3,312.4717130054678,476524.19418955006,8,1.0,0
4,277.03990887796493,425924.5786413886,10,1.0,0
8,233.12619796115618,359680.0040908157,14,1.0,0
7,252.75961750727555,388744.2322663626,12,1.0,0
7,253.30343224654257,388711.4982363936,12,1.0,0
4,276.69445643565433,425878.91881269106,10,1.0,0
4,276.73605555554997,425883.98537400353,10,1.0,0
8,232.97172398345722,359645.05317326414,14,1.0,0
3,312.2346873747374,476494.9092298888,8,1.0,0
7,253.16306578722708,388681.7107160843,12,1.0,0
7,252.40923961381492,388698.6846183043,12,1.0,0
4,276.3439081209419,425831.5801480414,10,1.0,0
4,276.384273551638,425836.64121747174,10,1.0,0
8,235.2599801108515,359985.89136434864,14,1.0,0
3,311.92799077442766,476455.9202885404,8,1.0,0
7,252.02597268752066,388648.11104539223,12,1.0,0
7,255.7796755495683,389129.1520789685,12,1.0,0
4,12.12435565298214,1174.3304475316988,4,1.0,0
4,22.808989455914087,2235.2809666795806,4,1.0,0
6,26.837784309936367,2630.1028623737643,6,1.0,0
4,11.547005383792516,1131.6065276116665,4,1.0,0
2,0.0,0.0,2,1.0,0
5,35.10792882906462,3440.577025248333,6,1.0,0
4,12.12435565298214,1174.3304475316988,4,1.0,0
5,36.46048088913072,3573.127127134811,6,1.0,0
4,24.540782383616055,2404.996673594373,4,1.0,0
4,11.547005383792516,1131.6065276116665,4,1.0,0
6,26.837784309936367,2630.1028623737643,6,1.0,0
2,0.0,0.0,2,1.0,0
4,12.12435565298214,1174.3304475316988,4,1.0,0
2,0.0,0.0,2,1.0,0
6,26.837784309936367,2630.1028623737643,6,1.0,0
4,11.547005383792516,1131.6065276116665,4,1.0,0
4,26.272609310839304,2574.7157124622518,4,1.0,0
5,37.828120051975446,3707.155765093594,6,1.0,0
4,11.547005383792516,1117.7501211511155,4,1.0,0
5,39.209267611964734,3842.508225972544,6,1.0,0
2,0.0,0.0,2,1.0,0
4,28.00446392988089,2744.4374651283274,4,1.0,0
4,10.969655114602888,1075.0262012310832,4,1.0,0
6,26.837784309936367,2630.1028623737643,6,1.0,0
4,11.547005383792516,1117.7501211511155,4,1.0,0
6,26.837784309936367,2630.1028623737643,6,1.0,0
2,0.0,0.0,2,1.0,0
4,29.736341402398512,2914.161457435054,4,1.0,0
4,10.969655114602888,1075.0262012310832,4,1.0,0
5,40.602545076222334,3979.049417469789,6,1.0,0
4,11.547005383792516,1117.7501211511155,4,1.0,0
2,0.0,0.0,2,1.0,0
4,10.969655114602888,1075.0262012310832,4,1.0,0
6,26.837784309936367,2630.1028623737643,6,1.0,0
4,31.468237955119125,3083.8873196016743,4,1.0,0
5,42.00674549005989,4116.661058025868,6,1.0,0
4,10.969655114602888,1075.0262012310832,4,1.0,0
4,11.547005383792516,1117.7501211511155,4,1.0,0
4,33.20015060206806,3253.6147590026694,4,1.0,0
6,26.59636566650915,2606.4438353178966,6,1.0,0
5,29.824486584013478,2922.799685233321,6,1.0,0
2,0.0,0.0,2,1.0,0
4,11.547005383792516,1117.7501211511155,4,1.0,0
6,27.571120156182747,2701.9697753059095,6,1.0,0
4,34.64101615137755,3394.8195828349994,4,1.0,0
2,0.0,0.0,2,1.0,0
2,0.0,0.0,2,1.0,0
4,10.969655114602888,1075.0262012310832,4,1.0,0
4,11.547005383792516,1117.7501211511155,4,1.0,0
4,36.373066958946424,3564.5605619767493,4,1.0,0
4,10.969655114602888,1075.0262012310832,4,1.0,0
6,29.04077593086429,2845.9960412247005,6,1.0,0
2,0.0,0.0,2,1.0,0
2,0.0,0.0,2,1.0,0
4,11.547005383792516,1117.7501211511155,4,1.0,0
6,30.518300520616588,2990.7934510204254,6,1.0,0
4,10.969655114602888,1075.0262012310832,4,1.0,0
2,0.0,0.0,2,1.0,0
4,38.1051177665153,3734.3015411184992,4,1.0,0
2,0.0,0.0,2,1.0,0
4,12.12435565298214,1174.3304475316988,4,1.0,0
6,31.631735119443995,3099.9100417055115,6,1.0,0
4,39.25981830489455,3847.4621938796663,4,1.0,0
4,11.547005383792516,1131.6065276116665,4,1.0,0
2,0.0,0.0,2,1.0,0
2,0.0,0.0,2,1.0,0
4,12.12435565298214,1174.3304475316988,4,1.0,0
6,33.126525122123304,3246.3994619680843,6,1.0,0
4,11.547005383792516,1131.6065276116665,4,1.0,0
4,40.99186911246343,4017.203173021416,4,1.0,0
2,0.0,0.0,2,1.0,0
2,0.0,0.0,2,1.0,0
4,12.12435565298214,1174.3304475316988,4,1.0,0
6,34.626098057197645,3393.3576096053694,6,1.0,0
2,0.0,0.0,2,1.0,0
4,11.547005383792516,1131.6065276116665,4,1.0,0
4,42.72391992003231,4186.944152163166,4,1.0,0
2,0.0,0.0,2,1.0,0
4,44.746508243660756,4385.157807878754,4,1.0,0
4,10.969655114602888,1075.0262012310832,4,1.0,0
2,0.0,0.0,2,1.0,0
2,0.0,0.0,2,1.0,0
2,0.0,0.0,2,1.0,0
4,44.45597072760118,4356.685131304916,4,1.0,0
4,46.47848964843845,4554.891985546968,4,1.0,0
4,46.188021535170066,4526.426110446666,4,1.0,0
2,0.0,0.0,2,1.0,0
2,0.0,0.0,2,1.0,0
4,10.969655114602888,1075.0262012310832,4,1.0,0
2,0.0,0.0,2,1.0,0
4,48.21047603996459,4724.62665191653,4,1.0,0
2,0.0,0.0,2,1.0,0
2,0.0,0.0,2,1.0,0
4,47.92007234273894,4696.167089588416,4,1.0,0
2,0.0,0.0,2,1.0,0
4,11.547005383792516,1131.6065276116665,4,1.0,0
4,49.94246689942338,4894.361756143491,4,1.0,0
2,0.0,0.0,2,1.0,0
4,11.547005383792516,1131.6065276116665,4,1.0,0
2,0.0,0.0,2,1.0,0
2,0.0,0.0,2,1.0,0
4,49.652123150307816,4865.908068730166,4,1.0,0
4,51.674461777555074,5064.097254200397,4,1.0,0
2,0.0,0.0,2,1.0,0
2,0.0,0.0,2,1.0,0
4,51.3841739578767,5035.649047871916,4,1.0,0
2,0.0,0.0,2,1.0,0
4,11.547005383792516,1131.6065276116665,4,1.0,0
4,53.406460283377704,5233.8331077710145,4,1.0,0
4,53.11622476544557,5205.3900270136655,4,1.0,0
2,0.0,0.0,2,1.0,0
4,11.547005383792516,1131.6065276116665,4,1.0,0
2,0.0,0.0,2,1.0,0
2,0.0,0.0,2,1.0,0
4,55.13846207503434,5403.569283353365,4,1.0,0
2,0.0,0.0,2,1.0,0
4,54.84827557301445,5375.131006155416,4,1.0,0
4,11.547005383792516,1131.6065276116665,4,1.0,0
2,0.0,0.0,2,1.0,0
2,0.0,0.0,2,1.0,0
2,0.0,0.0,2,1.0,0
4,45.32383478921438,4441.735809343009,4,1.0,0
2,0.0,0.0,2,1.0,0
2,0.0,0.0,2,1.0,0
2,0.0,0.0,2,1.0,0
2,0.0,0.0,2,1.0,0
2,0.0,0.0,2,1.0,0
2,0.0,0.0,2,1.0,0
2,0.0,0.0,2,1.0,0
2,0.0,0.0,2,1.0,0
4,47.055817918722866,4611.470156034841,4,1.0,0
2,0.0,0.0,2,1.0,0
2,0.0,0.0,2,1.0,0
2,0.0,0.0,2,1.0,0
2,0.0,0.0,2,1.0,0
4,48.78780585351221,4781.204973644196,4,1.0,0
2,0.0,0.0,2,1.0,0
2,0.0,0.0,2,1.0,0
2,0.0,0.0,2,1.0,0
4,50.51979809935903,4950.940213737184,4,1.0,0
2,0.0,0.0,2,1.0,0
2,0.0,0.0,2,1.0,0
2,0.0,0.0,2,1.0,0
2,0.0,0.0,2,1.0,0
2,0.0,0.0,2,1.0,0
2,0.0,0.0,2,1.0,0
2,0.0,0.0,2,1.0,0
2,0.0,0.0,2,1.0,0
4,52.25179422756696,5120.675834301563,4,1.0,0
2,0.0,0.0,2,1.0,0
2,0.0,0.0,2,1.0,0
2,0.0,0.0,2,1.0,0
4,53.983793864455286,5290.411798716618,4,1.0,0
2,0.0,0.0,2,1.0,0
2,0.0,0.0,2,1.0,0
2,0.0,0.0,2,1.0,0
2,0.0,0.0,2,1.0,0
2,0.0,0.0,2,1.0,0
2,0.0,0.0,2,1.0,0
2,0.0,0.0,2,1.0,0
2,0.0,0.0,2,1.0,0
4,0.816496580927726,80.01666493091716,4,1.0,0
2,6622.055005812018,6680901463.104049,2,1.0,0
3,122113.97050433392,4728695612.328593,4,1.0,0
2,6619.933685468458,6680947398.174768,2,1.0,0
2,6619.226578687271,6680947351.505721,2,1.0,0
2,6621.347899030831,6680948023.257163,2,1.0,0
2,13047.534326454175,16637877134.0,2,1.0,0
2,13046.120112891802,16637877572.406204,2,1.0,0
2,13045.413006110615,16637877525.737156,2,1.0,0
2,13045.413006110615,16637877525.737156,2,1.0,0
3,305191.6707659576,11776190554.344568,4,1.0,0
2,18089.912783095446,26732523129.364693,2,1.0,0
2,18089.205676314257,26732569689.517807,2,1.0,0
2,18087.0843559707,26732522942.688503,2,1.0,0
3,491539.65910553274,18921244142.33043,4,1.0,0
2,18087.791462751884,26732569064.43541,2,1.0,0
2,618889.8611150453,27478591051.179695,3,0.6666666666666666,0
2,618889.2592736873,27478590974.969517,3,0.6666666666666666,0
2,618888.6574338985,27478590898.759346,3,0.6666666666666666,0
3,587081.9025491248,21292640103.828342,5,0.8,0
2,618888.6574338985,27478590898.759346,3,0.6666666666666666,0
2,618735.1783374964,27478473819.6704,3,0.6666666666666666,0
2,618733.9746441923,27478473667.250046,3,0.6666666666666666,0
3,587032.9977920321,21292594717.61451,5,0.8,0
2,618734.5764900595,27478473743.46022,3,0.6666666666666666,0
2,618733.9746441923,27478473667.250046,3,0.6666666666666666,0
2,618580.495583504,27478356589.652824,3,0.6666666666666666,0
2,618579.2918780367,27478356437.23247,3,0.6666666666666666,0
3,586984.113432638,21292549332.846252,5,0.8,0
2,618579.8937299853,27478356513.44265,3,0.6666666666666666,0
2,618579.2918780367,27478356437.23247,3,0.6666666666666666,0
3,451829.37041450356,15058418723.194181,10,1.0,0
2,496103.4745573138,16835895838.45131,8,1.0,0
3,451828.9939535385,15058418683.776192,10,1.0,0
4,417138.4695056488,13746936627.129786,12,1.0,0
4,451882.7704287056,15059196711.290907,10,1.0,0
3,439356.0556253006,15344545977.446373,10,1.0,0
3,439355.6140793772,15344545944.086542,10,1.0,0
4,412819.509821034,14099786680.86734,12,1.0,0
2,496103.4745573138,16835895838.45131,8,1.0,0
4,451882.5595280383,15059196697.494604,10,1.0,0
3,478250.0229062549,17196640753.556942,10,1.0,0
2,496103.4745573138,16835895838.45131,8,1.0,0
4,454678.3354964121,15862443574.1579,12,1.0,0
3,478249.5177102639,17196640726.515015,10,1.0,0
4,451882.24317980354,15059196676.800152,10,1.0,0
3,560048.9889669474,20237199258.657463,10,1.0,0
2,496103.4745573138,16835895838.45131,8,1.0,0
4,451881.92683488806,15059196656.105701,10,1.0,0
3,560048.6027136891,20237213125.632767,10,1.0,0
4,533990.9570807569,18684077541.03384,12,1.0,0
3,538927.7644139281,17958782071.345562,9,0.8888888888888888,0
4,314.29774327629434,476730.22639853664,8,1.0,0
4,494405.5514053951,16244946018.29092,11,0.9090909090909091,0
3,538927.7644139281,17958782071.345562,9,0.8888888888888888,0
2,364.1574750937658,550606.1023417739,6,1.0,0
3,538910.9541429621,17958765222.89913,9,0.8888888888888888,0
4,314.0191076988787,476700.68211404944,8,1.0,0
4,494393.2906292869,16244933809.214552,11,0.9090909090909091,0
2,364.1574750937658,550606.1023417739,6,1.0,0
3,538910.9541429621,17958765222.89913,9,0.8888888888888888,0
3,538894.0951661508,17958748312.348026,9,0.8888888888888888,0
3,538894.0951661508,17958748312.348026,9,0.8888888888888888,0
2,364.1574750937658,550606.1023417739,6,1.0,0
4,494380.99776409107,16244921555.385498,11,0.9090909090909091,0
4,313.7463716352521,476671.17485537136,8,1.0,0
5,473232.5134216361,15323370716.260029,13,0.9230769230769231,0
6,274.9249594586372,425614.6486397186,10,1.0,0
5,263.76887265524374,405973.27859391307,11,0.9090909090909091,0
6,274.6857598541771,425574.4410454076,10,1.0,0
3,311.9658577930787,476461.9835249188,8,1.0,0
3,312.0036629821607,476465.6613440259,8,1.0,0
5,473222.9801952748,15323361310.170765,13,0.9230769230769231,0
4,509742.8283394213,16657824377.713415,11,0.9090909090909091,0
4,480651.5476198491,15997086407.106987,12,1.0,0
4,137396.8990416693,4760223223.074064,6,1.0,0
4,153603.52204593705,5828954584.632883,4,1.0,0
6,137373.40801188562,4760222190.738664,6,1.0,0
5,451681.3145832937,14854287330.504015,14,1.0,0
6,123156.55982869644,4122851331.248786,8,1.0,0
4,497957.2044781757,16966411973.762865,12,1.0,0
4,302994.2085185238,10494427586.44408,6,1.0,0
6,271601.9866159198,9089245213.314001,8,1.0,0
6,302970.717189467,10494426554.107183,6,1.0,0
4,338747.0027818204,12850482069.559816,4,1.0,0
5,471496.1164254137,15798577051.765175,14,1.0,0
4,544260.0878929786,18783573531.436504,12,1.0,0
6,420420.0142928285,14062945908.844635,8,1.0,0
4,469006.97124968196,16237041129.508083,6,1.0,0
5,517562.3162426121,17516828791.085823,14,1.0,0
4,524354.8812502051,19882303806.739956,4,1.0,0
6,468983.7367444632,16237066407.62824,6,1.0,0
4,431487.84252964874,14085384198.213816,11,0.9090909090909091,0
4,584256.9087101152,20887326176.39025,5,0.8,0
6,520493.44025837636,17655234623.63365,7,0.8571428571428571,0
4,520510.61497066787,17655235636.18941,7,0.8571428571428571,0
6,470379.77315040637,15571433890.254345,9,0.8888888888888888,0
5,400571.4849551729,12957001032.26942,13,0.9230769230769231,0
4,431475.53521371714,14085371943.16747,11,0.9090909090909091,0
5,400561.9335781409,12956991624.887707,13,0.9230769230769231,0
6,470362.1482206852,15571416929.727089,9,0.8888888888888888,0
4,584206.8997424628,20887280722.210575,5,0.8,0
4,520483.3058031828,17655209992.230156,7,0.8571428571428571,0
6,520466.1277649744,17655208979.66216,7,0.8571428571428571,0
4,431463.24261565803,14085359689.169931,11,0.9090909090909091,0
6,520438.83326413424,17655183336.980762,7,0.8571428571428571,0
4,520456.01462801464,17655184349.56099,7,0.8571428571428571,0
6,470344.5394131306,15571399970.352173,9,0.8888888888888888,0
5,400552.3956688614,12956982218.47351,13,0.9230769230769231,0
4,584156.9108136101,20887235269.503086,5,0.8,0
5,411494.07998919196,13440221619.841183,12,1.0,0
6,387356.26105899515,12485806022.193962,14,1.0,0
4,415202.931902819,13485922218.303995,12,1.0,0
4,449740.9385401655,14772629532.844648,10,1.0,0
7,362164.6180728627,11654765501.337063,16,1.0,0
7,362161.766759454,11654765526.290995,16,1.0,0
5,415205.882106359,14068188382.119316,12,1.0,0
7,372593.60464962356,12292858633.07292,16,1.0,0
4,449740.6222151336,14772629512.149246,10,1.0,0
4,415202.4646340042,13485922187.390383,12,1.0,0
7,372590.165252654,12292853174.411686,16,1.0,0
6,415204.06138956104,13485922293.642857,12,1.0,0
5,465295.06420891057,16098478800.026293,12,1.0,0
6,415203.8277895733,13485922278.18606,12,1.0,0
4,415201.9973699184,13485922156.476772,12,1.0,0
7,421905.8686670128,14119502222.995745,16,1.0,0
4,449740.3058934369,14772629491.453844,10,1.0,0
7,421902.1557610593,14119483406.625204,16,1.0,0
5,548223.7281406625,19050875821.993366,12,1.0,0
6,415203.5941927384,13485922262.729265,12,1.0,0
4,415201.5301105615,13485922125.563162,12,1.0,0
7,497892.91424806317,16717592922.926737,16,1.0,0
4,449739.98957507533,14772629470.758444,10,1.0,0
7,497896.2397089336,16717604899.320702,16,1.0,0
5,488839.6927658577,16081498884.142185,11,0.9090909090909091,0
7,425219.6293877968,13771968429.34782,15,0.9333333333333333,0
7,425222.2193374167,13771968618.05536,15,0.9333333333333333,0
6,278.50316176142616,426008.70898687816,10,1.0,0
4,276.4260801331484,425811.09957663936,10,1.0,0
4,309.889121876104,476152.36450583756,8,1.0,0
5,488827.38693577156,16081486629.468784,11,0.9090909090909091,0
7,425214.650285454,13771961111.87235,15,0.9333333333333333,0
6,278.42655125624145,425988.8828100251,10,1.0,0
4,276.14617707133135,425770.6488759725,10,1.0,0
7,425212.06010013405,13771960923.163702,15,0.9333333333333333,0
4,309.7300379823879,476123.5543265004,8,1.0,0
5,488815.0940968095,16081474375.714005,11,0.9090909090909091,0
4,309.5771020971305,476094.781307777,8,1.0,0
7,425207.09229218116,13771953606.479774,15,0.9333333333333333,0
6,278.35566776657845,425969.09178436873,10,1.0,0
4,275.8746897496116,425730.24847321655,10,1.0,0
7,425204.50187122007,13771953417.770016,15,0.9333333333333333,0
5,470397.13849208085,15397081982.098694,12,1.0,0
5,438847.4413441819,14255228927.56963,14,1.0,0
3,45.32383478921438,4434.730318745436,4,1.0,0
4,34.88266044899672,3418.5007240016785,6,1.0,0
6,438844.4496179586,14255228744.380287,14,1.0,0
3,45.32383478921438,4434.730318745436,4,1.0,0
5,470396.82699593215,15397081961.490196,12,1.0,0
5,438847.13862827595,14255228907.389538,14,1.0,0
6,438844.0258245219,14255228716.12816,14,1.0,0
3,45.901161931553176,4491.309348805386,4,1.0,0
3,45.901161931553176,4491.309348805386,4,1.0,0
4,35.33081752049713,3462.420117008718,6,1.0,0
5,470396.3597551875,15397081930.577454,12,1.0,0
6,438843.4809544575,14255228679.803999,14,1.0,0
4,35.33081752049713,3462.420117008718,6,1.0,0
5,438846.7753689433,14255228883.173426,14,1.0,0
3,45.901161931553176,4491.309348805386,4,1.0,0
3,45.901161931553176,4491.309348805386,4,1.0,0
5,278.02126217651454,425975.8600743057,10,1.0,0
6,253.1955765806346,388799.94676517905,12,1.0,0
3,45.901161931553176,4491.309348805386,4,1.0,0
3,45.901161931553176,4491.309348805386,4,1.0,0
4,35.33081752049713,3462.420117008718,6,1.0,0
5,255.65298153883708,389135.5717059015,12,1.0,0
5,277.7084002250482,425935.2085597579,10,1.0,0
3,45.901161931553176,4491.309348805386,4,1.0,0
3,45.901161931553176,4491.309348805386,4,1.0,0
6,252.83393759541065,388754.33153116435,12,1.0,0
5,255.39290882635697,389105.0537439222,12,1.0,0
4,35.33081752049713,3462.420117008718,6,1.0,0
5,277.40383719207796,425894.60728546965,10,1.0,0
5,255.14112256600745,389074.5872446645,12,1.0,0
3,45.901161931553176,4491.309348805386,4,1.0,0
3,45.901161931553176,4491.309348805386,4,1.0,0
4,35.33081752049713,3462.420117008718,6,1.0,0
6,252.48150247277343,388708.77158971847,12,1.0,0
5,277.10760044109617,425854.0562658109,10,1.0,0
6,252.13830980778638,388663.26696028584,12,1.0,0
3,45.901161931553176,4491.309348805386,4,1.0,0
4,35.33081752049713,3462.420117008718,6,1.0,0
3,45.901161931553176,4491.309348805386,4,1.0,0
5,254.89764731370238,389044.17222021864,12,1.0,0
5,112010.8360711885,3876205772.625652,6,1.0,0
7,100409.91696247295,3357181833.0656695,8,1.0,0
5,91467.84569605747,3002899067.3204923,10,1.0,0
4,100427.04241166107,3357159915.715174,8,1.0,0
4,100427.58216140482,3357159914.075346,8,1.0,0
5,112019.86987271499,3876206322.399628,6,1.0,0
5,277792.2651023602,9618419100.682486,6,1.0,0
4,249038.21187620988,8330490178.342142,8,1.0,0
4,249037.67242724972,8330490179.9820595,8,1.0,0
7,249019.9284170632,8330512057.668177,8,1.0,0
5,226828.10592987222,7451372724.458542,10,1.0,0
5,277801.55798267224,9618419645.105902,6,1.0,0
5,439061.9573616765,15196719198.795311,6,1.0,0
7,393585.54540050664,13161878088.37373,8,1.0,0
4,393604.52396427415,13161879299.646574,8,1.0,0
5,439071.25099073234,15196719743.21959,6,1.0,0
5,358505.00217742193,11772905431.395838,10,1.0,0
4,393604.21557302604,13161879297.987375,8,1.0,0
5,516899.52826909174,17530381965.850697,7,0.8571428571428571,0
4,467137.3846130398,15461317081.78735,9,0.8888888888888888,0
4,467137.44761332765,15461317085.877611,9,0.8888888888888888,0
5,428531.4857757404,13985814931.462605,11,0.9090909090909091,0
7,467121.60464829113,15461316064.86109,9,0.8888888888888888,0
5,516906.4073139722,17530382373.38768,7,0.8571428571428571,0
5,516872.21422011993,17530356321.668716,7,0.8571428571428571,0
5,516879.09459779673,17530356729.210606,7,0.8571428571428571,0
7,467103.5984484598,15461299079.60017,9,0.8888888888888888,0
4,467119.8220605299,15461300125.16873,9,0.8888888888888888,0
5,428518.64182992507,13985802641.112444,11,0.9090909090909091,0
4,467119.7590495397,15461300121.078426,9,0.8888888888888888,0
5,516844.91828865797,17530330678.78602,7,0.8571428571428571,0
4,467102.1497200704,15461283161.530052,9,0.8888888888888888,0
7,467085.6083580337,15461282095.499313,9,0.8888888888888888,0
5,428505.8125378973,13985790351.817875,11,0.9090909090909091,0
4,467102.2127417617,15461283165.620396,9,0.8888888888888888,0
5,516851.7999990308,17530331086.33281,7,0.8571428571428571,0
7,384675.45991325984,12397507254.654335,14,1.0,0
4,384673.67342092487,12397507118.995907,14,1.0,0
8,361825.1820321521,11596988575.126734,16,1.0,0
4,384673.70369884215,12397507121.013975,14,1.0,0
5,361823.10748973617,11596988431.018362,16,1.0,0
5,412325.8303994897,13390550335.301695,12,1.0,0
7,384675.0966313457,12397507230.437534,14,1.0,0
8,361824.7915313893,11596988548.95065,16,1.0,0
4,412328.4782675664,13390550510.478941,12,1.0,0
5,412325.44101572316,13390550309.540337,12,1.0,0
4,412328.4782675664,13390550510.478941,12,1.0,0
5,384668.5272661443,12397506775.924694,14,1.0,0
7,384674.73335363064,12397507206.220737,14,1.0,0
4,412328.01098561817,13390550479.565306,12,1.0,0
5,384667.9823837595,12397506739.599508,14,1.0,0
5,412324.97376472765,13390550278.62671,12,1.0,0
8,361824.35223348817,11596988519.502558,16,1.0,0
4,412328.01098561817,13390550479.565306,12,1.0,0
7,384674.3700807145,12397507182.003942,14,1.0,0
8,361823.9129412722,11596988490.05447,16,1.0,0
4,412327.5437084319,13390550448.651672,12,1.0,0
5,384667.43750677345,12397506703.274324,14,1.0,0
4,412327.5437084319,13390550448.651672,12,1.0,0
5,412324.5065184941,13390550247.713089,12,1.0,0
7,254.87660413096634,389015.155302308,12,1.0,0
5,250.75884829851967,388466.7198674889,12,1.0,0
4,277.1430436916407,425938.120896347,10,1.0,0
5,275.29184513893614,425675.00555444614,10,1.0,0
4,277.1430436916407,425938.120896347,10,1.0,0
8,234.48826676989032,359926.3388964256,14,1.0,0
7,254.65001234611947,388984.84336862684,12,1.0,0
4,276.8364137898048,425897.5108796847,10,1.0,0
5,250.4655664956762,388421.5105632571,12,1.0,0
4,276.8364137898048,425897.5108796847,10,1.0,0
5,275.0398758968112,425634.72243154433,10,1.0,0
8,234.26377544024274,359890.9685061681,14,1.0,0
7,254.45346958101825,388959.5341069518,12,1.0,0
4,276.57942399567213,425863.65872367076,10,1.0,0
8,234.06817828981386,359859.55104905966,14,1.0,0
5,250.2176628215498,388381.4010259877,12,1.0,0
4,276.57942399567213,425863.65872367076,10,1.0,0
5,274.8442791432592,425601.2405128119,10,1.0,0
4,22.516660498395403,2206.6327288427497,4,1.0,0
4,10.969655114602888,1075.0262012310832,4,1.0,0
4,10.969655114602888,1075.0262012310832,4,1.0,0
5,26.837784309936367,2630.1028623737643,6,1.0,0
5,26.20496136230695,2568.0862135060806,6,1.0,0
4,11.547005383792516,1131.6065276116665,4,1.0,0
4,22.516660498395403,2206.6327288427497,4,1.0,0
5,26.837784309936367,2630.1028623737643,6,1.0,0
4,11.547005383792516,1131.6065276116665,4,1.0,0
4,11.547005383792516,1131.6065276116665,4,1.0,0
5,27.571120156182747,2701.9697753059095,6,1.0,0
4,11.547005383792516,1131.6065276116665,4,1.0,0
4,22.516660498395403,2206.6327288427497,4,1.0,0
5,29.04077593086429,2845.9960412247005,6,1.0,0
4,11.547005383792516,1131.6065276116665,4,1.0,0
5,26.837784309936367,2630.1028623737643,6,1.0,0
4,11.547005383792516,1131.6065276116665,4,1.0,0
4,11.547005383792516,1131.6065276116665,4,1.0,0
4,22.516660498395403,2206.6327288427497,4,1.0,0
4,11.547005383792516,1131.6065276116665,4,1.0,0
4,11.547005383792516,1131.6065276116665,4,1.0,0
5,26.837784309936367,2630.1028623737643,6,1.0,0
5,30.518300520616588,2990.7934510204254,6,1.0,0
4,11.547005383792516,1131.6065276116665,4,1.0,0
4,22.516660498395403,2206.6327288427497,4,1.0,0
5,26.837784309936367,2630.1028623737643,6,1.0,0
4,11.547005383792516,1131.6065276116665,4,1.0,0
5,32.00260406071148,3136.255197949725,6,1.0,0
4,11.547005383792516,1131.6065276116665,4,1.0,0
4,11.547005383792516,1131.6065276116665,4,1.0,0
4,23.094010767585033,2263.213055223333,4,1.0,0
4,11.547005383792516,1131.6065276116665,4,1.0,0
5,27.325202042558928,2677.8698001707753,6,1.0,0
5,33.49278529275621,3282.2929586901087,6,1.0,0
4,11.547005383792516,1131.6065276116665,4,1.0,0
4,11.547005383792516,1131.6065276116665,4,1.0,0
4,23.094010767585033,2263.213055223333,4,1.0,0
4,10.969655114602888,1075.0262012310832,4,1.0,0
4,11.547005383792516,1131.6065276116665,4,1.0,0
5,34.98809321278693,3428.8331348531187,6,1.0,0
5,26.93696345173301,2639.822418269835,6,1.0,0
4,11.547005383792516,1131.6065276116665,4,1.0,0
4,23.094010767585033,2263.213055223333,4,1.0,0
4,11.547005383792516,1131.6065276116665,4,1.0,0
4,45.033320996790806,4413.265457685499,4,1.0,0
4,11.547005383792516,1131.6065276116665,4,1.0,0
5,35.10982768399754,3440.763113031759,6,1.0,0
4,11.547005383792516,1131.6065276116665,4,1.0,0
4,23.094010767585033,2263.213055223333,4,1.0,0
5,36.45133742402328,3572.2310675542813,6,1.0,0
4,46.76537180435969,4583.00643682725,4,1.0,0
4,11.547005383792516,1131.6065276116665,4,1.0,0
4,11.547005383792516,1131.6065276116665,4,1.0,0
4,11.547005383792516,1131.6065276116665,4,1.0,0
4,23.094010767585033,2263.213055223333,4,1.0,0
4,11.547005383792516,1131.6065276116665,4,1.0,0
4,48.49742261192856,4752.747415968999,4,1.0,0
4,11.547005383792516,1131.6065276116665,4,1.0,0
5,37.808729150819126,3705.2554567802745,6,1.0,0
4,11.547005383792516,1131.6065276116665,4,1.0,0
4,23.094010767585033,2263.213055223333,4,1.0,0
4,11.547005383792516,1131.6065276116665,4,1.0,0
4,50.22947341949744,4922.4883951107495,4,1.0,0
5,39.18035221893749,3839.674517455874,6,1.0,0
4,11.547005383792516,1131.6065276116665,4,1.0,0
4,11.547005383792516,1131.6065276116665,4,1.0,0
4,23.094010767585033,2263.213055223333,4,1.0,0
5,40.564763033943635,3975.346777326476,6,1.0,0
4,51.96152422706632,5092.229374252499,4,1.0,0
4,11.547005383792516,1131.6065276116665,4,1.0,0
4,11.547005383792516,1131.6065276116665,4,1.0,0
4,11.547005383792516,1131.6065276116665,4,1.0,0
4,22.516660498395403,2206.6327288427497,4,1.0,0
4,10.969655114602888,1075.0262012310832,4,1.0,0
4,10.969655114602888,1075.0262012310832,4,1.0,0
5,41.53753322799353,4070.6782563433662,6,1.0,0
4,10.969655114602888,1075.0262012310832,4,1.0,0
4,53.11622476544557,5205.3900270136655,4,1.0,0
4,33.20015060206806,3253.6147590026694,4,1.0,0
4,0.5773502691896257,56.58032638058333,4,1.0,0
4,44.45597072760118,4356.685131304916,4,1.0,0
4,44.746508243660756,4385.157807878754,4,1.0,0
4,44.45597072760118,4356.685131304916,4,1.0,0
5,29.441467354736243,2885.263800764152,6,1.0,0
4,34.35476677260377,3366.7671437151694,4,1.0,0
2,0.0,0.0,2,1.0,0
4,45.610671265980436,4469.845784066082,4,1.0,0
4,34.35476677260377,3366.7671437151694,4,1.0,0
4,45.610671265980436,4469.845784066082,4,1.0,0
4,45.901161931553176,4498.313869292211,4,1.0,0
4,36.08670115153226,3536.4967128501617,4,1.0,0
4,36.08670115153226,3536.4967128501617,4,1.0,0
4,47.34272207354931,4639.5867632078325,4,1.0,0
4,47.34272207354931,4639.5867632078325,4,1.0,0
2,0.0,0.0,2,1.0,0
4,47.63314672228433,4668.048378783865,4,1.0,0
4,37.818646194701365,3706.2273270807336,4,1.0,0
4,37.818646194701365,3706.2273270807336,4,1.0,0
4,49.07477288111819,4809.327742349583,4,1.0,0
2,0.0,0.0,2,1.0,0
4,49.07477288111819,4809.327742349583,4,1.0,0
4,49.36513614552953,4837.783342261894,4,1.0,0
4,39.5506005011302,3875.9588491107593,4,1.0,0
4,50.80682368868707,4979.068721491332,4,1.0,0
2,0.0,0.0,2,1.0,0
4,51.0971297302174,5007.518713561305,4,1.0,0
4,39.5506005011302,3875.9588491107593,4,1.0,0
4,50.80682368868707,4979.068721491332,4,1.0,0
4,41.28256290493603,4045.6911646837307,4,1.0,0
2,0.0,0.0,2,1.0,0
4,52.53887449625594,5148.809700633083,4,1.0,0
4,41.28256290493603,4045.6911646837307,4,1.0,0
4,52.82912706705144,5177.254452571041,4,1.0,0
4,52.53887449625594,5148.809700633083,4,1.0,0
4,43.014532428006234,4215.424177944611,4,1.0,0
4,54.270925303824825,5318.550679774832,4,1.0,0
4,54.56112779870543,5346.990524273133,4,1.0,0
2,0.0,0.0,2,1.0,0
4,54.270925303824825,5318.550679774832,4,1.0,0
4,43.014532428006234,4215.424177944611,4,1.0,0
2,0.0,0.0,2,1.0,0
2,0.0,0.0,2,1.0,0
2,0.0,0.0,2,1.0,0
2,0.0,0.0,2,1.0,0
2,0.0,0.0,2,1.0,0
2,0.0,0.0,2,1.0,0
2,0.0,0.0,2,1.0,0
2,0.0,0.0,2,1.0,0
2,0.0,0.0,2,1.0,0
2,0.0,0.0,2,1.0,0
2,0.0,0.0,2,1.0,0
2,0.0,0.0,2,1.0,0
2,0.0,0.0,2,1.0,0
2,0.0,0.0,2,1.0,0
2,0.0,0.0,2,1.0,0
2,0.0,0.0,2,1.0,0
2,0.0,0.0,2,1.0,0
2,0.0,0.0,2,1.0,0
2,0.0,0.0,2,1.0,0
2,0.0,0.0,2,1.0,0
2,0.0,0.0,2,1.0,0
2,0.0,0.0,2,1.0,0
2,0.0,0.0,2,1.0,0
2,0.0,0.0,2,1.0,0
2,0.0,0.0,2,1.0,0
2,0.0,0.0,2,1.0,0
2,0.0,0.0,2,1.0,0
2,0.0,0.0,2,1.0,0
2,0.0,0.0,2,1.0,0
2,0.0,0.0,2,1.0,0
2,0.0,0.0,2,1.0,0
2,0.0,0.0,2,1.0,0
2,0.0,0.0,2,1.0,0
2,0.0,0.0,2,1.0,0
2,0.0,0.0,2,1.0,0
3,37172.71200199594,1411440886.63067,4,1.0,0
3,37170.68147075058,1411473252.23223,4,1.0,0
3,255883.1545230492,9711033554.77409,4,1.0,0
3,255880.55203991177,9711033738.319647,4,1.0,0
3,475298.38800238597,18022389941.645138,4,1.0,0
3,475296.0754961059,18022422318.202217,4,1.0,0
3,694144.0355116028,26312524167.68224,4,1.0,0
3,694141.4347284829,26312523931.272137,4,1.0,0
3,690867.8014676904,24694122599.226086,5,0.8,0
3,690865.6994570652,24694122381.636185,5,0.8,0
3,690818.8945948135,24694077211.08765,5,0.8,0
3,690816.7925517589,24694076993.497646,5,0.8,0
3,690770.0050546491,24694031824.195667,5,0.8,0
3,690767.9029792134,24694031606.605564,5,0.8,0
3,518093.5174874749,17364513988.936153,10,1.0,0
3,518092.0784503358,17364513199.93225,10,1.0,0
3,103641.97073097366,3929960304.5515924,4,1.0,0
3,523360.8030002926,18206165277.46414,10,1.0,0
3,310378.219851603,11767967265.490831,4,1.0,0
3,523359.38636837096,18206158914.53551,10,1.0,0
3,569766.4810861844,20249258913.88239,10,1.0,0
3,516138.0619650134,19564315983.787888,4,1.0,0
3,569765.2562972852,20249258801.214836,10,1.0,0
3,526896.7623583338,17438123769.22658,9,0.8888888888888888,0
3,654529.616248417,23391361677.70548,5,0.8,0
3,526896.7623583338,17438123769.22658,9,0.8888888888888888,0
3,526879.8816039836,17438106856.821827,9,0.8888888888888888,0
3,526879.8816039836,17438106856.821827,9,0.8888888888888888,0
3,654479.6022369222,23391316222.8903,5,0.8,0
3,526863.0154558679,17438089945.44691,9,0.8888888888888888,0
3,526863.0154558679,17438089945.44691,9,0.8888888888888888,0
3,654429.6061116887,23391270769.38973,5,0.8,0
3,526846.1639153891,17438073035.10184,9,0.8888888888888888,0
3,654379.6278768159,23391225317.20375,5,0.8,0
3,526846.1639153891,17438073035.10184,9,0.8888888888888888,0
3,488027.4800977343,16539611239.553522,10,1.0,0
2,77.78174593052023,8156430996.633927,2,1.0,0
4,455822.38615462603,15166473581.870623,12,1.0,0
3,152399.11572250017,5773312130.9643955,4,1.0,0
3,152399.40451846697,5773312179.964346,4,1.0,0
3,488027.4927859996,16539613491.470573,10,1.0,0
3,501666.4036054792,17547813959.70258,10,1.0,0
3,501666.25587119395,17547813937.80157,10,1.0,0
2,194.45436482630058,17818248728.795673,2,1.0,0
3,332908.2671868233,12612132395.282747,4,1.0,0
3,332907.6895612356,12612099733.315777,4,1.0,0
4,474279.0106348906,16158033205.309078,12,1.0,0
3,547874.5962894956,19495222657.954792,10,1.0,0
3,514083.38621496997,19475880719.434906,4,1.0,0
3,514083.6750189603,19475880768.43486,4,1.0,0
2,280.72139213105936,27515283567.71209,2,1.0,0
3,547874.4042553711,19495233712.737846,10,1.0,0
4,521494.5302403744,17989681415.540985,12,1.0,0
3,460834.1362037913,15248115955.175678,9,0.8888888888888888,0
3,572460.8837263905,20453702043.885918,5,0.8,0
3,460833.47444045456,15248115889.175749,9,0.8888888888888888,0
3,572460.6096910074,20453702000.05904,5,0.8,0
2,603378.7942945404,26395627612.6169,3,0.6666666666666666,0
4,422762.5583370109,13792971161.793573,11,0.9090909090909091,0
3,460817.26129372587,15248099043.182915,9,0.8888888888888888,0
3,572410.6041616455,20453656545.838837,5,0.8,0
3,460816.599530388,15248098977.182987,9,0.8888888888888888,0
4,422750.2512394501,13792958906.74464,11,0.9090909090909091,0
2,603224.0644561521,26395510373.83682,3,0.6666666666666666,0
3,572410.8781970342,20453656589.665726,5,0.8,0
3,460800.4030843446,15248082132.367903,9,0.8888888888888888,0
3,572360.6190846816,20453611093.122044,5,0.8,0
3,572360.8931200664,20453611136.948933,5,0.8,0
4,422737.9591635504,13792946652.766743,11,0.9090909090909091,0
2,603069.3346177812,26395393136.609596,3,0.6666666666666666,0
3,460799.74132102955,15248082066.367975,9,0.8888888888888888,0
3,440624.2558966767,14465547014.75709,10,1.0,0
5,379510.3965006307,12226364545.920923,14,1.0,0
5,406789.0541055442,13205654099.999184,12,1.0,0
3,440623.78116016136,14465546959.103273,10,1.0,0
4,406792.09259331354,13205652592.798302,12,1.0,0
5,379510.1845643486,12226364518.205088,14,1.0,0
3,427347.2797211498,14647025908.454182,10,1.0,0
5,377903.7168739814,12505569441.975033,14,1.0,0
5,400885.4927911007,13451792797.648764,12,1.0,0
3,427346.6409514516,14647029801.718248,10,1.0,0
4,400889.6196824651,13451797020.704159,12,1.0,0
5,377903.9043829954,12505565576.199764,14,1.0,0
3,455337.9560888325,16089724665.7701,10,1.0,0
5,432231.8654800496,14834661714.881357,12,1.0,0
4,432236.6639089912,14834670826.252333,12,1.0,0
5,410458.2735522309,13827566765.910753,14,1.0,0
3,455337.2164809529,16089733987.780401,10,1.0,0
5,410458.07759654,13827566741.671247,14,1.0,0
3,518243.3774104917,18510765849.3477,10,1.0,0
4,494066.2238462772,17089418711.625093,12,1.0,0
3,518242.72356043104,18510778946.018764,10,1.0,0
5,470390.7741941683,15943286386.84707,14,1.0,0
5,470390.6032056974,15943286365.940414,14,1.0,0
5,494061.1905897585,17089406241.05831,12,1.0,0
3,469512.94729159964,15534713088.65391,9,0.8888888888888888,0
3,469512.506137483,15534713044.653961,9,0.8888888888888888,0
4,430726.2676573983,14052218432.348145,11,0.9090909090909091,0
5,399868.4663058207,12926493114.195229,13,0.9230769230769231,0
5,399868.5004647441,12926493115.90841,13,0.9230769230769231,0
5,430722.8725080242,14052218215.462349,11,0.9090909090909091,0
3,469496.0749335398,15534696176.837156,9,0.8888888888888888,0
3,469495.6337794255,15534696132.837206,9,0.8888888888888888,0
5,399858.9179296034,12926483706.964449,13,0.9230769230769231,0
4,430713.96307532745,14052206177.458784,11,0.9090909090909091,0
5,430710.56741623854,14052205960.57074,11,0.9090909090909091,0
5,399858.9520932062,12926483708.677647,13,0.9230769230769231,0
3,469479.21896761784,15534679266.176422,9,0.8888888888888888,0
4,430701.67323730956,14052193923.620703,11,0.9090909090909091,0
5,399849.3830449609,12926474300.70348,13,0.9230769230769231,0
5,399849.4172132419,12926474302.416695,13,0.9230769230769231,0
5,430698.2770685931,14052193706.73041,11,0.9090909090909091,0
3,469478.7778135214,15534679222.176474,9,0.8888888888888888,0
3,438864.59527437895,14646108738.777834,10,1.0,0
5,414474.38376387866,13454170385.566278,12,1.0,0
5,414474.42270652734,13454170387.511528,12,1.0,0
4,407605.9246834998,13402166803.733568,12,1.0,0
3,448954.3696075731,14737847875.955637,10,1.0,0
5,381774.8175618726,12428566187.807602,14,1.0,0
3,445045.1205971018,15541538230.935926,10,1.0,0
5,414473.95542224805,13454170356.597853,12,1.0,0
4,420435.5126831869,14307464203.055748,12,1.0,0
3,448954.05323826475,14737847855.26018,10,1.0,0
5,398068.7593128386,13322533988.043934,14,1.0,0
5,414473.91647999414,13454170354.652603,12,1.0,0
3,501062.52645540936,17875435685.68608,10,1.0,0
4,477306.3827778916,16498952490.890598,12,1.0,0
3,448953.7368722973,14737847834.564728,10,1.0,0
5,454211.0295552832,15389989915.911879,14,1.0,0
5,414473.488142706,13454170325.684181,12,1.0,0
5,414473.44920084684,13454170323.73893,12,1.0,0
3,535057.3735532948,17729629454.556046,9,0.8888888888888888,0
5,277.32189479616164,425962.6447899967,10,1.0,0
4,490853.6987163931,16037666285.970594,11,0.9090909090909091,0
5,455682.21852137713,14752882827.542645,13,0.9230769230769231,0
3,312.71472622823507,476553.5162161748,8,1.0,0
5,277.35208269954956,425965.22215181426,10,1.0,0
3,535040.5534064685,17729612605.15092,9,0.8888888888888888,0
5,455672.6947855676,14752873454.685558,13,0.9230769230769231,0
5,277.0104089500369,425922.00443894527,10,1.0,0
4,490841.4291552823,16037654076.083351,11,0.9090909090909091,0
3,312.4717130054678,476524.19418955006,8,1.0,0
5,277.03990887796493,425924.5786413886,10,1.0,0
3,535023.684619299,17729595693.65042,9,0.8888888888888888,0
5,276.7072460200491,425881.4143318406,10,1.0,0
3,312.2346873747374,476494.9092298888,8,1.0,0
4,490829.127564462,16037641821.45212,11,0.9090909090909091,0
5,455663.1487316745,14752864047.674265,13,0.9230769230769231,0
5,276.73605555554997,425883.98537400353,10,1.0,0
3,535006.8302167843,17729578783.162834,9,0.8888888888888888,0
5,455653.6145171304,14752854641.512722,13,0.9230769230769231,0
4,490816.8389119954,16037629567.74202,11,0.9090909090909091,0
5,276.4405501690694,425843.4423640271,10,1.0,0
5,276.41243339136054,425840.8744830502,10,1.0,0
3,312.0036629821607,476465.6613440259,8,1.0,0
3,496461.9084334556,16761263818.19606,10,1.0,0
7,104150.0885102669,3483183400.51968,8,1.0,0
5,410592.0892929654,13361643503.869608,16,1.0,0
4,462827.11299703934,15359105460.78661,12,1.0,0
5,116191.09039638109,4021688264.91323,6,1.0,0
4,11.265729744080792,1110.655512148869,4,1.0,0
3,506947.01195358345,17713698938.433342,10,1.0,0
5,288705.8907430998,9988511188.94565,6,1.0,0
5,430845.0554559367,14261613993.645487,16,1.0,0
4,10.688779163215974,1054.0972440908856,4,1.0,0
7,258796.5979001587,8651049429.257359,8,1.0,0
4,478873.2059600401,16306251051.196997,12,1.0,0
4,10.688779163215974,1054.0972440908856,4,1.0,0
3,553912.0517776667,19720915266.60842,10,1.0,0
5,477918.40370889934,15958647595.614166,16,1.0,0
5,460283.0296987569,15928790468.159428,6,1.0,0
7,412602.016088489,13795924866.328884,8,1.0,0
4,527155.5880832757,18196964509.700157,12,1.0,0
3,490560.1030611449,16234296025.326729,9,0.8888888888888888,0
4,450032.33482461114,14685037600.749023,11,0.9090909090909091,0
4,10.688779163215974,1054.0972440908856,4,1.0,0
5,542885.1173255456,18406866242.310863,7,0.8571428571428571,0
5,391461.2213793463,12576067051.084341,15,0.9333333333333333,0
7,490599.73650067096,16234351233.296051,9,0.8888888888888888,0
3,490543.2250050561,16234279113.115385,9,0.8888888888888888,0
7,490581.7305281557,16234334247.975607,9,0.8888888888888888,0
4,450020.02479756385,14685025345.492727,11,0.9090909090909091,0
5,391453.48583479173,12576059533.62623,15,0.9333333333333333,0
4,10.688779163215974,1054.0972440908856,4,1.0,0
5,542857.8045930364,18406840598.060093,7,0.8571428571428571,0
3,490526.3626373714,16234262202.010244,9,0.8888888888888888,0
4,10.688779163215974,1054.0972440908856,4,1.0,0
4,450007.72888172814,14685013091.2424,11,0.9090909090909091,0
7,490563.73989407445,16234317263.759989,9,0.8888888888888888,0
5,391445.76225817756,12576052017.033524,15,0.9333333333333333,0
5,542830.5091108747,18406814955.046734,7,0.8571428571428571,0
3,469026.7761758147,15400832382.551804,10,1.0,0
4,10.688779163215974,1054.0972440908856,4,1.0,0
6,403976.7317083,13016950088.169193,14,1.0,0
7,379985.0872346615,12176483508.193275,16,1.0,0
9,359758.1190265431,11480271970.72729,18,1.0,0
7,359762.12340442056,11480274945.072742,18,1.0,0
3,454767.94734195055,15578113651.351957,10,1.0,0
7,362458.2659132675,11789412399.378191,18,1.0,0
7,380808.98796448245,12476397909.69911,16,1.0,0
9,362453.2417771584,11789422970.373358,18,1.0,0
6,401966.6067704225,13298348281.896244,14,1.0,0
4,10.688779163215974,1054.0972440908856,4,1.0,0
3,483073.8940926924,17062459250.285067,10,1.0,0
4,11.265729744080792,1110.655512148869,4,1.0,0
7,395900.4699623156,13041383425.508776,18,1.0,0
6,435270.8707750867,14661488153.543764,14,1.0,0
7,414434.0676216936,13781521019.623474,16,1.0,0
9,395894.87914180686,13041405235.772764,18,1.0,0
3,546895.6614082902,19538001031.635918,10,1.0,0
7,452846.96092776896,14985164398.017975,18,1.0,0
7,473430.5658016416,15827785757.278538,16,1.0,0
4,11.265729744080792,1110.655512148869,4,1.0,0
9,452841.31284622307,14985213764.803188,18,1.0,0
6,496331.9116658188,16827322629.491383,14,1.0,0
3,489576.0851708854,16208566778.711924,9,0.8888888888888888,0
7,390678.8665405386,12556136842.62954,15,0.9333333333333333,0
4,11.265729744080792,1110.655512148869,4,1.0,0
9,368739.417083522,11794598716.330263,17,0.9411764705882353,0
7,368744.15667164855,11794599035.117395,17,0.9411764705882353,0
6,416954.4432208269,13487207545.52168,13,0.9230769230769231,0
3,489559.27533599036,16208549929.99595,9,0.8888888888888888,0
7,390671.1621857222,12556129353.398697,15,0.9333333333333333,0
6,416944.9283127732,13487198173.270996,13,0.9230769230769231,0
9,368732.9832643527,11794592552.059874,17,0.9411764705882353,0
7,368737.8563913804,11794592879.777628,17,0.9411764705882353,0
4,11.265729744080792,1110.655512148869,4,1.0,0
3,489542.4182338827,16208533019.282068,9,0.8888888888888888,0
4,11.265729744080792,1110.655512148869,4,1.0,0
6,416935.3922179348,13487188766.947971,13,0.9230769230769231,0
9,368726.53854177624,11794586365.64964,17,0.9411764705882353,0
7,368731.5452461256,11794586702.298183,17,0.9411764705882353,0
7,390663.44277082337,12556121837.10551,15,0.9333333333333333,0
4,427571.4590529036,13984840843.742573,12,1.0,0
7,403197.43147375446,12996732159.333937,14,1.0,0
8,379247.403979991,12157520792.826523,16,1.0,0
4,45.32383478921438,4434.730318745436,4,1.0,0
8,379248.35556619975,12157520857.03119,16,1.0,0
9,379247.3795679191,12157520791.190517,16,1.0,0
4,434528.82028457156,14746141976.01074,12,1.0,0
8,379246.8182365707,12157520753.562466,16,1.0,0
7,403196.88656181714,12996732123.008806,14,1.0,0
9,379246.8914727362,12157520758.470478,16,1.0,0
8,379247.76981396566,12157520817.767132,16,1.0,0
4,46.47848964843845,4547.888411120044,4,1.0,0
4,494160.9180778442,17071086822.02221,12,1.0,0
4,48.21047603996459,4717.625779987217,4,1.0,0
8,379246.23249857407,12157520714.298412,16,1.0,0
8,379247.1840671552,12157520778.503077,16,1.0,0
7,403196.3416550304,12996732086.683678,14,1.0,0
9,379246.4522069829,12157520729.02245,16,1.0,0
4,588440.9770556277,20358259006.36713,12,1.0,0
4,49.94246689942338,4887.36339962561,4,1.0,0
8,379246.5983257683,12157520739.239021,16,1.0,0
7,403195.79675339424,12996732050.358553,14,1.0,0
9,379246.0129466536,12157520699.574423,16,1.0,0
8,379245.6467660011,12157520675.034363,16,1.0,0
4,539733.5992474941,17619917166.044334,11,0.9090909090909091,0
4,51.0971297302174,5000.5219394245905,4,1.0,0
8,233.10994670486983,359799.3212834982,14,1.0,0
8,233.0196426187154,359728.43142143084,14,1.0,0
7,252.8784592477484,388759.42710487306,12,1.0,0
9,233.5909475327132,359771.63463914586,14,1.0,0
4,539721.2944143234,17619904911.14649,11,0.9090909090909091,0
4,52.82912706705144,5170.259922544192,4,1.0,0
9,233.41121803224604,359736.53332040744,14,1.0,0
8,232.67588171975612,359680.9800989247,14,1.0,0
8,232.75059754883694,359751.7809743543,14,1.0,0
7,252.52500626250617,388713.86102235806,12,1.0,0
4,539709.0013472749,17619892657.08705,11,0.9090909090909091,0
4,54.56112779870543,5339.998096129499,4,1.0,0
8,232.40090644978415,359704.2977571842,14,1.0,0
8,232.341828508612,359633.5859031223,14,1.0,0
7,252.18079132866464,388668.3502496932,12,1.0,0
9,233.24152694173029,359701.49195195385,14,1.0,0
4,519371.7214843392,16870030544.085497,12,1.0,0
7,31.17233205447237,3054.8885413382923,8,1.0,0
7,23.609547100393822,2312.2077112577927,8,1.0,0
6,26.59636566650915,2606.4438353178966,6,1.0,0
7,23.06976995364899,2260.837455457601,8,1.0,0
2,0.0,0.0,2,1.0,0
2,0.0,0.0,2,1.0,0
4,519371.2542136157,16870030513.17207,12,1.0,0
7,24.154266112398684,2367.118079015071,8,1.0,0
7,31.17233205447237,3054.8885413382923,8,1.0,0
7,23.609547100393822,2312.2077112577927,8,1.0,0
6,28.060054644755535,2749.8853551860425,6,1.0,0
4,519370.78694667266,16870030482.25864,12,1.0,0
6,29.532468008391486,2894.1818648223657,6,1.0,0
2,0.0,0.0,2,1.0,0
7,25.268557536986556,2476.3186386246825,8,1.0,0
7,23.609547100393822,2312.2077112577927,8,1.0,0
7,31.17233205447237,3054.8885413382923,8,1.0,0
4,279.5742795354712,426230.5798291708,10,1.0,0
7,23.61257231706388,2312.431728721953,8,1.0,0
6,31.012363126125468,3039.2115863602958,6,1.0,0
7,30.90076281998784,3028.274756358808,8,1.0,0
2,0.0,0.0,2,1.0,0
7,26.49393461584314,2596.405592352628,8,1.0,0
4,279.2087232002451,426189.61008535995,10,1.0,0
7,27.6457178290909,2709.280347250908,8,1.0,0
2,0.0,0.0,2,1.0,0
6,32.49871792342994,3184.874356496134,6,1.0,0
7,23.61257231706388,2312.431728721953,8,1.0,0
7,30.90076281998784,3028.274756358808,8,1.0,0
4,278.8512945002129,426148.69049090263,10,1.0,0
2,0.0,0.0,2,1.0,0
7,30.90076281998784,3028.274756358808,8,1.0,0
7,23.61257231706388,2312.431728721953,8,1.0,0
6,33.990684998491375,3331.0871298521547,6,1.0,0
7,28.818396901979124,2824.2028963939542,8,1.0,0
4,278.4523897066307,426101.06320157327,10,1.0,0
7,29.95591999684107,2935.680159690425,8,1.0,0
2,0.0,0.0,2,1.0,0
7,30.52136254213713,2987.185380922985,8,1.0,0
7,23.012031014853328,2255.179039455626,8,1.0,0
6,35.4875565045928,3477.7805374500945,6,1.0,0
5,135115.29534438357,4677549579.774164,6,1.0,0
9,110315.3191641024,3623740445.315711,10,1.0,0
6,121113.06958139807,4051271211.0476418,8,1.0,0
8,110322.27444154493,3623720031.479534,10,1.0,0
3,151080.2596886282,5727687563.627434,4,1.0,0
8,121105.89118257212,4051224419.998724,8,1.0,0
8,266682.7664157226,8925001374.809687,8,1.0,0
5,297513.1318859164,10304818916.705948,6,1.0,0
3,332646.6665607819,12618274804.741869,4,1.0,0
8,242919.82850829614,7983166750.596925,10,1.0,0
6,266689.9432842981,8925048165.857603,8,1.0,0
9,242912.87256353186,7983187164.433576,10,1.0,0
5,459440.7817693157,15909209800.548435,6,1.0,0
6,411845.12943787064,13779010992.795038,8,1.0,0
9,375126.76879452664,12324911442.245075,10,1.0,0
8,375133.3033906303,12324870404.44767,10,1.0,0
3,513687.00450858206,19480812256.25204,4,1.0,0
8,411837.9531187861,13778964201.74694,8,1.0,0
5,509704.449549092,17297244833.62915,7,0.8571428571428571,0
8,422558.8315007423,13799816390.026525,11,0.9090909090909091,0
3,572144.291294862,20463802141.095295,5,0.8,0
6,460612.8571694214,15255694893.335756,9,0.8888888888888888,0
8,460607.9427302513,15255694574.29529,9,0.8888888888888888,0
9,422552.8303425394,13799815975.886856,11,0.9090909090909091,0
5,509677.1400773986,17297219189.73287,7,0.8571428571428571,0
9,422539.98764766735,13799803685.741047,11,0.9090909090909091,0
3,572094.2857543676,20463756687.02918,5,0.8,0
6,460594.85381487926,15255677908.312704,9,0.8888888888888888,0
8,460589.93857443304,15255677589.269068,9,0.8888888888888888,0
8,422545.98962370085,13799804099.884153,11,0.9090909090909091,0
5,509649.8489794827,17297193547.15338,7,0.8571428571428571,0
6,460576.8667976184,15255660924.465353,9,0.8888888888888888,0
8,460571.9507560078,15255660605.418549,9,0.8888888888888888,0
9,422527.1598140064,13799791396.665056,11,0.9090909090909091,0
3,572044.3006775787,20463711234.465733,5,0.8,0
8,422533.16260770906,13799791810.811602,11,0.9090909090909091,0
5,406584.04375557625,13212469802.939135,12,1.0,0
3,440409.6356349393,14473087189.777348,10,1.0,0
7,356785.700716171,11442760111.111048,16,1.0,0
8,356782.72381497,11442759936.758419,16,1.0,0
9,356783.821524253,11442759985.138842,16,1.0,0
10,337793.0068228881,10788467461.457895,18,1.0,0
5,406583.5764986758,13212469772.02555,12,1.0,0
9,356783.33342013514,11442759952.418787,16,1.0,0
3,440409.3192631524,14473087169.08195,10,1.0,0
7,379309.4423358623,12232632313.93158,14,1.0,0
7,356785.21258907183,11442760078.390985,16,1.0,0
9,356783.65104485356,11442759983.782745,16,1.0,0
5,406583.10924660455,13212469741.111969,12,1.0,0
3,440409.0028947713,14473087148.38655,10,1.0,0
9,356782.8941475941,11442759922.970745,16,1.0,0
7,379308.8974762066,12232632277.606453,14,1.0,0
7,356784.77329130674,11442760048.942936,16,1.0,0
9,356783.2117720729,11442759954.334703,16,1.0,0
5,406582.64199936256,13212469710.198387,12,1.0,0
9,356782.50367574545,11442759896.794706,16,1.0,0
3,440408.79198440927,14473087134.589617,10,1.0,0
7,379308.41315313225,12232632245.31745,14,1.0,0
7,356784.43160704547,11442760026.038895,16,1.0,0
9,356782.82130001136,11442759928.158665,16,1.0,0
5,275.2571323124777,425668.33708970074,10,1.0,0
7,249.14885413172487,388263.87541683164,12,1.0,0
3,312.55205280766546,476533.9640802112,8,1.0,0
9,234.03794188498208,359768.76137361856,14,1.0,0
7,234.95269572994738,359925.4738055558,14,1.0,0
9,234.06659379260068,359770.82813946134,14,1.0,0
5,275.0065857797268,425628.0623613898,10,1.0,0
7,248.89750841856514,388218.9123666588,12,1.0,0
7,234.72977215101182,359890.1103683221,14,1.0,0
3,312.31302978170567,476504.6667641357,8,1.0,0
9,233.85926076628618,359733.66417521046,14,1.0,0
9,233.88835741922625,359735.7337830946,14,1.0,0
5,274.764545666932,425587.83798119874,10,1.0,0
7,248.65578008503437,388174.004837412,12,1.0,0
9,233.7201411851456,359700.6993785036,14,1.0,0
9,233.69060037429125,359698.6269283688,14,1.0,0
7,234.51675822872423,359854.8068045051,14,1.0,0
3,312.08000347896143,476475.40651958104,8,1.0,0
4,10.969655114602888,1075.0262012310832,4,1.0,0
2,0.0,0.0,2,1.0,0
5,36.20359098211115,3547.9519162468932,6,1.0,0
4,17.22498185775532,1688.0482220600215,6,1.0,0
5,36.025916597175794,3530.539826523228,6,1.0,0
6,35.87756959438585,3516.001820249813,6,1.0,0
4,10.969655114602888,1075.0262012310832,4,1.0,0
6,37.3844887620521,3663.6798986811064,6,1.0,0
5,37.0980682336246,3635.6106868952106,6,1.0,0
5,37.28136263604108,3653.5735383320257,6,1.0,0
4,18.566098136118963,1819.4776173396583,6,1.0,0
2,0.0,0.0,2,1.0,0
4,10.969655114602888,1075.0262012310832,4,1.0,0
2,0.0,0.0,2,1.0,0
4,19.937402037376884,1953.8653996629348,6,1.0,0
5,38.391405288163135,3762.3577182399868,6,1.0,0
6,38.894729720104756,3811.683512570266,6,1.0,0
5,38.20296672598434,3743.890739146465,6,1.0,0
4,11.547005383792516,1131.6065276116665,4,1.0,0
5,39.33785284769196,3855.109579073812,6,1.0,0
5,39.53100049328375,3874.0380483418076,6,1.0,0
6,40.2525361519826,3944.7485428942955,6,1.0,0
2,0.0,0.0,2,1.0,0
4,21.333072915077192,2090.6411456775645,6,1.0,0
4,11.547005383792516,1131.6065276116665,4,1.0,0
5,40.69766578072998,3988.371246511538,6,1.0,0
4,22.74862633215465,2229.365380551156,6,1.0,0
5,40.50020576079419,3969.02016455783,6,1.0,0
2,0.0,0.0,2,1.0,0
6,41.76441866788842,4092.913029453065,6,1.0,0
4,11.547005383792516,1131.6065276116665,4,1.0,0
6,43.27894022115915,4241.336141673596,6,1.0,0
5,41.687728010370954,4085.397345016353,6,1.0,0
4,24.1805707128678,2369.6959298610445,6,1.0,0
5,41.88913940390755,4105.13566158294,6,1.0,0
2,0.0,0.0,2,1.0,0
4,11.547005383792516,1131.6065276116665,4,1.0,0
5,43.103364137848914,4224.129685509194,6,1.0,0
5,42.89832941580204,4204.0362827486,6,1.0,0
6,44.79583313955291,4389.9916476761855,6,1.0,0
4,25.626158510397147,2511.3635340189203,6,1.0,0
2,0.0,0.0,2,1.0,0
4,45.033320996790806,4413.265457685499,4,1.0,0
2,0.0,0.0,2,1.0,0
3,11.547005383792516,1131.6065276116665,4,1.0,0
4,22.808989455914087,2235.2809666795806,4,1.0,0
4,45.32383478921438,4441.735809343009,4,1.0,0
4,22.516660498395403,2206.6327288427497,4,1.0,0
4,46.76537180435969,4583.00643682725,4,1.0,0
2,0.0,0.0,2,1.0,0
4,24.540782383616055,2404.996673594373,4,1.0,0
3,11.547005383792516,1131.6065276116665,4,1.0,0
4,24.24871130596428,2376.3737079844996,4,1.0,0
4,47.055817918722866,4611.470156034841,4,1.0,0
4,48.49742261192856,4752.747415968999,4,1.0,0
3,11.547005383792516,1131.6065276116665,4,1.0,0
4,26.272609310839304,2574.7157124622518,4,1.0,0
4,25.98076211353316,2546.1146871262495,4,1.0,0
4,48.78780585351221,4781.204973644196,4,1.0,0
2,0.0,0.0,2,1.0,0
4,50.22947341949744,4922.4883951107495,4,1.0,0
4,27.712812921102035,2715.855666268,4,1.0,0
3,10.969655114602888,1075.0262012310832,4,1.0,0
4,28.00446392988089,2744.4374651283274,4,1.0,0
4,50.51979809935903,4950.940213737184,4,1.0,0
2,0.0,0.0,2,1.0,0
4,51.96152422706632,5092.229374252499,4,1.0,0
2,0.0,0.0,2,1.0,0
4,29.444863728670914,2885.5966454097497,4,1.0,0
4,29.736341402398512,2914.161457435054,4,1.0,0
3,10.969655114602888,1075.0262012310832,4,1.0,0
4,52.25179422756696,5120.675834301563,4,1.0,0
4,53.693575034635195,5261.970353394249,4,1.0,0
4,31.468237955119125,3083.8873196016743,4,1.0,0
4,53.983793864455286,5290.411798716618,4,1.0,0
3,10.969655114602888,1075.0262012310832,4,1.0,0
2,0.0,0.0,2,1.0,0
4,31.176914536239792,3055.3376245514996,4,1.0,0
4,0.5773502691896257,56.58032638058333,4,1.0,0
4,32.90896534380867,3225.0786036932495,4,1.0,0
3,10.969655114602888,1075.0262012310832,4,1.0,0
4,33.20015060206806,3253.6147590026694,4,1.0,0
4,0.816496580927726,80.01666493091716,4,1.0,0
2,0.0,0.0,2,1.0,0
2,0.0,0.0,2,1.0,0
3,10.969655114602888,1075.0262012310832,4,1.0,0
2,0.0,0.0,2,1.0,0
2,0.7071067811865476,69.29646455628166,2,1.0,0
2,0.0,0.0,2,1.0,0
2,0.0,0.0,2,1.0,0
2,0.0,0.0,2,1.0,0
3,10.969655114602888,1075.0262012310832,4,1.0,0
2,0.0,0.0,2,1.0,0
2,0.0,0.0,2,1.0,0
2,0.7071067811865476,69.29646455628166,2,1.0,0
2,0.0,0.0,2,1.0,0
2,0.0,0.0,2,1.0,0
2,0.0,0.0,2,1.0,0
2,0.0,0.0,2,1.0,0
2,0.0,0.0,2,1.0,0
2,0.7071067811865476,69.29646455628166,2,1.0,0
3,11.547005383792516,1131.6065276116665,4,1.0,0
2,0.0,0.0,2,1.0,0
3,11.547005383792516,1131.6065276116665,4,1.0,0
2,0.0,0.0,2,1.0,0
2,0.0,0.0,2,1.0,0
2,0.0,0.0,2,1.0,0
2,0.7071067811865476,69.29646455628166,2,1.0,0
2,0.0,0.0,2,1.0,0
2,0.0,0.0,2,1.0,0
2,0.0,0.0,2,1.0,0
2,0.0,0.0,2,1.0,0
3,11.547005383792516,1131.6065276116665,4,1.0,0
2,0.7071067811865476,69.29646455628166,2,1.0,0
2,0.0,0.0,2,1.0,0
2,0.7071067811865476,69.29646455628166,2,1.0,0
2,0.0,0.0,2,1.0,0
3,11.547005383792516,1131.6065276116665,4,1.0,0
2,0.0,0.0,2,1.0,0
2,0.0,0.0,2,1.0,0
2,0.0,0.0,2,1.0,0
2,0.0,0.0,2,1.0,0
2,0.0,0.0,2,1.0,0
3,44.746508243660756,4385.157807878754,4,1.0,0
3,46.47848964843845,4554.891985546968,4,1.0,0
2,0.0,0.0,2,1.0,0
2,0.0,0.0,2,1.0,0
2,0.0,0.0,2,1.0,0
2,0.0,0.0,2,1.0,0
3,48.21047603996459,4724.62665191653,4,1.0,0
2,0.0,0.0,2,1.0,0
2,0.0,0.0,2,1.0,0
2,0.0,0.0,2,1.0,0
3,49.94246689942338,4894.361756143491,4,1.0,0
2,0.0,0.0,2,1.0,0
2,0.0,0.0,2,1.0,0
3,51.674461777555074,5064.097254200397,4,1.0,0
2,0.0,0.0,2,1.0,0
2,0.0,0.0,2,1.0,0
2,0.0,0.0,2,1.0,0
2,0.0,0.0,2,1.0,0
3,53.406460283377704,5233.8331077710145,4,1.0,0
2,0.0,0.0,2,1.0,0
2,0.0,0.0,2,1.0,0
2,0.0,0.0,2,1.0,0
3,54.56112779870543,5346.990524273133,4,1.0,0
2,0.0,0.0,2,1.0,0
2,0.0,0.0,2,1.0,0
2,59.39696961966999,3421819609.6774073,2,1.0,0
3,63934.62266252926,2422029556.759017,4,1.0,0
3,63934.04468929941,2422029463.4371734,4,1.0,0
2,59.39696961966999,3421865684.7552695,2,1.0,0
3,63934.33377758256,2422062103.7261114,4,1.0,0
2,161.22034611053283,13728099687.731686,2,1.0,0
3,256485.85251871106,9717013018.911636,4,1.0,0
3,256486.14119415235,9717013035.277802,4,1.0,0
3,256486.71883549838,9717013101.277735,4,1.0,0
2,160.51323932934628,13728099641.062637,2,1.0,0
2,293.4493141924172,24031230587.954205,2,1.0,0
2,292.74220741123065,24031230541.285156,2,1.0,0
3,448975.3134880209,17009767298.254639,4,1.0,0
3,448975.02450832387,17009766861.933142,4,1.0,0
3,448975.3134880209,17009734342.28796,4,1.0,0
2,635696.4877447413,27802547929.473965,3,0.6666666666666666,0
2,635696.1988413438,27802547891.36888,3,0.6666666666666666,0
3,603073.6080479729,21543888267.955273,5,0.8,0
3,603072.8775120798,21543888197.945763,5,0.8,0
3,603073.0600862552,21543888208.92314,5,0.8,0
2,635542.3352389673,27802431127.274292,3,0.6666666666666666,0
3,603024.8705578402,21543843048.151756,5,0.8,0
3,603024.3225961121,21543842989.119625,5,0.8,0
3,603024.1399850424,21543842978.14213,5,0.8,0
2,635542.0463355145,27802431089.169205,3,0.6666666666666666,0
2,635387.6053829924,27802313889.08472,3,0.6666666666666666,0
2,635387.3164794841,27802313850.979633,3,0.6666666666666666,0
3,602975.9703474924,21543797660.41172,5,0.8,0
3,602975.2397376695,21543797590.401985,5,0.8,0
3,602975.4223857719,21543797601.37959,5,0.8,0
2,635232.8755270253,27802196652.36944,3,0.6666666666666666,0
2,635232.5866234613,27802196614.26435,3,0.6666666666666666,0
3,602926.5420345168,21543752215.06828,5,0.8,0
3,602927.0899962117,21543752274.10041,5,0.8,0
3,602926.3593493819,21543752204.090557,5,0.8,0
3,450095.38750186673,15199185828.813784,10,1.0,0
4,419885.0851223517,13931181761.721977,12,1.0,0
3,125865.53793466794,4767310193.987737,4,1.0,0
3,450094.90315581724,15199185750.26874,10,1.0,0
3,450094.4896722613,15199185684.093073,10,1.0,0
3,450095.23738265043,15199187593.728472,10,1.0,0
3,463220.52340808,16211872711.471498,10,1.0,0
3,463219.9807212911,16211872662.1097,10,1.0,0
4,438080.90613022476,14929547750.816767,12,1.0,0
3,463219.30359542806,16211872580.2645,10,1.0,0
3,312517.9921828502,11839608224.792854,4,1.0,0
3,463218.9327927514,16211872447.480276,10,1.0,0
3,512518.955498385,18256250417.35453,10,1.0,0
3,512517.27761780546,18256250244.780132,10,1.0,0
3,512518.1936688362,18256261875.748753,10,1.0,0
4,488080.2318454758,16848919384.842474,12,1.0,0
3,512516.86858248874,18256238539.25838,10,1.0,0
3,496271.6214630687,18804977428.489956,4,1.0,0
3,470107.703662357,15555980767.881462,9,0.8888888888888888,0
3,470106.6006099042,15555980657.881588,9,0.8888888888888888,0
3,470105.27695134416,15555980525.881733,9,0.8888888888888888,0
3,583982.9899446558,20866672432.27073,5,0.8,0
3,470105.27695134416,15555980525.881733,9,0.8888888888888888,0
4,431270.01168921794,14071455292.474724,11,0.9090909090909091,0
3,470090.8258562913,15555963855.686935,9,0.8888888888888888,0
3,470088.3991452506,15555963613.687206,9,0.8888888888888888,0
3,470088.3991452506,15555963613.687206,9,0.8888888888888888,0
3,470089.7228038258,15555963745.687057,9,0.8888888888888888,0
4,431257.70220444124,14071443037.240322,11,0.9090909090909091,0
3,583932.9806615653,20866626977.7864,5,0.8,0
3,470073.9644212328,15555946944.646847,9,0.8888888888888888,0
4,431245.40744484775,14071430783.055761,11,0.9090909090909091,0
3,470071.5377102487,15555946702.647116,9,0.8888888888888888,0
3,470072.86136879295,15555946834.646969,9,0.8888888888888888,0
3,470071.5377102487,15555946702.647116,9,0.8888888888888888,0
3,583882.9914266213,20866581524.775715,5,0.8,0
3,449503.8925277511,14757863502.384514,10,1.0,0
3,449502.89052908216,14757863400.352665,10,1.0,0
2,493503.863261601,16499162293.428535,8,1.0,0
3,449516.9651206602,14758019123.316824,10,1.0,0
3,449516.91239211947,14758019120.712294,10,1.0,0
4,414985.8421135557,13472468423.847116,12,1.0,0
3,436843.97092508903,15027406258.614702,10,1.0,0
3,436842.9580023263,15027406162.964382,10,1.0,0
3,449516.6487504353,14758019102.621374,10,1.0,0
2,493503.863261601,16499162293.428535,8,1.0,0
3,449516.59602245066,14758019100.016846,10,1.0,0
4,410358.26974186575,13807674320.592037,12,1.0,0
3,473429.3558473581,16783189739.242659,10,1.0,0
3,449516.27965611854,14758019079.321402,10,1.0,0
2,493503.863261601,16499162293.428535,8,1.0,0
3,449516.33238354704,14758019081.925932,10,1.0,0
3,473428.43778688804,16783189657.644566,10,1.0,0
4,449977.8934678768,15480129153.392767,12,1.0,0
3,551027.5942645099,19690669222.112007,10,1.0,0
3,551026.5614425093,19690668986.896606,10,1.0,0
3,449515.9632931232,14758019058.625956,10,1.0,0
2,493503.863261601,16499162293.428535,8,1.0,0
3,449516.01601999556,14758019061.230484,10,1.0,0
4,525398.8781329439,18179536990.310497,12,1.0,0
3,523689.16662847606,17331639170.063683,9,0.8888888888888888,0
3,312.55205280766546,476533.9640802112,8,1.0,0
2,364.1574750937658,550606.1023417739,6,1.0,0
3,312.51191405860266,476530.27537450334,8,1.0,0
3,523689.16662847606,17331639170.063683,9,0.8888888888888888,0
4,480425.2243230706,15677660187.084332,11,0.9090909090909091,0
3,523672.2932318402,17331622258.17715,9,0.8888888888888888,0
4,480412.91862465,15677647932.117466,11,0.9090909090909091,0
3,312.2738896271303,476500.9827235407,8,1.0,0
3,523672.2932318402,17331622258.17715,9,0.8888888888888888,0
2,364.1574750937658,550606.1023417739,6,1.0,0
3,312.31302978170567,476504.6667641357,8,1.0,0
3,523655.4974096626,17331605410.425045,9,0.8888888888888888,0
3,523655.4974096626,17331605410.425045,9,0.8888888888888888,0
3,312.08000347896143,476475.40651958104,8,1.0,0
4,480400.67098075914,15677635723.748837,11,0.9090909090909091,0
3,312.04186417851054,476471.72714495874,8,1.0,0
2,364.1574750937658,550606.1023417739,6,1.0,0
3,495118.85936570825,16371625859.442265,10,1.0,0
2,0.0,0.0,2,1.0,0
2,0.7071067811865476,52.32590180780452,2,1.0,0
3,34096.88044748375,1292132030.2665672,4,1.0,0
3,495118.81663030025,16371625856.994993,10,1.0,0
5,428238.5913320138,13861064431.235483,14,1.0,0
3,487091.01183601544,16778647433.264753,10,1.0,0
2,0.7071067811865476,52.32590180780452,2,1.0,0
2,0.0,0.0,2,1.0,0
5,432028.4211088013,14340794598.495749,14,1.0,0
3,235494.54637333608,8921292229.795647,4,1.0,0
3,487091.0522518237,16778647427.172626,10,1.0,0
3,522547.0912499019,18500474260.314217,10,1.0,0
2,0.7071067811865476,52.32590180780452,2,1.0,0
3,522547.2485042222,18500474378.297558,10,1.0,0
5,471568.81479706056,15905123051.049515,14,1.0,0
2,0.0,0.0,2,1.0,0
3,438361.07170944137,16610417520.40353,4,1.0,0
3,593407.507060667,21201024398.73318,10,1.0,0
3,593407.8716322919,21201037537.26515,10,1.0,0
3,639989.1194077053,24249419611.289875,4,1.0,0
2,0.7071067811865476,52.32590180780452,2,1.0,0
5,538658.1207802709,18260875159.388134,14,1.0,0
2,0.0,0.0,2,1.0,0
3,513623.67831170367,16994854971.542116,9,0.8888888888888888,0
2,0.0,0.0,2,1.0,0
5,437436.46647424623,14141481709.559141,13,0.9230769230769231,0
3,638020.8282718519,22796749358.33101,5,0.8,0
2,0.7071067811865476,52.32590180780452,2,1.0,0
3,513623.67831170367,16994854971.542116,9,0.8888888888888888,0
3,513606.8075502894,16994838059.833101,9,0.8888888888888888,0
3,637970.8265248497,22796703904.400852,5,0.8,0
5,437426.91921096656,14141472302.40366,13,0.9230769230769231,0
2,0.0,0.0,2,1.0,0
3,513606.8075502894,16994838059.833101,9,0.8888888888888888,0
2,0.7071067811865476,52.32590180780452,2,1.0,0
3,513589.95177324535,16994821149.180786,9,0.8888888888888888,0
3,513589.95177324535,16994821149.180786,9,0.8888888888888888,0
3,637920.8431289104,22796658451.81958,5,0.8,0
5,437417.3842805736,14141462896.134665,13,0.9230769230769231,0
2,0.7071067811865476,52.32590180780452,2,1.0,0
2,0.0,0.0,2,1.0,0
3,478342.76750747586,16031545506.977373,10,1.0,0
5,86967.67745643588,3012235413.9994473,6,1.0,0
3,478342.8816571853,16031545502.214182,10,1.0,0
4,444960.0860527727,14678561698.944271,12,1.0,0
4,34.35476677260377,3359.73704328181,4,1.0,0
6,417187.3213721048,13617729369.563515,14,1.0,0
3,483783.8965854256,16833678686.167843,10,1.0,0
4,34.35476677260377,3359.73704328181,4,1.0,0
5,259432.49607839543,8983906816.819525,6,1.0,0
3,483783.78012552724,16833678676.53037,10,1.0,0
6,431834.63558340946,14419818932.62702,14,1.0,0
4,456450.9283843465,15490346620.850046,12,1.0,0
3,528980.097730382,18808534927.76462,10,1.0,0
5,434228.3510434343,15035860959.465405,6,1.0,0
6,478645.8307239128,16183911950.970345,14,1.0,0
3,528979.8205150174,18808534909.30425,10,1.0,0
4,34.35476677260377,3359.73704328181,4,1.0,0
4,503323.34267913405,17354132800.74558,12,1.0,0
3,491888.5169480592,16293226161.067196,9,0.8888888888888888,0
6,418919.80240246834,13557649680.37056,13,0.9230769230769231,0
4,451249.92192309577,14738342519.486498,11,0.9090909090909091,0
3,491888.0753315342,16293226117.067245,9,0.8888888888888888,0
4,34.35476677260377,3359.73704328181,4,1.0,0
5,544352.4024189529,18473685143.39713,7,0.8571428571428571,0
3,491871.6363233004,16293209248.718168,9,0.8888888888888888,0
6,418910.3150721325,13557640277.204557,13,0.9230769230769231,0
3,491871.1947067545,16293209204.71822,9,0.8888888888888888,0
5,544325.0862005955,18473659499.008156,7,0.8571428571428571,0
4,34.35476677260377,3359.73704328181,4,1.0,0
4,451237.6994771361,14738330270.015133,11,0.9090909090909091,0
3,491854.771344398,16293192337.471348,9,0.8888888888888888,0
4,451225.40117601375,14738318015.626524,11,0.9090909090909091,0
4,34.35476677260377,3359.73704328181,4,1.0,0
5,544297.7871857331,18473633855.852123,7,0.8571428571428571,0
3,491854.3297278451,16293192293.471397,9,0.8888888888888888,0
6,418900.77231281064,13557630870.425646,13,0.9230769230769231,0
3,491837.9848545148,16293175490.422237,9,0.8888888888888888,0
4,451213.1617524834,14738305807.893715,11,0.9090909090909091,0
3,491837.5432379691,16293175446.422289,9,0.8888888888888888,0
5,544270.6027708749,18473608309.328644,7,0.8571428571428571,0
4,34.35476677260377,3359.73704328181,4,1.0,0
6,418891.27643757395,13557621499.564554,13,0.9230769230769231,0
3,455395.43585674587,15514301383.759592,10,1.0,0
5,400921.11844110425,13224817764.37697,14,1.0,0
4,34.35476677260377,3359.73704328181,4,1.0,0
3,455395.0249888795,15514298439.049835,10,1.0,0
7,400921.2260043551,13224817766.021412,14,1.0,0
5,426041.75236481614,14234703450.27207,12,1.0,0
3,476649.6470110818,16785679295.957016,10,1.0,0
3,476648.91326338577,16785670814.413435,10,1.0,0
5,451660.5123133682,15467676434.367136,12,1.0,0
5,428436.85666070116,14412187144.91706,14,1.0,0
7,428436.94478767173,14412179686.229023,14,1.0,0
4,34.35476677260377,3359.73704328181,4,1.0,0
3,535317.6147968813,19121864635.0554,10,1.0,0
3,535316.767127122,19121839993.509926,10,1.0,0
4,34.35476677260377,3359.73704328181,4,1.0,0
5,510133.0471562608,17651405859.06221,12,1.0,0
7,485567.7368526263,16466233594.645407,14,1.0,0
5,485567.64410999726,16466244256.664015,14,1.0,0
3,490364.5914235652,16239500144.181196,9,0.8888888888888888,0
3,490363.92903867835,16239500078.18127,9,0.8888888888888888,0
5,417620.3754818207,13512945683.530632,13,0.9230769230769231,0
5,449850.6777781631,14689744673.327747,11,0.9090909090909091,0
4,34.93207694941714,3416.3151201257765,4,1.0,0
7,417620.3751625515,13512945683.530539,13,0.9230769230769231,0
3,490347.7160734456,16239483232.196846,9,0.8888888888888888,0
7,417610.8235150712,13512936276.134035,13,0.9230769230769231,0
5,449838.36990909604,14689732418.269188,11,0.9090909090909091,0
5,417610.89213233424,13512936280.67175,13,0.9230769230769231,0
3,490347.05368853576,16239483166.196918,9,0.8888888888888888,0
4,34.35476677260377,3359.73704328181,4,1.0,0
3,490330.8564181718,16239466321.318346,9,0.8888888888888888,0
7,417601.2847854997,13512926869.665249,13,0.9230769230769231,0
5,449826.0761570571,14689720164.21628,11,0.9090909090909091,0
3,490330.19403326005,16239466255.31842,9,0.8888888888888888,0
4,34.35476677260377,3359.73704328181,4,1.0,0
5,417601.3534117289,13512926874.203007,13,0.9230769230769231,0
4,428390.45926326123,14012474105.222937,12,1.0,0
5,432878.4661152194,14064561634.239294,12,1.0,0
4,21.939310229205777,2150.0524024621664,4,1.0,0
4,468892.43648914003,15406478603.594086,10,1.0,0
5,432880.2181855084,14064561745.328224,12,1.0,0
7,403840.18483714847,13021532748.451397,14,1.0,0
4,434775.42719726946,14755018348.28812,12,1.0,0
4,468892.1201047446,15406478582.89871,10,1.0,0
4,23.094010767585033,2263.213055223333,4,1.0,0
7,403839.6399594212,13021532712.126314,14,1.0,0
5,432879.9066738599,14064561724.719194,12,1.0,0
5,432877.9988406262,14064561603.325748,12,1.0,0
4,24.826061575153908,2432.954034365083,4,1.0,0
4,492990.54031728976,17034171476.932932,12,1.0,0
7,403839.0950868365,13021532675.801231,14,1.0,0
5,432877.5315705688,14064561572.412203,12,1.0,0
4,468891.803723548,15406478562.203339,10,1.0,0
5,432879.67305546475,14064561709.262426,12,1.0,0
4,587817.4396689263,20344688490.690315,12,1.0,0
4,26.558112382722786,2602.6950135068328,4,1.0,0
5,432877.06430504733,14064561541.49866,12,1.0,0
5,432879.43944009364,14064561693.805658,12,1.0,0
4,468891.48734555015,15406478541.507965,10,1.0,0
7,403838.6107475225,13021532643.512266,14,1.0,0
4,538783.8106148632,17600645832.23751,11,0.9090909090909091,0
4,28.290163190291665,2772.4359926485827,4,1.0,0
5,277.631330284526,425921.5754935799,10,1.0,0
4,314.2042102109482,476720.37419015355,8,1.0,0
5,279.1793728451696,426141.08493684995,10,1.0,0
7,251.27197627392925,388465.0831800209,12,1.0,0
4,538771.5058100908,17600633577.365807,11,0.9090909090909091,0
5,277.33100960564957,425880.99151257426,10,1.0,0
7,250.98038073752204,388419.8804286959,12,1.0,0
4,313.9275394099728,476690.8422468382,8,1.0,0
4,30.02221399786054,2942.176971790333,4,1.0,0
5,279.06592212036367,426121.03349630086,10,1.0,0
4,538761.3207364564,17600623383.792606,11,0.9090909090909091,0
4,313.7463716352521,476671.17485537136,8,1.0,0
7,250.78380161309292,388384.9079283919,12,1.0,0
5,277.1354261808556,425853.9634463125,10,1.0,0
4,31.176914536239792,3055.3376245514996,4,1.0,0
5,278.9934487482536,426107.6853796468,10,1.0,0
4,511775.01102339884,16782410072.536531,12,1.0,0
4,61508.07067640257,2332516277.4780846,4,1.0,0
4,55008.54527677192,1904927205.0726135,6,1.0,0
4,55008.544516889975,1904900568.7547245,6,1.0,0
5,49309.75943661081,1649834090.9252567,8,1.0,0
7,44916.23737086128,1475706345.9570386,10,1.0,0
4,511659.77728846227,17211513063.590385,12,1.0,0
4,218932.9353550991,7580386138.725302,6,1.0,0
7,178759.29031773427,5872486195.128788,10,1.0,0
5,196254.0834499647,6565371729.676646,8,1.0,0
4,218932.6775348227,7580386146.669139,6,1.0,0
4,244780.00550902844,9282109221.474682,4,1.0,0
4,540630.9308518963,18523841709.985912,12,1.0,0
4,383101.55043782666,13263799835.229029,6,1.0,0
4,383101.2925916156,13263799843.17286,6,1.0,0
5,343419.03747044224,11487776023.04403,8,1.0,0
4,428326.4172375822,16241475745.767408,4,1.0,0
7,312802.9184856035,10275429192.751703,10,1.0,0
4,427930.3951460925,13967732207.47683,11,0.9090909090909091,0
4,516223.9952545517,17507770597.39951,7,0.8571428571428571,0
5,466507.1802036146,15441371485.040934,9,0.8888888888888888,0
7,427960.58561140246,13967772297.014753,11,0.9090909090909091,0
4,579467.3397848234,20712872834.557186,5,0.8,0
4,516224.2389877447,17507770591.280342,7,0.8571428571428571,0
4,427918.12549609406,13967719997.571959,11,0.9090909090909091,0
4,579417.32244454,20712827379.638348,5,0.8,0
7,427947.73654577794,13967760006.314014,11,0.9090909090909091,0
4,516196.6765648258,17507744952.79279,7,0.8571428571428571,0
5,466489.1694111927,15441354499.39907,9,0.8888888888888888,0
4,516196.920298003,17507744946.67356,7,0.8571428571428571,0
4,427905.8257149155,13967707743.059282,11,0.9090909090909091,0
5,466471.1747490406,15441337514.918772,9,0.8888888888888888,0
4,516169.61974898283,17507719303.36774,7,0.8571428571428571,0
4,516169.3760158301,17507719309.487034,7,0.8571428571428571,0
7,427934.9021531833,13967747716.670223,11,0.9090909090909091,0
